ISO-10303-21;
HEADER;
FILE_DESCRIPTION(('FreeCAD Model'),'2;1');
FILE_NAME('Open CASCADE Shape Model','2026-07-17T16:00:41',(''),(''),
  'Open CASCADE STEP processor 7.8','FreeCAD','Unknown');
FILE_SCHEMA(('AUTOMOTIVE_DESIGN { 1 0 10303 214 1 1 1 1 }'));
ENDSEC;
DATA;
#1 = APPLICATION_PROTOCOL_DEFINITION('international standard',
  'automotive_design',2000,#2);
#2 = APPLICATION_CONTEXT(
  'core data for automotive mechanical design processes');
#3 = SHAPE_DEFINITION_REPRESENTATION(#4,#10);
#4 = PRODUCT_DEFINITION_SHAPE('','',#5);
#5 = PRODUCT_DEFINITION('design','',#6,#9);
#6 = PRODUCT_DEFINITION_FORMATION('','',#7);
#7 = PRODUCT('bottom','bottom','',(#8));
#8 = PRODUCT_CONTEXT('',#2,'mechanical');
#9 = PRODUCT_DEFINITION_CONTEXT('part definition',#2,'design');
#10 = ADVANCED_BREP_SHAPE_REPRESENTATION('',(#11,#15),#5660);
#11 = AXIS2_PLACEMENT_3D('',#12,#13,#14);
#12 = CARTESIAN_POINT('',(0.,0.,0.));
#13 = DIRECTION('',(0.,0.,1.));
#14 = DIRECTION('',(1.,0.,-0.));
#15 = MANIFOLD_SOLID_BREP('',#16);
#16 = CLOSED_SHELL('',(#17,#125,#257,#290,#314,#339,#363,#413,#440,#481,
    #515,#1129,#1155,#1172,#1305,#1332,#1359,#1384,#1409,#1523,#1674,
    #1691,#1708,#1725,#1742,#1754,#1779,#1804,#1829,#1854,#1901,#1926,
    #1951,#1975,#1999,#2024,#2049,#2073,#2097,#2122,#2147,#2171,#2195,
    #2213,#2231,#2256,#2281,#2305,#2375,#2400,#2425,#2449,#2473,#2498,
    #2523,#2547,#2571,#2589,#2614,#2638,#2663,#2681,#2728,#2753,#2778,
    #2802,#2826,#2851,#2876,#2900,#2924,#2949,#2974,#2998,#3022,#3040,
    #3058,#3076,#3101,#3126,#3151,#3176,#3201,#3226,#3251,#3276,#3301,
    #3326,#3338,#3350,#3362,#3374,#4262,#4314,#4366,#4394,#4522,#4539,
    #4551,#4563,#4575,#4627,#4679,#4731,#4783,#4803,#4820,#4840,#4857,
    #4877,#4894,#4914,#4931,#4951,#4968,#4988,#5000,#5032,#5056,#5081,
    #5098,#5130,#5154,#5179,#5196,#5228,#5252,#5277,#5294,#5326,#5350,
    #5375,#5392,#5424,#5448,#5473,#5490,#5522,#5546,#5571,#5588,#5600,
    #5612,#5624,#5636,#5648));
#17 = ADVANCED_FACE('',(#18),#120,.F.);
#18 = FACE_BOUND('',#19,.F.);
#19 = EDGE_LOOP('',(#20,#30,#38,#46,#54,#62,#71,#79,#88,#96,#105,#113));
#20 = ORIENTED_EDGE('',*,*,#21,.F.);
#21 = EDGE_CURVE('',#22,#24,#26,.T.);
#22 = VERTEX_POINT('',#23);
#23 = CARTESIAN_POINT('',(228.6,6.5,0.));
#24 = VERTEX_POINT('',#25);
#25 = CARTESIAN_POINT('',(119.25644469862,6.5,0.));
#26 = LINE('',#27,#28);
#27 = CARTESIAN_POINT('',(228.6,6.5,0.));
#28 = VECTOR('',#29,1.);
#29 = DIRECTION('',(-1.,0.,0.));
#30 = ORIENTED_EDGE('',*,*,#31,.T.);
#31 = EDGE_CURVE('',#22,#32,#34,.T.);
#32 = VERTEX_POINT('',#33);
#33 = CARTESIAN_POINT('',(228.6,6.5,8.));
#34 = LINE('',#35,#36);
#35 = CARTESIAN_POINT('',(228.6,6.5,0.));
#36 = VECTOR('',#37,1.);
#37 = DIRECTION('',(0.,0.,1.));
#38 = ORIENTED_EDGE('',*,*,#39,.T.);
#39 = EDGE_CURVE('',#32,#40,#42,.T.);
#40 = VERTEX_POINT('',#41);
#41 = CARTESIAN_POINT('',(3.718772920476E-17,6.5,8.));
#42 = LINE('',#43,#44);
#43 = CARTESIAN_POINT('',(228.6,6.5,8.));
#44 = VECTOR('',#45,1.);
#45 = DIRECTION('',(-1.,0.,0.));
#46 = ORIENTED_EDGE('',*,*,#47,.F.);
#47 = EDGE_CURVE('',#48,#40,#50,.T.);
#48 = VERTEX_POINT('',#49);
#49 = CARTESIAN_POINT('',(3.718772838276E-17,6.5,0.));
#50 = LINE('',#51,#52);
#51 = CARTESIAN_POINT('',(3.718772920476E-17,6.5,0.));
#52 = VECTOR('',#53,1.);
#53 = DIRECTION('',(0.,0.,1.));
#54 = ORIENTED_EDGE('',*,*,#55,.F.);
#55 = EDGE_CURVE('',#56,#48,#58,.T.);
#56 = VERTEX_POINT('',#57);
#57 = CARTESIAN_POINT('',(109.34855530137,6.5,0.));
#58 = LINE('',#59,#60);
#59 = CARTESIAN_POINT('',(228.6,6.5,0.));
#60 = VECTOR('',#61,1.);
#61 = DIRECTION('',(-1.,0.,0.));
#62 = ORIENTED_EDGE('',*,*,#63,.F.);
#63 = EDGE_CURVE('',#64,#56,#66,.T.);
#64 = VERTEX_POINT('',#65);
#65 = CARTESIAN_POINT('',(109.1125,6.5,0.94389587874));
#66 = ELLIPSE('',#67,2.002744691996,2.);
#67 = AXIS2_PLACEMENT_3D('',#68,#69,#70);
#68 = CARTESIAN_POINT('',(111.1125,6.5,0.94389587874));
#69 = DIRECTION('',(0.,-1.,0.));
#70 = DIRECTION('',(0.,0.,1.));
#71 = ORIENTED_EDGE('',*,*,#72,.T.);
#72 = EDGE_CURVE('',#64,#73,#75,.T.);
#73 = VERTEX_POINT('',#74);
#74 = CARTESIAN_POINT('',(109.1125,6.5,1.544719286339));
#75 = LINE('',#76,#77);
#76 = CARTESIAN_POINT('',(109.1125,6.5,0.640549864388));
#77 = VECTOR('',#78,1.);
#78 = DIRECTION('',(0.,0.,1.));
#79 = ORIENTED_EDGE('',*,*,#80,.F.);
#80 = EDGE_CURVE('',#81,#73,#83,.T.);
#81 = VERTEX_POINT('',#82);
#82 = CARTESIAN_POINT('',(111.1125,6.5,3.547463978334));
#83 = ELLIPSE('',#84,2.002744691996,2.);
#84 = AXIS2_PLACEMENT_3D('',#85,#86,#87);
#85 = CARTESIAN_POINT('',(111.1125,6.5,1.544719286339));
#86 = DIRECTION('',(0.,-1.,0.));
#87 = DIRECTION('',(0.,0.,1.));
#88 = ORIENTED_EDGE('',*,*,#89,.T.);
#89 = EDGE_CURVE('',#81,#90,#92,.T.);
#90 = VERTEX_POINT('',#91);
#91 = CARTESIAN_POINT('',(117.4925,6.5,3.547463978334));
#92 = LINE('',#93,#94);
#93 = CARTESIAN_POINT('',(169.85625,6.5,3.547463978334));
#94 = VECTOR('',#95,1.);
#95 = DIRECTION('',(1.,0.,0.));
#96 = ORIENTED_EDGE('',*,*,#97,.F.);
#97 = EDGE_CURVE('',#98,#90,#100,.T.);
#98 = VERTEX_POINT('',#99);
#99 = CARTESIAN_POINT('',(119.4925,6.5,1.544719286339));
#100 = ELLIPSE('',#101,2.002744691996,2.);
#101 = AXIS2_PLACEMENT_3D('',#102,#103,#104);
#102 = CARTESIAN_POINT('',(117.4925,6.5,1.544719286339));
#103 = DIRECTION('',(0.,-1.,0.));
#104 = DIRECTION('',(0.,0.,1.));
#105 = ORIENTED_EDGE('',*,*,#106,.T.);
#106 = EDGE_CURVE('',#98,#107,#109,.T.);
#107 = VERTEX_POINT('',#108);
#108 = CARTESIAN_POINT('',(119.4925,6.5,0.94389587874));
#109 = LINE('',#110,#111);
#110 = CARTESIAN_POINT('',(119.4925,6.5,0.940138724814));
#111 = VECTOR('',#112,1.);
#112 = DIRECTION('',(0.,0.,-1.));
#113 = ORIENTED_EDGE('',*,*,#114,.F.);
#114 = EDGE_CURVE('',#24,#107,#115,.T.);
#115 = ELLIPSE('',#116,2.002744691996,2.);
#116 = AXIS2_PLACEMENT_3D('',#117,#118,#119);
#117 = CARTESIAN_POINT('',(117.4925,6.5,0.94389587874));
#118 = DIRECTION('',(0.,-1.,0.));
#119 = DIRECTION('',(0.,0.,1.));
#120 = PLANE('',#121);
#121 = AXIS2_PLACEMENT_3D('',#122,#123,#124);
#122 = CARTESIAN_POINT('',(228.6,6.5,0.));
#123 = DIRECTION('',(0.,-1.,0.));
#124 = DIRECTION('',(-1.,0.,0.));
#125 = ADVANCED_FACE('',(#126,#230,#241),#252,.T.);
#126 = FACE_BOUND('',#127,.T.);
#127 = EDGE_LOOP('',(#128,#129,#138,#146,#155,#164,#172,#181,#190,#198,
    #205,#206,#215,#223));
#128 = ORIENTED_EDGE('',*,*,#21,.F.);
#129 = ORIENTED_EDGE('',*,*,#130,.T.);
#130 = EDGE_CURVE('',#22,#131,#133,.T.);
#131 = VERTEX_POINT('',#132);
#132 = CARTESIAN_POINT('',(234.97743240562,1.256326355567,
    -4.399964621058));
#133 = ELLIPSE('',#134,8.48514738066,6.5);
#134 = AXIS2_PLACEMENT_3D('',#135,#136,#137);
#135 = CARTESIAN_POINT('',(228.6,0.,-5.454147602652));
#136 = DIRECTION('',(0.,0.642787609687,-0.766044443119));
#137 = DIRECTION('',(0.,0.766044443119,0.642787609687));
#138 = ORIENTED_EDGE('',*,*,#139,.T.);
#139 = EDGE_CURVE('',#131,#140,#142,.T.);
#140 = VERTEX_POINT('',#141);
#141 = CARTESIAN_POINT('',(232.30785624691,1.256326355567,
    -4.399964621058));
#142 = LINE('',#143,#144);
#143 = CARTESIAN_POINT('',(235.1,1.256326355567,-4.399964621058));
#144 = VECTOR('',#145,1.);
#145 = DIRECTION('',(-1.,-0.,-0.));
#146 = ORIENTED_EDGE('',*,*,#147,.F.);
#147 = EDGE_CURVE('',#148,#140,#150,.T.);
#148 = VERTEX_POINT('',#149);
#149 = CARTESIAN_POINT('',(233.00165042945,2.65165042945,-3.22914870529)
  );
#150 = ELLIPSE('',#151,2.284462756331,1.75);
#151 = AXIS2_PLACEMENT_3D('',#152,#153,#154);
#152 = CARTESIAN_POINT('',(231.25165042945,2.65165042945,-3.22914870529)
  );
#153 = DIRECTION('',(0.,0.642787609687,-0.766044443119));
#154 = DIRECTION('',(0.,0.766044443119,0.642787609687));
#155 = ORIENTED_EDGE('',*,*,#156,.F.);
#156 = EDGE_CURVE('',#157,#148,#159,.T.);
#157 = VERTEX_POINT('',#158);
#158 = CARTESIAN_POINT('',(230.19544461198,1.256326355567,
    -4.399964621058));
#159 = ELLIPSE('',#160,2.284462756331,1.75);
#160 = AXIS2_PLACEMENT_3D('',#161,#162,#163);
#161 = CARTESIAN_POINT('',(231.25165042945,2.65165042945,-3.22914870529)
  );
#162 = DIRECTION('',(0.,0.642787609687,-0.766044443119));
#163 = DIRECTION('',(0.,0.766044443119,0.642787609687));
#164 = ORIENTED_EDGE('',*,*,#165,.T.);
#165 = EDGE_CURVE('',#157,#166,#168,.T.);
#166 = VERTEX_POINT('',#167);
#167 = CARTESIAN_POINT('',(-1.595444611986,1.256326355567,
    -4.399964621058));
#168 = LINE('',#169,#170);
#169 = CARTESIAN_POINT('',(235.1,1.256326355567,-4.399964621058));
#170 = VECTOR('',#171,1.);
#171 = DIRECTION('',(-1.,-0.,-0.));
#172 = ORIENTED_EDGE('',*,*,#173,.F.);
#173 = EDGE_CURVE('',#174,#166,#176,.T.);
#174 = VERTEX_POINT('',#175);
#175 = CARTESIAN_POINT('',(-0.90165042945,2.65165042945,-3.22914870529)
  );
#176 = ELLIPSE('',#177,2.284462756331,1.75);
#177 = AXIS2_PLACEMENT_3D('',#178,#179,#180);
#178 = CARTESIAN_POINT('',(-2.65165042945,2.65165042945,-3.22914870529)
  );
#179 = DIRECTION('',(0.,0.642787609687,-0.766044443119));
#180 = DIRECTION('',(0.,0.766044443119,0.642787609687));
#181 = ORIENTED_EDGE('',*,*,#182,.F.);
#182 = EDGE_CURVE('',#183,#174,#185,.T.);
#183 = VERTEX_POINT('',#184);
#184 = CARTESIAN_POINT('',(-3.707856246913,1.256326355567,
    -4.399964621058));
#185 = ELLIPSE('',#186,2.284462756331,1.75);
#186 = AXIS2_PLACEMENT_3D('',#187,#188,#189);
#187 = CARTESIAN_POINT('',(-2.65165042945,2.65165042945,-3.22914870529)
  );
#188 = DIRECTION('',(0.,0.642787609687,-0.766044443119));
#189 = DIRECTION('',(0.,0.766044443119,0.642787609687));
#190 = ORIENTED_EDGE('',*,*,#191,.T.);
#191 = EDGE_CURVE('',#183,#192,#194,.T.);
#192 = VERTEX_POINT('',#193);
#193 = CARTESIAN_POINT('',(-6.377432405625,1.256326355567,
    -4.399964621058));
#194 = LINE('',#195,#196);
#195 = CARTESIAN_POINT('',(235.1,1.256326355567,-4.399964621058));
#196 = VECTOR('',#197,1.);
#197 = DIRECTION('',(-1.,-0.,-0.));
#198 = ORIENTED_EDGE('',*,*,#199,.T.);
#199 = EDGE_CURVE('',#192,#48,#200,.T.);
#200 = ELLIPSE('',#201,8.48514738066,6.5);
#201 = AXIS2_PLACEMENT_3D('',#202,#203,#204);
#202 = CARTESIAN_POINT('',(0.,0.,-5.454147602652));
#203 = DIRECTION('',(0.,0.642787609687,-0.766044443119));
#204 = DIRECTION('',(0.,0.766044443119,0.642787609687));
#205 = ORIENTED_EDGE('',*,*,#55,.F.);
#206 = ORIENTED_EDGE('',*,*,#207,.F.);
#207 = EDGE_CURVE('',#208,#56,#210,.T.);
#208 = VERTEX_POINT('',#209);
#209 = CARTESIAN_POINT('',(111.1125,5.312293873464,-0.996603772723));
#210 = ELLIPSE('',#211,2.932558371279,2.);
#211 = AXIS2_PLACEMENT_3D('',#212,#213,#214);
#212 = CARTESIAN_POINT('',(111.1125,7.558763917904,0.888408413017));
#213 = DIRECTION('',(0.,0.642787609687,-0.766044443119));
#214 = DIRECTION('',(0.,-0.766044443119,-0.642787609687));
#215 = ORIENTED_EDGE('',*,*,#216,.T.);
#216 = EDGE_CURVE('',#208,#217,#219,.T.);
#217 = VERTEX_POINT('',#218);
#218 = CARTESIAN_POINT('',(117.4925,5.312293873464,-0.996603772723));
#219 = LINE('',#220,#221);
#220 = CARTESIAN_POINT('',(176.29625,5.312293873464,-0.996603772723));
#221 = VECTOR('',#222,1.);
#222 = DIRECTION('',(1.,0.,0.));
#223 = ORIENTED_EDGE('',*,*,#224,.F.);
#224 = EDGE_CURVE('',#24,#217,#225,.T.);
#225 = ELLIPSE('',#226,2.932558371279,2.);
#226 = AXIS2_PLACEMENT_3D('',#227,#228,#229);
#227 = CARTESIAN_POINT('',(117.4925,7.558763917904,0.888408413017));
#228 = DIRECTION('',(0.,0.642787609687,-0.766044443119));
#229 = DIRECTION('',(0.,-0.766044443119,-0.642787609687));
#230 = FACE_BOUND('',#231,.T.);
#231 = EDGE_LOOP('',(#232));
#232 = ORIENTED_EDGE('',*,*,#233,.F.);
#233 = EDGE_CURVE('',#234,#234,#236,.T.);
#234 = VERTEX_POINT('',#235);
#235 = CARTESIAN_POINT('',(104.05,3.749999999996,-2.307523985741));
#236 = ELLIPSE('',#237,2.284462756331,1.75);
#237 = AXIS2_PLACEMENT_3D('',#238,#239,#240);
#238 = CARTESIAN_POINT('',(102.3,3.749999999996,-2.307523985741));
#239 = DIRECTION('',(0.,0.642787609687,-0.766044443119));
#240 = DIRECTION('',(0.,0.766044443119,0.642787609687));
#241 = FACE_BOUND('',#242,.T.);
#242 = EDGE_LOOP('',(#243));
#243 = ORIENTED_EDGE('',*,*,#244,.F.);
#244 = EDGE_CURVE('',#245,#245,#247,.T.);
#245 = VERTEX_POINT('',#246);
#246 = CARTESIAN_POINT('',(128.05,3.749999999996,-2.307523985741));
#247 = ELLIPSE('',#248,2.284462756331,1.75);
#248 = AXIS2_PLACEMENT_3D('',#249,#250,#251);
#249 = CARTESIAN_POINT('',(126.3,3.749999999996,-2.307523985741));
#250 = DIRECTION('',(0.,0.642787609687,-0.766044443119));
#251 = DIRECTION('',(0.,0.766044443119,0.642787609687));
#252 = PLANE('',#253);
#253 = AXIS2_PLACEMENT_3D('',#254,#255,#256);
#254 = CARTESIAN_POINT('',(235.1,1.256326355567,-4.399964621058));
#255 = DIRECTION('',(0.,0.642787609687,-0.766044443119));
#256 = DIRECTION('',(0.,0.766044443119,0.642787609687));
#257 = ADVANCED_FACE('',(#258),#285,.F.);
#258 = FACE_BOUND('',#259,.F.);
#259 = EDGE_LOOP('',(#260,#271,#277,#278,#279));
#260 = ORIENTED_EDGE('',*,*,#261,.F.);
#261 = EDGE_CURVE('',#262,#264,#266,.T.);
#262 = VERTEX_POINT('',#263);
#263 = CARTESIAN_POINT('',(117.4925,0.999999999984,-0.770606027198));
#264 = VERTEX_POINT('',#265);
#265 = CARTESIAN_POINT('',(119.4925,0.999999999987,1.232138664797));
#266 = ELLIPSE('',#267,2.002744691996,2.);
#267 = AXIS2_PLACEMENT_3D('',#268,#269,#270);
#268 = CARTESIAN_POINT('',(117.4925,0.999999999987,1.232138664797));
#269 = DIRECTION('',(-3.625554479214E-15,-1.,1.652528292381E-12));
#270 = DIRECTION('',(6.917970058888E-14,1.652528292381E-12,1.));
#271 = ORIENTED_EDGE('',*,*,#272,.T.);
#272 = EDGE_CURVE('',#262,#217,#273,.T.);
#273 = LINE('',#274,#275);
#274 = CARTESIAN_POINT('',(117.4925,-3.890466665854E-02,-0.716159340733)
  );
#275 = VECTOR('',#276,1.);
#276 = DIRECTION('',(0.,0.998629534755,-5.233595624294E-02));
#277 = ORIENTED_EDGE('',*,*,#224,.F.);
#278 = ORIENTED_EDGE('',*,*,#114,.T.);
#279 = ORIENTED_EDGE('',*,*,#280,.F.);
#280 = EDGE_CURVE('',#264,#107,#281,.T.);
#281 = LINE('',#282,#283);
#282 = CARTESIAN_POINT('',(119.4925,6.576724582735E-02,1.281099728776));
#283 = VECTOR('',#284,1.);
#284 = DIRECTION('',(0.,0.998629534755,-5.233595624294E-02));
#285 = CYLINDRICAL_SURFACE('',#286,2.);
#286 = AXIS2_PLACEMENT_3D('',#287,#288,#289);
#287 = CARTESIAN_POINT('',(117.4925,6.576724582735E-02,1.281099728776));
#288 = DIRECTION('',(0.,-0.998629534755,5.233595624294E-02));
#289 = DIRECTION('',(1.,0.,0.));
#290 = ADVANCED_FACE('',(#291),#309,.T.);
#291 = FACE_BOUND('',#292,.T.);
#292 = EDGE_LOOP('',(#293,#301,#307,#308));
#293 = ORIENTED_EDGE('',*,*,#294,.F.);
#294 = EDGE_CURVE('',#295,#264,#297,.T.);
#295 = VERTEX_POINT('',#296);
#296 = CARTESIAN_POINT('',(119.4925,0.999999999988,1.832962072396));
#297 = LINE('',#298,#299);
#298 = CARTESIAN_POINT('',(119.4925,0.999999999992,3.870839864026));
#299 = VECTOR('',#300,1.);
#300 = DIRECTION('',(0.,-1.652528292381E-12,-1.));
#301 = ORIENTED_EDGE('',*,*,#302,.T.);
#302 = EDGE_CURVE('',#295,#98,#303,.T.);
#303 = LINE('',#304,#305);
#304 = CARTESIAN_POINT('',(119.4925,9.716881957311E-02,1.880277449629));
#305 = VECTOR('',#306,1.);
#306 = DIRECTION('',(0.,0.998629534755,-5.233595624294E-02));
#307 = ORIENTED_EDGE('',*,*,#106,.T.);
#308 = ORIENTED_EDGE('',*,*,#280,.F.);
#309 = PLANE('',#310);
#310 = AXIS2_PLACEMENT_3D('',#311,#312,#313);
#311 = CARTESIAN_POINT('',(119.4925,9.716881957311E-02,1.880277449629));
#312 = DIRECTION('',(-1.,0.,0.));
#313 = DIRECTION('',(0.,-5.233595624294E-02,-0.998629534755));
#314 = ADVANCED_FACE('',(#315),#334,.F.);
#315 = FACE_BOUND('',#316,.F.);
#316 = EDGE_LOOP('',(#317,#326,#327,#328));
#317 = ORIENTED_EDGE('',*,*,#318,.F.);
#318 = EDGE_CURVE('',#295,#319,#321,.T.);
#319 = VERTEX_POINT('',#320);
#320 = CARTESIAN_POINT('',(117.4925,0.999999999992,3.835706764392));
#321 = ELLIPSE('',#322,2.002744691996,2.);
#322 = AXIS2_PLACEMENT_3D('',#323,#324,#325);
#323 = CARTESIAN_POINT('',(117.4925,0.999999999988,1.832962072396));
#324 = DIRECTION('',(-3.625554479214E-15,-1.,1.652528292381E-12));
#325 = DIRECTION('',(6.917970058888E-14,1.652528292381E-12,1.));
#326 = ORIENTED_EDGE('',*,*,#302,.T.);
#327 = ORIENTED_EDGE('',*,*,#97,.T.);
#328 = ORIENTED_EDGE('',*,*,#329,.F.);
#329 = EDGE_CURVE('',#319,#90,#330,.T.);
#330 = LINE('',#331,#332);
#331 = CARTESIAN_POINT('',(117.4925,0.201840732059,3.877536519138));
#332 = VECTOR('',#333,1.);
#333 = DIRECTION('',(0.,0.998629534755,-5.233595624294E-02));
#334 = CYLINDRICAL_SURFACE('',#335,2.);
#335 = AXIS2_PLACEMENT_3D('',#336,#337,#338);
#336 = CARTESIAN_POINT('',(117.4925,9.716881957311E-02,1.880277449629));
#337 = DIRECTION('',(0.,-0.998629534755,5.233595624294E-02));
#338 = DIRECTION('',(1.,0.,0.));
#339 = ADVANCED_FACE('',(#340),#358,.T.);
#340 = FACE_BOUND('',#341,.T.);
#341 = EDGE_LOOP('',(#342,#350,#356,#357));
#342 = ORIENTED_EDGE('',*,*,#343,.F.);
#343 = EDGE_CURVE('',#344,#319,#346,.T.);
#344 = VERTEX_POINT('',#345);
#345 = CARTESIAN_POINT('',(111.1125,0.999999999992,3.835706764392));
#346 = LINE('',#347,#348);
#347 = CARTESIAN_POINT('',(112.75690844692,0.999999999992,3.835706764392
    ));
#348 = VECTOR('',#349,1.);
#349 = DIRECTION('',(1.,-3.625554479214E-15,1.900072589253E-16));
#350 = ORIENTED_EDGE('',*,*,#351,.T.);
#351 = EDGE_CURVE('',#344,#81,#352,.T.);
#352 = LINE('',#353,#354);
#353 = CARTESIAN_POINT('',(111.1125,0.201840732059,3.877536519138));
#354 = VECTOR('',#355,1.);
#355 = DIRECTION('',(0.,0.998629534755,-5.233595624294E-02));
#356 = ORIENTED_EDGE('',*,*,#89,.T.);
#357 = ORIENTED_EDGE('',*,*,#329,.F.);
#358 = PLANE('',#359);
#359 = AXIS2_PLACEMENT_3D('',#360,#361,#362);
#360 = CARTESIAN_POINT('',(111.1125,0.201840732059,3.877536519138));
#361 = DIRECTION('',(0.,-5.233595624294E-02,-0.998629534755));
#362 = DIRECTION('',(1.,0.,0.));
#363 = ADVANCED_FACE('',(#364),#408,.F.);
#364 = FACE_BOUND('',#365,.F.);
#365 = EDGE_LOOP('',(#366,#375,#376,#377,#385));
#366 = ORIENTED_EDGE('',*,*,#367,.F.);
#367 = EDGE_CURVE('',#344,#368,#370,.T.);
#368 = VERTEX_POINT('',#369);
#369 = CARTESIAN_POINT('',(109.11946690949,0.999647988393,2.));
#370 = ELLIPSE('',#371,2.002744691996,2.);
#371 = AXIS2_PLACEMENT_3D('',#372,#373,#374);
#372 = CARTESIAN_POINT('',(111.1125,0.999999999988,1.832962072396));
#373 = DIRECTION('',(-3.625554479214E-15,-1.,1.652528292381E-12));
#374 = DIRECTION('',(6.917970058888E-14,1.652528292381E-12,1.));
#375 = ORIENTED_EDGE('',*,*,#351,.T.);
#376 = ORIENTED_EDGE('',*,*,#80,.T.);
#377 = ORIENTED_EDGE('',*,*,#378,.F.);
#378 = EDGE_CURVE('',#379,#73,#381,.T.);
#379 = VERTEX_POINT('',#380);
#380 = CARTESIAN_POINT('',(109.1125,0.998499931942,1.833040687631));
#381 = LINE('',#382,#383);
#382 = CARTESIAN_POINT('',(109.1125,9.716881957311E-02,1.880277449629));
#383 = VECTOR('',#384,1.);
#384 = DIRECTION('',(0.,0.998629534755,-5.233595624294E-02));
#385 = ORIENTED_EDGE('',*,*,#386,.F.);
#386 = EDGE_CURVE('',#368,#379,#387,.T.);
#387 = B_SPLINE_CURVE_WITH_KNOTS('',7,(#388,#389,#390,#391,#392,#393,
    #394,#395,#396,#397,#398,#399,#400,#401,#402,#403,#404,#405,#406,
    #407),.UNSPECIFIED.,.F.,.F.,(8,6,6,8),(0.,0.490335117299,
    0.746982765417,1.),.UNSPECIFIED.);
#388 = CARTESIAN_POINT('',(109.1196273973,0.998763237943,2.00195573027)
  );
#389 = CARTESIAN_POINT('',(109.11862844303,0.998728114859,1.990140427068
    ));
#390 = CARTESIAN_POINT('',(109.11771121932,0.998695283024,1.978320501293
    ));
#391 = CARTESIAN_POINT('',(109.11687570496,0.998664913158,1.966496406947
    ));
#392 = CARTESIAN_POINT('',(109.11612188082,0.998637154996,1.954668597296
    ));
#393 = CARTESIAN_POINT('',(109.11544972976,0.998612137291,1.942837524869
    ));
#394 = CARTESIAN_POINT('',(109.11485923667,0.99858996781,1.931003641457)
  );
#395 = CARTESIAN_POINT('',(109.11408405082,0.998560665771,1.912972157536
    ));
#396 = CARTESIAN_POINT('',(109.11384010692,0.998551403279,1.906776880309
    ));
#397 = CARTESIAN_POINT('',(109.11361854414,0.998542957912,1.900581565795
    ));
#398 = CARTESIAN_POINT('',(109.11341935148,0.998535340198,1.894386213433
    ));
#399 = CARTESIAN_POINT('',(109.11324251949,0.998528559142,1.888190822743
    ));
#400 = CARTESIAN_POINT('',(109.11308804033,0.998522622225,1.881995393328
    ));
#401 = CARTESIAN_POINT('',(109.11282564422,0.998512520545,1.869692094513
    ));
#402 = CARTESIAN_POINT('',(109.11271709372,0.99850833168,1.86358395555)
  );
#403 = CARTESIAN_POINT('',(109.11263025478,0.9985049747,1.857475549511)
  );
#404 = CARTESIAN_POINT('',(109.11256512687,0.998502454044,1.851366975922
    ));
#405 = CARTESIAN_POINT('',(109.11252170877,0.998500772635,1.845258249007
    ));
#406 = CARTESIAN_POINT('',(109.1125,0.998499931942,1.839149477223));
#407 = CARTESIAN_POINT('',(109.1125,0.998499931942,1.833040687631));
#408 = CYLINDRICAL_SURFACE('',#409,2.);
#409 = AXIS2_PLACEMENT_3D('',#410,#411,#412);
#410 = CARTESIAN_POINT('',(111.1125,9.716881957311E-02,1.880277449629));
#411 = DIRECTION('',(0.,-0.998629534755,5.233595624294E-02));
#412 = DIRECTION('',(1.,0.,0.));
#413 = ADVANCED_FACE('',(#414),#435,.T.);
#414 = FACE_BOUND('',#415,.T.);
#415 = EDGE_LOOP('',(#416,#427,#433,#434));
#416 = ORIENTED_EDGE('',*,*,#417,.T.);
#417 = EDGE_CURVE('',#379,#418,#420,.T.);
#418 = VERTEX_POINT('',#419);
#419 = CARTESIAN_POINT('',(109.1125,0.998499931942,1.232217280032));
#420 = B_SPLINE_CURVE_WITH_KNOTS('',5,(#421,#422,#423,#424,#425,#426),
  .UNSPECIFIED.,.F.,.F.,(6,6),(0.,1.),.PIECEWISE_BEZIER_KNOTS.);
#421 = CARTESIAN_POINT('',(109.1125,0.998499931942,1.833040687631));
#422 = CARTESIAN_POINT('',(109.1125,0.998499931942,1.676687897841));
#423 = CARTESIAN_POINT('',(109.1125,0.998499931942,1.592340916486));
#424 = CARTESIAN_POINT('',(109.1125,0.998499931942,1.468145422803));
#425 = CARTESIAN_POINT('',(109.1125,0.998499931942,1.307529958508));
#426 = CARTESIAN_POINT('',(109.1125,0.998499931942,1.232217280032));
#427 = ORIENTED_EDGE('',*,*,#428,.T.);
#428 = EDGE_CURVE('',#418,#64,#429,.T.);
#429 = LINE('',#430,#431);
#430 = CARTESIAN_POINT('',(109.1125,6.576724582735E-02,1.281099728776));
#431 = VECTOR('',#432,1.);
#432 = DIRECTION('',(0.,0.998629534755,-5.233595624294E-02));
#433 = ORIENTED_EDGE('',*,*,#72,.T.);
#434 = ORIENTED_EDGE('',*,*,#378,.F.);
#435 = PLANE('',#436);
#436 = AXIS2_PLACEMENT_3D('',#437,#438,#439);
#437 = CARTESIAN_POINT('',(109.1125,6.576724582735E-02,1.281099728776));
#438 = DIRECTION('',(1.,0.,0.));
#439 = DIRECTION('',(0.,5.233595624294E-02,0.998629534755));
#440 = ADVANCED_FACE('',(#441),#476,.F.);
#441 = FACE_BOUND('',#442,.F.);
#442 = EDGE_LOOP('',(#443,#458,#459,#460,#461,#469));
#443 = ORIENTED_EDGE('',*,*,#444,.T.);
#444 = EDGE_CURVE('',#445,#418,#447,.T.);
#445 = VERTEX_POINT('',#446);
#446 = CARTESIAN_POINT('',(109.18999999997,0.999999999926,0.680025731025
    ));
#447 = B_SPLINE_CURVE_WITH_KNOTS('',5,(#448,#449,#450,#451,#452,#453,
    #454,#455,#456,#457),.UNSPECIFIED.,.F.,.F.,(6,4,6),(0.,
    0.787355382451,1.),.UNSPECIFIED.);
#448 = CARTESIAN_POINT('',(109.18999999997,0.999999999926,0.680025731029
    ));
#449 = CARTESIAN_POINT('',(109.16553814264,0.999999999925,0.765437761005
    ));
#450 = CARTESIAN_POINT('',(109.14593574461,0.999626594581,0.851776693075
    ));
#451 = CARTESIAN_POINT('',(109.13115589299,0.999176081481,0.938779770773
    ));
#452 = CARTESIAN_POINT('',(109.12117850189,0.998823886714,1.026202643822
    ));
#453 = CARTESIAN_POINT('',(109.11459860096,0.998580590136,1.137477783228
    ));
#454 = CARTESIAN_POINT('',(109.11354930285,0.998540567221,1.161153583232
    ));
#455 = CARTESIAN_POINT('',(109.11284978052,0.998513477514,1.184838499165
    ));
#456 = CARTESIAN_POINT('',(109.1125,0.998499931942,1.208527926347));
#457 = CARTESIAN_POINT('',(109.1125,0.998499931942,1.232217280032));
#458 = ORIENTED_EDGE('',*,*,#428,.T.);
#459 = ORIENTED_EDGE('',*,*,#63,.T.);
#460 = ORIENTED_EDGE('',*,*,#207,.F.);
#461 = ORIENTED_EDGE('',*,*,#462,.F.);
#462 = EDGE_CURVE('',#463,#208,#465,.T.);
#463 = VERTEX_POINT('',#464);
#464 = CARTESIAN_POINT('',(111.1125,0.999999999984,-0.770606027198));
#465 = LINE('',#466,#467);
#466 = CARTESIAN_POINT('',(111.1125,-3.890466665854E-02,-0.716159340733)
  );
#467 = VECTOR('',#468,1.);
#468 = DIRECTION('',(0.,0.998629534755,-5.233595624294E-02));
#469 = ORIENTED_EDGE('',*,*,#470,.F.);
#470 = EDGE_CURVE('',#445,#463,#471,.T.);
#471 = ELLIPSE('',#472,2.002744691996,2.);
#472 = AXIS2_PLACEMENT_3D('',#473,#474,#475);
#473 = CARTESIAN_POINT('',(111.1125,0.999999999987,1.232138664797));
#474 = DIRECTION('',(-3.625554479214E-15,-1.,1.652528292381E-12));
#475 = DIRECTION('',(6.917970058888E-14,1.652528292381E-12,1.));
#476 = CYLINDRICAL_SURFACE('',#477,2.);
#477 = AXIS2_PLACEMENT_3D('',#478,#479,#480);
#478 = CARTESIAN_POINT('',(111.1125,6.576724582735E-02,1.281099728776));
#479 = DIRECTION('',(0.,-0.998629534755,5.233595624294E-02));
#480 = DIRECTION('',(1.,0.,0.));
#481 = ADVANCED_FACE('',(#482),#510,.T.);
#482 = FACE_BOUND('',#483,.F.);
#483 = EDGE_LOOP('',(#484,#485,#494,#502,#509));
#484 = ORIENTED_EDGE('',*,*,#47,.T.);
#485 = ORIENTED_EDGE('',*,*,#486,.T.);
#486 = EDGE_CURVE('',#40,#487,#489,.T.);
#487 = VERTEX_POINT('',#488);
#488 = CARTESIAN_POINT('',(-6.5,4.723856631623E-16,8.));
#489 = CIRCLE('',#490,6.5);
#490 = AXIS2_PLACEMENT_3D('',#491,#492,#493);
#491 = CARTESIAN_POINT('',(0.,0.,8.));
#492 = DIRECTION('',(-0.,0.,1.));
#493 = DIRECTION('',(1.110223024625E-16,-1.,0.));
#494 = ORIENTED_EDGE('',*,*,#495,.F.);
#495 = EDGE_CURVE('',#496,#487,#498,.T.);
#496 = VERTEX_POINT('',#497);
#497 = CARTESIAN_POINT('',(-6.5,3.596111165256E-15,-4.334123346708));
#498 = LINE('',#499,#500);
#499 = CARTESIAN_POINT('',(-6.5,4.723856631623E-16,0.));
#500 = VECTOR('',#501,1.);
#501 = DIRECTION('',(0.,0.,1.));
#502 = ORIENTED_EDGE('',*,*,#503,.T.);
#503 = EDGE_CURVE('',#496,#192,#504,.T.);
#504 = ELLIPSE('',#505,6.508920248986,6.5);
#505 = AXIS2_PLACEMENT_3D('',#506,#507,#508);
#506 = CARTESIAN_POINT('',(0.,0.,-4.334123346708));
#507 = DIRECTION('',(-0.,-5.233595624294E-02,-0.998629534755));
#508 = DIRECTION('',(0.,-0.998629534755,5.233595624294E-02));
#509 = ORIENTED_EDGE('',*,*,#199,.T.);
#510 = CYLINDRICAL_SURFACE('',#511,6.5);
#511 = AXIS2_PLACEMENT_3D('',#512,#513,#514);
#512 = CARTESIAN_POINT('',(0.,0.,0.));
#513 = DIRECTION('',(0.,0.,-1.));
#514 = DIRECTION('',(1.110223024625E-16,-1.,0.));
#515 = ADVANCED_FACE('',(#516,#569,#580,#591,#602,#1080,#1091,#1102,
    #1113),#1124,.T.);
#516 = FACE_BOUND('',#517,.T.);
#517 = EDGE_LOOP('',(#518,#519,#520,#528,#537,#545,#554,#562));
#518 = ORIENTED_EDGE('',*,*,#39,.T.);
#519 = ORIENTED_EDGE('',*,*,#486,.T.);
#520 = ORIENTED_EDGE('',*,*,#521,.T.);
#521 = EDGE_CURVE('',#487,#522,#524,.T.);
#522 = VERTEX_POINT('',#523);
#523 = CARTESIAN_POINT('',(-6.5,-76.2,8.));
#524 = LINE('',#525,#526);
#525 = CARTESIAN_POINT('',(-6.5,4.723856631623E-16,8.));
#526 = VECTOR('',#527,1.);
#527 = DIRECTION('',(0.,-1.,0.));
#528 = ORIENTED_EDGE('',*,*,#529,.T.);
#529 = EDGE_CURVE('',#522,#530,#532,.T.);
#530 = VERTEX_POINT('',#531);
#531 = CARTESIAN_POINT('',(-1.197015314586E-15,-82.7,8.));
#532 = CIRCLE('',#533,6.5);
#533 = AXIS2_PLACEMENT_3D('',#534,#535,#536);
#534 = CARTESIAN_POINT('',(0.,-76.2,8.));
#535 = DIRECTION('',(0.,0.,1.));
#536 = DIRECTION('',(1.,0.,0.));
#537 = ORIENTED_EDGE('',*,*,#538,.T.);
#538 = EDGE_CURVE('',#530,#539,#541,.T.);
#539 = VERTEX_POINT('',#540);
#540 = CARTESIAN_POINT('',(228.6,-82.7,8.));
#541 = LINE('',#542,#543);
#542 = CARTESIAN_POINT('',(-1.2E-15,-82.7,8.));
#543 = VECTOR('',#544,1.);
#544 = DIRECTION('',(1.,1.243294375783E-16,0.));
#545 = ORIENTED_EDGE('',*,*,#546,.T.);
#546 = EDGE_CURVE('',#539,#547,#549,.T.);
#547 = VERTEX_POINT('',#548);
#548 = CARTESIAN_POINT('',(235.1,-76.2,8.));
#549 = CIRCLE('',#550,6.5);
#550 = AXIS2_PLACEMENT_3D('',#551,#552,#553);
#551 = CARTESIAN_POINT('',(228.6,-76.2,8.));
#552 = DIRECTION('',(0.,-0.,1.));
#553 = DIRECTION('',(1.110223024625E-16,1.,0.));
#554 = ORIENTED_EDGE('',*,*,#555,.T.);
#555 = EDGE_CURVE('',#547,#556,#558,.T.);
#556 = VERTEX_POINT('',#557);
#557 = CARTESIAN_POINT('',(235.1,0.,8.));
#558 = LINE('',#559,#560);
#559 = CARTESIAN_POINT('',(235.1,-76.2,8.));
#560 = VECTOR('',#561,1.);
#561 = DIRECTION('',(0.,1.,0.));
#562 = ORIENTED_EDGE('',*,*,#563,.T.);
#563 = EDGE_CURVE('',#556,#32,#564,.T.);
#564 = CIRCLE('',#565,6.5);
#565 = AXIS2_PLACEMENT_3D('',#566,#567,#568);
#566 = CARTESIAN_POINT('',(228.6,0.,8.));
#567 = DIRECTION('',(0.,0.,1.));
#568 = DIRECTION('',(-1.,-1.224646799147E-16,0.));
#569 = FACE_BOUND('',#570,.T.);
#570 = EDGE_LOOP('',(#571));
#571 = ORIENTED_EDGE('',*,*,#572,.F.);
#572 = EDGE_CURVE('',#573,#573,#575,.T.);
#573 = VERTEX_POINT('',#574);
#574 = CARTESIAN_POINT('',(-1.65165042945,-78.85165042945,8.));
#575 = CIRCLE('',#576,1.);
#576 = AXIS2_PLACEMENT_3D('',#577,#578,#579);
#577 = CARTESIAN_POINT('',(-2.65165042945,-78.85165042945,8.));
#578 = DIRECTION('',(0.,0.,1.));
#579 = DIRECTION('',(1.,0.,0.));
#580 = FACE_BOUND('',#581,.T.);
#581 = EDGE_LOOP('',(#582));
#582 = ORIENTED_EDGE('',*,*,#583,.F.);
#583 = EDGE_CURVE('',#584,#584,#586,.T.);
#584 = VERTEX_POINT('',#585);
#585 = CARTESIAN_POINT('',(115.3,-79.95,8.));
#586 = CIRCLE('',#587,1.);
#587 = AXIS2_PLACEMENT_3D('',#588,#589,#590);
#588 = CARTESIAN_POINT('',(114.3,-79.95,8.));
#589 = DIRECTION('',(0.,0.,1.));
#590 = DIRECTION('',(1.,0.,0.));
#591 = FACE_BOUND('',#592,.T.);
#592 = EDGE_LOOP('',(#593));
#593 = ORIENTED_EDGE('',*,*,#594,.F.);
#594 = EDGE_CURVE('',#595,#595,#597,.T.);
#595 = VERTEX_POINT('',#596);
#596 = CARTESIAN_POINT('',(232.25165042945,-78.85165042945,8.));
#597 = CIRCLE('',#598,1.);
#598 = AXIS2_PLACEMENT_3D('',#599,#600,#601);
#599 = CARTESIAN_POINT('',(231.25165042945,-78.85165042945,8.));
#600 = DIRECTION('',(0.,0.,1.));
#601 = DIRECTION('',(1.,0.,0.));
#602 = FACE_BOUND('',#603,.T.);
#603 = EDGE_LOOP('',(#604,#615,#623,#632,#640,#649,#657,#666,#674,#683,
    #691,#700,#708,#717,#725,#734,#742,#751,#759,#768,#776,#785,#793,
    #802,#810,#819,#827,#836,#844,#853,#861,#870,#878,#887,#895,#904,
    #912,#921,#929,#938,#946,#955,#963,#972,#980,#989,#997,#1006,#1014,
    #1023,#1031,#1040,#1048,#1057,#1065,#1074));
#604 = ORIENTED_EDGE('',*,*,#605,.F.);
#605 = EDGE_CURVE('',#606,#608,#610,.T.);
#606 = VERTEX_POINT('',#607);
#607 = CARTESIAN_POINT('',(-1.993903340313E-13,0.999999999999,8.));
#608 = VERTEX_POINT('',#609);
#609 = CARTESIAN_POINT('',(-0.999999999999,5.336337989939E-14,8.));
#610 = CIRCLE('',#611,0.999999999999);
#611 = AXIS2_PLACEMENT_3D('',#612,#613,#614);
#612 = CARTESIAN_POINT('',(0.,0.,8.));
#613 = DIRECTION('',(-0.,0.,1.));
#614 = DIRECTION('',(1.110223024625E-16,-1.,0.));
#615 = ORIENTED_EDGE('',*,*,#616,.F.);
#616 = EDGE_CURVE('',#617,#606,#619,.T.);
#617 = VERTEX_POINT('',#618);
#618 = CARTESIAN_POINT('',(10.795876796297,0.999999999999,8.));
#619 = LINE('',#620,#621);
#620 = CARTESIAN_POINT('',(228.6,0.999999999999,8.));
#621 = VECTOR('',#622,1.);
#622 = DIRECTION('',(-1.,1.38850727358E-15,0.));
#623 = ORIENTED_EDGE('',*,*,#624,.T.);
#624 = EDGE_CURVE('',#617,#625,#627,.T.);
#625 = VERTEX_POINT('',#626);
#626 = CARTESIAN_POINT('',(10.303472919791,1.586824088833,8.));
#627 = CIRCLE('',#628,0.5);
#628 = AXIS2_PLACEMENT_3D('',#629,#630,#631);
#629 = CARTESIAN_POINT('',(10.795876796297,1.499999999999,8.));
#630 = DIRECTION('',(0.,0.,-1.));
#631 = DIRECTION('',(1.,0.,0.));
#632 = ORIENTED_EDGE('',*,*,#633,.T.);
#633 = EDGE_CURVE('',#625,#634,#636,.T.);
#634 = VERTEX_POINT('',#635);
#635 = CARTESIAN_POINT('',(10.850086560254,4.686824090349,8.));
#636 = LINE('',#637,#638);
#637 = CARTESIAN_POINT('',(8.751295923165,-7.216009092957,8.));
#638 = VECTOR('',#639,1.);
#639 = DIRECTION('',(0.173648177667,0.984807753012,0.));
#640 = ORIENTED_EDGE('',*,*,#641,.T.);
#641 = EDGE_CURVE('',#634,#642,#644,.T.);
#642 = VERTEX_POINT('',#643);
#643 = CARTESIAN_POINT('',(11.342490436764,5.100000001516,8.));
#644 = CIRCLE('',#645,0.5);
#645 = AXIS2_PLACEMENT_3D('',#646,#647,#648);
#646 = CARTESIAN_POINT('',(11.342490436761,4.600000001516,8.));
#647 = DIRECTION('',(0.,0.,-1.));
#648 = DIRECTION('',(1.,0.,0.));
#649 = ORIENTED_EDGE('',*,*,#650,.F.);
#650 = EDGE_CURVE('',#651,#642,#653,.T.);
#651 = VERTEX_POINT('',#652);
#652 = CARTESIAN_POINT('',(92.957509563343,5.100000000946,8.));
#653 = LINE('',#654,#655);
#654 = CARTESIAN_POINT('',(62.821245218533,5.100000001157,8.));
#655 = VECTOR('',#656,1.);
#656 = DIRECTION('',(-1.,6.976761464105E-12,0.));
#657 = ORIENTED_EDGE('',*,*,#658,.T.);
#658 = EDGE_CURVE('',#651,#659,#661,.T.);
#659 = VERTEX_POINT('',#660);
#660 = CARTESIAN_POINT('',(93.449913439846,4.68682408978,8.));
#661 = CIRCLE('',#662,0.5);
#662 = AXIS2_PLACEMENT_3D('',#663,#664,#665);
#663 = CARTESIAN_POINT('',(92.95750956334,4.600000000946,8.));
#664 = DIRECTION('',(0.,0.,-1.));
#665 = DIRECTION('',(1.,0.,0.));
#666 = ORIENTED_EDGE('',*,*,#667,.F.);
#667 = EDGE_CURVE('',#668,#659,#670,.T.);
#668 = VERTEX_POINT('',#669);
#669 = CARTESIAN_POINT('',(93.996527080209,1.586824088833,8.));
#670 = LINE('',#671,#672);
#671 = CARTESIAN_POINT('',(97.422755885962,-17.84428504708,8.));
#672 = VECTOR('',#673,1.);
#673 = DIRECTION('',(-0.173648177667,0.984807753012,0.));
#674 = ORIENTED_EDGE('',*,*,#675,.T.);
#675 = EDGE_CURVE('',#668,#676,#678,.T.);
#676 = VERTEX_POINT('',#677);
#677 = CARTESIAN_POINT('',(93.504123203703,0.999999999999,8.));
#678 = CIRCLE('',#679,0.5);
#679 = AXIS2_PLACEMENT_3D('',#680,#681,#682);
#680 = CARTESIAN_POINT('',(93.504123203703,1.5,8.));
#681 = DIRECTION('',(0.,0.,-1.));
#682 = DIRECTION('',(1.,0.,0.));
#683 = ORIENTED_EDGE('',*,*,#684,.F.);
#684 = EDGE_CURVE('',#685,#676,#687,.T.);
#685 = VERTEX_POINT('',#686);
#686 = CARTESIAN_POINT('',(135.09587679629,1.,8.));
#687 = LINE('',#688,#689);
#688 = CARTESIAN_POINT('',(228.6,0.999999999999,8.));
#689 = VECTOR('',#690,1.);
#690 = DIRECTION('',(-1.,1.38850727358E-15,0.));
#691 = ORIENTED_EDGE('',*,*,#692,.T.);
#692 = EDGE_CURVE('',#685,#693,#695,.T.);
#693 = VERTEX_POINT('',#694);
#694 = CARTESIAN_POINT('',(134.60347291979,1.586824088833,8.));
#695 = CIRCLE('',#696,0.5);
#696 = AXIS2_PLACEMENT_3D('',#697,#698,#699);
#697 = CARTESIAN_POINT('',(135.09587679629,1.5,8.));
#698 = DIRECTION('',(0.,0.,-1.));
#699 = DIRECTION('',(1.,0.,0.));
#700 = ORIENTED_EDGE('',*,*,#701,.T.);
#701 = EDGE_CURVE('',#693,#702,#704,.T.);
#702 = VERTEX_POINT('',#703);
#703 = CARTESIAN_POINT('',(135.1500865601,4.686824089482,8.));
#704 = LINE('',#705,#706);
#705 = CARTESIAN_POINT('',(131.17724411401,-17.84428504723,8.));
#706 = VECTOR('',#707,1.);
#707 = DIRECTION('',(0.173648177667,0.984807753012,0.));
#708 = ORIENTED_EDGE('',*,*,#709,.T.);
#709 = EDGE_CURVE('',#702,#710,#712,.T.);
#710 = VERTEX_POINT('',#711);
#711 = CARTESIAN_POINT('',(135.64249043661,5.100000000649,8.));
#712 = CIRCLE('',#713,0.5);
#713 = AXIS2_PLACEMENT_3D('',#714,#715,#716);
#714 = CARTESIAN_POINT('',(135.6424904366,4.600000000649,8.));
#715 = DIRECTION('',(0.,0.,-1.));
#716 = DIRECTION('',(1.,0.,0.));
#717 = ORIENTED_EDGE('',*,*,#718,.F.);
#718 = EDGE_CURVE('',#719,#710,#721,.T.);
#719 = VERTEX_POINT('',#720);
#720 = CARTESIAN_POINT('',(217.2575095635,5.100000000079,8.));
#721 = LINE('',#722,#723);
#722 = CARTESIAN_POINT('',(124.97124521845,5.100000000723,8.));
#723 = VECTOR('',#724,1.);
#724 = DIRECTION('',(-1.,6.976761464078E-12,0.));
#725 = ORIENTED_EDGE('',*,*,#726,.T.);
#726 = EDGE_CURVE('',#719,#727,#729,.T.);
#727 = VERTEX_POINT('',#728);
#728 = CARTESIAN_POINT('',(217.74991344,4.686824088913,8.));
#729 = CIRCLE('',#730,0.5);
#730 = AXIS2_PLACEMENT_3D('',#731,#732,#733);
#731 = CARTESIAN_POINT('',(217.25750956349,4.600000000079,8.));
#732 = DIRECTION('',(0.,0.,-1.));
#733 = DIRECTION('',(1.,0.,0.));
#734 = ORIENTED_EDGE('',*,*,#735,.F.);
#735 = EDGE_CURVE('',#736,#727,#738,.T.);
#736 = VERTEX_POINT('',#737);
#737 = CARTESIAN_POINT('',(218.29652708021,1.586824088833,8.));
#738 = LINE('',#739,#740);
#739 = CARTESIAN_POINT('',(219.84870407696,-7.216009093675,8.));
#740 = VECTOR('',#741,1.);
#741 = DIRECTION('',(-0.173648177667,0.984807753012,0.));
#742 = ORIENTED_EDGE('',*,*,#743,.T.);
#743 = EDGE_CURVE('',#736,#744,#746,.T.);
#744 = VERTEX_POINT('',#745);
#745 = CARTESIAN_POINT('',(217.8041232037,1.,8.));
#746 = CIRCLE('',#747,0.5);
#747 = AXIS2_PLACEMENT_3D('',#748,#749,#750);
#748 = CARTESIAN_POINT('',(217.8041232037,1.5,8.));
#749 = DIRECTION('',(0.,0.,-1.));
#750 = DIRECTION('',(1.,0.,0.));
#751 = ORIENTED_EDGE('',*,*,#752,.F.);
#752 = EDGE_CURVE('',#753,#744,#755,.T.);
#753 = VERTEX_POINT('',#754);
#754 = CARTESIAN_POINT('',(228.6,0.999999999999,8.));
#755 = LINE('',#756,#757);
#756 = CARTESIAN_POINT('',(228.6,0.999999999999,8.));
#757 = VECTOR('',#758,1.);
#758 = DIRECTION('',(-1.,1.38850727358E-15,0.));
#759 = ORIENTED_EDGE('',*,*,#760,.F.);
#760 = EDGE_CURVE('',#761,#753,#763,.T.);
#761 = VERTEX_POINT('',#762);
#762 = CARTESIAN_POINT('',(229.59999999999,3.539391002502E-13,8.));
#763 = CIRCLE('',#764,0.999999999999);
#764 = AXIS2_PLACEMENT_3D('',#765,#766,#767);
#765 = CARTESIAN_POINT('',(228.6,0.,8.));
#766 = DIRECTION('',(0.,0.,1.));
#767 = DIRECTION('',(-1.,-1.224646799147E-16,0.));
#768 = ORIENTED_EDGE('',*,*,#769,.F.);
#769 = EDGE_CURVE('',#770,#761,#772,.T.);
#770 = VERTEX_POINT('',#771);
#771 = CARTESIAN_POINT('',(229.59999999999,-10.79587679629,8.));
#772 = LINE('',#773,#774);
#773 = CARTESIAN_POINT('',(229.59999999999,-76.2,8.));
#774 = VECTOR('',#775,1.);
#775 = DIRECTION('',(3.72988312735E-16,1.,0.));
#776 = ORIENTED_EDGE('',*,*,#777,.T.);
#777 = EDGE_CURVE('',#770,#778,#780,.T.);
#778 = VERTEX_POINT('',#779);
#779 = CARTESIAN_POINT('',(230.18682408883,-10.30347291979,8.));
#780 = CIRCLE('',#781,0.5);
#781 = AXIS2_PLACEMENT_3D('',#782,#783,#784);
#782 = CARTESIAN_POINT('',(230.09999999999,-10.79587679629,8.));
#783 = DIRECTION('',(0.,0.,-1.));
#784 = DIRECTION('',(1.,0.,0.));
#785 = ORIENTED_EDGE('',*,*,#786,.F.);
#786 = EDGE_CURVE('',#787,#778,#789,.T.);
#787 = VERTEX_POINT('',#788);
#788 = CARTESIAN_POINT('',(233.28682408918,-10.85008656005,8.));
#789 = LINE('',#790,#791);
#790 = CARTESIAN_POINT('',(176.36736274995,-0.813649798551,8.));
#791 = VECTOR('',#792,1.);
#792 = DIRECTION('',(-0.984807753012,0.173648177667,0.));
#793 = ORIENTED_EDGE('',*,*,#794,.T.);
#794 = EDGE_CURVE('',#787,#795,#797,.T.);
#795 = VERTEX_POINT('',#796);
#796 = CARTESIAN_POINT('',(233.70000000035,-11.34249043654,8.));
#797 = CIRCLE('',#798,0.5);
#798 = AXIS2_PLACEMENT_3D('',#799,#800,#801);
#799 = CARTESIAN_POINT('',(233.20000000035,-11.34249043655,8.));
#800 = DIRECTION('',(0.,0.,-1.));
#801 = DIRECTION('',(1.,0.,0.));
#802 = ORIENTED_EDGE('',*,*,#803,.T.);
#803 = EDGE_CURVE('',#795,#804,#806,.T.);
#804 = VERTEX_POINT('',#805);
#805 = CARTESIAN_POINT('',(233.70000000202,-64.85750956313,8.));
#806 = LINE('',#807,#808);
#807 = CARTESIAN_POINT('',(233.7000000016,-51.4787547797,8.));
#808 = VECTOR('',#809,1.);
#809 = DIRECTION('',(3.119615422884E-11,-1.,0.));
#810 = ORIENTED_EDGE('',*,*,#811,.T.);
#811 = EDGE_CURVE('',#804,#812,#814,.T.);
#812 = VERTEX_POINT('',#813);
#813 = CARTESIAN_POINT('',(233.28682409085,-65.34991343965,8.));
#814 = CIRCLE('',#815,0.5);
#815 = AXIS2_PLACEMENT_3D('',#816,#817,#818);
#816 = CARTESIAN_POINT('',(233.20000000202,-64.85750956315,8.));
#817 = DIRECTION('',(0.,0.,-1.));
#818 = DIRECTION('',(1.,0.,0.));
#819 = ORIENTED_EDGE('',*,*,#820,.T.);
#820 = EDGE_CURVE('',#812,#821,#823,.T.);
#821 = VERTEX_POINT('',#822);
#822 = CARTESIAN_POINT('',(230.18682408883,-65.89652708021,8.));
#823 = LINE('',#824,#825);
#824 = CARTESIAN_POINT('',(176.36736274995,-75.38635020144,8.));
#825 = VECTOR('',#826,1.);
#826 = DIRECTION('',(-0.984807753012,-0.173648177667,0.));
#827 = ORIENTED_EDGE('',*,*,#828,.T.);
#828 = EDGE_CURVE('',#821,#829,#831,.T.);
#829 = VERTEX_POINT('',#830);
#830 = CARTESIAN_POINT('',(229.59999999999,-65.4041232037,8.));
#831 = CIRCLE('',#832,0.5);
#832 = AXIS2_PLACEMENT_3D('',#833,#834,#835);
#833 = CARTESIAN_POINT('',(230.09999999999,-65.4041232037,8.));
#834 = DIRECTION('',(0.,0.,-1.));
#835 = DIRECTION('',(1.,0.,0.));
#836 = ORIENTED_EDGE('',*,*,#837,.F.);
#837 = EDGE_CURVE('',#838,#829,#840,.T.);
#838 = VERTEX_POINT('',#839);
#839 = CARTESIAN_POINT('',(229.59999999999,-76.2,8.));
#840 = LINE('',#841,#842);
#841 = CARTESIAN_POINT('',(229.59999999999,-76.2,8.));
#842 = VECTOR('',#843,1.);
#843 = DIRECTION('',(3.72988312735E-16,1.,0.));
#844 = ORIENTED_EDGE('',*,*,#845,.F.);
#845 = EDGE_CURVE('',#846,#838,#848,.T.);
#846 = VERTEX_POINT('',#847);
#847 = CARTESIAN_POINT('',(228.6,-77.19999999999,8.));
#848 = CIRCLE('',#849,0.999999999999);
#849 = AXIS2_PLACEMENT_3D('',#850,#851,#852);
#850 = CARTESIAN_POINT('',(228.6,-76.2,8.));
#851 = DIRECTION('',(0.,-0.,1.));
#852 = DIRECTION('',(1.110223024625E-16,1.,0.));
#853 = ORIENTED_EDGE('',*,*,#854,.F.);
#854 = EDGE_CURVE('',#855,#846,#857,.T.);
#855 = VERTEX_POINT('',#856);
#856 = CARTESIAN_POINT('',(217.8041232037,-77.19999999999,8.));
#857 = LINE('',#858,#859);
#858 = CARTESIAN_POINT('',(-2.09793804069E-13,-77.19999999999,8.));
#859 = VECTOR('',#860,1.);
#860 = DIRECTION('',(1.,1.554117969729E-15,0.));
#861 = ORIENTED_EDGE('',*,*,#862,.T.);
#862 = EDGE_CURVE('',#855,#863,#865,.T.);
#863 = VERTEX_POINT('',#864);
#864 = CARTESIAN_POINT('',(218.2965270802,-77.78682408883,8.));
#865 = CIRCLE('',#866,0.5);
#866 = AXIS2_PLACEMENT_3D('',#867,#868,#869);
#867 = CARTESIAN_POINT('',(217.8041232037,-77.69999999999,8.));
#868 = DIRECTION('',(0.,0.,-1.));
#869 = DIRECTION('',(1.,0.,0.));
#870 = ORIENTED_EDGE('',*,*,#871,.F.);
#871 = EDGE_CURVE('',#872,#863,#874,.T.);
#872 = VERTEX_POINT('',#873);
#873 = CARTESIAN_POINT('',(217.74991343959,-80.88682409117,8.));
#874 = LINE('',#875,#876);
#875 = CARTESIAN_POINT('',(220.12201089706,-67.43399090628,8.));
#876 = VECTOR('',#877,1.);
#877 = DIRECTION('',(0.173648177667,0.984807753012,0.));
#878 = ORIENTED_EDGE('',*,*,#879,.T.);
#879 = EDGE_CURVE('',#872,#880,#882,.T.);
#880 = VERTEX_POINT('',#881);
#881 = CARTESIAN_POINT('',(217.25750956309,-81.30000000234,8.));
#882 = CIRCLE('',#883,0.5);
#883 = AXIS2_PLACEMENT_3D('',#884,#885,#886);
#884 = CARTESIAN_POINT('',(217.25750956309,-80.80000000234,8.));
#885 = DIRECTION('',(0.,0.,-1.));
#886 = DIRECTION('',(1.,0.,0.));
#887 = ORIENTED_EDGE('',*,*,#888,.F.);
#888 = EDGE_CURVE('',#889,#880,#891,.T.);
#889 = VERTEX_POINT('',#890);
#890 = CARTESIAN_POINT('',(125.64249043685,-81.30000000208,8.));
#891 = LINE('',#892,#893);
#892 = CARTESIAN_POINT('',(165.77875478148,-81.30000000219,8.));
#893 = VECTOR('',#894,1.);
#894 = DIRECTION('',(1.,-2.846048222238E-12,0.));
#895 = ORIENTED_EDGE('',*,*,#896,.T.);
#896 = EDGE_CURVE('',#889,#897,#899,.T.);
#897 = VERTEX_POINT('',#898);
#898 = CARTESIAN_POINT('',(125.15008656035,-80.88682409091,8.));
#899 = CIRCLE('',#900,0.5);
#900 = AXIS2_PLACEMENT_3D('',#901,#902,#903);
#901 = CARTESIAN_POINT('',(125.64249043686,-80.80000000208,8.));
#902 = DIRECTION('',(0.,0.,-1.));
#903 = DIRECTION('',(1.,0.,0.));
#904 = ORIENTED_EDGE('',*,*,#905,.T.);
#905 = EDGE_CURVE('',#897,#906,#908,.T.);
#906 = VERTEX_POINT('',#907);
#907 = CARTESIAN_POINT('',(124.60347291979,-77.78682408883,8.));
#908 = LINE('',#909,#910);
#909 = CARTESIAN_POINT('',(121.05470574189,-57.66076531075,8.));
#910 = VECTOR('',#911,1.);
#911 = DIRECTION('',(-0.173648177667,0.984807753012,0.));
#912 = ORIENTED_EDGE('',*,*,#913,.T.);
#913 = EDGE_CURVE('',#906,#914,#916,.T.);
#914 = VERTEX_POINT('',#915);
#915 = CARTESIAN_POINT('',(125.09587679629,-77.19999999999,8.));
#916 = CIRCLE('',#917,0.5);
#917 = AXIS2_PLACEMENT_3D('',#918,#919,#920);
#918 = CARTESIAN_POINT('',(125.09587679629,-77.69999999999,8.));
#919 = DIRECTION('',(0.,0.,-1.));
#920 = DIRECTION('',(1.,0.,0.));
#921 = ORIENTED_EDGE('',*,*,#922,.F.);
#922 = EDGE_CURVE('',#923,#914,#925,.T.);
#923 = VERTEX_POINT('',#924);
#924 = CARTESIAN_POINT('',(103.5041232037,-77.19999999999,8.));
#925 = LINE('',#926,#927);
#926 = CARTESIAN_POINT('',(-2.09793804069E-13,-77.19999999999,8.));
#927 = VECTOR('',#928,1.);
#928 = DIRECTION('',(1.,1.554117969729E-15,0.));
#929 = ORIENTED_EDGE('',*,*,#930,.T.);
#930 = EDGE_CURVE('',#923,#931,#933,.T.);
#931 = VERTEX_POINT('',#932);
#932 = CARTESIAN_POINT('',(103.9965270802,-77.78682408883,8.));
#933 = CIRCLE('',#934,0.5);
#934 = AXIS2_PLACEMENT_3D('',#935,#936,#937);
#935 = CARTESIAN_POINT('',(103.5041232037,-77.69999999999,8.));
#936 = DIRECTION('',(0.,0.,-1.));
#937 = DIRECTION('',(1.,0.,0.));
#938 = ORIENTED_EDGE('',*,*,#939,.F.);
#939 = EDGE_CURVE('',#940,#931,#942,.T.);
#940 = VERTEX_POINT('',#941);
#941 = CARTESIAN_POINT('',(103.44991343965,-80.88682409085,8.));
#942 = LINE('',#943,#944);
#943 = CARTESIAN_POINT('',(107.5452942581,-57.66076531075,8.));
#944 = VECTOR('',#945,1.);
#945 = DIRECTION('',(0.173648177667,0.984807753012,0.));
#946 = ORIENTED_EDGE('',*,*,#947,.T.);
#947 = EDGE_CURVE('',#940,#948,#950,.T.);
#948 = VERTEX_POINT('',#949);
#949 = CARTESIAN_POINT('',(102.95750956314,-81.30000000202,8.));
#950 = CIRCLE('',#951,0.5);
#951 = AXIS2_PLACEMENT_3D('',#952,#953,#954);
#952 = CARTESIAN_POINT('',(102.95750956315,-80.80000000202,8.));
#953 = DIRECTION('',(0.,0.,-1.));
#954 = DIRECTION('',(1.,0.,0.));
#955 = ORIENTED_EDGE('',*,*,#956,.T.);
#956 = EDGE_CURVE('',#948,#957,#959,.T.);
#957 = VERTEX_POINT('',#958);
#958 = CARTESIAN_POINT('',(11.342490436802,-81.30000000175,8.));
#959 = LINE('',#960,#961);
#960 = CARTESIAN_POINT('',(62.821245218339,-81.3000000019,8.));
#961 = VECTOR('',#962,1.);
#962 = DIRECTION('',(-1.,2.846048222235E-12,0.));
#963 = ORIENTED_EDGE('',*,*,#964,.T.);
#964 = EDGE_CURVE('',#957,#965,#967,.T.);
#965 = VERTEX_POINT('',#966);
#966 = CARTESIAN_POINT('',(10.850086560297,-80.88682409059,8.));
#967 = CIRCLE('',#968,0.5);
#968 = AXIS2_PLACEMENT_3D('',#969,#970,#971);
#969 = CARTESIAN_POINT('',(11.342490436803,-80.80000000175,8.));
#970 = DIRECTION('',(0.,0.,-1.));
#971 = DIRECTION('',(1.,0.,0.));
#972 = ORIENTED_EDGE('',*,*,#973,.T.);
#973 = EDGE_CURVE('',#965,#974,#976,.T.);
#974 = VERTEX_POINT('',#975);
#975 = CARTESIAN_POINT('',(10.303472919791,-77.78682408883,8.));
#976 = LINE('',#977,#978);
#977 = CARTESIAN_POINT('',(8.477989102934,-67.43399090628,8.));
#978 = VECTOR('',#979,1.);
#979 = DIRECTION('',(-0.173648177667,0.984807753012,0.));
#980 = ORIENTED_EDGE('',*,*,#981,.T.);
#981 = EDGE_CURVE('',#974,#982,#984,.T.);
#982 = VERTEX_POINT('',#983);
#983 = CARTESIAN_POINT('',(10.795876796297,-77.19999999999,8.));
#984 = CIRCLE('',#985,0.5);
#985 = AXIS2_PLACEMENT_3D('',#986,#987,#988);
#986 = CARTESIAN_POINT('',(10.795876796297,-77.69999999999,8.));
#987 = DIRECTION('',(0.,0.,-1.));
#988 = DIRECTION('',(1.,0.,0.));
#989 = ORIENTED_EDGE('',*,*,#990,.F.);
#990 = EDGE_CURVE('',#991,#982,#993,.T.);
#991 = VERTEX_POINT('',#992);
#992 = CARTESIAN_POINT('',(-2.09793804069E-13,-77.19999999999,8.));
#993 = LINE('',#994,#995);
#994 = CARTESIAN_POINT('',(-2.09793804069E-13,-77.19999999999,8.));
#995 = VECTOR('',#996,1.);
#996 = DIRECTION('',(1.,1.554117969729E-15,0.));
#997 = ORIENTED_EDGE('',*,*,#998,.F.);
#998 = EDGE_CURVE('',#999,#991,#1001,.T.);
#999 = VERTEX_POINT('',#1000);
#1000 = CARTESIAN_POINT('',(-0.999999999999,-76.2,8.));
#1001 = CIRCLE('',#1002,0.999999999999);
#1002 = AXIS2_PLACEMENT_3D('',#1003,#1004,#1005);
#1003 = CARTESIAN_POINT('',(0.,-76.2,8.));
#1004 = DIRECTION('',(0.,0.,1.));
#1005 = DIRECTION('',(1.,0.,0.));
#1006 = ORIENTED_EDGE('',*,*,#1007,.F.);
#1007 = EDGE_CURVE('',#1008,#999,#1010,.T.);
#1008 = VERTEX_POINT('',#1009);
#1009 = CARTESIAN_POINT('',(-0.999999999999,-65.4041232037,8.));
#1010 = LINE('',#1011,#1012);
#1011 = CARTESIAN_POINT('',(-0.999999999999,5.336337989939E-14,8.));
#1012 = VECTOR('',#1013,1.);
#1013 = DIRECTION('',(2.913971193242E-18,-1.,0.));
#1014 = ORIENTED_EDGE('',*,*,#1015,.T.);
#1015 = EDGE_CURVE('',#1008,#1016,#1018,.T.);
#1016 = VERTEX_POINT('',#1017);
#1017 = CARTESIAN_POINT('',(-1.586824088833,-65.8965270802,8.));
#1018 = CIRCLE('',#1019,0.5);
#1019 = AXIS2_PLACEMENT_3D('',#1020,#1021,#1022);
#1020 = CARTESIAN_POINT('',(-1.499999999999,-65.4041232037,8.));
#1021 = DIRECTION('',(0.,0.,-1.));
#1022 = DIRECTION('',(1.,0.,0.));
#1023 = ORIENTED_EDGE('',*,*,#1024,.T.);
#1024 = EDGE_CURVE('',#1016,#1025,#1027,.T.);
#1025 = VERTEX_POINT('',#1026);
#1026 = CARTESIAN_POINT('',(-4.68682409054,-65.34991343971,8.));
#1027 = LINE('',#1028,#1029);
#1028 = CARTESIAN_POINT('',(50.682637249187,-75.1130433812,8.));
#1029 = VECTOR('',#1030,1.);
#1030 = DIRECTION('',(-0.984807753012,0.173648177667,0.));
#1031 = ORIENTED_EDGE('',*,*,#1032,.T.);
#1032 = EDGE_CURVE('',#1025,#1033,#1035,.T.);
#1033 = VERTEX_POINT('',#1034);
#1034 = CARTESIAN_POINT('',(-5.100000001707,-64.8575095632,8.));
#1035 = CIRCLE('',#1036,0.5);
#1036 = AXIS2_PLACEMENT_3D('',#1037,#1038,#1039);
#1037 = CARTESIAN_POINT('',(-4.600000001707,-64.8575095632,8.));
#1038 = DIRECTION('',(0.,0.,-1.));
#1039 = DIRECTION('',(1.,0.,0.));
#1040 = ORIENTED_EDGE('',*,*,#1041,.T.);
#1041 = EDGE_CURVE('',#1033,#1042,#1044,.T.);
#1042 = VERTEX_POINT('',#1043);
#1043 = CARTESIAN_POINT('',(-5.100000001615,-11.34249043677,8.));
#1044 = LINE('',#1045,#1046);
#1045 = CARTESIAN_POINT('',(-5.100000001638,-24.72124521828,8.));
#1046 = VECTOR('',#1047,1.);
#1047 = DIRECTION('',(1.725072072301E-12,1.,0.));
#1048 = ORIENTED_EDGE('',*,*,#1049,.T.);
#1049 = EDGE_CURVE('',#1042,#1050,#1052,.T.);
#1050 = VERTEX_POINT('',#1051);
#1051 = CARTESIAN_POINT('',(-4.686824090448,-10.85008656027,8.));
#1052 = CIRCLE('',#1053,0.5);
#1053 = AXIS2_PLACEMENT_3D('',#1054,#1055,#1056);
#1054 = CARTESIAN_POINT('',(-4.600000001615,-11.34249043677,8.));
#1055 = DIRECTION('',(0.,0.,-1.));
#1056 = DIRECTION('',(1.,0.,0.));
#1057 = ORIENTED_EDGE('',*,*,#1058,.T.);
#1058 = EDGE_CURVE('',#1050,#1059,#1061,.T.);
#1059 = VERTEX_POINT('',#1060);
#1060 = CARTESIAN_POINT('',(-1.586824088833,-10.30347291979,8.));
#1061 = LINE('',#1062,#1063);
#1062 = CARTESIAN_POINT('',(52.232637250041,-0.813649798551,8.));
#1063 = VECTOR('',#1064,1.);
#1064 = DIRECTION('',(0.984807753012,0.173648177667,0.));
#1065 = ORIENTED_EDGE('',*,*,#1066,.T.);
#1066 = EDGE_CURVE('',#1059,#1067,#1069,.T.);
#1067 = VERTEX_POINT('',#1068);
#1068 = CARTESIAN_POINT('',(-0.999999999999,-10.79587679629,8.));
#1069 = CIRCLE('',#1070,0.5);
#1070 = AXIS2_PLACEMENT_3D('',#1071,#1072,#1073);
#1071 = CARTESIAN_POINT('',(-1.499999999999,-10.79587679629,8.));
#1072 = DIRECTION('',(0.,0.,-1.));
#1073 = DIRECTION('',(1.,0.,0.));
#1074 = ORIENTED_EDGE('',*,*,#1075,.F.);
#1075 = EDGE_CURVE('',#608,#1067,#1076,.T.);
#1076 = LINE('',#1077,#1078);
#1077 = CARTESIAN_POINT('',(-0.999999999999,5.336337989939E-14,8.));
#1078 = VECTOR('',#1079,1.);
#1079 = DIRECTION('',(2.913971193242E-18,-1.,0.));
#1080 = FACE_BOUND('',#1081,.T.);
#1081 = EDGE_LOOP('',(#1082));
#1082 = ORIENTED_EDGE('',*,*,#1083,.F.);
#1083 = EDGE_CURVE('',#1084,#1084,#1086,.T.);
#1084 = VERTEX_POINT('',#1085);
#1085 = CARTESIAN_POINT('',(-1.65165042945,2.65165042945,8.));
#1086 = CIRCLE('',#1087,1.);
#1087 = AXIS2_PLACEMENT_3D('',#1088,#1089,#1090);
#1088 = CARTESIAN_POINT('',(-2.65165042945,2.65165042945,8.));
#1089 = DIRECTION('',(0.,0.,1.));
#1090 = DIRECTION('',(1.,0.,0.));
#1091 = FACE_BOUND('',#1092,.T.);
#1092 = EDGE_LOOP('',(#1093));
#1093 = ORIENTED_EDGE('',*,*,#1094,.F.);
#1094 = EDGE_CURVE('',#1095,#1095,#1097,.T.);
#1095 = VERTEX_POINT('',#1096);
#1096 = CARTESIAN_POINT('',(103.3,3.749999999996,8.));
#1097 = CIRCLE('',#1098,1.);
#1098 = AXIS2_PLACEMENT_3D('',#1099,#1100,#1101);
#1099 = CARTESIAN_POINT('',(102.3,3.749999999996,8.));
#1100 = DIRECTION('',(0.,0.,1.));
#1101 = DIRECTION('',(1.,0.,0.));
#1102 = FACE_BOUND('',#1103,.T.);
#1103 = EDGE_LOOP('',(#1104));
#1104 = ORIENTED_EDGE('',*,*,#1105,.F.);
#1105 = EDGE_CURVE('',#1106,#1106,#1108,.T.);
#1106 = VERTEX_POINT('',#1107);
#1107 = CARTESIAN_POINT('',(127.3,3.749999999996,8.));
#1108 = CIRCLE('',#1109,1.);
#1109 = AXIS2_PLACEMENT_3D('',#1110,#1111,#1112);
#1110 = CARTESIAN_POINT('',(126.3,3.749999999996,8.));
#1111 = DIRECTION('',(0.,0.,1.));
#1112 = DIRECTION('',(1.,0.,0.));
#1113 = FACE_BOUND('',#1114,.T.);
#1114 = EDGE_LOOP('',(#1115));
#1115 = ORIENTED_EDGE('',*,*,#1116,.F.);
#1116 = EDGE_CURVE('',#1117,#1117,#1119,.T.);
#1117 = VERTEX_POINT('',#1118);
#1118 = CARTESIAN_POINT('',(232.25165042945,2.65165042945,8.));
#1119 = CIRCLE('',#1120,1.);
#1120 = AXIS2_PLACEMENT_3D('',#1121,#1122,#1123);
#1121 = CARTESIAN_POINT('',(231.25165042945,2.65165042945,8.));
#1122 = DIRECTION('',(0.,0.,1.));
#1123 = DIRECTION('',(1.,0.,0.));
#1124 = PLANE('',#1125);
#1125 = AXIS2_PLACEMENT_3D('',#1126,#1127,#1128);
#1126 = CARTESIAN_POINT('',(114.3,-38.1,8.));
#1127 = DIRECTION('',(0.,0.,1.));
#1128 = DIRECTION('',(1.,0.,0.));
#1129 = ADVANCED_FACE('',(#1130),#1150,.T.);
#1130 = FACE_BOUND('',#1131,.F.);
#1131 = EDGE_LOOP('',(#1132,#1133,#1134,#1135,#1144));
#1132 = ORIENTED_EDGE('',*,*,#563,.T.);
#1133 = ORIENTED_EDGE('',*,*,#31,.F.);
#1134 = ORIENTED_EDGE('',*,*,#130,.T.);
#1135 = ORIENTED_EDGE('',*,*,#1136,.T.);
#1136 = EDGE_CURVE('',#131,#1137,#1139,.T.);
#1137 = VERTEX_POINT('',#1138);
#1138 = CARTESIAN_POINT('',(235.1,3.478014749419E-15,-4.334123346708));
#1139 = ELLIPSE('',#1140,6.508920248986,6.5);
#1140 = AXIS2_PLACEMENT_3D('',#1141,#1142,#1143);
#1141 = CARTESIAN_POINT('',(228.6,0.,-4.334123346708));
#1142 = DIRECTION('',(-0.,-5.233595624294E-02,-0.998629534755));
#1143 = DIRECTION('',(0.,-0.998629534755,5.233595624294E-02));
#1144 = ORIENTED_EDGE('',*,*,#1145,.F.);
#1145 = EDGE_CURVE('',#556,#1137,#1146,.T.);
#1146 = LINE('',#1147,#1148);
#1147 = CARTESIAN_POINT('',(235.1,-8.978576624635E-33,0.));
#1148 = VECTOR('',#1149,1.);
#1149 = DIRECTION('',(-0.,-0.,-1.));
#1150 = CYLINDRICAL_SURFACE('',#1151,6.5);
#1151 = AXIS2_PLACEMENT_3D('',#1152,#1153,#1154);
#1152 = CARTESIAN_POINT('',(228.6,0.,0.));
#1153 = DIRECTION('',(-0.,-0.,-1.));
#1154 = DIRECTION('',(-1.,-1.224646799147E-16,0.));
#1155 = ADVANCED_FACE('',(#1156),#1167,.T.);
#1156 = FACE_BOUND('',#1157,.T.);
#1157 = EDGE_LOOP('',(#1158,#1164,#1165,#1166));
#1158 = ORIENTED_EDGE('',*,*,#1159,.F.);
#1159 = EDGE_CURVE('',#262,#463,#1160,.T.);
#1160 = LINE('',#1161,#1162);
#1161 = CARTESIAN_POINT('',(115.94690844692,0.999999999984,
    -0.770606027198));
#1162 = VECTOR('',#1163,1.);
#1163 = DIRECTION('',(-1.,3.625554479214E-15,-1.900072589253E-16));
#1164 = ORIENTED_EDGE('',*,*,#272,.T.);
#1165 = ORIENTED_EDGE('',*,*,#216,.F.);
#1166 = ORIENTED_EDGE('',*,*,#462,.F.);
#1167 = PLANE('',#1168);
#1168 = AXIS2_PLACEMENT_3D('',#1169,#1170,#1171);
#1169 = CARTESIAN_POINT('',(117.4925,-3.890466665854E-02,-0.716159340733
    ));
#1170 = DIRECTION('',(0.,5.233595624294E-02,0.998629534755));
#1171 = DIRECTION('',(-1.,0.,0.));
#1172 = ADVANCED_FACE('',(#1173,#1234,#1245,#1256,#1267,#1278,#1289),
  #1300,.T.);
#1173 = FACE_BOUND('',#1174,.T.);
#1174 = EDGE_LOOP('',(#1175,#1183,#1192,#1200,#1209,#1215,#1216,#1217,
    #1224,#1225,#1232,#1233));
#1175 = ORIENTED_EDGE('',*,*,#1176,.F.);
#1176 = EDGE_CURVE('',#1177,#1137,#1179,.T.);
#1177 = VERTEX_POINT('',#1178);
#1178 = CARTESIAN_POINT('',(235.1,-76.2,-0.34065056534));
#1179 = LINE('',#1180,#1181);
#1180 = CARTESIAN_POINT('',(235.1,-82.7,0.));
#1181 = VECTOR('',#1182,1.);
#1182 = DIRECTION('',(0.,0.998629534755,-5.233595624294E-02));
#1183 = ORIENTED_EDGE('',*,*,#1184,.T.);
#1184 = EDGE_CURVE('',#1177,#1185,#1187,.T.);
#1185 = VERTEX_POINT('',#1186);
#1186 = CARTESIAN_POINT('',(228.6,-82.7,0.));
#1187 = ELLIPSE('',#1188,6.508920248986,6.5);
#1188 = AXIS2_PLACEMENT_3D('',#1189,#1190,#1191);
#1189 = CARTESIAN_POINT('',(228.6,-76.2,-0.34065056534));
#1190 = DIRECTION('',(-0.,-5.233595624294E-02,-0.998629534755));
#1191 = DIRECTION('',(0.,-0.998629534755,5.233595624294E-02));
#1192 = ORIENTED_EDGE('',*,*,#1193,.F.);
#1193 = EDGE_CURVE('',#1194,#1185,#1196,.T.);
#1194 = VERTEX_POINT('',#1195);
#1195 = CARTESIAN_POINT('',(-1.197015314586E-15,-82.7,0.));
#1196 = LINE('',#1197,#1198);
#1197 = CARTESIAN_POINT('',(-1.2E-15,-82.7,0.));
#1198 = VECTOR('',#1199,1.);
#1199 = DIRECTION('',(1.,1.243294375783E-16,0.));
#1200 = ORIENTED_EDGE('',*,*,#1201,.T.);
#1201 = EDGE_CURVE('',#1194,#1202,#1204,.T.);
#1202 = VERTEX_POINT('',#1203);
#1203 = CARTESIAN_POINT('',(-6.5,-76.2,-0.34065056534));
#1204 = ELLIPSE('',#1205,6.508920248986,6.5);
#1205 = AXIS2_PLACEMENT_3D('',#1206,#1207,#1208);
#1206 = CARTESIAN_POINT('',(0.,-76.2,-0.34065056534));
#1207 = DIRECTION('',(-0.,-5.233595624294E-02,-0.998629534755));
#1208 = DIRECTION('',(0.,-0.998629534755,5.233595624294E-02));
#1209 = ORIENTED_EDGE('',*,*,#1210,.T.);
#1210 = EDGE_CURVE('',#1202,#496,#1211,.T.);
#1211 = LINE('',#1212,#1213);
#1212 = CARTESIAN_POINT('',(-6.5,-82.7,0.));
#1213 = VECTOR('',#1214,1.);
#1214 = DIRECTION('',(0.,0.998629534755,-5.233595624294E-02));
#1215 = ORIENTED_EDGE('',*,*,#503,.T.);
#1216 = ORIENTED_EDGE('',*,*,#191,.F.);
#1217 = ORIENTED_EDGE('',*,*,#1218,.F.);
#1218 = EDGE_CURVE('',#166,#183,#1219,.T.);
#1219 = ELLIPSE('',#1220,1.752401605496,1.75);
#1220 = AXIS2_PLACEMENT_3D('',#1221,#1222,#1223);
#1221 = CARTESIAN_POINT('',(-2.65165042945,2.65165042945,-4.47309045715)
  );
#1222 = DIRECTION('',(-0.,-5.233595624294E-02,-0.998629534755));
#1223 = DIRECTION('',(0.,-0.998629534755,5.233595624294E-02));
#1224 = ORIENTED_EDGE('',*,*,#165,.F.);
#1225 = ORIENTED_EDGE('',*,*,#1226,.F.);
#1226 = EDGE_CURVE('',#140,#157,#1227,.T.);
#1227 = ELLIPSE('',#1228,1.752401605496,1.75);
#1228 = AXIS2_PLACEMENT_3D('',#1229,#1230,#1231);
#1229 = CARTESIAN_POINT('',(231.25165042945,2.65165042945,-4.47309045715
    ));
#1230 = DIRECTION('',(-0.,-5.233595624294E-02,-0.998629534755));
#1231 = DIRECTION('',(0.,-0.998629534755,5.233595624294E-02));
#1232 = ORIENTED_EDGE('',*,*,#139,.F.);
#1233 = ORIENTED_EDGE('',*,*,#1136,.T.);
#1234 = FACE_BOUND('',#1235,.T.);
#1235 = EDGE_LOOP('',(#1236));
#1236 = ORIENTED_EDGE('',*,*,#1237,.F.);
#1237 = EDGE_CURVE('',#1238,#1238,#1240,.T.);
#1238 = VERTEX_POINT('',#1239);
#1239 = CARTESIAN_POINT('',(-0.90165042945,-78.85165042945,
    -0.201683454897));
#1240 = ELLIPSE('',#1241,1.752401605496,1.75);
#1241 = AXIS2_PLACEMENT_3D('',#1242,#1243,#1244);
#1242 = CARTESIAN_POINT('',(-2.65165042945,-78.85165042945,
    -0.201683454897));
#1243 = DIRECTION('',(-0.,-5.233595624294E-02,-0.998629534755));
#1244 = DIRECTION('',(0.,-0.998629534755,5.233595624294E-02));
#1245 = FACE_BOUND('',#1246,.T.);
#1246 = EDGE_LOOP('',(#1247));
#1247 = ORIENTED_EDGE('',*,*,#1248,.T.);
#1248 = EDGE_CURVE('',#1249,#1249,#1251,.T.);
#1249 = VERTEX_POINT('',#1250);
#1250 = CARTESIAN_POINT('',(110.865,-25.22730645413,-3.012016238154));
#1251 = CIRCLE('',#1252,0.8);
#1252 = AXIS2_PLACEMENT_3D('',#1253,#1254,#1255);
#1253 = CARTESIAN_POINT('',(110.065,-25.22730645413,-3.012016238154));
#1254 = DIRECTION('',(-0.,5.233595624294E-02,0.998629534755));
#1255 = DIRECTION('',(1.,0.,0.));
#1256 = FACE_BOUND('',#1257,.T.);
#1257 = EDGE_LOOP('',(#1258));
#1258 = ORIENTED_EDGE('',*,*,#1259,.T.);
#1259 = EDGE_CURVE('',#1260,#1260,#1262,.T.);
#1260 = VERTEX_POINT('',#1261);
#1261 = CARTESIAN_POINT('',(110.865,-10.27033259734,-3.795878022782));
#1262 = CIRCLE('',#1263,0.8);
#1263 = AXIS2_PLACEMENT_3D('',#1264,#1265,#1266);
#1264 = CARTESIAN_POINT('',(110.065,-10.27033259734,-3.795878022782));
#1265 = DIRECTION('',(-0.,5.233595624294E-02,0.998629534755));
#1266 = DIRECTION('',(1.,0.,0.));
#1267 = FACE_BOUND('',#1268,.T.);
#1268 = EDGE_LOOP('',(#1269));
#1269 = ORIENTED_EDGE('',*,*,#1270,.F.);
#1270 = EDGE_CURVE('',#1271,#1271,#1273,.T.);
#1271 = VERTEX_POINT('',#1272);
#1272 = CARTESIAN_POINT('',(116.05,-79.95,-0.144121393028));
#1273 = ELLIPSE('',#1274,1.752401605496,1.75);
#1274 = AXIS2_PLACEMENT_3D('',#1275,#1276,#1277);
#1275 = CARTESIAN_POINT('',(114.3,-79.95,-0.144121393028));
#1276 = DIRECTION('',(-0.,-5.233595624294E-02,-0.998629534755));
#1277 = DIRECTION('',(0.,-0.998629534755,5.233595624294E-02));
#1278 = FACE_BOUND('',#1279,.T.);
#1279 = EDGE_LOOP('',(#1280));
#1280 = ORIENTED_EDGE('',*,*,#1281,.F.);
#1281 = EDGE_CURVE('',#1282,#1282,#1284,.T.);
#1282 = VERTEX_POINT('',#1283);
#1283 = CARTESIAN_POINT('',(233.00165042945,-78.85165042945,
    -0.201683454897));
#1284 = ELLIPSE('',#1285,1.752401605496,1.75);
#1285 = AXIS2_PLACEMENT_3D('',#1286,#1287,#1288);
#1286 = CARTESIAN_POINT('',(231.25165042945,-78.85165042945,
    -0.201683454897));
#1287 = DIRECTION('',(-0.,-5.233595624294E-02,-0.998629534755));
#1288 = DIRECTION('',(0.,-0.998629534755,5.233595624294E-02));
#1289 = FACE_BOUND('',#1290,.T.);
#1290 = EDGE_LOOP('',(#1291));
#1291 = ORIENTED_EDGE('',*,*,#1292,.T.);
#1292 = EDGE_CURVE('',#1293,#1293,#1295,.T.);
#1293 = VERTEX_POINT('',#1294);
#1294 = CARTESIAN_POINT('',(131.96,-1.819430159487,-4.238771052488));
#1295 = CIRCLE('',#1296,0.8);
#1296 = AXIS2_PLACEMENT_3D('',#1297,#1298,#1299);
#1297 = CARTESIAN_POINT('',(131.16,-1.819430159487,-4.238771052488));
#1298 = DIRECTION('',(-0.,5.233595624294E-02,0.998629534755));
#1299 = DIRECTION('',(1.,0.,0.));
#1300 = PLANE('',#1301);
#1301 = AXIS2_PLACEMENT_3D('',#1302,#1303,#1304);
#1302 = CARTESIAN_POINT('',(235.1,-82.7,0.));
#1303 = DIRECTION('',(0.,-5.233595624294E-02,-0.998629534755));
#1304 = DIRECTION('',(0.,0.998629534755,-5.233595624294E-02));
#1305 = ADVANCED_FACE('',(#1306),#1327,.F.);
#1306 = FACE_BOUND('',#1307,.F.);
#1307 = EDGE_LOOP('',(#1308,#1317,#1323,#1324,#1325,#1326));
#1308 = ORIENTED_EDGE('',*,*,#1309,.F.);
#1309 = EDGE_CURVE('',#1310,#1310,#1312,.T.);
#1310 = VERTEX_POINT('',#1311);
#1311 = CARTESIAN_POINT('',(-0.90165042945,2.65165042945,5.));
#1312 = CIRCLE('',#1313,1.75);
#1313 = AXIS2_PLACEMENT_3D('',#1314,#1315,#1316);
#1314 = CARTESIAN_POINT('',(-2.65165042945,2.65165042945,5.));
#1315 = DIRECTION('',(0.,0.,1.));
#1316 = DIRECTION('',(1.,0.,0.));
#1317 = ORIENTED_EDGE('',*,*,#1318,.T.);
#1318 = EDGE_CURVE('',#1310,#174,#1319,.T.);
#1319 = LINE('',#1320,#1321);
#1320 = CARTESIAN_POINT('',(-0.90165042945,2.65165042945,5.));
#1321 = VECTOR('',#1322,1.);
#1322 = DIRECTION('',(-0.,-0.,-1.));
#1323 = ORIENTED_EDGE('',*,*,#182,.F.);
#1324 = ORIENTED_EDGE('',*,*,#1218,.F.);
#1325 = ORIENTED_EDGE('',*,*,#173,.F.);
#1326 = ORIENTED_EDGE('',*,*,#1318,.F.);
#1327 = CYLINDRICAL_SURFACE('',#1328,1.75);
#1328 = AXIS2_PLACEMENT_3D('',#1329,#1330,#1331);
#1329 = CARTESIAN_POINT('',(-2.65165042945,2.65165042945,5.));
#1330 = DIRECTION('',(0.,0.,1.));
#1331 = DIRECTION('',(1.,0.,0.));
#1332 = ADVANCED_FACE('',(#1333),#1354,.F.);
#1333 = FACE_BOUND('',#1334,.F.);
#1334 = EDGE_LOOP('',(#1335,#1344,#1350,#1351,#1352,#1353));
#1335 = ORIENTED_EDGE('',*,*,#1336,.F.);
#1336 = EDGE_CURVE('',#1337,#1337,#1339,.T.);
#1337 = VERTEX_POINT('',#1338);
#1338 = CARTESIAN_POINT('',(233.00165042945,2.65165042945,5.));
#1339 = CIRCLE('',#1340,1.75);
#1340 = AXIS2_PLACEMENT_3D('',#1341,#1342,#1343);
#1341 = CARTESIAN_POINT('',(231.25165042945,2.65165042945,5.));
#1342 = DIRECTION('',(0.,0.,1.));
#1343 = DIRECTION('',(1.,0.,0.));
#1344 = ORIENTED_EDGE('',*,*,#1345,.T.);
#1345 = EDGE_CURVE('',#1337,#148,#1346,.T.);
#1346 = LINE('',#1347,#1348);
#1347 = CARTESIAN_POINT('',(233.00165042945,2.65165042945,5.));
#1348 = VECTOR('',#1349,1.);
#1349 = DIRECTION('',(-0.,-0.,-1.));
#1350 = ORIENTED_EDGE('',*,*,#156,.F.);
#1351 = ORIENTED_EDGE('',*,*,#1226,.F.);
#1352 = ORIENTED_EDGE('',*,*,#147,.F.);
#1353 = ORIENTED_EDGE('',*,*,#1345,.F.);
#1354 = CYLINDRICAL_SURFACE('',#1355,1.75);
#1355 = AXIS2_PLACEMENT_3D('',#1356,#1357,#1358);
#1356 = CARTESIAN_POINT('',(231.25165042945,2.65165042945,5.));
#1357 = DIRECTION('',(0.,0.,1.));
#1358 = DIRECTION('',(1.,0.,0.));
#1359 = ADVANCED_FACE('',(#1360),#1379,.F.);
#1360 = FACE_BOUND('',#1361,.F.);
#1361 = EDGE_LOOP('',(#1362,#1371,#1377,#1378));
#1362 = ORIENTED_EDGE('',*,*,#1363,.F.);
#1363 = EDGE_CURVE('',#1364,#1364,#1366,.T.);
#1364 = VERTEX_POINT('',#1365);
#1365 = CARTESIAN_POINT('',(104.05,3.749999999996,5.));
#1366 = CIRCLE('',#1367,1.75);
#1367 = AXIS2_PLACEMENT_3D('',#1368,#1369,#1370);
#1368 = CARTESIAN_POINT('',(102.3,3.749999999996,5.));
#1369 = DIRECTION('',(0.,0.,1.));
#1370 = DIRECTION('',(1.,0.,0.));
#1371 = ORIENTED_EDGE('',*,*,#1372,.T.);
#1372 = EDGE_CURVE('',#1364,#234,#1373,.T.);
#1373 = LINE('',#1374,#1375);
#1374 = CARTESIAN_POINT('',(104.05,3.749999999996,5.));
#1375 = VECTOR('',#1376,1.);
#1376 = DIRECTION('',(-0.,-0.,-1.));
#1377 = ORIENTED_EDGE('',*,*,#233,.F.);
#1378 = ORIENTED_EDGE('',*,*,#1372,.F.);
#1379 = CYLINDRICAL_SURFACE('',#1380,1.75);
#1380 = AXIS2_PLACEMENT_3D('',#1381,#1382,#1383);
#1381 = CARTESIAN_POINT('',(102.3,3.749999999996,5.));
#1382 = DIRECTION('',(0.,0.,1.));
#1383 = DIRECTION('',(1.,0.,0.));
#1384 = ADVANCED_FACE('',(#1385),#1404,.F.);
#1385 = FACE_BOUND('',#1386,.F.);
#1386 = EDGE_LOOP('',(#1387,#1396,#1402,#1403));
#1387 = ORIENTED_EDGE('',*,*,#1388,.F.);
#1388 = EDGE_CURVE('',#1389,#1389,#1391,.T.);
#1389 = VERTEX_POINT('',#1390);
#1390 = CARTESIAN_POINT('',(128.05,3.749999999996,5.));
#1391 = CIRCLE('',#1392,1.75);
#1392 = AXIS2_PLACEMENT_3D('',#1393,#1394,#1395);
#1393 = CARTESIAN_POINT('',(126.3,3.749999999996,5.));
#1394 = DIRECTION('',(0.,0.,1.));
#1395 = DIRECTION('',(1.,0.,0.));
#1396 = ORIENTED_EDGE('',*,*,#1397,.T.);
#1397 = EDGE_CURVE('',#1389,#245,#1398,.T.);
#1398 = LINE('',#1399,#1400);
#1399 = CARTESIAN_POINT('',(128.05,3.749999999996,5.));
#1400 = VECTOR('',#1401,1.);
#1401 = DIRECTION('',(-0.,-0.,-1.));
#1402 = ORIENTED_EDGE('',*,*,#244,.F.);
#1403 = ORIENTED_EDGE('',*,*,#1397,.F.);
#1404 = CYLINDRICAL_SURFACE('',#1405,1.75);
#1405 = AXIS2_PLACEMENT_3D('',#1406,#1407,#1408);
#1406 = CARTESIAN_POINT('',(126.3,3.749999999996,5.));
#1407 = DIRECTION('',(0.,0.,1.));
#1408 = DIRECTION('',(1.,0.,0.));
#1409 = ADVANCED_FACE('',(#1410),#1518,.T.);
#1410 = FACE_BOUND('',#1411,.T.);
#1411 = EDGE_LOOP('',(#1412,#1420,#1421,#1422,#1423,#1424,#1425,#1426,
    #1427,#1435,#1443,#1451,#1459,#1465,#1466,#1474,#1482,#1488,#1489,
    #1497,#1505,#1511,#1512));
#1412 = ORIENTED_EDGE('',*,*,#1413,.F.);
#1413 = EDGE_CURVE('',#368,#1414,#1416,.T.);
#1414 = VERTEX_POINT('',#1415);
#1415 = CARTESIAN_POINT('',(-1.993903340365E-13,0.999999999999,2.));
#1416 = LINE('',#1417,#1418);
#1417 = CARTESIAN_POINT('',(228.6,0.999999999999,2.));
#1418 = VECTOR('',#1419,1.);
#1419 = DIRECTION('',(-1.,1.38850727358E-15,0.));
#1420 = ORIENTED_EDGE('',*,*,#367,.F.);
#1421 = ORIENTED_EDGE('',*,*,#343,.T.);
#1422 = ORIENTED_EDGE('',*,*,#318,.F.);
#1423 = ORIENTED_EDGE('',*,*,#294,.T.);
#1424 = ORIENTED_EDGE('',*,*,#261,.F.);
#1425 = ORIENTED_EDGE('',*,*,#1159,.T.);
#1426 = ORIENTED_EDGE('',*,*,#470,.F.);
#1427 = ORIENTED_EDGE('',*,*,#1428,.F.);
#1428 = EDGE_CURVE('',#1429,#445,#1431,.T.);
#1429 = VERTEX_POINT('',#1430);
#1430 = CARTESIAN_POINT('',(109.18999999997,0.999999999926,
    -1.93893890527));
#1431 = LINE('',#1432,#1433);
#1432 = CARTESIAN_POINT('',(109.18999999997,0.999999999926,
    -1.93893890527));
#1433 = VECTOR('',#1434,1.);
#1434 = DIRECTION('',(1.110223024625E-16,1.110223024625E-16,1.));
#1435 = ORIENTED_EDGE('',*,*,#1436,.F.);
#1436 = EDGE_CURVE('',#1437,#1429,#1439,.T.);
#1437 = VERTEX_POINT('',#1438);
#1438 = CARTESIAN_POINT('',(131.99,0.999999999962,-1.938938905272));
#1439 = LINE('',#1440,#1441);
#1440 = CARTESIAN_POINT('',(114.3,0.999999999926,-1.93893890527));
#1441 = VECTOR('',#1442,1.);
#1442 = DIRECTION('',(-1.,0.,0.));
#1443 = ORIENTED_EDGE('',*,*,#1444,.T.);
#1444 = EDGE_CURVE('',#1437,#1445,#1447,.T.);
#1445 = VERTEX_POINT('',#1446);
#1446 = CARTESIAN_POINT('',(131.99,0.999999999981,2.));
#1447 = LINE('',#1448,#1449);
#1448 = CARTESIAN_POINT('',(131.99,0.999999999962,-1.938938905272));
#1449 = VECTOR('',#1450,1.);
#1450 = DIRECTION('',(1.110223024625E-16,1.110223024625E-16,1.));
#1451 = ORIENTED_EDGE('',*,*,#1452,.F.);
#1452 = EDGE_CURVE('',#1453,#1445,#1455,.T.);
#1453 = VERTEX_POINT('',#1454);
#1454 = CARTESIAN_POINT('',(228.6,0.999999999999,2.));
#1455 = LINE('',#1456,#1457);
#1456 = CARTESIAN_POINT('',(228.6,0.999999999999,2.));
#1457 = VECTOR('',#1458,1.);
#1458 = DIRECTION('',(-1.,1.38850727358E-15,0.));
#1459 = ORIENTED_EDGE('',*,*,#1460,.T.);
#1460 = EDGE_CURVE('',#1453,#753,#1461,.T.);
#1461 = LINE('',#1462,#1463);
#1462 = CARTESIAN_POINT('',(228.6,0.999999999999,0.));
#1463 = VECTOR('',#1464,1.);
#1464 = DIRECTION('',(0.,0.,1.));
#1465 = ORIENTED_EDGE('',*,*,#752,.T.);
#1466 = ORIENTED_EDGE('',*,*,#1467,.T.);
#1467 = EDGE_CURVE('',#744,#1468,#1470,.T.);
#1468 = VERTEX_POINT('',#1469);
#1469 = CARTESIAN_POINT('',(217.8041232037,1.,11.));
#1470 = LINE('',#1471,#1472);
#1471 = CARTESIAN_POINT('',(217.8041232037,1.,0.));
#1472 = VECTOR('',#1473,1.);
#1473 = DIRECTION('',(0.,0.,1.));
#1474 = ORIENTED_EDGE('',*,*,#1475,.T.);
#1475 = EDGE_CURVE('',#1468,#1476,#1478,.T.);
#1476 = VERTEX_POINT('',#1477);
#1477 = CARTESIAN_POINT('',(135.09587679629,1.,11.));
#1478 = LINE('',#1479,#1480);
#1479 = CARTESIAN_POINT('',(217.8041232037,1.,11.));
#1480 = VECTOR('',#1481,1.);
#1481 = DIRECTION('',(-1.,-2.477953278519E-15,0.));
#1482 = ORIENTED_EDGE('',*,*,#1483,.F.);
#1483 = EDGE_CURVE('',#685,#1476,#1484,.T.);
#1484 = LINE('',#1485,#1486);
#1485 = CARTESIAN_POINT('',(135.09587679629,1.,0.));
#1486 = VECTOR('',#1487,1.);
#1487 = DIRECTION('',(0.,0.,1.));
#1488 = ORIENTED_EDGE('',*,*,#684,.T.);
#1489 = ORIENTED_EDGE('',*,*,#1490,.T.);
#1490 = EDGE_CURVE('',#676,#1491,#1493,.T.);
#1491 = VERTEX_POINT('',#1492);
#1492 = CARTESIAN_POINT('',(93.504123203703,1.,11.));
#1493 = LINE('',#1494,#1495);
#1494 = CARTESIAN_POINT('',(93.504123203703,1.,0.));
#1495 = VECTOR('',#1496,1.);
#1496 = DIRECTION('',(0.,0.,1.));
#1497 = ORIENTED_EDGE('',*,*,#1498,.F.);
#1498 = EDGE_CURVE('',#1499,#1491,#1501,.T.);
#1499 = VERTEX_POINT('',#1500);
#1500 = CARTESIAN_POINT('',(10.795876796297,0.999999999999,11.));
#1501 = LINE('',#1502,#1503);
#1502 = CARTESIAN_POINT('',(10.795876796297,0.999999999999,11.));
#1503 = VECTOR('',#1504,1.);
#1504 = DIRECTION('',(1.,2.477953278519E-15,0.));
#1505 = ORIENTED_EDGE('',*,*,#1506,.F.);
#1506 = EDGE_CURVE('',#617,#1499,#1507,.T.);
#1507 = LINE('',#1508,#1509);
#1508 = CARTESIAN_POINT('',(10.795876796297,0.999999999999,0.));
#1509 = VECTOR('',#1510,1.);
#1510 = DIRECTION('',(0.,0.,1.));
#1511 = ORIENTED_EDGE('',*,*,#616,.T.);
#1512 = ORIENTED_EDGE('',*,*,#1513,.F.);
#1513 = EDGE_CURVE('',#1414,#606,#1514,.T.);
#1514 = LINE('',#1515,#1516);
#1515 = CARTESIAN_POINT('',(-1.993903340313E-13,0.999999999999,0.));
#1516 = VECTOR('',#1517,1.);
#1517 = DIRECTION('',(0.,0.,1.));
#1518 = PLANE('',#1519);
#1519 = AXIS2_PLACEMENT_3D('',#1520,#1521,#1522);
#1520 = CARTESIAN_POINT('',(114.40131689384,0.999999999995,
    5.861402278425));
#1521 = DIRECTION('',(-3.625554479214E-15,-1.,1.652528292381E-12));
#1522 = DIRECTION('',(0.,-1.652528292381E-12,-1.));
#1523 = ADVANCED_FACE('',(#1524),#1666,.T.);
#1524 = FACE_BOUND('',#1525,.T.);
#1525 = EDGE_LOOP('',(#1526,#1535,#1536,#1537,#1538,#1539,#1660));
#1526 = ORIENTED_EDGE('',*,*,#1527,.F.);
#1527 = EDGE_CURVE('',#1429,#1528,#1530,.T.);
#1528 = VERTEX_POINT('',#1529);
#1529 = CARTESIAN_POINT('',(107.19,-0.997259069584,-1.834266992784));
#1530 = CIRCLE('',#1531,2.);
#1531 = AXIS2_PLACEMENT_3D('',#1532,#1533,#1534);
#1532 = CARTESIAN_POINT('',(109.19,-0.997259069584,-1.834266992784));
#1533 = DIRECTION('',(-0.,5.233595624294E-02,0.998629534755));
#1534 = DIRECTION('',(1.,0.,0.));
#1535 = ORIENTED_EDGE('',*,*,#1428,.T.);
#1536 = ORIENTED_EDGE('',*,*,#444,.T.);
#1537 = ORIENTED_EDGE('',*,*,#417,.F.);
#1538 = ORIENTED_EDGE('',*,*,#386,.F.);
#1539 = ORIENTED_EDGE('',*,*,#1540,.F.);
#1540 = EDGE_CURVE('',#1541,#368,#1543,.T.);
#1541 = VERTEX_POINT('',#1542);
#1542 = CARTESIAN_POINT('',(107.19,-0.997259069584,2.));
#1543 = B_SPLINE_CURVE_WITH_KNOTS('',4,(#1544,#1545,#1546,#1547,#1548,
    #1549,#1550,#1551,#1552,#1553,#1554,#1555,#1556,#1557,#1558,#1559,
    #1560,#1561,#1562,#1563,#1564,#1565,#1566,#1567,#1568,#1569,#1570,
    #1571,#1572,#1573,#1574,#1575,#1576,#1577,#1578,#1579,#1580,#1581,
    #1582,#1583,#1584,#1585,#1586,#1587,#1588,#1589,#1590,#1591,#1592,
    #1593,#1594,#1595,#1596,#1597,#1598,#1599,#1600,#1601,#1602,#1603,
    #1604,#1605,#1606,#1607,#1608,#1609,#1610,#1611,#1612,#1613,#1614,
    #1615,#1616,#1617,#1618,#1619,#1620,#1621,#1622,#1623,#1624,#1625,
    #1626,#1627,#1628,#1629,#1630,#1631,#1632,#1633,#1634,#1635,#1636,
    #1637,#1638,#1639,#1640,#1641,#1642,#1643,#1644,#1645,#1646,#1647,
    #1648,#1649,#1650,#1651,#1652,#1653,#1654,#1655,#1656,#1657,#1658,
    #1659),.UNSPECIFIED.,.F.,.F.,(5,3,3,3,3,3,3,3,3,3,3,3,3,3,3,3,3,3,3,
    3,3,3,3,3,3,3,3,3,3,3,3,3,3,3,3,3,3,3,5),(0.,2.700000482728E-02,
    5.400001936081E-02,8.300004564538E-02,0.112000082791,0.140000128686,
    0.169000186213,0.194000243643,0.218000305248,0.241000369908,
    0.270000458708,0.299000554982,0.321000632556,0.336000687475,
    0.364000793846,0.390000896587,0.414000994213,0.440001102312,
    0.469001224883,0.497001344341,0.518001434114,0.542001536303,
    0.56600163751,0.593001749459,0.61300183066,0.638001929504,
    0.659002009866,0.688002116077,0.728002251856,0.754002332865,
    0.769002376694,0.785002420946,0.811002487035,0.840002551801,
    0.87100261001,0.896002648342,0.922002679721,0.962002710364,1.),
  .UNSPECIFIED.);
#1544 = CARTESIAN_POINT('',(107.19,-0.997259069584,2.));
#1545 = CARTESIAN_POINT('',(107.19,-0.976082377181,2.));
#1546 = CARTESIAN_POINT('',(107.19029978934,-0.954905684512,2.));
#1547 = CARTESIAN_POINT('',(107.19089936801,-0.933735341342,2.));
#1548 = CARTESIAN_POINT('',(107.19269756518,-0.891420034502,2.));
#1549 = CARTESIAN_POINT('',(107.19389618392,-0.870275070309,2.));
#1550 = CARTESIAN_POINT('',(107.19539405304,-0.849149143207,2.));
#1551 = CARTESIAN_POINT('',(107.19912029544,-0.805385004059,2.));
#1552 = CARTESIAN_POINT('',(107.20139456164,-0.782750688155,2.));
#1553 = CARTESIAN_POINT('',(107.20401276493,-0.760153472313,2.));
#1554 = CARTESIAN_POINT('',(107.20993499815,-0.715048835113,2.));
#1555 = CARTESIAN_POINT('',(107.21323902846,-0.692541413032,2.));
#1556 = CARTESIAN_POINT('',(107.21688494755,-0.6700866931,2.));
#1557 = CARTESIAN_POINT('',(107.22472034365,-0.626070359507,2.));
#1558 = CARTESIAN_POINT('',(107.22888674246,-0.60450464821,2.));
#1559 = CARTESIAN_POINT('',(107.23336933166,-0.583002260728,2.));
#1560 = CARTESIAN_POINT('',(107.24313512835,-0.539372514395,2.));
#1561 = CARTESIAN_POINT('',(107.24844121209,-0.517250261271,2.));
#1562 = CARTESIAN_POINT('',(107.25408309673,-0.495211027725,2.));
#1563 = CARTESIAN_POINT('',(107.26521011201,-0.454341175083,2.));
#1564 = CARTESIAN_POINT('',(107.27060952769,-0.435487283017,2.));
#1565 = CARTESIAN_POINT('',(107.27625563798,-0.416705594117,2.));
#1566 = CARTESIAN_POINT('',(107.28780256882,-0.380044421526,2.));
#1567 = CARTESIAN_POINT('',(107.29368416746,-0.362158899872,2.));
#1568 = CARTESIAN_POINT('',(107.2997903845,-0.344348605762,2.));
#1569 = CARTESIAN_POINT('',(107.31218533559,-0.309625655715,2.));
#1570 = CARTESIAN_POINT('',(107.31845586394,-0.292706518459,2.));
#1571 = CARTESIAN_POINT('',(107.3249299858,-0.275864025042,2.));
#1572 = CARTESIAN_POINT('',(107.34002414727,-0.237966866135,2.));
#1573 = CARTESIAN_POINT('',(107.34876340838,-0.216959555092,2.));
#1574 = CARTESIAN_POINT('',(107.35782111991,-0.196087200481,2.));
#1575 = CARTESIAN_POINT('',(107.37656696163,-0.154626741046,2.));
#1576 = CARTESIAN_POINT('',(107.38625509229,-0.134038635601,2.));
#1577 = CARTESIAN_POINT('',(107.39625518919,-0.113599828223,2.));
#1578 = CARTESIAN_POINT('',(107.4143839272,-7.793061312542E-02,2.));
#1579 = CARTESIAN_POINT('',(107.42238165427,-6.263385056698E-02,2.));
#1580 = CARTESIAN_POINT('',(107.43055531083,-4.74301104304E-02,2.));
#1581 = CARTESIAN_POINT('',(107.44459500244,-2.202168714464E-02,2.));
#1582 = CARTESIAN_POINT('',(107.4503677827,-1.176561609699E-02,2.));
#1583 = CARTESIAN_POINT('',(107.45622104922,-1.555140135331E-03,2.));
#1584 = CARTESIAN_POINT('',(107.47322956819,2.758149153391E-02,2.));
#1585 = CARTESIAN_POINT('',(107.48458342053,4.639203241766E-02,2.));
#1586 = CARTESIAN_POINT('',(107.49621223846,6.503430465375E-02,2.));
#1587 = CARTESIAN_POINT('',(107.51916213617,0.100651257134,2.));
#1588 = CARTESIAN_POINT('',(107.530445867,0.117649938016,2.));
#1589 = CARTESIAN_POINT('',(107.54196030464,0.134493627208,2.));
#1590 = CARTESIAN_POINT('',(107.56454084376,0.16657835701,2.));
#1591 = CARTESIAN_POINT('',(107.57557330019,0.181843011861,2.));
#1592 = CARTESIAN_POINT('',(107.58679698586,0.196968001785,2.));
#1593 = CARTESIAN_POINT('',(107.6105724271,0.228180035923,2.));
#1594 = CARTESIAN_POINT('',(107.62315691309,0.244242216837,2.));
#1595 = CARTESIAN_POINT('',(107.63595921753,0.260131807466,2.));
#1596 = CARTESIAN_POINT('',(107.66349413025,0.293370067637,2.));
#1597 = CARTESIAN_POINT('',(107.67827902136,0.310675544967,2.));
#1598 = CARTESIAN_POINT('',(107.69332537226,0.327754808393,2.));
#1599 = CARTESIAN_POINT('',(107.72340273413,0.360868313568,2.));
#1600 = CARTESIAN_POINT('',(107.73841638354,0.376918282774,2.));
#1601 = CARTESIAN_POINT('',(107.75366407308,0.39274669213,2.));
#1602 = CARTESIAN_POINT('',(107.78074836608,0.420049874217,2.));
#1603 = CARTESIAN_POINT('',(107.79248476066,0.431623780725,2.));
#1604 = CARTESIAN_POINT('',(107.8043478903,0.44306810758,2.));
#1605 = CARTESIAN_POINT('',(107.83003579807,0.467309597382,2.));
#1606 = CARTESIAN_POINT('',(107.84389870723,0.480066465142,2.));
#1607 = CARTESIAN_POINT('',(107.85792106247,0.492648343268,2.));
#1608 = CARTESIAN_POINT('',(107.88627794656,0.517456242535,2.));
#1609 = CARTESIAN_POINT('',(107.90061247563,0.529682263885,2.));
#1610 = CARTESIAN_POINT('',(107.915099733,0.541727418611,2.));
#1611 = CARTESIAN_POINT('',(107.94620233295,0.566933058442,2.));
#1612 = CARTESIAN_POINT('',(107.96285732326,0.580044754739,2.));
#1613 = CARTESIAN_POINT('',(107.97969628474,0.592919984286,2.));
#1614 = CARTESIAN_POINT('',(108.00931991346,0.614914197827,2.));
#1615 = CARTESIAN_POINT('',(108.02202385696,0.624141609964,2.));
#1616 = CARTESIAN_POINT('',(108.03482387133,0.63323565519,2.));
#1617 = CARTESIAN_POINT('',(108.06383528867,0.653393863937,2.));
#1618 = CARTESIAN_POINT('',(108.08009953853,0.664382179702,2.));
#1619 = CARTESIAN_POINT('',(108.09650644167,0.675156928035,2.));
#1620 = CARTESIAN_POINT('',(108.12694979782,0.694584505597,2.));
#1621 = CARTESIAN_POINT('',(108.14094550599,0.703301008293,2.));
#1622 = CARTESIAN_POINT('',(108.15503634863,0.711863294159,2.));
#1623 = CARTESIAN_POINT('',(108.18880635625,0.731878873876,2.));
#1624 = CARTESIAN_POINT('',(108.20856947804,0.743190905884,2.));
#1625 = CARTESIAN_POINT('',(108.228502343,0.754201918609,2.));
#1626 = CARTESIAN_POINT('',(108.27631613905,0.779675500815,2.));
#1627 = CARTESIAN_POINT('',(108.3043439912,0.793863060319,2.));
#1628 = CARTESIAN_POINT('',(108.33266331033,0.80746116643,2.));
#1629 = CARTESIAN_POINT('',(108.37984004796,0.828911321182,2.));
#1630 = CARTESIAN_POINT('',(108.39854001414,0.83710872169,2.));
#1631 = CARTESIAN_POINT('',(108.4173500068,0.845051113683,2.));
#1632 = CARTESIAN_POINT('',(108.44717712622,0.857170155577,2.));
#1633 = CARTESIAN_POINT('',(108.45812435649,0.861518362588,2.));
#1634 = CARTESIAN_POINT('',(108.46910544786,0.865780571066,2.));
#1635 = CARTESIAN_POINT('',(108.49186757483,0.874410605687,2.));
#1636 = CARTESIAN_POINT('',(108.50365313536,0.878766529949,2.));
#1637 = CARTESIAN_POINT('',(108.51547482583,0.883023698438,2.));
#1638 = CARTESIAN_POINT('',(108.54659832335,0.893938381166,2.));
#1639 = CARTESIAN_POINT('',(108.56595735832,0.900433156211,2.));
#1640 = CARTESIAN_POINT('',(108.5854031458,0.906664119863,2.));
#1641 = CARTESIAN_POINT('',(108.62671048838,0.919283431143,2.));
#1642 = CARTESIAN_POINT('',(108.64859189362,0.925606982475,2.));
#1643 = CARTESIAN_POINT('',(108.67056693775,0.931597965728,2.));
#1644 = CARTESIAN_POINT('',(108.71621048431,0.943300981044,2.));
#1645 = CARTESIAN_POINT('',(108.73989125976,0.948965281183,2.));
#1646 = CARTESIAN_POINT('',(108.76366099358,0.954244934431,2.));
#1647 = CARTESIAN_POINT('',(108.80674352954,0.963084031081,2.));
#1648 = CARTESIAN_POINT('',(108.82602852533,0.966778637368,2.));
#1649 = CARTESIAN_POINT('',(108.84536030143,0.970220811031,2.));
#1650 = CARTESIAN_POINT('',(108.8848823902,0.976726209349,2.));
#1651 = CARTESIAN_POINT('',(108.90507611414,0.979768768855,2.));
#1652 = CARTESIAN_POINT('',(108.92530944723,0.982536488707,2.));
#1653 = CARTESIAN_POINT('',(108.97675721286,0.988862808499,2.));
#1654 = CARTESIAN_POINT('',(109.00801808551,0.992044793715,2.));
#1655 = CARTESIAN_POINT('',(109.03933884759,0.994572107915,2.));
#1656 = CARTESIAN_POINT('',(109.1004887169,0.998221231568,2.));
#1657 = CARTESIAN_POINT('',(109.13031399565,0.999407077106,2.));
#1658 = CARTESIAN_POINT('',(109.16015699855,0.999999999925,2.));
#1659 = CARTESIAN_POINT('',(109.18999999997,0.999999999926,2.));
#1660 = ORIENTED_EDGE('',*,*,#1661,.F.);
#1661 = EDGE_CURVE('',#1528,#1541,#1662,.T.);
#1662 = LINE('',#1663,#1664);
#1663 = CARTESIAN_POINT('',(107.19,-0.997259069584,-1.834266992784));
#1664 = VECTOR('',#1665,1.);
#1665 = DIRECTION('',(1.110223024625E-16,1.110223024625E-16,1.));
#1666 = SURFACE_OF_LINEAR_EXTRUSION('',#1667,#1672);
#1667 = CIRCLE('',#1668,2.);
#1668 = AXIS2_PLACEMENT_3D('',#1669,#1670,#1671);
#1669 = CARTESIAN_POINT('',(109.19,-0.997259069584,-1.834266992784));
#1670 = DIRECTION('',(-0.,5.233595624294E-02,0.998629534755));
#1671 = DIRECTION('',(1.,0.,0.));
#1672 = VECTOR('',#1673,1.);
#1673 = DIRECTION('',(-1.110223024625E-16,-1.110223024625E-16,-1.));
#1674 = ADVANCED_FACE('',(#1675),#1686,.T.);
#1675 = FACE_BOUND('',#1676,.T.);
#1676 = EDGE_LOOP('',(#1677,#1678,#1679,#1685));
#1677 = ORIENTED_EDGE('',*,*,#495,.F.);
#1678 = ORIENTED_EDGE('',*,*,#1210,.F.);
#1679 = ORIENTED_EDGE('',*,*,#1680,.F.);
#1680 = EDGE_CURVE('',#522,#1202,#1681,.T.);
#1681 = LINE('',#1682,#1683);
#1682 = CARTESIAN_POINT('',(-6.5,-76.2,0.));
#1683 = VECTOR('',#1684,1.);
#1684 = DIRECTION('',(-0.,-0.,-1.));
#1685 = ORIENTED_EDGE('',*,*,#521,.F.);
#1686 = PLANE('',#1687);
#1687 = AXIS2_PLACEMENT_3D('',#1688,#1689,#1690);
#1688 = CARTESIAN_POINT('',(-6.5,-37.75875360763,2.414812158091));
#1689 = DIRECTION('',(-1.,-0.,-1.137313526708E-15));
#1690 = DIRECTION('',(1.137313526708E-15,0.,-1.));
#1691 = ADVANCED_FACE('',(#1692),#1703,.T.);
#1692 = FACE_BOUND('',#1693,.T.);
#1693 = EDGE_LOOP('',(#1694,#1700,#1701,#1702));
#1694 = ORIENTED_EDGE('',*,*,#1695,.F.);
#1695 = EDGE_CURVE('',#1177,#547,#1696,.T.);
#1696 = LINE('',#1697,#1698);
#1697 = CARTESIAN_POINT('',(235.1,-76.2,0.));
#1698 = VECTOR('',#1699,1.);
#1699 = DIRECTION('',(0.,0.,1.));
#1700 = ORIENTED_EDGE('',*,*,#1176,.T.);
#1701 = ORIENTED_EDGE('',*,*,#1145,.F.);
#1702 = ORIENTED_EDGE('',*,*,#555,.F.);
#1703 = PLANE('',#1704);
#1704 = AXIS2_PLACEMENT_3D('',#1705,#1706,#1707);
#1705 = CARTESIAN_POINT('',(235.1,-37.75875360763,2.414812158091));
#1706 = DIRECTION('',(1.,0.,0.));
#1707 = DIRECTION('',(0.,0.,1.));
#1708 = ADVANCED_FACE('',(#1709),#1720,.T.);
#1709 = FACE_BOUND('',#1710,.F.);
#1710 = EDGE_LOOP('',(#1711,#1717,#1718,#1719));
#1711 = ORIENTED_EDGE('',*,*,#1712,.T.);
#1712 = EDGE_CURVE('',#1185,#539,#1713,.T.);
#1713 = LINE('',#1714,#1715);
#1714 = CARTESIAN_POINT('',(228.6,-82.7,0.));
#1715 = VECTOR('',#1716,1.);
#1716 = DIRECTION('',(0.,0.,1.));
#1717 = ORIENTED_EDGE('',*,*,#546,.T.);
#1718 = ORIENTED_EDGE('',*,*,#1695,.F.);
#1719 = ORIENTED_EDGE('',*,*,#1184,.T.);
#1720 = CYLINDRICAL_SURFACE('',#1721,6.5);
#1721 = AXIS2_PLACEMENT_3D('',#1722,#1723,#1724);
#1722 = CARTESIAN_POINT('',(228.6,-76.2,0.));
#1723 = DIRECTION('',(0.,0.,-1.));
#1724 = DIRECTION('',(1.110223024625E-16,1.,0.));
#1725 = ADVANCED_FACE('',(#1726),#1737,.T.);
#1726 = FACE_BOUND('',#1727,.F.);
#1727 = EDGE_LOOP('',(#1728,#1729,#1735,#1736));
#1728 = ORIENTED_EDGE('',*,*,#529,.T.);
#1729 = ORIENTED_EDGE('',*,*,#1730,.F.);
#1730 = EDGE_CURVE('',#1194,#530,#1731,.T.);
#1731 = LINE('',#1732,#1733);
#1732 = CARTESIAN_POINT('',(-1.197015314586E-15,-82.7,0.));
#1733 = VECTOR('',#1734,1.);
#1734 = DIRECTION('',(0.,0.,1.));
#1735 = ORIENTED_EDGE('',*,*,#1201,.T.);
#1736 = ORIENTED_EDGE('',*,*,#1680,.F.);
#1737 = CYLINDRICAL_SURFACE('',#1738,6.5);
#1738 = AXIS2_PLACEMENT_3D('',#1739,#1740,#1741);
#1739 = CARTESIAN_POINT('',(0.,-76.2,0.));
#1740 = DIRECTION('',(-0.,-0.,-1.));
#1741 = DIRECTION('',(1.,0.,0.));
#1742 = ADVANCED_FACE('',(#1743),#1749,.F.);
#1743 = FACE_BOUND('',#1744,.F.);
#1744 = EDGE_LOOP('',(#1745,#1746,#1747,#1748));
#1745 = ORIENTED_EDGE('',*,*,#1730,.T.);
#1746 = ORIENTED_EDGE('',*,*,#538,.T.);
#1747 = ORIENTED_EDGE('',*,*,#1712,.F.);
#1748 = ORIENTED_EDGE('',*,*,#1193,.F.);
#1749 = PLANE('',#1750);
#1750 = AXIS2_PLACEMENT_3D('',#1751,#1752,#1753);
#1751 = CARTESIAN_POINT('',(-1.2E-15,-82.7,0.));
#1752 = DIRECTION('',(-1.243294375783E-16,1.,0.));
#1753 = DIRECTION('',(1.,1.243294375783E-16,0.));
#1754 = ADVANCED_FACE('',(#1755),#1774,.F.);
#1755 = FACE_BOUND('',#1756,.F.);
#1756 = EDGE_LOOP('',(#1757,#1758,#1766,#1773));
#1757 = ORIENTED_EDGE('',*,*,#572,.F.);
#1758 = ORIENTED_EDGE('',*,*,#1759,.T.);
#1759 = EDGE_CURVE('',#573,#1760,#1762,.T.);
#1760 = VERTEX_POINT('',#1761);
#1761 = CARTESIAN_POINT('',(-1.65165042945,-78.85165042945,5.));
#1762 = LINE('',#1763,#1764);
#1763 = CARTESIAN_POINT('',(-1.65165042945,-78.85165042945,
    521.16140503466));
#1764 = VECTOR('',#1765,1.);
#1765 = DIRECTION('',(-0.,-0.,-1.));
#1766 = ORIENTED_EDGE('',*,*,#1767,.T.);
#1767 = EDGE_CURVE('',#1760,#1760,#1768,.T.);
#1768 = CIRCLE('',#1769,1.);
#1769 = AXIS2_PLACEMENT_3D('',#1770,#1771,#1772);
#1770 = CARTESIAN_POINT('',(-2.65165042945,-78.85165042945,5.));
#1771 = DIRECTION('',(0.,0.,1.));
#1772 = DIRECTION('',(1.,0.,0.));
#1773 = ORIENTED_EDGE('',*,*,#1759,.F.);
#1774 = CYLINDRICAL_SURFACE('',#1775,1.);
#1775 = AXIS2_PLACEMENT_3D('',#1776,#1777,#1778);
#1776 = CARTESIAN_POINT('',(-2.65165042945,-78.85165042945,
    521.16140503466));
#1777 = DIRECTION('',(0.,0.,1.));
#1778 = DIRECTION('',(1.,0.,0.));
#1779 = ADVANCED_FACE('',(#1780),#1799,.F.);
#1780 = FACE_BOUND('',#1781,.F.);
#1781 = EDGE_LOOP('',(#1782,#1783,#1791,#1798));
#1782 = ORIENTED_EDGE('',*,*,#583,.F.);
#1783 = ORIENTED_EDGE('',*,*,#1784,.T.);
#1784 = EDGE_CURVE('',#584,#1785,#1787,.T.);
#1785 = VERTEX_POINT('',#1786);
#1786 = CARTESIAN_POINT('',(115.3,-79.95,5.));
#1787 = LINE('',#1788,#1789);
#1788 = CARTESIAN_POINT('',(115.3,-79.95,521.16140503466));
#1789 = VECTOR('',#1790,1.);
#1790 = DIRECTION('',(-0.,-0.,-1.));
#1791 = ORIENTED_EDGE('',*,*,#1792,.T.);
#1792 = EDGE_CURVE('',#1785,#1785,#1793,.T.);
#1793 = CIRCLE('',#1794,1.);
#1794 = AXIS2_PLACEMENT_3D('',#1795,#1796,#1797);
#1795 = CARTESIAN_POINT('',(114.3,-79.95,5.));
#1796 = DIRECTION('',(0.,0.,1.));
#1797 = DIRECTION('',(1.,0.,0.));
#1798 = ORIENTED_EDGE('',*,*,#1784,.F.);
#1799 = CYLINDRICAL_SURFACE('',#1800,1.);
#1800 = AXIS2_PLACEMENT_3D('',#1801,#1802,#1803);
#1801 = CARTESIAN_POINT('',(114.3,-79.95,521.16140503466));
#1802 = DIRECTION('',(0.,0.,1.));
#1803 = DIRECTION('',(1.,0.,0.));
#1804 = ADVANCED_FACE('',(#1805),#1824,.F.);
#1805 = FACE_BOUND('',#1806,.F.);
#1806 = EDGE_LOOP('',(#1807,#1808,#1816,#1823));
#1807 = ORIENTED_EDGE('',*,*,#594,.F.);
#1808 = ORIENTED_EDGE('',*,*,#1809,.T.);
#1809 = EDGE_CURVE('',#595,#1810,#1812,.T.);
#1810 = VERTEX_POINT('',#1811);
#1811 = CARTESIAN_POINT('',(232.25165042945,-78.85165042945,5.));
#1812 = LINE('',#1813,#1814);
#1813 = CARTESIAN_POINT('',(232.25165042945,-78.85165042945,
    521.16140503466));
#1814 = VECTOR('',#1815,1.);
#1815 = DIRECTION('',(-0.,-0.,-1.));
#1816 = ORIENTED_EDGE('',*,*,#1817,.T.);
#1817 = EDGE_CURVE('',#1810,#1810,#1818,.T.);
#1818 = CIRCLE('',#1819,1.);
#1819 = AXIS2_PLACEMENT_3D('',#1820,#1821,#1822);
#1820 = CARTESIAN_POINT('',(231.25165042945,-78.85165042945,5.));
#1821 = DIRECTION('',(0.,0.,1.));
#1822 = DIRECTION('',(1.,0.,0.));
#1823 = ORIENTED_EDGE('',*,*,#1809,.F.);
#1824 = CYLINDRICAL_SURFACE('',#1825,1.);
#1825 = AXIS2_PLACEMENT_3D('',#1826,#1827,#1828);
#1826 = CARTESIAN_POINT('',(231.25165042945,-78.85165042945,
    521.16140503466));
#1827 = DIRECTION('',(0.,0.,1.));
#1828 = DIRECTION('',(1.,0.,0.));
#1829 = ADVANCED_FACE('',(#1830),#1849,.F.);
#1830 = FACE_BOUND('',#1831,.T.);
#1831 = EDGE_LOOP('',(#1832,#1841,#1842,#1843));
#1832 = ORIENTED_EDGE('',*,*,#1833,.F.);
#1833 = EDGE_CURVE('',#1414,#1834,#1836,.T.);
#1834 = VERTEX_POINT('',#1835);
#1835 = CARTESIAN_POINT('',(-0.999999999999,5.336337989939E-14,2.));
#1836 = CIRCLE('',#1837,0.999999999999);
#1837 = AXIS2_PLACEMENT_3D('',#1838,#1839,#1840);
#1838 = CARTESIAN_POINT('',(0.,0.,2.));
#1839 = DIRECTION('',(-0.,0.,1.));
#1840 = DIRECTION('',(1.110223024625E-16,-1.,0.));
#1841 = ORIENTED_EDGE('',*,*,#1513,.T.);
#1842 = ORIENTED_EDGE('',*,*,#605,.T.);
#1843 = ORIENTED_EDGE('',*,*,#1844,.F.);
#1844 = EDGE_CURVE('',#1834,#608,#1845,.T.);
#1845 = LINE('',#1846,#1847);
#1846 = CARTESIAN_POINT('',(-0.999999999999,5.336337989939E-14,0.));
#1847 = VECTOR('',#1848,1.);
#1848 = DIRECTION('',(0.,0.,1.));
#1849 = CYLINDRICAL_SURFACE('',#1850,0.999999999999);
#1850 = AXIS2_PLACEMENT_3D('',#1851,#1852,#1853);
#1851 = CARTESIAN_POINT('',(0.,0.,0.));
#1852 = DIRECTION('',(0.,0.,-1.));
#1853 = DIRECTION('',(1.110223024625E-16,-1.,0.));
#1854 = ADVANCED_FACE('',(#1855),#1896,.T.);
#1855 = FACE_BOUND('',#1856,.T.);
#1856 = EDGE_LOOP('',(#1857,#1865,#1866,#1867,#1875,#1883,#1889,#1890));
#1857 = ORIENTED_EDGE('',*,*,#1858,.F.);
#1858 = EDGE_CURVE('',#1834,#1859,#1861,.T.);
#1859 = VERTEX_POINT('',#1860);
#1860 = CARTESIAN_POINT('',(-0.999999999999,-76.2,2.));
#1861 = LINE('',#1862,#1863);
#1862 = CARTESIAN_POINT('',(-0.999999999999,5.336337989939E-14,2.));
#1863 = VECTOR('',#1864,1.);
#1864 = DIRECTION('',(2.913971193242E-18,-1.,0.));
#1865 = ORIENTED_EDGE('',*,*,#1844,.T.);
#1866 = ORIENTED_EDGE('',*,*,#1075,.T.);
#1867 = ORIENTED_EDGE('',*,*,#1868,.T.);
#1868 = EDGE_CURVE('',#1067,#1869,#1871,.T.);
#1869 = VERTEX_POINT('',#1870);
#1870 = CARTESIAN_POINT('',(-0.999999999999,-10.79587679629,11.));
#1871 = LINE('',#1872,#1873);
#1872 = CARTESIAN_POINT('',(-0.999999999999,-10.79587679629,0.));
#1873 = VECTOR('',#1874,1.);
#1874 = DIRECTION('',(0.,0.,1.));
#1875 = ORIENTED_EDGE('',*,*,#1876,.F.);
#1876 = EDGE_CURVE('',#1877,#1869,#1879,.T.);
#1877 = VERTEX_POINT('',#1878);
#1878 = CARTESIAN_POINT('',(-0.999999999999,-65.4041232037,11.));
#1879 = LINE('',#1880,#1881);
#1880 = CARTESIAN_POINT('',(-0.999999999999,-65.4041232037,11.));
#1881 = VECTOR('',#1882,1.);
#1882 = DIRECTION('',(-2.033068442342E-18,1.,0.));
#1883 = ORIENTED_EDGE('',*,*,#1884,.F.);
#1884 = EDGE_CURVE('',#1008,#1877,#1885,.T.);
#1885 = LINE('',#1886,#1887);
#1886 = CARTESIAN_POINT('',(-0.999999999999,-65.4041232037,0.));
#1887 = VECTOR('',#1888,1.);
#1888 = DIRECTION('',(0.,0.,1.));
#1889 = ORIENTED_EDGE('',*,*,#1007,.T.);
#1890 = ORIENTED_EDGE('',*,*,#1891,.F.);
#1891 = EDGE_CURVE('',#1859,#999,#1892,.T.);
#1892 = LINE('',#1893,#1894);
#1893 = CARTESIAN_POINT('',(-0.999999999999,-76.2,0.));
#1894 = VECTOR('',#1895,1.);
#1895 = DIRECTION('',(0.,0.,1.));
#1896 = PLANE('',#1897);
#1897 = AXIS2_PLACEMENT_3D('',#1898,#1899,#1900);
#1898 = CARTESIAN_POINT('',(-0.999999999999,-38.1,6.119863493088));
#1899 = DIRECTION('',(1.,0.,0.));
#1900 = DIRECTION('',(0.,0.,1.));
#1901 = ADVANCED_FACE('',(#1902),#1921,.T.);
#1902 = FACE_BOUND('',#1903,.F.);
#1903 = EDGE_LOOP('',(#1904,#1905,#1913,#1920));
#1904 = ORIENTED_EDGE('',*,*,#624,.T.);
#1905 = ORIENTED_EDGE('',*,*,#1906,.T.);
#1906 = EDGE_CURVE('',#625,#1907,#1909,.T.);
#1907 = VERTEX_POINT('',#1908);
#1908 = CARTESIAN_POINT('',(10.303472919791,1.586824088833,11.));
#1909 = LINE('',#1910,#1911);
#1910 = CARTESIAN_POINT('',(10.303472919791,1.586824088833,0.));
#1911 = VECTOR('',#1912,1.);
#1912 = DIRECTION('',(0.,0.,1.));
#1913 = ORIENTED_EDGE('',*,*,#1914,.T.);
#1914 = EDGE_CURVE('',#1907,#1499,#1915,.T.);
#1915 = CIRCLE('',#1916,0.5);
#1916 = AXIS2_PLACEMENT_3D('',#1917,#1918,#1919);
#1917 = CARTESIAN_POINT('',(10.795876796297,1.499999999999,11.));
#1918 = DIRECTION('',(0.,0.,1.));
#1919 = DIRECTION('',(1.,0.,0.));
#1920 = ORIENTED_EDGE('',*,*,#1506,.F.);
#1921 = CYLINDRICAL_SURFACE('',#1922,0.5);
#1922 = AXIS2_PLACEMENT_3D('',#1923,#1924,#1925);
#1923 = CARTESIAN_POINT('',(10.795876796297,1.499999999999,0.));
#1924 = DIRECTION('',(-0.,-0.,-1.));
#1925 = DIRECTION('',(1.,0.,0.));
#1926 = ADVANCED_FACE('',(#1927),#1946,.T.);
#1927 = FACE_BOUND('',#1928,.F.);
#1928 = EDGE_LOOP('',(#1929,#1930,#1931,#1940));
#1929 = ORIENTED_EDGE('',*,*,#1066,.T.);
#1930 = ORIENTED_EDGE('',*,*,#1868,.T.);
#1931 = ORIENTED_EDGE('',*,*,#1932,.T.);
#1932 = EDGE_CURVE('',#1869,#1933,#1935,.T.);
#1933 = VERTEX_POINT('',#1934);
#1934 = CARTESIAN_POINT('',(-1.586824088833,-10.30347291979,11.));
#1935 = CIRCLE('',#1936,0.5);
#1936 = AXIS2_PLACEMENT_3D('',#1937,#1938,#1939);
#1937 = CARTESIAN_POINT('',(-1.499999999999,-10.79587679629,11.));
#1938 = DIRECTION('',(0.,0.,1.));
#1939 = DIRECTION('',(1.,0.,0.));
#1940 = ORIENTED_EDGE('',*,*,#1941,.F.);
#1941 = EDGE_CURVE('',#1059,#1933,#1942,.T.);
#1942 = LINE('',#1943,#1944);
#1943 = CARTESIAN_POINT('',(-1.586824088833,-10.30347291979,0.));
#1944 = VECTOR('',#1945,1.);
#1945 = DIRECTION('',(0.,0.,1.));
#1946 = CYLINDRICAL_SURFACE('',#1947,0.5);
#1947 = AXIS2_PLACEMENT_3D('',#1948,#1949,#1950);
#1948 = CARTESIAN_POINT('',(-1.499999999999,-10.79587679629,0.));
#1949 = DIRECTION('',(-0.,-0.,-1.));
#1950 = DIRECTION('',(1.,0.,0.));
#1951 = ADVANCED_FACE('',(#1952),#1970,.F.);
#1952 = FACE_BOUND('',#1953,.F.);
#1953 = EDGE_LOOP('',(#1954,#1955,#1963,#1969));
#1954 = ORIENTED_EDGE('',*,*,#633,.T.);
#1955 = ORIENTED_EDGE('',*,*,#1956,.T.);
#1956 = EDGE_CURVE('',#634,#1957,#1959,.T.);
#1957 = VERTEX_POINT('',#1958);
#1958 = CARTESIAN_POINT('',(10.850086560254,4.686824090349,11.));
#1959 = LINE('',#1960,#1961);
#1960 = CARTESIAN_POINT('',(10.850086560254,4.686824090349,0.));
#1961 = VECTOR('',#1962,1.);
#1962 = DIRECTION('',(0.,0.,1.));
#1963 = ORIENTED_EDGE('',*,*,#1964,.T.);
#1964 = EDGE_CURVE('',#1957,#1907,#1965,.T.);
#1965 = LINE('',#1966,#1967);
#1966 = CARTESIAN_POINT('',(10.850086560254,4.686824090349,11.));
#1967 = VECTOR('',#1968,1.);
#1968 = DIRECTION('',(-0.173648177667,-0.984807753012,0.));
#1969 = ORIENTED_EDGE('',*,*,#1906,.F.);
#1970 = PLANE('',#1971);
#1971 = AXIS2_PLACEMENT_3D('',#1972,#1973,#1974);
#1972 = CARTESIAN_POINT('',(10.850086560254,4.686824090349,0.));
#1973 = DIRECTION('',(0.984807753012,-0.173648177667,0.));
#1974 = DIRECTION('',(-0.173648177667,-0.984807753012,0.));
#1975 = ADVANCED_FACE('',(#1976),#1994,.F.);
#1976 = FACE_BOUND('',#1977,.F.);
#1977 = EDGE_LOOP('',(#1978,#1979,#1980,#1988));
#1978 = ORIENTED_EDGE('',*,*,#1058,.T.);
#1979 = ORIENTED_EDGE('',*,*,#1941,.T.);
#1980 = ORIENTED_EDGE('',*,*,#1981,.T.);
#1981 = EDGE_CURVE('',#1933,#1982,#1984,.T.);
#1982 = VERTEX_POINT('',#1983);
#1983 = CARTESIAN_POINT('',(-4.686824090448,-10.85008656027,11.));
#1984 = LINE('',#1985,#1986);
#1985 = CARTESIAN_POINT('',(-1.586824088833,-10.30347291979,11.));
#1986 = VECTOR('',#1987,1.);
#1987 = DIRECTION('',(-0.984807753012,-0.173648177667,0.));
#1988 = ORIENTED_EDGE('',*,*,#1989,.F.);
#1989 = EDGE_CURVE('',#1050,#1982,#1990,.T.);
#1990 = LINE('',#1991,#1992);
#1991 = CARTESIAN_POINT('',(-4.686824090448,-10.85008656027,0.));
#1992 = VECTOR('',#1993,1.);
#1993 = DIRECTION('',(0.,0.,1.));
#1994 = PLANE('',#1995);
#1995 = AXIS2_PLACEMENT_3D('',#1996,#1997,#1998);
#1996 = CARTESIAN_POINT('',(-1.586824088833,-10.30347291979,0.));
#1997 = DIRECTION('',(0.173648177667,-0.984807753012,0.));
#1998 = DIRECTION('',(-0.984807753012,-0.173648177667,0.));
#1999 = ADVANCED_FACE('',(#2000),#2019,.T.);
#2000 = FACE_BOUND('',#2001,.F.);
#2001 = EDGE_LOOP('',(#2002,#2003,#2011,#2018));
#2002 = ORIENTED_EDGE('',*,*,#641,.T.);
#2003 = ORIENTED_EDGE('',*,*,#2004,.T.);
#2004 = EDGE_CURVE('',#642,#2005,#2007,.T.);
#2005 = VERTEX_POINT('',#2006);
#2006 = CARTESIAN_POINT('',(11.342490436764,5.100000001516,11.));
#2007 = LINE('',#2008,#2009);
#2008 = CARTESIAN_POINT('',(11.342490436764,5.100000001516,0.));
#2009 = VECTOR('',#2010,1.);
#2010 = DIRECTION('',(0.,0.,1.));
#2011 = ORIENTED_EDGE('',*,*,#2012,.T.);
#2012 = EDGE_CURVE('',#2005,#1957,#2013,.T.);
#2013 = CIRCLE('',#2014,0.5);
#2014 = AXIS2_PLACEMENT_3D('',#2015,#2016,#2017);
#2015 = CARTESIAN_POINT('',(11.342490436761,4.600000001516,11.));
#2016 = DIRECTION('',(0.,0.,1.));
#2017 = DIRECTION('',(1.,0.,0.));
#2018 = ORIENTED_EDGE('',*,*,#1956,.F.);
#2019 = CYLINDRICAL_SURFACE('',#2020,0.5);
#2020 = AXIS2_PLACEMENT_3D('',#2021,#2022,#2023);
#2021 = CARTESIAN_POINT('',(11.342490436761,4.600000001516,0.));
#2022 = DIRECTION('',(-0.,-0.,-1.));
#2023 = DIRECTION('',(1.,0.,0.));
#2024 = ADVANCED_FACE('',(#2025),#2044,.T.);
#2025 = FACE_BOUND('',#2026,.F.);
#2026 = EDGE_LOOP('',(#2027,#2028,#2029,#2038));
#2027 = ORIENTED_EDGE('',*,*,#1049,.T.);
#2028 = ORIENTED_EDGE('',*,*,#1989,.T.);
#2029 = ORIENTED_EDGE('',*,*,#2030,.T.);
#2030 = EDGE_CURVE('',#1982,#2031,#2033,.T.);
#2031 = VERTEX_POINT('',#2032);
#2032 = CARTESIAN_POINT('',(-5.100000001615,-11.34249043677,11.));
#2033 = CIRCLE('',#2034,0.5);
#2034 = AXIS2_PLACEMENT_3D('',#2035,#2036,#2037);
#2035 = CARTESIAN_POINT('',(-4.600000001615,-11.34249043677,11.));
#2036 = DIRECTION('',(0.,0.,1.));
#2037 = DIRECTION('',(1.,0.,0.));
#2038 = ORIENTED_EDGE('',*,*,#2039,.F.);
#2039 = EDGE_CURVE('',#1042,#2031,#2040,.T.);
#2040 = LINE('',#2041,#2042);
#2041 = CARTESIAN_POINT('',(-5.100000001615,-11.34249043677,0.));
#2042 = VECTOR('',#2043,1.);
#2043 = DIRECTION('',(0.,0.,1.));
#2044 = CYLINDRICAL_SURFACE('',#2045,0.5);
#2045 = AXIS2_PLACEMENT_3D('',#2046,#2047,#2048);
#2046 = CARTESIAN_POINT('',(-4.600000001615,-11.34249043677,0.));
#2047 = DIRECTION('',(-0.,-0.,-1.));
#2048 = DIRECTION('',(1.,0.,0.));
#2049 = ADVANCED_FACE('',(#2050),#2068,.T.);
#2050 = FACE_BOUND('',#2051,.T.);
#2051 = EDGE_LOOP('',(#2052,#2053,#2054,#2062));
#2052 = ORIENTED_EDGE('',*,*,#650,.T.);
#2053 = ORIENTED_EDGE('',*,*,#2004,.T.);
#2054 = ORIENTED_EDGE('',*,*,#2055,.T.);
#2055 = EDGE_CURVE('',#2005,#2056,#2058,.T.);
#2056 = VERTEX_POINT('',#2057);
#2057 = CARTESIAN_POINT('',(92.957509563343,5.100000000946,11.));
#2058 = LINE('',#2059,#2060);
#2059 = CARTESIAN_POINT('',(11.342490436764,5.100000001516,11.));
#2060 = VECTOR('',#2061,1.);
#2061 = DIRECTION('',(1.,-6.976761464105E-12,0.));
#2062 = ORIENTED_EDGE('',*,*,#2063,.F.);
#2063 = EDGE_CURVE('',#651,#2056,#2064,.T.);
#2064 = LINE('',#2065,#2066);
#2065 = CARTESIAN_POINT('',(92.957509563343,5.100000000946,0.));
#2066 = VECTOR('',#2067,1.);
#2067 = DIRECTION('',(0.,0.,1.));
#2068 = PLANE('',#2069);
#2069 = AXIS2_PLACEMENT_3D('',#2070,#2071,#2072);
#2070 = CARTESIAN_POINT('',(11.342490436764,5.100000001516,0.));
#2071 = DIRECTION('',(6.976761464105E-12,1.,0.));
#2072 = DIRECTION('',(1.,-6.976761464105E-12,0.));
#2073 = ADVANCED_FACE('',(#2074),#2092,.F.);
#2074 = FACE_BOUND('',#2075,.F.);
#2075 = EDGE_LOOP('',(#2076,#2077,#2078,#2086));
#2076 = ORIENTED_EDGE('',*,*,#1041,.T.);
#2077 = ORIENTED_EDGE('',*,*,#2039,.T.);
#2078 = ORIENTED_EDGE('',*,*,#2079,.T.);
#2079 = EDGE_CURVE('',#2031,#2080,#2082,.T.);
#2080 = VERTEX_POINT('',#2081);
#2081 = CARTESIAN_POINT('',(-5.100000001707,-64.8575095632,11.));
#2082 = LINE('',#2083,#2084);
#2083 = CARTESIAN_POINT('',(-5.100000001615,-11.34249043677,11.));
#2084 = VECTOR('',#2085,1.);
#2085 = DIRECTION('',(-1.725072072301E-12,-1.,0.));
#2086 = ORIENTED_EDGE('',*,*,#2087,.F.);
#2087 = EDGE_CURVE('',#1033,#2080,#2088,.T.);
#2088 = LINE('',#2089,#2090);
#2089 = CARTESIAN_POINT('',(-5.100000001707,-64.8575095632,0.));
#2090 = VECTOR('',#2091,1.);
#2091 = DIRECTION('',(0.,0.,1.));
#2092 = PLANE('',#2093);
#2093 = AXIS2_PLACEMENT_3D('',#2094,#2095,#2096);
#2094 = CARTESIAN_POINT('',(-5.100000001615,-11.34249043677,0.));
#2095 = DIRECTION('',(1.,-1.725072072301E-12,0.));
#2096 = DIRECTION('',(-1.725072072301E-12,-1.,0.));
#2097 = ADVANCED_FACE('',(#2098),#2117,.T.);
#2098 = FACE_BOUND('',#2099,.F.);
#2099 = EDGE_LOOP('',(#2100,#2101,#2109,#2116));
#2100 = ORIENTED_EDGE('',*,*,#658,.T.);
#2101 = ORIENTED_EDGE('',*,*,#2102,.T.);
#2102 = EDGE_CURVE('',#659,#2103,#2105,.T.);
#2103 = VERTEX_POINT('',#2104);
#2104 = CARTESIAN_POINT('',(93.449913439846,4.68682408978,11.));
#2105 = LINE('',#2106,#2107);
#2106 = CARTESIAN_POINT('',(93.449913439846,4.68682408978,0.));
#2107 = VECTOR('',#2108,1.);
#2108 = DIRECTION('',(0.,0.,1.));
#2109 = ORIENTED_EDGE('',*,*,#2110,.T.);
#2110 = EDGE_CURVE('',#2103,#2056,#2111,.T.);
#2111 = CIRCLE('',#2112,0.5);
#2112 = AXIS2_PLACEMENT_3D('',#2113,#2114,#2115);
#2113 = CARTESIAN_POINT('',(92.95750956334,4.600000000946,11.));
#2114 = DIRECTION('',(0.,0.,1.));
#2115 = DIRECTION('',(1.,0.,0.));
#2116 = ORIENTED_EDGE('',*,*,#2063,.F.);
#2117 = CYLINDRICAL_SURFACE('',#2118,0.5);
#2118 = AXIS2_PLACEMENT_3D('',#2119,#2120,#2121);
#2119 = CARTESIAN_POINT('',(92.95750956334,4.600000000946,0.));
#2120 = DIRECTION('',(-0.,-0.,-1.));
#2121 = DIRECTION('',(1.,0.,0.));
#2122 = ADVANCED_FACE('',(#2123),#2142,.T.);
#2123 = FACE_BOUND('',#2124,.F.);
#2124 = EDGE_LOOP('',(#2125,#2126,#2127,#2136));
#2125 = ORIENTED_EDGE('',*,*,#1032,.T.);
#2126 = ORIENTED_EDGE('',*,*,#2087,.T.);
#2127 = ORIENTED_EDGE('',*,*,#2128,.T.);
#2128 = EDGE_CURVE('',#2080,#2129,#2131,.T.);
#2129 = VERTEX_POINT('',#2130);
#2130 = CARTESIAN_POINT('',(-4.68682409054,-65.34991343971,11.));
#2131 = CIRCLE('',#2132,0.5);
#2132 = AXIS2_PLACEMENT_3D('',#2133,#2134,#2135);
#2133 = CARTESIAN_POINT('',(-4.600000001707,-64.8575095632,11.));
#2134 = DIRECTION('',(0.,0.,1.));
#2135 = DIRECTION('',(1.,0.,0.));
#2136 = ORIENTED_EDGE('',*,*,#2137,.F.);
#2137 = EDGE_CURVE('',#1025,#2129,#2138,.T.);
#2138 = LINE('',#2139,#2140);
#2139 = CARTESIAN_POINT('',(-4.68682409054,-65.34991343971,0.));
#2140 = VECTOR('',#2141,1.);
#2141 = DIRECTION('',(0.,0.,1.));
#2142 = CYLINDRICAL_SURFACE('',#2143,0.5);
#2143 = AXIS2_PLACEMENT_3D('',#2144,#2145,#2146);
#2144 = CARTESIAN_POINT('',(-4.600000001707,-64.8575095632,0.));
#2145 = DIRECTION('',(-0.,-0.,-1.));
#2146 = DIRECTION('',(1.,0.,0.));
#2147 = ADVANCED_FACE('',(#2148),#2166,.T.);
#2148 = FACE_BOUND('',#2149,.T.);
#2149 = EDGE_LOOP('',(#2150,#2151,#2152,#2160));
#2150 = ORIENTED_EDGE('',*,*,#667,.T.);
#2151 = ORIENTED_EDGE('',*,*,#2102,.T.);
#2152 = ORIENTED_EDGE('',*,*,#2153,.T.);
#2153 = EDGE_CURVE('',#2103,#2154,#2156,.T.);
#2154 = VERTEX_POINT('',#2155);
#2155 = CARTESIAN_POINT('',(93.996527080209,1.586824088833,11.));
#2156 = LINE('',#2157,#2158);
#2157 = CARTESIAN_POINT('',(93.449913439846,4.68682408978,11.));
#2158 = VECTOR('',#2159,1.);
#2159 = DIRECTION('',(0.173648177667,-0.984807753012,0.));
#2160 = ORIENTED_EDGE('',*,*,#2161,.F.);
#2161 = EDGE_CURVE('',#668,#2154,#2162,.T.);
#2162 = LINE('',#2163,#2164);
#2163 = CARTESIAN_POINT('',(93.996527080209,1.586824088833,0.));
#2164 = VECTOR('',#2165,1.);
#2165 = DIRECTION('',(0.,0.,1.));
#2166 = PLANE('',#2167);
#2167 = AXIS2_PLACEMENT_3D('',#2168,#2169,#2170);
#2168 = CARTESIAN_POINT('',(93.449913439846,4.68682408978,0.));
#2169 = DIRECTION('',(0.984807753012,0.173648177667,0.));
#2170 = DIRECTION('',(0.173648177667,-0.984807753012,0.));
#2171 = ADVANCED_FACE('',(#2172),#2190,.F.);
#2172 = FACE_BOUND('',#2173,.F.);
#2173 = EDGE_LOOP('',(#2174,#2175,#2176,#2184));
#2174 = ORIENTED_EDGE('',*,*,#1024,.T.);
#2175 = ORIENTED_EDGE('',*,*,#2137,.T.);
#2176 = ORIENTED_EDGE('',*,*,#2177,.T.);
#2177 = EDGE_CURVE('',#2129,#2178,#2180,.T.);
#2178 = VERTEX_POINT('',#2179);
#2179 = CARTESIAN_POINT('',(-1.586824088833,-65.8965270802,11.));
#2180 = LINE('',#2181,#2182);
#2181 = CARTESIAN_POINT('',(-4.68682409054,-65.34991343971,11.));
#2182 = VECTOR('',#2183,1.);
#2183 = DIRECTION('',(0.984807753012,-0.173648177667,0.));
#2184 = ORIENTED_EDGE('',*,*,#2185,.F.);
#2185 = EDGE_CURVE('',#1016,#2178,#2186,.T.);
#2186 = LINE('',#2187,#2188);
#2187 = CARTESIAN_POINT('',(-1.586824088833,-65.8965270802,0.));
#2188 = VECTOR('',#2189,1.);
#2189 = DIRECTION('',(0.,0.,1.));
#2190 = PLANE('',#2191);
#2191 = AXIS2_PLACEMENT_3D('',#2192,#2193,#2194);
#2192 = CARTESIAN_POINT('',(-4.68682409054,-65.34991343971,0.));
#2193 = DIRECTION('',(0.173648177667,0.984807753012,0.));
#2194 = DIRECTION('',(0.984807753012,-0.173648177667,0.));
#2195 = ADVANCED_FACE('',(#2196),#2208,.T.);
#2196 = FACE_BOUND('',#2197,.F.);
#2197 = EDGE_LOOP('',(#2198,#2199,#2200,#2207));
#2198 = ORIENTED_EDGE('',*,*,#675,.T.);
#2199 = ORIENTED_EDGE('',*,*,#1490,.T.);
#2200 = ORIENTED_EDGE('',*,*,#2201,.T.);
#2201 = EDGE_CURVE('',#1491,#2154,#2202,.T.);
#2202 = CIRCLE('',#2203,0.5);
#2203 = AXIS2_PLACEMENT_3D('',#2204,#2205,#2206);
#2204 = CARTESIAN_POINT('',(93.504123203703,1.5,11.));
#2205 = DIRECTION('',(0.,0.,1.));
#2206 = DIRECTION('',(1.,0.,0.));
#2207 = ORIENTED_EDGE('',*,*,#2161,.F.);
#2208 = CYLINDRICAL_SURFACE('',#2209,0.5);
#2209 = AXIS2_PLACEMENT_3D('',#2210,#2211,#2212);
#2210 = CARTESIAN_POINT('',(93.504123203703,1.5,0.));
#2211 = DIRECTION('',(-0.,-0.,-1.));
#2212 = DIRECTION('',(1.,0.,0.));
#2213 = ADVANCED_FACE('',(#2214),#2226,.T.);
#2214 = FACE_BOUND('',#2215,.F.);
#2215 = EDGE_LOOP('',(#2216,#2217,#2218,#2225));
#2216 = ORIENTED_EDGE('',*,*,#1015,.T.);
#2217 = ORIENTED_EDGE('',*,*,#2185,.T.);
#2218 = ORIENTED_EDGE('',*,*,#2219,.T.);
#2219 = EDGE_CURVE('',#2178,#1877,#2220,.T.);
#2220 = CIRCLE('',#2221,0.5);
#2221 = AXIS2_PLACEMENT_3D('',#2222,#2223,#2224);
#2222 = CARTESIAN_POINT('',(-1.499999999999,-65.4041232037,11.));
#2223 = DIRECTION('',(0.,0.,1.));
#2224 = DIRECTION('',(1.,0.,0.));
#2225 = ORIENTED_EDGE('',*,*,#1884,.F.);
#2226 = CYLINDRICAL_SURFACE('',#2227,0.5);
#2227 = AXIS2_PLACEMENT_3D('',#2228,#2229,#2230);
#2228 = CARTESIAN_POINT('',(-1.499999999999,-65.4041232037,0.));
#2229 = DIRECTION('',(-0.,-0.,-1.));
#2230 = DIRECTION('',(1.,0.,0.));
#2231 = ADVANCED_FACE('',(#2232),#2251,.T.);
#2232 = FACE_BOUND('',#2233,.F.);
#2233 = EDGE_LOOP('',(#2234,#2235,#2243,#2250));
#2234 = ORIENTED_EDGE('',*,*,#692,.T.);
#2235 = ORIENTED_EDGE('',*,*,#2236,.T.);
#2236 = EDGE_CURVE('',#693,#2237,#2239,.T.);
#2237 = VERTEX_POINT('',#2238);
#2238 = CARTESIAN_POINT('',(134.60347291979,1.586824088833,11.));
#2239 = LINE('',#2240,#2241);
#2240 = CARTESIAN_POINT('',(134.60347291979,1.586824088833,0.));
#2241 = VECTOR('',#2242,1.);
#2242 = DIRECTION('',(0.,0.,1.));
#2243 = ORIENTED_EDGE('',*,*,#2244,.T.);
#2244 = EDGE_CURVE('',#2237,#1476,#2245,.T.);
#2245 = CIRCLE('',#2246,0.5);
#2246 = AXIS2_PLACEMENT_3D('',#2247,#2248,#2249);
#2247 = CARTESIAN_POINT('',(135.09587679629,1.5,11.));
#2248 = DIRECTION('',(0.,0.,1.));
#2249 = DIRECTION('',(1.,0.,0.));
#2250 = ORIENTED_EDGE('',*,*,#1483,.F.);
#2251 = CYLINDRICAL_SURFACE('',#2252,0.5);
#2252 = AXIS2_PLACEMENT_3D('',#2253,#2254,#2255);
#2253 = CARTESIAN_POINT('',(135.09587679629,1.5,0.));
#2254 = DIRECTION('',(-0.,-0.,-1.));
#2255 = DIRECTION('',(1.,0.,0.));
#2256 = ADVANCED_FACE('',(#2257),#2276,.F.);
#2257 = FACE_BOUND('',#2258,.T.);
#2258 = EDGE_LOOP('',(#2259,#2268,#2269,#2270));
#2259 = ORIENTED_EDGE('',*,*,#2260,.F.);
#2260 = EDGE_CURVE('',#1859,#2261,#2263,.T.);
#2261 = VERTEX_POINT('',#2262);
#2262 = CARTESIAN_POINT('',(-2.09793804069E-13,-77.19999999999,2.));
#2263 = CIRCLE('',#2264,0.999999999999);
#2264 = AXIS2_PLACEMENT_3D('',#2265,#2266,#2267);
#2265 = CARTESIAN_POINT('',(0.,-76.2,2.));
#2266 = DIRECTION('',(0.,0.,1.));
#2267 = DIRECTION('',(1.,0.,0.));
#2268 = ORIENTED_EDGE('',*,*,#1891,.T.);
#2269 = ORIENTED_EDGE('',*,*,#998,.T.);
#2270 = ORIENTED_EDGE('',*,*,#2271,.F.);
#2271 = EDGE_CURVE('',#2261,#991,#2272,.T.);
#2272 = LINE('',#2273,#2274);
#2273 = CARTESIAN_POINT('',(-2.09793804069E-13,-77.19999999999,0.));
#2274 = VECTOR('',#2275,1.);
#2275 = DIRECTION('',(0.,0.,1.));
#2276 = CYLINDRICAL_SURFACE('',#2277,0.999999999999);
#2277 = AXIS2_PLACEMENT_3D('',#2278,#2279,#2280);
#2278 = CARTESIAN_POINT('',(0.,-76.2,0.));
#2279 = DIRECTION('',(-0.,-0.,-1.));
#2280 = DIRECTION('',(1.,0.,0.));
#2281 = ADVANCED_FACE('',(#2282),#2300,.F.);
#2282 = FACE_BOUND('',#2283,.F.);
#2283 = EDGE_LOOP('',(#2284,#2285,#2293,#2299));
#2284 = ORIENTED_EDGE('',*,*,#701,.T.);
#2285 = ORIENTED_EDGE('',*,*,#2286,.T.);
#2286 = EDGE_CURVE('',#702,#2287,#2289,.T.);
#2287 = VERTEX_POINT('',#2288);
#2288 = CARTESIAN_POINT('',(135.1500865601,4.686824089482,11.));
#2289 = LINE('',#2290,#2291);
#2290 = CARTESIAN_POINT('',(135.1500865601,4.686824089482,0.));
#2291 = VECTOR('',#2292,1.);
#2292 = DIRECTION('',(0.,0.,1.));
#2293 = ORIENTED_EDGE('',*,*,#2294,.T.);
#2294 = EDGE_CURVE('',#2287,#2237,#2295,.T.);
#2295 = LINE('',#2296,#2297);
#2296 = CARTESIAN_POINT('',(135.1500865601,4.686824089482,11.));
#2297 = VECTOR('',#2298,1.);
#2298 = DIRECTION('',(-0.173648177667,-0.984807753012,0.));
#2299 = ORIENTED_EDGE('',*,*,#2236,.F.);
#2300 = PLANE('',#2301);
#2301 = AXIS2_PLACEMENT_3D('',#2302,#2303,#2304);
#2302 = CARTESIAN_POINT('',(135.1500865601,4.686824089482,0.));
#2303 = DIRECTION('',(0.984807753012,-0.173648177667,0.));
#2304 = DIRECTION('',(-0.173648177667,-0.984807753012,0.));
#2305 = ADVANCED_FACE('',(#2306),#2370,.T.);
#2306 = FACE_BOUND('',#2307,.T.);
#2307 = EDGE_LOOP('',(#2308,#2316,#2317,#2318,#2326,#2334,#2340,#2341,
    #2349,#2357,#2363,#2364));
#2308 = ORIENTED_EDGE('',*,*,#2309,.F.);
#2309 = EDGE_CURVE('',#2261,#2310,#2312,.T.);
#2310 = VERTEX_POINT('',#2311);
#2311 = CARTESIAN_POINT('',(228.6,-77.19999999999,2.));
#2312 = LINE('',#2313,#2314);
#2313 = CARTESIAN_POINT('',(-2.09793804069E-13,-77.19999999999,2.));
#2314 = VECTOR('',#2315,1.);
#2315 = DIRECTION('',(1.,1.554117969729E-15,0.));
#2316 = ORIENTED_EDGE('',*,*,#2271,.T.);
#2317 = ORIENTED_EDGE('',*,*,#990,.T.);
#2318 = ORIENTED_EDGE('',*,*,#2319,.T.);
#2319 = EDGE_CURVE('',#982,#2320,#2322,.T.);
#2320 = VERTEX_POINT('',#2321);
#2321 = CARTESIAN_POINT('',(10.795876796297,-77.19999999999,11.));
#2322 = LINE('',#2323,#2324);
#2323 = CARTESIAN_POINT('',(10.795876796297,-77.19999999999,0.));
#2324 = VECTOR('',#2325,1.);
#2325 = DIRECTION('',(0.,0.,1.));
#2326 = ORIENTED_EDGE('',*,*,#2327,.F.);
#2327 = EDGE_CURVE('',#2328,#2320,#2330,.T.);
#2328 = VERTEX_POINT('',#2329);
#2329 = CARTESIAN_POINT('',(103.5041232037,-77.19999999999,11.));
#2330 = LINE('',#2331,#2332);
#2331 = CARTESIAN_POINT('',(103.5041232037,-77.19999999999,11.));
#2332 = VECTOR('',#2333,1.);
#2333 = DIRECTION('',(-1.,0.,0.));
#2334 = ORIENTED_EDGE('',*,*,#2335,.F.);
#2335 = EDGE_CURVE('',#923,#2328,#2336,.T.);
#2336 = LINE('',#2337,#2338);
#2337 = CARTESIAN_POINT('',(103.5041232037,-77.19999999999,0.));
#2338 = VECTOR('',#2339,1.);
#2339 = DIRECTION('',(0.,0.,1.));
#2340 = ORIENTED_EDGE('',*,*,#922,.T.);
#2341 = ORIENTED_EDGE('',*,*,#2342,.T.);
#2342 = EDGE_CURVE('',#914,#2343,#2345,.T.);
#2343 = VERTEX_POINT('',#2344);
#2344 = CARTESIAN_POINT('',(125.09587679629,-77.19999999999,11.));
#2345 = LINE('',#2346,#2347);
#2346 = CARTESIAN_POINT('',(125.09587679629,-77.19999999999,0.));
#2347 = VECTOR('',#2348,1.);
#2348 = DIRECTION('',(0.,0.,1.));
#2349 = ORIENTED_EDGE('',*,*,#2350,.F.);
#2350 = EDGE_CURVE('',#2351,#2343,#2353,.T.);
#2351 = VERTEX_POINT('',#2352);
#2352 = CARTESIAN_POINT('',(217.8041232037,-77.19999999999,11.));
#2353 = LINE('',#2354,#2355);
#2354 = CARTESIAN_POINT('',(217.8041232037,-77.19999999999,11.));
#2355 = VECTOR('',#2356,1.);
#2356 = DIRECTION('',(-1.,-1.532857676193E-16,0.));
#2357 = ORIENTED_EDGE('',*,*,#2358,.F.);
#2358 = EDGE_CURVE('',#855,#2351,#2359,.T.);
#2359 = LINE('',#2360,#2361);
#2360 = CARTESIAN_POINT('',(217.8041232037,-77.19999999999,0.));
#2361 = VECTOR('',#2362,1.);
#2362 = DIRECTION('',(0.,0.,1.));
#2363 = ORIENTED_EDGE('',*,*,#854,.T.);
#2364 = ORIENTED_EDGE('',*,*,#2365,.F.);
#2365 = EDGE_CURVE('',#2310,#846,#2366,.T.);
#2366 = LINE('',#2367,#2368);
#2367 = CARTESIAN_POINT('',(228.6,-77.19999999999,0.));
#2368 = VECTOR('',#2369,1.);
#2369 = DIRECTION('',(0.,0.,1.));
#2370 = PLANE('',#2371);
#2371 = AXIS2_PLACEMENT_3D('',#2372,#2373,#2374);
#2372 = CARTESIAN_POINT('',(114.3,-77.19999999999,6.268182623534));
#2373 = DIRECTION('',(-1.015117313367E-15,1.,1.903716140893E-14));
#2374 = DIRECTION('',(0.,-1.903716140893E-14,1.));
#2375 = ADVANCED_FACE('',(#2376),#2395,.T.);
#2376 = FACE_BOUND('',#2377,.F.);
#2377 = EDGE_LOOP('',(#2378,#2379,#2387,#2394));
#2378 = ORIENTED_EDGE('',*,*,#709,.T.);
#2379 = ORIENTED_EDGE('',*,*,#2380,.T.);
#2380 = EDGE_CURVE('',#710,#2381,#2383,.T.);
#2381 = VERTEX_POINT('',#2382);
#2382 = CARTESIAN_POINT('',(135.64249043661,5.100000000649,11.));
#2383 = LINE('',#2384,#2385);
#2384 = CARTESIAN_POINT('',(135.64249043661,5.100000000649,0.));
#2385 = VECTOR('',#2386,1.);
#2386 = DIRECTION('',(0.,0.,1.));
#2387 = ORIENTED_EDGE('',*,*,#2388,.T.);
#2388 = EDGE_CURVE('',#2381,#2287,#2389,.T.);
#2389 = CIRCLE('',#2390,0.5);
#2390 = AXIS2_PLACEMENT_3D('',#2391,#2392,#2393);
#2391 = CARTESIAN_POINT('',(135.6424904366,4.600000000649,11.));
#2392 = DIRECTION('',(0.,0.,1.));
#2393 = DIRECTION('',(1.,0.,0.));
#2394 = ORIENTED_EDGE('',*,*,#2286,.F.);
#2395 = CYLINDRICAL_SURFACE('',#2396,0.5);
#2396 = AXIS2_PLACEMENT_3D('',#2397,#2398,#2399);
#2397 = CARTESIAN_POINT('',(135.6424904366,4.600000000649,0.));
#2398 = DIRECTION('',(-0.,-0.,-1.));
#2399 = DIRECTION('',(1.,0.,0.));
#2400 = ADVANCED_FACE('',(#2401),#2420,.T.);
#2401 = FACE_BOUND('',#2402,.F.);
#2402 = EDGE_LOOP('',(#2403,#2404,#2405,#2414));
#2403 = ORIENTED_EDGE('',*,*,#981,.T.);
#2404 = ORIENTED_EDGE('',*,*,#2319,.T.);
#2405 = ORIENTED_EDGE('',*,*,#2406,.T.);
#2406 = EDGE_CURVE('',#2320,#2407,#2409,.T.);
#2407 = VERTEX_POINT('',#2408);
#2408 = CARTESIAN_POINT('',(10.303472919791,-77.78682408883,11.));
#2409 = CIRCLE('',#2410,0.5);
#2410 = AXIS2_PLACEMENT_3D('',#2411,#2412,#2413);
#2411 = CARTESIAN_POINT('',(10.795876796297,-77.69999999999,11.));
#2412 = DIRECTION('',(0.,0.,1.));
#2413 = DIRECTION('',(1.,0.,0.));
#2414 = ORIENTED_EDGE('',*,*,#2415,.F.);
#2415 = EDGE_CURVE('',#974,#2407,#2416,.T.);
#2416 = LINE('',#2417,#2418);
#2417 = CARTESIAN_POINT('',(10.303472919791,-77.78682408883,0.));
#2418 = VECTOR('',#2419,1.);
#2419 = DIRECTION('',(0.,0.,1.));
#2420 = CYLINDRICAL_SURFACE('',#2421,0.5);
#2421 = AXIS2_PLACEMENT_3D('',#2422,#2423,#2424);
#2422 = CARTESIAN_POINT('',(10.795876796297,-77.69999999999,0.));
#2423 = DIRECTION('',(-0.,-0.,-1.));
#2424 = DIRECTION('',(1.,0.,0.));
#2425 = ADVANCED_FACE('',(#2426),#2444,.T.);
#2426 = FACE_BOUND('',#2427,.T.);
#2427 = EDGE_LOOP('',(#2428,#2429,#2430,#2438));
#2428 = ORIENTED_EDGE('',*,*,#718,.T.);
#2429 = ORIENTED_EDGE('',*,*,#2380,.T.);
#2430 = ORIENTED_EDGE('',*,*,#2431,.T.);
#2431 = EDGE_CURVE('',#2381,#2432,#2434,.T.);
#2432 = VERTEX_POINT('',#2433);
#2433 = CARTESIAN_POINT('',(217.2575095635,5.100000000079,11.));
#2434 = LINE('',#2435,#2436);
#2435 = CARTESIAN_POINT('',(135.64249043661,5.100000000649,11.));
#2436 = VECTOR('',#2437,1.);
#2437 = DIRECTION('',(1.,-6.976761464078E-12,0.));
#2438 = ORIENTED_EDGE('',*,*,#2439,.F.);
#2439 = EDGE_CURVE('',#719,#2432,#2440,.T.);
#2440 = LINE('',#2441,#2442);
#2441 = CARTESIAN_POINT('',(217.2575095635,5.100000000079,0.));
#2442 = VECTOR('',#2443,1.);
#2443 = DIRECTION('',(0.,0.,1.));
#2444 = PLANE('',#2445);
#2445 = AXIS2_PLACEMENT_3D('',#2446,#2447,#2448);
#2446 = CARTESIAN_POINT('',(135.64249043661,5.100000000649,0.));
#2447 = DIRECTION('',(6.976761464078E-12,1.,0.));
#2448 = DIRECTION('',(1.,-6.976761464078E-12,0.));
#2449 = ADVANCED_FACE('',(#2450),#2468,.F.);
#2450 = FACE_BOUND('',#2451,.F.);
#2451 = EDGE_LOOP('',(#2452,#2453,#2454,#2462));
#2452 = ORIENTED_EDGE('',*,*,#973,.T.);
#2453 = ORIENTED_EDGE('',*,*,#2415,.T.);
#2454 = ORIENTED_EDGE('',*,*,#2455,.T.);
#2455 = EDGE_CURVE('',#2407,#2456,#2458,.T.);
#2456 = VERTEX_POINT('',#2457);
#2457 = CARTESIAN_POINT('',(10.850086560297,-80.88682409059,11.));
#2458 = LINE('',#2459,#2460);
#2459 = CARTESIAN_POINT('',(10.303472919791,-77.78682408883,11.));
#2460 = VECTOR('',#2461,1.);
#2461 = DIRECTION('',(0.173648177667,-0.984807753012,0.));
#2462 = ORIENTED_EDGE('',*,*,#2463,.F.);
#2463 = EDGE_CURVE('',#965,#2456,#2464,.T.);
#2464 = LINE('',#2465,#2466);
#2465 = CARTESIAN_POINT('',(10.850086560297,-80.88682409059,0.));
#2466 = VECTOR('',#2467,1.);
#2467 = DIRECTION('',(0.,0.,1.));
#2468 = PLANE('',#2469);
#2469 = AXIS2_PLACEMENT_3D('',#2470,#2471,#2472);
#2470 = CARTESIAN_POINT('',(10.303472919791,-77.78682408883,0.));
#2471 = DIRECTION('',(0.984807753012,0.173648177667,0.));
#2472 = DIRECTION('',(0.173648177667,-0.984807753012,0.));
#2473 = ADVANCED_FACE('',(#2474),#2493,.T.);
#2474 = FACE_BOUND('',#2475,.F.);
#2475 = EDGE_LOOP('',(#2476,#2477,#2485,#2492));
#2476 = ORIENTED_EDGE('',*,*,#726,.T.);
#2477 = ORIENTED_EDGE('',*,*,#2478,.T.);
#2478 = EDGE_CURVE('',#727,#2479,#2481,.T.);
#2479 = VERTEX_POINT('',#2480);
#2480 = CARTESIAN_POINT('',(217.74991344,4.686824088913,11.));
#2481 = LINE('',#2482,#2483);
#2482 = CARTESIAN_POINT('',(217.74991344,4.686824088913,0.));
#2483 = VECTOR('',#2484,1.);
#2484 = DIRECTION('',(0.,0.,1.));
#2485 = ORIENTED_EDGE('',*,*,#2486,.T.);
#2486 = EDGE_CURVE('',#2479,#2432,#2487,.T.);
#2487 = CIRCLE('',#2488,0.5);
#2488 = AXIS2_PLACEMENT_3D('',#2489,#2490,#2491);
#2489 = CARTESIAN_POINT('',(217.25750956349,4.600000000079,11.));
#2490 = DIRECTION('',(0.,0.,1.));
#2491 = DIRECTION('',(1.,0.,0.));
#2492 = ORIENTED_EDGE('',*,*,#2439,.F.);
#2493 = CYLINDRICAL_SURFACE('',#2494,0.5);
#2494 = AXIS2_PLACEMENT_3D('',#2495,#2496,#2497);
#2495 = CARTESIAN_POINT('',(217.25750956349,4.600000000079,0.));
#2496 = DIRECTION('',(-0.,-0.,-1.));
#2497 = DIRECTION('',(1.,0.,0.));
#2498 = ADVANCED_FACE('',(#2499),#2518,.T.);
#2499 = FACE_BOUND('',#2500,.F.);
#2500 = EDGE_LOOP('',(#2501,#2502,#2503,#2512));
#2501 = ORIENTED_EDGE('',*,*,#964,.T.);
#2502 = ORIENTED_EDGE('',*,*,#2463,.T.);
#2503 = ORIENTED_EDGE('',*,*,#2504,.T.);
#2504 = EDGE_CURVE('',#2456,#2505,#2507,.T.);
#2505 = VERTEX_POINT('',#2506);
#2506 = CARTESIAN_POINT('',(11.342490436802,-81.30000000175,11.));
#2507 = CIRCLE('',#2508,0.5);
#2508 = AXIS2_PLACEMENT_3D('',#2509,#2510,#2511);
#2509 = CARTESIAN_POINT('',(11.342490436803,-80.80000000175,11.));
#2510 = DIRECTION('',(0.,0.,1.));
#2511 = DIRECTION('',(1.,0.,0.));
#2512 = ORIENTED_EDGE('',*,*,#2513,.F.);
#2513 = EDGE_CURVE('',#957,#2505,#2514,.T.);
#2514 = LINE('',#2515,#2516);
#2515 = CARTESIAN_POINT('',(11.342490436802,-81.30000000175,0.));
#2516 = VECTOR('',#2517,1.);
#2517 = DIRECTION('',(0.,0.,1.));
#2518 = CYLINDRICAL_SURFACE('',#2519,0.5);
#2519 = AXIS2_PLACEMENT_3D('',#2520,#2521,#2522);
#2520 = CARTESIAN_POINT('',(11.342490436803,-80.80000000175,0.));
#2521 = DIRECTION('',(-0.,-0.,-1.));
#2522 = DIRECTION('',(1.,0.,0.));
#2523 = ADVANCED_FACE('',(#2524),#2542,.T.);
#2524 = FACE_BOUND('',#2525,.T.);
#2525 = EDGE_LOOP('',(#2526,#2527,#2528,#2536));
#2526 = ORIENTED_EDGE('',*,*,#735,.T.);
#2527 = ORIENTED_EDGE('',*,*,#2478,.T.);
#2528 = ORIENTED_EDGE('',*,*,#2529,.T.);
#2529 = EDGE_CURVE('',#2479,#2530,#2532,.T.);
#2530 = VERTEX_POINT('',#2531);
#2531 = CARTESIAN_POINT('',(218.29652708021,1.586824088833,11.));
#2532 = LINE('',#2533,#2534);
#2533 = CARTESIAN_POINT('',(217.74991344,4.686824088913,11.));
#2534 = VECTOR('',#2535,1.);
#2535 = DIRECTION('',(0.173648177667,-0.984807753012,0.));
#2536 = ORIENTED_EDGE('',*,*,#2537,.F.);
#2537 = EDGE_CURVE('',#736,#2530,#2538,.T.);
#2538 = LINE('',#2539,#2540);
#2539 = CARTESIAN_POINT('',(218.29652708021,1.586824088833,0.));
#2540 = VECTOR('',#2541,1.);
#2541 = DIRECTION('',(0.,0.,1.));
#2542 = PLANE('',#2543);
#2543 = AXIS2_PLACEMENT_3D('',#2544,#2545,#2546);
#2544 = CARTESIAN_POINT('',(217.74991344,4.686824088913,0.));
#2545 = DIRECTION('',(0.984807753012,0.173648177667,0.));
#2546 = DIRECTION('',(0.173648177667,-0.984807753012,0.));
#2547 = ADVANCED_FACE('',(#2548),#2566,.F.);
#2548 = FACE_BOUND('',#2549,.F.);
#2549 = EDGE_LOOP('',(#2550,#2551,#2552,#2560));
#2550 = ORIENTED_EDGE('',*,*,#956,.T.);
#2551 = ORIENTED_EDGE('',*,*,#2513,.T.);
#2552 = ORIENTED_EDGE('',*,*,#2553,.T.);
#2553 = EDGE_CURVE('',#2505,#2554,#2556,.T.);
#2554 = VERTEX_POINT('',#2555);
#2555 = CARTESIAN_POINT('',(102.95750956314,-81.30000000202,11.));
#2556 = LINE('',#2557,#2558);
#2557 = CARTESIAN_POINT('',(11.342490436802,-81.30000000175,11.));
#2558 = VECTOR('',#2559,1.);
#2559 = DIRECTION('',(1.,-2.846048222235E-12,0.));
#2560 = ORIENTED_EDGE('',*,*,#2561,.F.);
#2561 = EDGE_CURVE('',#948,#2554,#2562,.T.);
#2562 = LINE('',#2563,#2564);
#2563 = CARTESIAN_POINT('',(102.95750956314,-81.30000000202,0.));
#2564 = VECTOR('',#2565,1.);
#2565 = DIRECTION('',(0.,0.,1.));
#2566 = PLANE('',#2567);
#2567 = AXIS2_PLACEMENT_3D('',#2568,#2569,#2570);
#2568 = CARTESIAN_POINT('',(11.342490436802,-81.30000000175,0.));
#2569 = DIRECTION('',(2.846048222235E-12,1.,0.));
#2570 = DIRECTION('',(1.,-2.846048222235E-12,0.));
#2571 = ADVANCED_FACE('',(#2572),#2584,.T.);
#2572 = FACE_BOUND('',#2573,.F.);
#2573 = EDGE_LOOP('',(#2574,#2575,#2576,#2583));
#2574 = ORIENTED_EDGE('',*,*,#743,.T.);
#2575 = ORIENTED_EDGE('',*,*,#1467,.T.);
#2576 = ORIENTED_EDGE('',*,*,#2577,.T.);
#2577 = EDGE_CURVE('',#1468,#2530,#2578,.T.);
#2578 = CIRCLE('',#2579,0.5);
#2579 = AXIS2_PLACEMENT_3D('',#2580,#2581,#2582);
#2580 = CARTESIAN_POINT('',(217.8041232037,1.5,11.));
#2581 = DIRECTION('',(0.,0.,1.));
#2582 = DIRECTION('',(1.,0.,0.));
#2583 = ORIENTED_EDGE('',*,*,#2537,.F.);
#2584 = CYLINDRICAL_SURFACE('',#2585,0.5);
#2585 = AXIS2_PLACEMENT_3D('',#2586,#2587,#2588);
#2586 = CARTESIAN_POINT('',(217.8041232037,1.5,0.));
#2587 = DIRECTION('',(-0.,-0.,-1.));
#2588 = DIRECTION('',(1.,0.,0.));
#2589 = ADVANCED_FACE('',(#2590),#2609,.T.);
#2590 = FACE_BOUND('',#2591,.F.);
#2591 = EDGE_LOOP('',(#2592,#2593,#2594,#2603));
#2592 = ORIENTED_EDGE('',*,*,#947,.T.);
#2593 = ORIENTED_EDGE('',*,*,#2561,.T.);
#2594 = ORIENTED_EDGE('',*,*,#2595,.T.);
#2595 = EDGE_CURVE('',#2554,#2596,#2598,.T.);
#2596 = VERTEX_POINT('',#2597);
#2597 = CARTESIAN_POINT('',(103.44991343965,-80.88682409085,11.));
#2598 = CIRCLE('',#2599,0.5);
#2599 = AXIS2_PLACEMENT_3D('',#2600,#2601,#2602);
#2600 = CARTESIAN_POINT('',(102.95750956315,-80.80000000202,11.));
#2601 = DIRECTION('',(0.,0.,1.));
#2602 = DIRECTION('',(1.,0.,0.));
#2603 = ORIENTED_EDGE('',*,*,#2604,.F.);
#2604 = EDGE_CURVE('',#940,#2596,#2605,.T.);
#2605 = LINE('',#2606,#2607);
#2606 = CARTESIAN_POINT('',(103.44991343965,-80.88682409085,0.));
#2607 = VECTOR('',#2608,1.);
#2608 = DIRECTION('',(0.,0.,1.));
#2609 = CYLINDRICAL_SURFACE('',#2610,0.5);
#2610 = AXIS2_PLACEMENT_3D('',#2611,#2612,#2613);
#2611 = CARTESIAN_POINT('',(102.95750956315,-80.80000000202,0.));
#2612 = DIRECTION('',(-0.,-0.,-1.));
#2613 = DIRECTION('',(1.,0.,0.));
#2614 = ADVANCED_FACE('',(#2615),#2633,.T.);
#2615 = FACE_BOUND('',#2616,.T.);
#2616 = EDGE_LOOP('',(#2617,#2618,#2626,#2632));
#2617 = ORIENTED_EDGE('',*,*,#939,.T.);
#2618 = ORIENTED_EDGE('',*,*,#2619,.T.);
#2619 = EDGE_CURVE('',#931,#2620,#2622,.T.);
#2620 = VERTEX_POINT('',#2621);
#2621 = CARTESIAN_POINT('',(103.9965270802,-77.78682408883,11.));
#2622 = LINE('',#2623,#2624);
#2623 = CARTESIAN_POINT('',(103.9965270802,-77.78682408883,0.));
#2624 = VECTOR('',#2625,1.);
#2625 = DIRECTION('',(0.,0.,1.));
#2626 = ORIENTED_EDGE('',*,*,#2627,.T.);
#2627 = EDGE_CURVE('',#2620,#2596,#2628,.T.);
#2628 = LINE('',#2629,#2630);
#2629 = CARTESIAN_POINT('',(103.9965270802,-77.78682408883,11.));
#2630 = VECTOR('',#2631,1.);
#2631 = DIRECTION('',(-0.173648177667,-0.984807753012,0.));
#2632 = ORIENTED_EDGE('',*,*,#2604,.F.);
#2633 = PLANE('',#2634);
#2634 = AXIS2_PLACEMENT_3D('',#2635,#2636,#2637);
#2635 = CARTESIAN_POINT('',(103.9965270802,-77.78682408883,0.));
#2636 = DIRECTION('',(0.984807753012,-0.173648177667,0.));
#2637 = DIRECTION('',(-0.173648177667,-0.984807753012,0.));
#2638 = ADVANCED_FACE('',(#2639),#2658,.F.);
#2639 = FACE_BOUND('',#2640,.T.);
#2640 = EDGE_LOOP('',(#2641,#2650,#2656,#2657));
#2641 = ORIENTED_EDGE('',*,*,#2642,.F.);
#2642 = EDGE_CURVE('',#2643,#1453,#2645,.T.);
#2643 = VERTEX_POINT('',#2644);
#2644 = CARTESIAN_POINT('',(229.59999999999,3.539391002502E-13,2.));
#2645 = CIRCLE('',#2646,0.999999999999);
#2646 = AXIS2_PLACEMENT_3D('',#2647,#2648,#2649);
#2647 = CARTESIAN_POINT('',(228.6,0.,2.));
#2648 = DIRECTION('',(0.,0.,1.));
#2649 = DIRECTION('',(-1.,-1.224646799147E-16,0.));
#2650 = ORIENTED_EDGE('',*,*,#2651,.T.);
#2651 = EDGE_CURVE('',#2643,#761,#2652,.T.);
#2652 = LINE('',#2653,#2654);
#2653 = CARTESIAN_POINT('',(229.59999999999,3.539391002502E-13,0.));
#2654 = VECTOR('',#2655,1.);
#2655 = DIRECTION('',(0.,0.,1.));
#2656 = ORIENTED_EDGE('',*,*,#760,.T.);
#2657 = ORIENTED_EDGE('',*,*,#1460,.F.);
#2658 = CYLINDRICAL_SURFACE('',#2659,0.999999999999);
#2659 = AXIS2_PLACEMENT_3D('',#2660,#2661,#2662);
#2660 = CARTESIAN_POINT('',(228.6,0.,0.));
#2661 = DIRECTION('',(-0.,-0.,-1.));
#2662 = DIRECTION('',(-1.,-1.224646799147E-16,0.));
#2663 = ADVANCED_FACE('',(#2664),#2676,.T.);
#2664 = FACE_BOUND('',#2665,.F.);
#2665 = EDGE_LOOP('',(#2666,#2667,#2668,#2675));
#2666 = ORIENTED_EDGE('',*,*,#930,.T.);
#2667 = ORIENTED_EDGE('',*,*,#2619,.T.);
#2668 = ORIENTED_EDGE('',*,*,#2669,.T.);
#2669 = EDGE_CURVE('',#2620,#2328,#2670,.T.);
#2670 = CIRCLE('',#2671,0.5);
#2671 = AXIS2_PLACEMENT_3D('',#2672,#2673,#2674);
#2672 = CARTESIAN_POINT('',(103.5041232037,-77.69999999999,11.));
#2673 = DIRECTION('',(0.,0.,1.));
#2674 = DIRECTION('',(1.,0.,0.));
#2675 = ORIENTED_EDGE('',*,*,#2335,.F.);
#2676 = CYLINDRICAL_SURFACE('',#2677,0.5);
#2677 = AXIS2_PLACEMENT_3D('',#2678,#2679,#2680);
#2678 = CARTESIAN_POINT('',(103.5041232037,-77.69999999999,0.));
#2679 = DIRECTION('',(-0.,-0.,-1.));
#2680 = DIRECTION('',(1.,0.,0.));
#2681 = ADVANCED_FACE('',(#2682),#2723,.T.);
#2682 = FACE_BOUND('',#2683,.T.);
#2683 = EDGE_LOOP('',(#2684,#2692,#2698,#2699,#2707,#2715,#2721,#2722));
#2684 = ORIENTED_EDGE('',*,*,#2685,.F.);
#2685 = EDGE_CURVE('',#2686,#2643,#2688,.T.);
#2686 = VERTEX_POINT('',#2687);
#2687 = CARTESIAN_POINT('',(229.59999999999,-76.2,2.));
#2688 = LINE('',#2689,#2690);
#2689 = CARTESIAN_POINT('',(229.59999999999,-76.2,2.));
#2690 = VECTOR('',#2691,1.);
#2691 = DIRECTION('',(3.72988312735E-16,1.,0.));
#2692 = ORIENTED_EDGE('',*,*,#2693,.T.);
#2693 = EDGE_CURVE('',#2686,#838,#2694,.T.);
#2694 = LINE('',#2695,#2696);
#2695 = CARTESIAN_POINT('',(229.59999999999,-76.2,0.));
#2696 = VECTOR('',#2697,1.);
#2697 = DIRECTION('',(0.,0.,1.));
#2698 = ORIENTED_EDGE('',*,*,#837,.T.);
#2699 = ORIENTED_EDGE('',*,*,#2700,.T.);
#2700 = EDGE_CURVE('',#829,#2701,#2703,.T.);
#2701 = VERTEX_POINT('',#2702);
#2702 = CARTESIAN_POINT('',(229.59999999999,-65.4041232037,11.));
#2703 = LINE('',#2704,#2705);
#2704 = CARTESIAN_POINT('',(229.59999999999,-65.4041232037,0.));
#2705 = VECTOR('',#2706,1.);
#2706 = DIRECTION('',(0.,0.,1.));
#2707 = ORIENTED_EDGE('',*,*,#2708,.F.);
#2708 = EDGE_CURVE('',#2709,#2701,#2711,.T.);
#2709 = VERTEX_POINT('',#2710);
#2710 = CARTESIAN_POINT('',(229.59999999999,-10.79587679629,11.));
#2711 = LINE('',#2712,#2713);
#2712 = CARTESIAN_POINT('',(229.59999999999,-10.79587679629,11.));
#2713 = VECTOR('',#2714,1.);
#2714 = DIRECTION('',(5.204655212395E-16,-1.,0.));
#2715 = ORIENTED_EDGE('',*,*,#2716,.F.);
#2716 = EDGE_CURVE('',#770,#2709,#2717,.T.);
#2717 = LINE('',#2718,#2719);
#2718 = CARTESIAN_POINT('',(229.59999999999,-10.79587679629,0.));
#2719 = VECTOR('',#2720,1.);
#2720 = DIRECTION('',(0.,0.,1.));
#2721 = ORIENTED_EDGE('',*,*,#769,.T.);
#2722 = ORIENTED_EDGE('',*,*,#2651,.F.);
#2723 = PLANE('',#2724);
#2724 = AXIS2_PLACEMENT_3D('',#2725,#2726,#2727);
#2725 = CARTESIAN_POINT('',(229.59999999999,-38.1,6.119863493088));
#2726 = DIRECTION('',(-1.,-0.,-0.));
#2727 = DIRECTION('',(0.,0.,-1.));
#2728 = ADVANCED_FACE('',(#2729),#2748,.T.);
#2729 = FACE_BOUND('',#2730,.F.);
#2730 = EDGE_LOOP('',(#2731,#2732,#2740,#2747));
#2731 = ORIENTED_EDGE('',*,*,#777,.T.);
#2732 = ORIENTED_EDGE('',*,*,#2733,.T.);
#2733 = EDGE_CURVE('',#778,#2734,#2736,.T.);
#2734 = VERTEX_POINT('',#2735);
#2735 = CARTESIAN_POINT('',(230.18682408883,-10.30347291979,11.));
#2736 = LINE('',#2737,#2738);
#2737 = CARTESIAN_POINT('',(230.18682408883,-10.30347291979,0.));
#2738 = VECTOR('',#2739,1.);
#2739 = DIRECTION('',(0.,0.,1.));
#2740 = ORIENTED_EDGE('',*,*,#2741,.T.);
#2741 = EDGE_CURVE('',#2734,#2709,#2742,.T.);
#2742 = CIRCLE('',#2743,0.5);
#2743 = AXIS2_PLACEMENT_3D('',#2744,#2745,#2746);
#2744 = CARTESIAN_POINT('',(230.09999999999,-10.79587679629,11.));
#2745 = DIRECTION('',(0.,0.,1.));
#2746 = DIRECTION('',(1.,0.,0.));
#2747 = ORIENTED_EDGE('',*,*,#2716,.F.);
#2748 = CYLINDRICAL_SURFACE('',#2749,0.5);
#2749 = AXIS2_PLACEMENT_3D('',#2750,#2751,#2752);
#2750 = CARTESIAN_POINT('',(230.09999999999,-10.79587679629,0.));
#2751 = DIRECTION('',(-0.,-0.,-1.));
#2752 = DIRECTION('',(1.,0.,0.));
#2753 = ADVANCED_FACE('',(#2754),#2773,.T.);
#2754 = FACE_BOUND('',#2755,.F.);
#2755 = EDGE_LOOP('',(#2756,#2757,#2758,#2767));
#2756 = ORIENTED_EDGE('',*,*,#913,.T.);
#2757 = ORIENTED_EDGE('',*,*,#2342,.T.);
#2758 = ORIENTED_EDGE('',*,*,#2759,.T.);
#2759 = EDGE_CURVE('',#2343,#2760,#2762,.T.);
#2760 = VERTEX_POINT('',#2761);
#2761 = CARTESIAN_POINT('',(124.60347291979,-77.78682408883,11.));
#2762 = CIRCLE('',#2763,0.5);
#2763 = AXIS2_PLACEMENT_3D('',#2764,#2765,#2766);
#2764 = CARTESIAN_POINT('',(125.09587679629,-77.69999999999,11.));
#2765 = DIRECTION('',(0.,0.,1.));
#2766 = DIRECTION('',(1.,0.,0.));
#2767 = ORIENTED_EDGE('',*,*,#2768,.F.);
#2768 = EDGE_CURVE('',#906,#2760,#2769,.T.);
#2769 = LINE('',#2770,#2771);
#2770 = CARTESIAN_POINT('',(124.60347291979,-77.78682408883,0.));
#2771 = VECTOR('',#2772,1.);
#2772 = DIRECTION('',(0.,0.,1.));
#2773 = CYLINDRICAL_SURFACE('',#2774,0.5);
#2774 = AXIS2_PLACEMENT_3D('',#2775,#2776,#2777);
#2775 = CARTESIAN_POINT('',(125.09587679629,-77.69999999999,0.));
#2776 = DIRECTION('',(-0.,-0.,-1.));
#2777 = DIRECTION('',(1.,0.,0.));
#2778 = ADVANCED_FACE('',(#2779),#2797,.T.);
#2779 = FACE_BOUND('',#2780,.T.);
#2780 = EDGE_LOOP('',(#2781,#2782,#2783,#2791));
#2781 = ORIENTED_EDGE('',*,*,#786,.T.);
#2782 = ORIENTED_EDGE('',*,*,#2733,.T.);
#2783 = ORIENTED_EDGE('',*,*,#2784,.T.);
#2784 = EDGE_CURVE('',#2734,#2785,#2787,.T.);
#2785 = VERTEX_POINT('',#2786);
#2786 = CARTESIAN_POINT('',(233.28682408918,-10.85008656005,11.));
#2787 = LINE('',#2788,#2789);
#2788 = CARTESIAN_POINT('',(230.18682408883,-10.30347291979,11.));
#2789 = VECTOR('',#2790,1.);
#2790 = DIRECTION('',(0.984807753012,-0.173648177667,0.));
#2791 = ORIENTED_EDGE('',*,*,#2792,.F.);
#2792 = EDGE_CURVE('',#787,#2785,#2793,.T.);
#2793 = LINE('',#2794,#2795);
#2794 = CARTESIAN_POINT('',(233.28682408918,-10.85008656005,0.));
#2795 = VECTOR('',#2796,1.);
#2796 = DIRECTION('',(0.,0.,1.));
#2797 = PLANE('',#2798);
#2798 = AXIS2_PLACEMENT_3D('',#2799,#2800,#2801);
#2799 = CARTESIAN_POINT('',(230.18682408883,-10.30347291979,0.));
#2800 = DIRECTION('',(0.173648177667,0.984807753012,0.));
#2801 = DIRECTION('',(0.984807753012,-0.173648177667,0.));
#2802 = ADVANCED_FACE('',(#2803),#2821,.F.);
#2803 = FACE_BOUND('',#2804,.F.);
#2804 = EDGE_LOOP('',(#2805,#2806,#2807,#2815));
#2805 = ORIENTED_EDGE('',*,*,#905,.T.);
#2806 = ORIENTED_EDGE('',*,*,#2768,.T.);
#2807 = ORIENTED_EDGE('',*,*,#2808,.T.);
#2808 = EDGE_CURVE('',#2760,#2809,#2811,.T.);
#2809 = VERTEX_POINT('',#2810);
#2810 = CARTESIAN_POINT('',(125.15008656035,-80.88682409091,11.));
#2811 = LINE('',#2812,#2813);
#2812 = CARTESIAN_POINT('',(124.60347291979,-77.78682408883,11.));
#2813 = VECTOR('',#2814,1.);
#2814 = DIRECTION('',(0.173648177667,-0.984807753012,0.));
#2815 = ORIENTED_EDGE('',*,*,#2816,.F.);
#2816 = EDGE_CURVE('',#897,#2809,#2817,.T.);
#2817 = LINE('',#2818,#2819);
#2818 = CARTESIAN_POINT('',(125.15008656035,-80.88682409091,0.));
#2819 = VECTOR('',#2820,1.);
#2820 = DIRECTION('',(0.,0.,1.));
#2821 = PLANE('',#2822);
#2822 = AXIS2_PLACEMENT_3D('',#2823,#2824,#2825);
#2823 = CARTESIAN_POINT('',(124.60347291979,-77.78682408883,0.));
#2824 = DIRECTION('',(0.984807753012,0.173648177667,0.));
#2825 = DIRECTION('',(0.173648177667,-0.984807753012,0.));
#2826 = ADVANCED_FACE('',(#2827),#2846,.T.);
#2827 = FACE_BOUND('',#2828,.F.);
#2828 = EDGE_LOOP('',(#2829,#2830,#2838,#2845));
#2829 = ORIENTED_EDGE('',*,*,#794,.T.);
#2830 = ORIENTED_EDGE('',*,*,#2831,.T.);
#2831 = EDGE_CURVE('',#795,#2832,#2834,.T.);
#2832 = VERTEX_POINT('',#2833);
#2833 = CARTESIAN_POINT('',(233.70000000035,-11.34249043654,11.));
#2834 = LINE('',#2835,#2836);
#2835 = CARTESIAN_POINT('',(233.70000000035,-11.34249043654,0.));
#2836 = VECTOR('',#2837,1.);
#2837 = DIRECTION('',(0.,0.,1.));
#2838 = ORIENTED_EDGE('',*,*,#2839,.T.);
#2839 = EDGE_CURVE('',#2832,#2785,#2840,.T.);
#2840 = CIRCLE('',#2841,0.5);
#2841 = AXIS2_PLACEMENT_3D('',#2842,#2843,#2844);
#2842 = CARTESIAN_POINT('',(233.20000000035,-11.34249043655,11.));
#2843 = DIRECTION('',(0.,0.,1.));
#2844 = DIRECTION('',(1.,0.,0.));
#2845 = ORIENTED_EDGE('',*,*,#2792,.F.);
#2846 = CYLINDRICAL_SURFACE('',#2847,0.5);
#2847 = AXIS2_PLACEMENT_3D('',#2848,#2849,#2850);
#2848 = CARTESIAN_POINT('',(233.20000000035,-11.34249043655,0.));
#2849 = DIRECTION('',(-0.,-0.,-1.));
#2850 = DIRECTION('',(1.,0.,0.));
#2851 = ADVANCED_FACE('',(#2852),#2871,.T.);
#2852 = FACE_BOUND('',#2853,.F.);
#2853 = EDGE_LOOP('',(#2854,#2855,#2856,#2865));
#2854 = ORIENTED_EDGE('',*,*,#896,.T.);
#2855 = ORIENTED_EDGE('',*,*,#2816,.T.);
#2856 = ORIENTED_EDGE('',*,*,#2857,.T.);
#2857 = EDGE_CURVE('',#2809,#2858,#2860,.T.);
#2858 = VERTEX_POINT('',#2859);
#2859 = CARTESIAN_POINT('',(125.64249043685,-81.30000000208,11.));
#2860 = CIRCLE('',#2861,0.5);
#2861 = AXIS2_PLACEMENT_3D('',#2862,#2863,#2864);
#2862 = CARTESIAN_POINT('',(125.64249043686,-80.80000000208,11.));
#2863 = DIRECTION('',(0.,0.,1.));
#2864 = DIRECTION('',(1.,0.,0.));
#2865 = ORIENTED_EDGE('',*,*,#2866,.F.);
#2866 = EDGE_CURVE('',#889,#2858,#2867,.T.);
#2867 = LINE('',#2868,#2869);
#2868 = CARTESIAN_POINT('',(125.64249043685,-81.30000000208,0.));
#2869 = VECTOR('',#2870,1.);
#2870 = DIRECTION('',(0.,0.,1.));
#2871 = CYLINDRICAL_SURFACE('',#2872,0.5);
#2872 = AXIS2_PLACEMENT_3D('',#2873,#2874,#2875);
#2873 = CARTESIAN_POINT('',(125.64249043686,-80.80000000208,0.));
#2874 = DIRECTION('',(-0.,-0.,-1.));
#2875 = DIRECTION('',(1.,0.,0.));
#2876 = ADVANCED_FACE('',(#2877),#2895,.F.);
#2877 = FACE_BOUND('',#2878,.F.);
#2878 = EDGE_LOOP('',(#2879,#2880,#2888,#2894));
#2879 = ORIENTED_EDGE('',*,*,#803,.T.);
#2880 = ORIENTED_EDGE('',*,*,#2881,.T.);
#2881 = EDGE_CURVE('',#804,#2882,#2884,.T.);
#2882 = VERTEX_POINT('',#2883);
#2883 = CARTESIAN_POINT('',(233.70000000202,-64.85750956313,11.));
#2884 = LINE('',#2885,#2886);
#2885 = CARTESIAN_POINT('',(233.70000000202,-64.85750956313,0.));
#2886 = VECTOR('',#2887,1.);
#2887 = DIRECTION('',(0.,0.,1.));
#2888 = ORIENTED_EDGE('',*,*,#2889,.T.);
#2889 = EDGE_CURVE('',#2882,#2832,#2890,.T.);
#2890 = LINE('',#2891,#2892);
#2891 = CARTESIAN_POINT('',(233.70000000202,-64.85750956313,11.));
#2892 = VECTOR('',#2893,1.);
#2893 = DIRECTION('',(-3.119615422884E-11,1.,0.));
#2894 = ORIENTED_EDGE('',*,*,#2831,.F.);
#2895 = PLANE('',#2896);
#2896 = AXIS2_PLACEMENT_3D('',#2897,#2898,#2899);
#2897 = CARTESIAN_POINT('',(233.70000000202,-64.85750956313,0.));
#2898 = DIRECTION('',(-1.,-3.119615422884E-11,0.));
#2899 = DIRECTION('',(-3.119615422884E-11,1.,0.));
#2900 = ADVANCED_FACE('',(#2901),#2919,.T.);
#2901 = FACE_BOUND('',#2902,.T.);
#2902 = EDGE_LOOP('',(#2903,#2904,#2912,#2918));
#2903 = ORIENTED_EDGE('',*,*,#888,.T.);
#2904 = ORIENTED_EDGE('',*,*,#2905,.T.);
#2905 = EDGE_CURVE('',#880,#2906,#2908,.T.);
#2906 = VERTEX_POINT('',#2907);
#2907 = CARTESIAN_POINT('',(217.25750956309,-81.30000000234,11.));
#2908 = LINE('',#2909,#2910);
#2909 = CARTESIAN_POINT('',(217.25750956309,-81.30000000234,0.));
#2910 = VECTOR('',#2911,1.);
#2911 = DIRECTION('',(0.,0.,1.));
#2912 = ORIENTED_EDGE('',*,*,#2913,.T.);
#2913 = EDGE_CURVE('',#2906,#2858,#2914,.T.);
#2914 = LINE('',#2915,#2916);
#2915 = CARTESIAN_POINT('',(217.25750956309,-81.30000000234,11.));
#2916 = VECTOR('',#2917,1.);
#2917 = DIRECTION('',(-1.,2.846048222238E-12,0.));
#2918 = ORIENTED_EDGE('',*,*,#2866,.F.);
#2919 = PLANE('',#2920);
#2920 = AXIS2_PLACEMENT_3D('',#2921,#2922,#2923);
#2921 = CARTESIAN_POINT('',(217.25750956309,-81.30000000234,0.));
#2922 = DIRECTION('',(-2.846048222238E-12,-1.,0.));
#2923 = DIRECTION('',(-1.,2.846048222238E-12,0.));
#2924 = ADVANCED_FACE('',(#2925),#2944,.T.);
#2925 = FACE_BOUND('',#2926,.F.);
#2926 = EDGE_LOOP('',(#2927,#2928,#2936,#2943));
#2927 = ORIENTED_EDGE('',*,*,#811,.T.);
#2928 = ORIENTED_EDGE('',*,*,#2929,.T.);
#2929 = EDGE_CURVE('',#812,#2930,#2932,.T.);
#2930 = VERTEX_POINT('',#2931);
#2931 = CARTESIAN_POINT('',(233.28682409085,-65.34991343965,11.));
#2932 = LINE('',#2933,#2934);
#2933 = CARTESIAN_POINT('',(233.28682409085,-65.34991343965,0.));
#2934 = VECTOR('',#2935,1.);
#2935 = DIRECTION('',(0.,0.,1.));
#2936 = ORIENTED_EDGE('',*,*,#2937,.T.);
#2937 = EDGE_CURVE('',#2930,#2882,#2938,.T.);
#2938 = CIRCLE('',#2939,0.5);
#2939 = AXIS2_PLACEMENT_3D('',#2940,#2941,#2942);
#2940 = CARTESIAN_POINT('',(233.20000000202,-64.85750956315,11.));
#2941 = DIRECTION('',(0.,0.,1.));
#2942 = DIRECTION('',(1.,0.,0.));
#2943 = ORIENTED_EDGE('',*,*,#2881,.F.);
#2944 = CYLINDRICAL_SURFACE('',#2945,0.5);
#2945 = AXIS2_PLACEMENT_3D('',#2946,#2947,#2948);
#2946 = CARTESIAN_POINT('',(233.20000000202,-64.85750956315,0.));
#2947 = DIRECTION('',(-0.,-0.,-1.));
#2948 = DIRECTION('',(1.,0.,0.));
#2949 = ADVANCED_FACE('',(#2950),#2969,.T.);
#2950 = FACE_BOUND('',#2951,.F.);
#2951 = EDGE_LOOP('',(#2952,#2953,#2954,#2963));
#2952 = ORIENTED_EDGE('',*,*,#879,.T.);
#2953 = ORIENTED_EDGE('',*,*,#2905,.T.);
#2954 = ORIENTED_EDGE('',*,*,#2955,.T.);
#2955 = EDGE_CURVE('',#2906,#2956,#2958,.T.);
#2956 = VERTEX_POINT('',#2957);
#2957 = CARTESIAN_POINT('',(217.74991343959,-80.88682409117,11.));
#2958 = CIRCLE('',#2959,0.5);
#2959 = AXIS2_PLACEMENT_3D('',#2960,#2961,#2962);
#2960 = CARTESIAN_POINT('',(217.25750956309,-80.80000000234,11.));
#2961 = DIRECTION('',(0.,0.,1.));
#2962 = DIRECTION('',(1.,0.,0.));
#2963 = ORIENTED_EDGE('',*,*,#2964,.F.);
#2964 = EDGE_CURVE('',#872,#2956,#2965,.T.);
#2965 = LINE('',#2966,#2967);
#2966 = CARTESIAN_POINT('',(217.74991343959,-80.88682409117,0.));
#2967 = VECTOR('',#2968,1.);
#2968 = DIRECTION('',(0.,0.,1.));
#2969 = CYLINDRICAL_SURFACE('',#2970,0.5);
#2970 = AXIS2_PLACEMENT_3D('',#2971,#2972,#2973);
#2971 = CARTESIAN_POINT('',(217.25750956309,-80.80000000234,0.));
#2972 = DIRECTION('',(-0.,-0.,-1.));
#2973 = DIRECTION('',(1.,0.,0.));
#2974 = ADVANCED_FACE('',(#2975),#2993,.F.);
#2975 = FACE_BOUND('',#2976,.F.);
#2976 = EDGE_LOOP('',(#2977,#2978,#2986,#2992));
#2977 = ORIENTED_EDGE('',*,*,#820,.T.);
#2978 = ORIENTED_EDGE('',*,*,#2979,.T.);
#2979 = EDGE_CURVE('',#821,#2980,#2982,.T.);
#2980 = VERTEX_POINT('',#2981);
#2981 = CARTESIAN_POINT('',(230.18682408883,-65.89652708021,11.));
#2982 = LINE('',#2983,#2984);
#2983 = CARTESIAN_POINT('',(230.18682408883,-65.89652708021,0.));
#2984 = VECTOR('',#2985,1.);
#2985 = DIRECTION('',(0.,0.,1.));
#2986 = ORIENTED_EDGE('',*,*,#2987,.T.);
#2987 = EDGE_CURVE('',#2980,#2930,#2988,.T.);
#2988 = LINE('',#2989,#2990);
#2989 = CARTESIAN_POINT('',(230.18682408883,-65.89652708021,11.));
#2990 = VECTOR('',#2991,1.);
#2991 = DIRECTION('',(0.984807753012,0.173648177667,0.));
#2992 = ORIENTED_EDGE('',*,*,#2929,.F.);
#2993 = PLANE('',#2994);
#2994 = AXIS2_PLACEMENT_3D('',#2995,#2996,#2997);
#2995 = CARTESIAN_POINT('',(230.18682408883,-65.89652708021,0.));
#2996 = DIRECTION('',(-0.173648177667,0.984807753012,0.));
#2997 = DIRECTION('',(0.984807753012,0.173648177667,0.));
#2998 = ADVANCED_FACE('',(#2999),#3017,.T.);
#2999 = FACE_BOUND('',#3000,.T.);
#3000 = EDGE_LOOP('',(#3001,#3002,#3010,#3016));
#3001 = ORIENTED_EDGE('',*,*,#871,.T.);
#3002 = ORIENTED_EDGE('',*,*,#3003,.T.);
#3003 = EDGE_CURVE('',#863,#3004,#3006,.T.);
#3004 = VERTEX_POINT('',#3005);
#3005 = CARTESIAN_POINT('',(218.2965270802,-77.78682408883,11.));
#3006 = LINE('',#3007,#3008);
#3007 = CARTESIAN_POINT('',(218.2965270802,-77.78682408883,0.));
#3008 = VECTOR('',#3009,1.);
#3009 = DIRECTION('',(0.,0.,1.));
#3010 = ORIENTED_EDGE('',*,*,#3011,.T.);
#3011 = EDGE_CURVE('',#3004,#2956,#3012,.T.);
#3012 = LINE('',#3013,#3014);
#3013 = CARTESIAN_POINT('',(218.2965270802,-77.78682408883,11.));
#3014 = VECTOR('',#3015,1.);
#3015 = DIRECTION('',(-0.173648177667,-0.984807753012,0.));
#3016 = ORIENTED_EDGE('',*,*,#2964,.F.);
#3017 = PLANE('',#3018);
#3018 = AXIS2_PLACEMENT_3D('',#3019,#3020,#3021);
#3019 = CARTESIAN_POINT('',(218.2965270802,-77.78682408883,0.));
#3020 = DIRECTION('',(0.984807753012,-0.173648177667,0.));
#3021 = DIRECTION('',(-0.173648177667,-0.984807753012,0.));
#3022 = ADVANCED_FACE('',(#3023),#3035,.T.);
#3023 = FACE_BOUND('',#3024,.F.);
#3024 = EDGE_LOOP('',(#3025,#3026,#3027,#3034));
#3025 = ORIENTED_EDGE('',*,*,#828,.T.);
#3026 = ORIENTED_EDGE('',*,*,#2700,.T.);
#3027 = ORIENTED_EDGE('',*,*,#3028,.T.);
#3028 = EDGE_CURVE('',#2701,#2980,#3029,.T.);
#3029 = CIRCLE('',#3030,0.5);
#3030 = AXIS2_PLACEMENT_3D('',#3031,#3032,#3033);
#3031 = CARTESIAN_POINT('',(230.09999999999,-65.4041232037,11.));
#3032 = DIRECTION('',(0.,0.,1.));
#3033 = DIRECTION('',(1.,0.,0.));
#3034 = ORIENTED_EDGE('',*,*,#2979,.F.);
#3035 = CYLINDRICAL_SURFACE('',#3036,0.5);
#3036 = AXIS2_PLACEMENT_3D('',#3037,#3038,#3039);
#3037 = CARTESIAN_POINT('',(230.09999999999,-65.4041232037,0.));
#3038 = DIRECTION('',(-0.,-0.,-1.));
#3039 = DIRECTION('',(1.,0.,0.));
#3040 = ADVANCED_FACE('',(#3041),#3053,.T.);
#3041 = FACE_BOUND('',#3042,.F.);
#3042 = EDGE_LOOP('',(#3043,#3044,#3045,#3052));
#3043 = ORIENTED_EDGE('',*,*,#862,.T.);
#3044 = ORIENTED_EDGE('',*,*,#3003,.T.);
#3045 = ORIENTED_EDGE('',*,*,#3046,.T.);
#3046 = EDGE_CURVE('',#3004,#2351,#3047,.T.);
#3047 = CIRCLE('',#3048,0.5);
#3048 = AXIS2_PLACEMENT_3D('',#3049,#3050,#3051);
#3049 = CARTESIAN_POINT('',(217.8041232037,-77.69999999999,11.));
#3050 = DIRECTION('',(0.,0.,1.));
#3051 = DIRECTION('',(1.,0.,0.));
#3052 = ORIENTED_EDGE('',*,*,#2358,.F.);
#3053 = CYLINDRICAL_SURFACE('',#3054,0.5);
#3054 = AXIS2_PLACEMENT_3D('',#3055,#3056,#3057);
#3055 = CARTESIAN_POINT('',(217.8041232037,-77.69999999999,0.));
#3056 = DIRECTION('',(-0.,-0.,-1.));
#3057 = DIRECTION('',(1.,0.,0.));
#3058 = ADVANCED_FACE('',(#3059),#3071,.F.);
#3059 = FACE_BOUND('',#3060,.T.);
#3060 = EDGE_LOOP('',(#3061,#3068,#3069,#3070));
#3061 = ORIENTED_EDGE('',*,*,#3062,.F.);
#3062 = EDGE_CURVE('',#2310,#2686,#3063,.T.);
#3063 = CIRCLE('',#3064,0.999999999999);
#3064 = AXIS2_PLACEMENT_3D('',#3065,#3066,#3067);
#3065 = CARTESIAN_POINT('',(228.6,-76.2,2.));
#3066 = DIRECTION('',(0.,-0.,1.));
#3067 = DIRECTION('',(1.110223024625E-16,1.,0.));
#3068 = ORIENTED_EDGE('',*,*,#2365,.T.);
#3069 = ORIENTED_EDGE('',*,*,#845,.T.);
#3070 = ORIENTED_EDGE('',*,*,#2693,.F.);
#3071 = CYLINDRICAL_SURFACE('',#3072,0.999999999999);
#3072 = AXIS2_PLACEMENT_3D('',#3073,#3074,#3075);
#3073 = CARTESIAN_POINT('',(228.6,-76.2,0.));
#3074 = DIRECTION('',(0.,0.,-1.));
#3075 = DIRECTION('',(1.110223024625E-16,1.,0.));
#3076 = ADVANCED_FACE('',(#3077),#3096,.F.);
#3077 = FACE_BOUND('',#3078,.F.);
#3078 = EDGE_LOOP('',(#3079,#3080,#3088,#3095));
#3079 = ORIENTED_EDGE('',*,*,#1083,.F.);
#3080 = ORIENTED_EDGE('',*,*,#3081,.T.);
#3081 = EDGE_CURVE('',#1084,#3082,#3084,.T.);
#3082 = VERTEX_POINT('',#3083);
#3083 = CARTESIAN_POINT('',(-1.65165042945,2.65165042945,5.));
#3084 = LINE('',#3085,#3086);
#3085 = CARTESIAN_POINT('',(-1.65165042945,2.65165042945,521.16140503466
    ));
#3086 = VECTOR('',#3087,1.);
#3087 = DIRECTION('',(-0.,-0.,-1.));
#3088 = ORIENTED_EDGE('',*,*,#3089,.T.);
#3089 = EDGE_CURVE('',#3082,#3082,#3090,.T.);
#3090 = CIRCLE('',#3091,1.);
#3091 = AXIS2_PLACEMENT_3D('',#3092,#3093,#3094);
#3092 = CARTESIAN_POINT('',(-2.65165042945,2.65165042945,5.));
#3093 = DIRECTION('',(0.,0.,1.));
#3094 = DIRECTION('',(1.,0.,0.));
#3095 = ORIENTED_EDGE('',*,*,#3081,.F.);
#3096 = CYLINDRICAL_SURFACE('',#3097,1.);
#3097 = AXIS2_PLACEMENT_3D('',#3098,#3099,#3100);
#3098 = CARTESIAN_POINT('',(-2.65165042945,2.65165042945,521.16140503466
    ));
#3099 = DIRECTION('',(0.,0.,1.));
#3100 = DIRECTION('',(1.,0.,0.));
#3101 = ADVANCED_FACE('',(#3102),#3121,.F.);
#3102 = FACE_BOUND('',#3103,.F.);
#3103 = EDGE_LOOP('',(#3104,#3105,#3113,#3120));
#3104 = ORIENTED_EDGE('',*,*,#1094,.F.);
#3105 = ORIENTED_EDGE('',*,*,#3106,.T.);
#3106 = EDGE_CURVE('',#1095,#3107,#3109,.T.);
#3107 = VERTEX_POINT('',#3108);
#3108 = CARTESIAN_POINT('',(103.3,3.749999999996,5.));
#3109 = LINE('',#3110,#3111);
#3110 = CARTESIAN_POINT('',(103.3,3.749999999996,521.16140503466));
#3111 = VECTOR('',#3112,1.);
#3112 = DIRECTION('',(-0.,-0.,-1.));
#3113 = ORIENTED_EDGE('',*,*,#3114,.T.);
#3114 = EDGE_CURVE('',#3107,#3107,#3115,.T.);
#3115 = CIRCLE('',#3116,1.);
#3116 = AXIS2_PLACEMENT_3D('',#3117,#3118,#3119);
#3117 = CARTESIAN_POINT('',(102.3,3.749999999996,5.));
#3118 = DIRECTION('',(0.,0.,1.));
#3119 = DIRECTION('',(1.,0.,0.));
#3120 = ORIENTED_EDGE('',*,*,#3106,.F.);
#3121 = CYLINDRICAL_SURFACE('',#3122,1.);
#3122 = AXIS2_PLACEMENT_3D('',#3123,#3124,#3125);
#3123 = CARTESIAN_POINT('',(102.3,3.749999999996,521.16140503466));
#3124 = DIRECTION('',(0.,0.,1.));
#3125 = DIRECTION('',(1.,0.,0.));
#3126 = ADVANCED_FACE('',(#3127),#3146,.F.);
#3127 = FACE_BOUND('',#3128,.F.);
#3128 = EDGE_LOOP('',(#3129,#3130,#3138,#3145));
#3129 = ORIENTED_EDGE('',*,*,#1105,.F.);
#3130 = ORIENTED_EDGE('',*,*,#3131,.T.);
#3131 = EDGE_CURVE('',#1106,#3132,#3134,.T.);
#3132 = VERTEX_POINT('',#3133);
#3133 = CARTESIAN_POINT('',(127.3,3.749999999996,5.));
#3134 = LINE('',#3135,#3136);
#3135 = CARTESIAN_POINT('',(127.3,3.749999999996,521.16140503466));
#3136 = VECTOR('',#3137,1.);
#3137 = DIRECTION('',(-0.,-0.,-1.));
#3138 = ORIENTED_EDGE('',*,*,#3139,.T.);
#3139 = EDGE_CURVE('',#3132,#3132,#3140,.T.);
#3140 = CIRCLE('',#3141,1.);
#3141 = AXIS2_PLACEMENT_3D('',#3142,#3143,#3144);
#3142 = CARTESIAN_POINT('',(126.3,3.749999999996,5.));
#3143 = DIRECTION('',(0.,0.,1.));
#3144 = DIRECTION('',(1.,0.,0.));
#3145 = ORIENTED_EDGE('',*,*,#3131,.F.);
#3146 = CYLINDRICAL_SURFACE('',#3147,1.);
#3147 = AXIS2_PLACEMENT_3D('',#3148,#3149,#3150);
#3148 = CARTESIAN_POINT('',(126.3,3.749999999996,521.16140503466));
#3149 = DIRECTION('',(0.,0.,1.));
#3150 = DIRECTION('',(1.,0.,0.));
#3151 = ADVANCED_FACE('',(#3152),#3171,.F.);
#3152 = FACE_BOUND('',#3153,.F.);
#3153 = EDGE_LOOP('',(#3154,#3155,#3163,#3170));
#3154 = ORIENTED_EDGE('',*,*,#1116,.F.);
#3155 = ORIENTED_EDGE('',*,*,#3156,.T.);
#3156 = EDGE_CURVE('',#1117,#3157,#3159,.T.);
#3157 = VERTEX_POINT('',#3158);
#3158 = CARTESIAN_POINT('',(232.25165042945,2.65165042945,5.));
#3159 = LINE('',#3160,#3161);
#3160 = CARTESIAN_POINT('',(232.25165042945,2.65165042945,
    521.16140503466));
#3161 = VECTOR('',#3162,1.);
#3162 = DIRECTION('',(-0.,-0.,-1.));
#3163 = ORIENTED_EDGE('',*,*,#3164,.T.);
#3164 = EDGE_CURVE('',#3157,#3157,#3165,.T.);
#3165 = CIRCLE('',#3166,1.);
#3166 = AXIS2_PLACEMENT_3D('',#3167,#3168,#3169);
#3167 = CARTESIAN_POINT('',(231.25165042945,2.65165042945,5.));
#3168 = DIRECTION('',(0.,0.,1.));
#3169 = DIRECTION('',(1.,0.,0.));
#3170 = ORIENTED_EDGE('',*,*,#3156,.F.);
#3171 = CYLINDRICAL_SURFACE('',#3172,1.);
#3172 = AXIS2_PLACEMENT_3D('',#3173,#3174,#3175);
#3173 = CARTESIAN_POINT('',(231.25165042945,2.65165042945,
    521.16140503466));
#3174 = DIRECTION('',(0.,0.,1.));
#3175 = DIRECTION('',(1.,0.,0.));
#3176 = ADVANCED_FACE('',(#3177),#3196,.F.);
#3177 = FACE_BOUND('',#3178,.F.);
#3178 = EDGE_LOOP('',(#3179,#3188,#3194,#3195));
#3179 = ORIENTED_EDGE('',*,*,#3180,.F.);
#3180 = EDGE_CURVE('',#3181,#3181,#3183,.T.);
#3181 = VERTEX_POINT('',#3182);
#3182 = CARTESIAN_POINT('',(-0.90165042945,-78.85165042945,5.));
#3183 = CIRCLE('',#3184,1.75);
#3184 = AXIS2_PLACEMENT_3D('',#3185,#3186,#3187);
#3185 = CARTESIAN_POINT('',(-2.65165042945,-78.85165042945,5.));
#3186 = DIRECTION('',(0.,0.,1.));
#3187 = DIRECTION('',(1.,0.,0.));
#3188 = ORIENTED_EDGE('',*,*,#3189,.T.);
#3189 = EDGE_CURVE('',#3181,#1238,#3190,.T.);
#3190 = LINE('',#3191,#3192);
#3191 = CARTESIAN_POINT('',(-0.90165042945,-78.85165042945,5.));
#3192 = VECTOR('',#3193,1.);
#3193 = DIRECTION('',(-0.,-0.,-1.));
#3194 = ORIENTED_EDGE('',*,*,#1237,.F.);
#3195 = ORIENTED_EDGE('',*,*,#3189,.F.);
#3196 = CYLINDRICAL_SURFACE('',#3197,1.75);
#3197 = AXIS2_PLACEMENT_3D('',#3198,#3199,#3200);
#3198 = CARTESIAN_POINT('',(-2.65165042945,-78.85165042945,5.));
#3199 = DIRECTION('',(0.,0.,1.));
#3200 = DIRECTION('',(1.,0.,0.));
#3201 = ADVANCED_FACE('',(#3202),#3221,.F.);
#3202 = FACE_BOUND('',#3203,.F.);
#3203 = EDGE_LOOP('',(#3204,#3213,#3219,#3220));
#3204 = ORIENTED_EDGE('',*,*,#3205,.F.);
#3205 = EDGE_CURVE('',#3206,#3206,#3208,.T.);
#3206 = VERTEX_POINT('',#3207);
#3207 = CARTESIAN_POINT('',(110.865,-25.09938492736,-0.571128100577));
#3208 = CIRCLE('',#3209,0.8);
#3209 = AXIS2_PLACEMENT_3D('',#3210,#3211,#3212);
#3210 = CARTESIAN_POINT('',(110.065,-25.09938492736,-0.571128100577));
#3211 = DIRECTION('',(-0.,5.233595624294E-02,0.998629534755));
#3212 = DIRECTION('',(1.,0.,0.));
#3213 = ORIENTED_EDGE('',*,*,#3214,.T.);
#3214 = EDGE_CURVE('',#3206,#1249,#3215,.T.);
#3215 = LINE('',#3216,#3217);
#3216 = CARTESIAN_POINT('',(110.865,-24.99804777529,1.362499949598));
#3217 = VECTOR('',#3218,1.);
#3218 = DIRECTION('',(-0.,-5.233595624294E-02,-0.998629534755));
#3219 = ORIENTED_EDGE('',*,*,#1248,.T.);
#3220 = ORIENTED_EDGE('',*,*,#3214,.F.);
#3221 = CYLINDRICAL_SURFACE('',#3222,0.8);
#3222 = AXIS2_PLACEMENT_3D('',#3223,#3224,#3225);
#3223 = CARTESIAN_POINT('',(110.065,-24.99804777529,1.362499949598));
#3224 = DIRECTION('',(0.,5.233595624294E-02,0.998629534755));
#3225 = DIRECTION('',(1.,0.,0.));
#3226 = ADVANCED_FACE('',(#3227),#3246,.F.);
#3227 = FACE_BOUND('',#3228,.F.);
#3228 = EDGE_LOOP('',(#3229,#3238,#3244,#3245));
#3229 = ORIENTED_EDGE('',*,*,#3230,.F.);
#3230 = EDGE_CURVE('',#3231,#3231,#3233,.T.);
#3231 = VERTEX_POINT('',#3232);
#3232 = CARTESIAN_POINT('',(110.865,-10.14241107057,-1.354989885206));
#3233 = CIRCLE('',#3234,0.8);
#3234 = AXIS2_PLACEMENT_3D('',#3235,#3236,#3237);
#3235 = CARTESIAN_POINT('',(110.065,-10.14241107057,-1.354989885206));
#3236 = DIRECTION('',(-0.,5.233595624294E-02,0.998629534755));
#3237 = DIRECTION('',(1.,0.,0.));
#3238 = ORIENTED_EDGE('',*,*,#3239,.T.);
#3239 = EDGE_CURVE('',#3231,#1260,#3240,.T.);
#3240 = LINE('',#3241,#3242);
#3241 = CARTESIAN_POINT('',(110.865,-10.04107391851,0.578638164969));
#3242 = VECTOR('',#3243,1.);
#3243 = DIRECTION('',(-0.,-5.233595624294E-02,-0.998629534755));
#3244 = ORIENTED_EDGE('',*,*,#1259,.T.);
#3245 = ORIENTED_EDGE('',*,*,#3239,.F.);
#3246 = CYLINDRICAL_SURFACE('',#3247,0.8);
#3247 = AXIS2_PLACEMENT_3D('',#3248,#3249,#3250);
#3248 = CARTESIAN_POINT('',(110.065,-10.04107391851,0.578638164969));
#3249 = DIRECTION('',(0.,5.233595624294E-02,0.998629534755));
#3250 = DIRECTION('',(1.,0.,0.));
#3251 = ADVANCED_FACE('',(#3252),#3271,.F.);
#3252 = FACE_BOUND('',#3253,.F.);
#3253 = EDGE_LOOP('',(#3254,#3263,#3269,#3270));
#3254 = ORIENTED_EDGE('',*,*,#3255,.F.);
#3255 = EDGE_CURVE('',#3256,#3256,#3258,.T.);
#3256 = VERTEX_POINT('',#3257);
#3257 = CARTESIAN_POINT('',(116.05,-79.95,5.));
#3258 = CIRCLE('',#3259,1.75);
#3259 = AXIS2_PLACEMENT_3D('',#3260,#3261,#3262);
#3260 = CARTESIAN_POINT('',(114.3,-79.95,5.));
#3261 = DIRECTION('',(0.,0.,1.));
#3262 = DIRECTION('',(1.,0.,0.));
#3263 = ORIENTED_EDGE('',*,*,#3264,.T.);
#3264 = EDGE_CURVE('',#3256,#1271,#3265,.T.);
#3265 = LINE('',#3266,#3267);
#3266 = CARTESIAN_POINT('',(116.05,-79.95,5.));
#3267 = VECTOR('',#3268,1.);
#3268 = DIRECTION('',(-0.,-0.,-1.));
#3269 = ORIENTED_EDGE('',*,*,#1270,.F.);
#3270 = ORIENTED_EDGE('',*,*,#3264,.F.);
#3271 = CYLINDRICAL_SURFACE('',#3272,1.75);
#3272 = AXIS2_PLACEMENT_3D('',#3273,#3274,#3275);
#3273 = CARTESIAN_POINT('',(114.3,-79.95,5.));
#3274 = DIRECTION('',(0.,0.,1.));
#3275 = DIRECTION('',(1.,0.,0.));
#3276 = ADVANCED_FACE('',(#3277),#3296,.F.);
#3277 = FACE_BOUND('',#3278,.F.);
#3278 = EDGE_LOOP('',(#3279,#3288,#3294,#3295));
#3279 = ORIENTED_EDGE('',*,*,#3280,.F.);
#3280 = EDGE_CURVE('',#3281,#3281,#3283,.T.);
#3281 = VERTEX_POINT('',#3282);
#3282 = CARTESIAN_POINT('',(233.00165042945,-78.85165042945,5.));
#3283 = CIRCLE('',#3284,1.75);
#3284 = AXIS2_PLACEMENT_3D('',#3285,#3286,#3287);
#3285 = CARTESIAN_POINT('',(231.25165042945,-78.85165042945,5.));
#3286 = DIRECTION('',(0.,0.,1.));
#3287 = DIRECTION('',(1.,0.,0.));
#3288 = ORIENTED_EDGE('',*,*,#3289,.T.);
#3289 = EDGE_CURVE('',#3281,#1282,#3290,.T.);
#3290 = LINE('',#3291,#3292);
#3291 = CARTESIAN_POINT('',(233.00165042945,-78.85165042945,5.));
#3292 = VECTOR('',#3293,1.);
#3293 = DIRECTION('',(-0.,-0.,-1.));
#3294 = ORIENTED_EDGE('',*,*,#1281,.F.);
#3295 = ORIENTED_EDGE('',*,*,#3289,.F.);
#3296 = CYLINDRICAL_SURFACE('',#3297,1.75);
#3297 = AXIS2_PLACEMENT_3D('',#3298,#3299,#3300);
#3298 = CARTESIAN_POINT('',(231.25165042945,-78.85165042945,5.));
#3299 = DIRECTION('',(0.,0.,1.));
#3300 = DIRECTION('',(1.,0.,0.));
#3301 = ADVANCED_FACE('',(#3302),#3321,.F.);
#3302 = FACE_BOUND('',#3303,.F.);
#3303 = EDGE_LOOP('',(#3304,#3313,#3319,#3320));
#3304 = ORIENTED_EDGE('',*,*,#3305,.F.);
#3305 = EDGE_CURVE('',#3306,#3306,#3308,.T.);
#3306 = VERTEX_POINT('',#3307);
#3307 = CARTESIAN_POINT('',(131.96,-1.691508632718,-1.797882914912));
#3308 = CIRCLE('',#3309,0.8);
#3309 = AXIS2_PLACEMENT_3D('',#3310,#3311,#3312);
#3310 = CARTESIAN_POINT('',(131.16,-1.691508632718,-1.797882914912));
#3311 = DIRECTION('',(-0.,5.233595624294E-02,0.998629534755));
#3312 = DIRECTION('',(1.,0.,0.));
#3313 = ORIENTED_EDGE('',*,*,#3314,.T.);
#3314 = EDGE_CURVE('',#3306,#1293,#3315,.T.);
#3315 = LINE('',#3316,#3317);
#3316 = CARTESIAN_POINT('',(131.96,-1.590171480649,0.135745135263));
#3317 = VECTOR('',#3318,1.);
#3318 = DIRECTION('',(-0.,-5.233595624294E-02,-0.998629534755));
#3319 = ORIENTED_EDGE('',*,*,#1292,.T.);
#3320 = ORIENTED_EDGE('',*,*,#3314,.F.);
#3321 = CYLINDRICAL_SURFACE('',#3322,0.8);
#3322 = AXIS2_PLACEMENT_3D('',#3323,#3324,#3325);
#3323 = CARTESIAN_POINT('',(131.16,-1.590171480649,0.135745135263));
#3324 = DIRECTION('',(0.,5.233595624294E-02,0.998629534755));
#3325 = DIRECTION('',(1.,0.,0.));
#3326 = ADVANCED_FACE('',(#3327,#3330),#3333,.F.);
#3327 = FACE_BOUND('',#3328,.F.);
#3328 = EDGE_LOOP('',(#3329));
#3329 = ORIENTED_EDGE('',*,*,#1309,.T.);
#3330 = FACE_BOUND('',#3331,.F.);
#3331 = EDGE_LOOP('',(#3332));
#3332 = ORIENTED_EDGE('',*,*,#3089,.F.);
#3333 = PLANE('',#3334);
#3334 = AXIS2_PLACEMENT_3D('',#3335,#3336,#3337);
#3335 = CARTESIAN_POINT('',(114.3,-32.12142857143,5.));
#3336 = DIRECTION('',(0.,0.,1.));
#3337 = DIRECTION('',(1.,0.,0.));
#3338 = ADVANCED_FACE('',(#3339,#3342),#3345,.F.);
#3339 = FACE_BOUND('',#3340,.F.);
#3340 = EDGE_LOOP('',(#3341));
#3341 = ORIENTED_EDGE('',*,*,#1336,.T.);
#3342 = FACE_BOUND('',#3343,.F.);
#3343 = EDGE_LOOP('',(#3344));
#3344 = ORIENTED_EDGE('',*,*,#3164,.F.);
#3345 = PLANE('',#3346);
#3346 = AXIS2_PLACEMENT_3D('',#3347,#3348,#3349);
#3347 = CARTESIAN_POINT('',(114.3,-32.12142857143,5.));
#3348 = DIRECTION('',(0.,0.,1.));
#3349 = DIRECTION('',(1.,0.,0.));
#3350 = ADVANCED_FACE('',(#3351,#3354),#3357,.F.);
#3351 = FACE_BOUND('',#3352,.F.);
#3352 = EDGE_LOOP('',(#3353));
#3353 = ORIENTED_EDGE('',*,*,#1363,.T.);
#3354 = FACE_BOUND('',#3355,.F.);
#3355 = EDGE_LOOP('',(#3356));
#3356 = ORIENTED_EDGE('',*,*,#3114,.F.);
#3357 = PLANE('',#3358);
#3358 = AXIS2_PLACEMENT_3D('',#3359,#3360,#3361);
#3359 = CARTESIAN_POINT('',(114.3,-32.12142857143,5.));
#3360 = DIRECTION('',(0.,0.,1.));
#3361 = DIRECTION('',(1.,0.,0.));
#3362 = ADVANCED_FACE('',(#3363,#3366),#3369,.F.);
#3363 = FACE_BOUND('',#3364,.F.);
#3364 = EDGE_LOOP('',(#3365));
#3365 = ORIENTED_EDGE('',*,*,#1388,.T.);
#3366 = FACE_BOUND('',#3367,.F.);
#3367 = EDGE_LOOP('',(#3368));
#3368 = ORIENTED_EDGE('',*,*,#3139,.F.);
#3369 = PLANE('',#3370);
#3370 = AXIS2_PLACEMENT_3D('',#3371,#3372,#3373);
#3371 = CARTESIAN_POINT('',(114.3,-32.12142857143,5.));
#3372 = DIRECTION('',(0.,0.,1.));
#3373 = DIRECTION('',(1.,0.,0.));
#3374 = ADVANCED_FACE('',(#3375),#4257,.T.);
#3375 = FACE_BOUND('',#3376,.T.);
#3376 = EDGE_LOOP('',(#3377,#3378,#3379,#3380,#3498,#3506,#3615,#3623,
    #3735,#3743,#3858,#3866,#3987,#3995,#4113,#4121,#4244,#4250,#4251,
    #4252,#4253,#4254,#4255,#4256));
#3377 = ORIENTED_EDGE('',*,*,#2685,.T.);
#3378 = ORIENTED_EDGE('',*,*,#2642,.T.);
#3379 = ORIENTED_EDGE('',*,*,#1452,.T.);
#3380 = ORIENTED_EDGE('',*,*,#3381,.T.);
#3381 = EDGE_CURVE('',#1445,#3382,#3384,.T.);
#3382 = VERTEX_POINT('',#3383);
#3383 = CARTESIAN_POINT('',(133.99,-0.99725906951,2.));
#3384 = B_SPLINE_CURVE_WITH_KNOTS('',4,(#3385,#3386,#3387,#3388,#3389,
    #3390,#3391,#3392,#3393,#3394,#3395,#3396,#3397,#3398,#3399,#3400,
    #3401,#3402,#3403,#3404,#3405,#3406,#3407,#3408,#3409,#3410,#3411,
    #3412,#3413,#3414,#3415,#3416,#3417,#3418,#3419,#3420,#3421,#3422,
    #3423,#3424,#3425,#3426,#3427,#3428,#3429,#3430,#3431,#3432,#3433,
    #3434,#3435,#3436,#3437,#3438,#3439,#3440,#3441,#3442,#3443,#3444,
    #3445,#3446,#3447,#3448,#3449,#3450,#3451,#3452,#3453,#3454,#3455,
    #3456,#3457,#3458,#3459,#3460,#3461,#3462,#3463,#3464,#3465,#3466,
    #3467,#3468,#3469,#3470,#3471,#3472,#3473,#3474,#3475,#3476,#3477,
    #3478,#3479,#3480,#3481,#3482,#3483,#3484,#3485,#3486,#3487,#3488,
    #3489,#3490,#3491,#3492,#3493,#3494,#3495,#3496,#3497),
  .UNSPECIFIED.,.F.,.F.,(5,3,3,3,3,3,3,3,3,3,3,3,3,3,3,3,3,3,3,3,3,3,3,3
    ,3,3,3,3,3,3,3,3,3,3,3,3,3,5),(0.,4.163391704599E-02,
    7.063389496518E-02,9.263387084821E-02,0.120633831084,0.146633785369,
    0.170633735927,0.197633672328,0.212633633539,0.241633551824,
    0.259633496973,0.29863336786,0.319633293373,0.348633185327,
    0.376633076137,0.403632967119,0.425632876152,0.45363275827,
    0.482632634634,0.508632523312,0.536632403769,0.562632293897,
    0.589632181735,0.618632064356,0.646631954974,0.669631868646,
    0.698631764988,0.727631667956,0.755631581311,0.78263150494,
    0.811631431363,0.839631369204,0.868631314515,0.8966312715,
    0.923631239438,0.952631215534,0.979631203284,1.),.UNSPECIFIED.);
#3385 = CARTESIAN_POINT('',(131.99,0.999999999999,2.));
#3386 = CARTESIAN_POINT('',(132.02269920148,0.999999999999,2.));
#3387 = CARTESIAN_POINT('',(132.05539840606,0.999288151661,2.));
#3388 = CARTESIAN_POINT('',(132.08807429285,0.997864455158,2.));
#3389 = CARTESIAN_POINT('',(132.14343143289,0.994243984989,2.));
#3390 = CARTESIAN_POINT('',(132.1661366712,0.992412903186,2.));
#3391 = CARTESIAN_POINT('',(132.1888114461,0.990237700989,2.));
#3392 = CARTESIAN_POINT('',(132.22862042414,0.985808700859,2.));
#3393 = CARTESIAN_POINT('',(132.24577088318,0.983700610482,2.));
#3394 = CARTESIAN_POINT('',(132.2628958858,0.981395358763,2.));
#3395 = CARTESIAN_POINT('',(132.30175074924,0.975709189271,2.));
#3396 = CARTESIAN_POINT('',(132.32346272238,0.972206372888,2.));
#3397 = CARTESIAN_POINT('',(132.34512093163,0.968386021434,2.));
#3398 = CARTESIAN_POINT('',(132.38677320919,0.960408385544,2.));
#3399 = CARTESIAN_POINT('',(132.40677564368,0.956294659525,2.));
#3400 = CARTESIAN_POINT('',(132.42672013978,0.951909358752,2.));
#3401 = CARTESIAN_POINT('',(132.46495288416,0.942956319499,2.));
#3402 = CARTESIAN_POINT('',(132.48325052127,0.938428563376,2.));
#3403 = CARTESIAN_POINT('',(132.50148973345,0.933671527394,2.));
#3404 = CARTESIAN_POINT('',(132.54011474984,0.923078117513,2.));
#3405 = CARTESIAN_POINT('',(132.56048389161,0.917181154904,2.));
#3406 = CARTESIAN_POINT('',(132.5807675085,0.910997186354,2.));
#3407 = CARTESIAN_POINT('',(132.61217734205,0.900934244167,2.));
#3408 = CARTESIAN_POINT('',(132.62336687295,0.897252353379,2.));
#3409 = CARTESIAN_POINT('',(132.63452710071,0.893482811748,2.));
#3410 = CARTESIAN_POINT('',(132.66717478695,0.882169429074,2.));
#3411 = CARTESIAN_POINT('',(132.68857920083,0.874386596571,2.));
#3412 = CARTESIAN_POINT('',(132.7098627936,0.866280058049,2.));
#3413 = CARTESIAN_POINT('',(132.74414921527,0.852621973733,2.));
#3414 = CARTESIAN_POINT('',(132.75723081723,0.847267632287,2.));
#3415 = CARTESIAN_POINT('',(132.77026130332,0.84179040135,2.));
#3416 = CARTESIAN_POINT('',(132.81135715886,0.824059052556,2.));
#3417 = CARTESIAN_POINT('',(132.83922729665,0.811353682336,2.));
#3418 = CARTESIAN_POINT('',(132.86683176318,0.798082507851,2.));
#3419 = CARTESIAN_POINT('',(132.90886514301,0.776808161889,2.));
#3420 = CARTESIAN_POINT('',(132.92349483842,0.769200600798,2.));
#3421 = CARTESIAN_POINT('',(132.93803988026,0.761432849075,2.));
#3422 = CARTESIAN_POINT('',(132.97246312907,0.742560220793,2.));
#3423 = CARTESIAN_POINT('',(132.9922621748,0.731311350459,2.));
#3424 = CARTESIAN_POINT('',(133.01188787699,0.719763519887,2.));
#3425 = CARTESIAN_POINT('',(133.05010859861,0.69648650227,2.));
#3426 = CARTESIAN_POINT('',(133.06871582321,0.684777299781,2.));
#3427 = CARTESIAN_POINT('',(133.08714912832,0.672796905486,2.));
#3428 = CARTESIAN_POINT('',(133.123004214,0.6487390495,2.));
#3429 = CARTESIAN_POINT('',(133.140438609,0.636680335431,2.));
#3430 = CARTESIAN_POINT('',(133.15770053499,0.624376667909,2.));
#3431 = CARTESIAN_POINT('',(133.18870543669,0.601610072073,2.));
#3432 = CARTESIAN_POINT('',(133.20250809708,0.591228202653,2.));
#3433 = CARTESIAN_POINT('',(133.21619007947,0.580688234921,2.));
#3434 = CARTESIAN_POINT('',(133.2470050904,0.556379288434,2.));
#3435 = CARTESIAN_POINT('',(133.26406164601,0.542513634312,2.));
#3436 = CARTESIAN_POINT('',(133.280912787,0.528399725463,2.));
#3437 = CARTESIAN_POINT('',(133.31478780532,0.499171889791,2.));
#3438 = CARTESIAN_POINT('',(133.33179635861,0.484040250001,2.));
#3439 = CARTESIAN_POINT('',(133.34857284537,0.468652416356,2.));
#3440 = CARTESIAN_POINT('',(133.37993934348,0.438992969081,2.));
#3441 = CARTESIAN_POINT('',(133.39457600796,0.424770557695,2.));
#3442 = CARTESIAN_POINT('',(133.40901741522,0.41035046278,2.));
#3443 = CARTESIAN_POINT('',(133.43859734876,0.379998900165,2.));
#3444 = CARTESIAN_POINT('',(133.45370404784,0.364036498623,2.));
#3445 = CARTESIAN_POINT('',(133.46857475663,0.34785461792,2.));
#3446 = CARTESIAN_POINT('',(133.49678975865,0.316233620065,2.));
#3447 = CARTESIAN_POINT('',(133.51016721095,0.300824008556,2.));
#3448 = CARTESIAN_POINT('',(133.5233333371,0.285233943935,2.));
#3449 = CARTESIAN_POINT('',(133.54973385915,0.253095284769,2.));
#3450 = CARTESIAN_POINT('',(133.56295140455,0.236532885543,2.));
#3451 = CARTESIAN_POINT('',(133.57593313961,0.219785521362,2.));
#3452 = CARTESIAN_POINT('',(133.6023612088,0.184677141582,2.));
#3453 = CARTESIAN_POINT('',(133.61577072754,0.166288488055,2.));
#3454 = CARTESIAN_POINT('',(133.62889906566,0.147698596426,2.));
#3455 = CARTESIAN_POINT('',(133.65414164503,0.110777076308,2.));
#3456 = CARTESIAN_POINT('',(133.66627524511,9.245864600591E-02,2.));
#3457 = CARTESIAN_POINT('',(133.67813858225,7.396452240943E-02,2.));
#3458 = CARTESIAN_POINT('',(133.69924773314,3.996974447074E-02,2.));
#3459 = CARTESIAN_POINT('',(133.70858266699,2.452427739313E-02,2.));
#3460 = CARTESIAN_POINT('',(133.7177306495,8.967658394752E-03,2.));
#3461 = CARTESIAN_POINT('',(133.73798596718,-2.644742627004E-02,2.));
#3462 = CARTESIAN_POINT('',(133.74898189046,-4.636943893816E-02,2.));
#3463 = CARTESIAN_POINT('',(133.75967359368,-6.645591020902E-02,2.));
#3464 = CARTESIAN_POINT('',(133.78044137831,-0.106943768981,2.));
#3465 = CARTESIAN_POINT('',(133.79051745993,-0.127345157232,2.));
#3466 = CARTESIAN_POINT('',(133.80028213767,-0.147896999214,2.));
#3467 = CARTESIAN_POINT('',(133.81885628748,-0.18857365248,2.));
#3468 = CARTESIAN_POINT('',(133.8276870871,-0.208688752429,2.));
#3469 = CARTESIAN_POINT('',(133.83622159914,-0.228930992407,2.));
#3470 = CARTESIAN_POINT('',(133.85239861122,-0.268929381452,2.));
#3471 = CARTESIAN_POINT('',(133.86006208312,-0.288677072494,2.));
#3472 = CARTESIAN_POINT('',(133.86744520234,-0.308530991482,2.));
#3473 = CARTESIAN_POINT('',(133.88217245263,-0.349917411492,2.));
#3474 = CARTESIAN_POINT('',(133.8894731846,-0.371465314352,2.));
#3475 = CARTESIAN_POINT('',(133.89644539753,-0.393121449941,2.));
#3476 = CARTESIAN_POINT('',(133.90949917882,-0.435884904967,2.));
#3477 = CARTESIAN_POINT('',(133.91560316874,-0.456985399576,2.));
#3478 = CARTESIAN_POINT('',(133.92139669596,-0.478173001863,2.));
#3479 = CARTESIAN_POINT('',(133.93255505234,-0.521468278715,2.));
#3480 = CARTESIAN_POINT('',(133.93789718104,-0.543581788497,2.));
#3481 = CARTESIAN_POINT('',(133.94290241519,-0.5657737631,2.));
#3482 = CARTESIAN_POINT('',(133.95207494573,-0.609531566466,2.));
#3483 = CARTESIAN_POINT('',(133.95626518496,-0.631092599829,2.));
#3484 = CARTESIAN_POINT('',(133.96013840517,-0.652712669855,2.));
#3485 = CARTESIAN_POINT('',(133.96712154966,-0.695282908984,2.));
#3486 = CARTESIAN_POINT('',(133.9702537941,-0.716229427351,2.));
#3487 = CARTESIAN_POINT('',(133.97308916537,-0.737218076761,2.));
#3488 = CARTESIAN_POINT('',(133.97835262122,-0.780824406282,2.));
#3489 = CARTESIAN_POINT('',(133.98073497857,-0.803447591382,2.));
#3490 = CARTESIAN_POINT('',(133.98277303172,-0.826104296819,2.));
#3491 = CARTESIAN_POINT('',(133.98604258888,-0.869904761435,2.));
#3492 = CARTESIAN_POINT('',(133.98732002335,-0.8910451021,2.));
#3493 = CARTESIAN_POINT('',(133.98829802571,-0.912201366038,2.));
#3494 = CARTESIAN_POINT('',(133.9894881526,-0.94933472165,2.));
#3495 = CARTESIAN_POINT('',(133.9898293842,-0.965307686852,2.));
#3496 = CARTESIAN_POINT('',(133.99,-0.981283378481,2.));
#3497 = CARTESIAN_POINT('',(133.99,-0.99725906951,2.));
#3498 = ORIENTED_EDGE('',*,*,#3499,.T.);
#3499 = EDGE_CURVE('',#3382,#3500,#3502,.T.);
#3500 = VERTEX_POINT('',#3501);
#3501 = CARTESIAN_POINT('',(133.99,-26.2625862988,2.));
#3502 = LINE('',#3503,#3504);
#3503 = CARTESIAN_POINT('',(133.99,-32.1812931494,2.));
#3504 = VECTOR('',#3505,1.);
#3505 = DIRECTION('',(-5.818432322951E-18,-1.,0.));
#3506 = ORIENTED_EDGE('',*,*,#3507,.T.);
#3507 = EDGE_CURVE('',#3500,#3508,#3510,.T.);
#3508 = VERTEX_POINT('',#3509);
#3509 = CARTESIAN_POINT('',(131.99,-28.25984536831,2.));
#3510 = B_SPLINE_CURVE_WITH_KNOTS('',4,(#3511,#3512,#3513,#3514,#3515,
    #3516,#3517,#3518,#3519,#3520,#3521,#3522,#3523,#3524,#3525,#3526,
    #3527,#3528,#3529,#3530,#3531,#3532,#3533,#3534,#3535,#3536,#3537,
    #3538,#3539,#3540,#3541,#3542,#3543,#3544,#3545,#3546,#3547,#3548,
    #3549,#3550,#3551,#3552,#3553,#3554,#3555,#3556,#3557,#3558,#3559,
    #3560,#3561,#3562,#3563,#3564,#3565,#3566,#3567,#3568,#3569,#3570,
    #3571,#3572,#3573,#3574,#3575,#3576,#3577,#3578,#3579,#3580,#3581,
    #3582,#3583,#3584,#3585,#3586,#3587,#3588,#3589,#3590,#3591,#3592,
    #3593,#3594,#3595,#3596,#3597,#3598,#3599,#3600,#3601,#3602,#3603,
    #3604,#3605,#3606,#3607,#3608,#3609,#3610,#3611,#3612,#3613,#3614),
  .UNSPECIFIED.,.F.,.F.,(5,3,3,3,3,3,3,3,3,3,3,3,3,3,3,3,3,3,3,3,3,3,3,3
    ,3,3,3,3,3,3,3,3,3,3,5),(0.,2.900000697547E-02,5.600002354758E-02,
    8.400005085529E-02,0.11200008828,0.141000137404,0.169000194494,
    0.196000258131,0.225000335334,0.248000402729,0.277000494823,
    0.304000587151,0.33200068887,0.360000795917,0.389000911528,
    0.41600102271,0.439001119518,0.468001243451,0.497001368573,
    0.526001493857,0.553001609758,0.581001728266,0.610001848238,
    0.639001964426,0.66400206084,0.693002167453,0.720002260974,
    0.747002348259,0.772002422983,0.801002501657,0.820002548297,
    0.843002599232,0.870002650966,0.892002686482,1.),.UNSPECIFIED.);
#3511 = CARTESIAN_POINT('',(133.99,-26.2625862988,2.));
#3512 = CARTESIAN_POINT('',(133.99,-26.28533163537,2.));
#3513 = CARTESIAN_POINT('',(133.98965415247,-26.30807697233,2.));
#3514 = CARTESIAN_POINT('',(133.98896245745,-26.3308144415,2.));
#3515 = CARTESIAN_POINT('',(133.98695961948,-26.37469091555,2.));
#3516 = CARTESIAN_POINT('',(133.98569448667,-26.39583201555,2.));
#3517 = CARTESIAN_POINT('',(133.98413016483,-26.41695313972,2.));
#3518 = CARTESIAN_POINT('',(133.98033526133,-26.4599240836,2.));
#3519 = CARTESIAN_POINT('',(133.97808214897,-26.48177191959,2.));
#3520 = CARTESIAN_POINT('',(133.97550849847,-26.50358441633,2.));
#3521 = CARTESIAN_POINT('',(133.96972198614,-26.54712469852,2.));
#3522 = CARTESIAN_POINT('',(133.966509124,-26.56885248459,2.));
#3523 = CARTESIAN_POINT('',(133.96297758941,-26.59053089138,2.));
#3524 = CARTESIAN_POINT('',(133.95514219321,-26.63454722553,2.));
#3525 = CARTESIAN_POINT('',(133.95081525268,-26.65688105654,2.));
#3526 = CARTESIAN_POINT('',(133.94614918098,-26.67914669264,2.));
#3527 = CARTESIAN_POINT('',(133.93631476875,-26.72276106607,2.));
#3528 = CARTESIAN_POINT('',(133.93116929564,-26.74411494628,2.));
#3529 = CARTESIAN_POINT('',(133.92571084749,-26.76539118954,2.));
#3530 = CARTESIAN_POINT('',(133.91437777618,-26.80701789202,2.));
#3531 = CARTESIAN_POINT('',(133.90852497833,-26.82737427762,2.));
#3532 = CARTESIAN_POINT('',(133.90238455949,-26.84764599145,2.));
#3533 = CARTESIAN_POINT('',(133.88905632302,-26.88950286797,2.));
#3534 = CARTESIAN_POINT('',(133.88182461233,-26.911074093,2.));
#3535 = CARTESIAN_POINT('',(133.87426570206,-26.93253315916,2.));
#3536 = CARTESIAN_POINT('',(133.86012997952,-26.97079714022,2.));
#3537 = CARTESIAN_POINT('',(133.85367354207,-26.9876464035,2.));
#3538 = CARTESIAN_POINT('',(133.84701436728,-27.00441679204,2.));
#3539 = CARTESIAN_POINT('',(133.83150385151,-27.04214592388,2.));
#3540 = CARTESIAN_POINT('',(133.82253381764,-27.0630560065,2.));
#3541 = CARTESIAN_POINT('',(133.81324683848,-27.08382764414,2.));
#3542 = CARTESIAN_POINT('',(133.79470774013,-27.12365727722,2.));
#3543 = CARTESIAN_POINT('',(133.78549738741,-27.14273466074,2.));
#3544 = CARTESIAN_POINT('',(133.77601785713,-27.16168009409,2.));
#3545 = CARTESIAN_POINT('',(133.75616532882,-27.19999237239,2.));
#3546 = CARTESIAN_POINT('',(133.74577224253,-27.21934883726,2.));
#3547 = CARTESIAN_POINT('',(133.73509607188,-27.23855104265,2.));
#3548 = CARTESIAN_POINT('',(133.7131846257,-27.27663465704,2.));
#3549 = CARTESIAN_POINT('',(133.70194934974,-27.29551606654,2.));
#3550 = CARTESIAN_POINT('',(133.69043805491,-27.31423093601,2.));
#3551 = CARTESIAN_POINT('',(133.66645018554,-27.35197786586,2.));
#3552 = CARTESIAN_POINT('',(133.65395381908,-27.37099738393,2.));
#3553 = CARTESIAN_POINT('',(133.64116966357,-27.3898251968,2.));
#3554 = CARTESIAN_POINT('',(133.6159360152,-27.42579972107,2.));
#3555 = CARTESIAN_POINT('',(133.60352424619,-27.44297282146,2.));
#3556 = CARTESIAN_POINT('',(133.59087058036,-27.4599689603,2.));
#3557 = CARTESIAN_POINT('',(133.56699706623,-27.49110624972,2.));
#3558 = CARTESIAN_POINT('',(133.55584252121,-27.50529733284,2.));
#3559 = CARTESIAN_POINT('',(133.54451763757,-27.51935322888,2.));
#3560 = CARTESIAN_POINT('',(133.51853409186,-27.550819291,2.));
#3561 = CARTESIAN_POINT('',(133.50377643981,-27.56814793926,2.));
#3562 = CARTESIAN_POINT('',(133.48875697247,-27.58525078403,2.));
#3563 = CARTESIAN_POINT('',(133.45820497532,-27.61899319487,2.));
#3564 = CARTESIAN_POINT('',(133.44267244497,-27.63563276147,2.));
#3565 = CARTESIAN_POINT('',(133.42688866756,-27.65203485274,2.));
#3566 = CARTESIAN_POINT('',(133.39482970856,-27.68435290495,2.));
#3567 = CARTESIAN_POINT('',(133.37855452643,-27.70026886644,2.));
#3568 = CARTESIAN_POINT('',(133.36203918674,-27.71593617343,2.));
#3569 = CARTESIAN_POINT('',(133.32969493297,-27.74569982663,2.));
#3570 = CARTESIAN_POINT('',(133.31389722975,-27.75982999783,2.));
#3571 = CARTESIAN_POINT('',(133.29790105003,-27.77373570472,2.));
#3572 = CARTESIAN_POINT('',(133.2649218253,-27.80159654763,2.));
#3573 = CARTESIAN_POINT('',(133.24792417189,-27.81553443977,2.));
#3574 = CARTESIAN_POINT('',(133.23072370227,-27.82922194873,2.));
#3575 = CARTESIAN_POINT('',(133.19530700743,-27.85656727805,2.));
#3576 = CARTESIAN_POINT('',(133.177076444,-27.8702065801,2.));
#3577 = CARTESIAN_POINT('',(133.15864056976,-27.88356783616,2.));
#3578 = CARTESIAN_POINT('',(133.12137109456,-27.90972520606,2.));
#3579 = CARTESIAN_POINT('',(133.10253749304,-27.92252132041,2.));
#3580 = CARTESIAN_POINT('',(133.08351147263,-27.93503034076,2.));
#3581 = CARTESIAN_POINT('',(133.0477377908,-27.957780539,2.));
#3582 = CARTESIAN_POINT('',(133.03103784244,-27.96809653911,2.));
#3583 = CARTESIAN_POINT('',(133.01420409159,-27.97819333345,2.));
#3584 = CARTESIAN_POINT('',(132.97756359895,-27.99952343948,2.));
#3585 = CARTESIAN_POINT('',(132.95771212158,-28.01068011675,2.));
#3586 = CARTESIAN_POINT('',(132.93769327371,-28.02153445273,2.));
#3587 = CARTESIAN_POINT('',(132.89872647357,-28.04190366993,2.));
#3588 = CARTESIAN_POINT('',(132.87979988074,-28.05145930174,2.));
#3589 = CARTESIAN_POINT('',(132.86073989079,-28.06074674909,2.));
#3590 = CARTESIAN_POINT('',(132.82236462787,-28.07877986558,2.));
#3591 = CARTESIAN_POINT('',(132.80304935447,-28.08752553506,2.));
#3592 = CARTESIAN_POINT('',(132.7836121903,-28.09599761323,2.));
#3593 = CARTESIAN_POINT('',(132.74595419544,-28.11178255667,2.));
#3594 = CARTESIAN_POINT('',(132.72774991707,-28.11913480367,2.));
#3595 = CARTESIAN_POINT('',(132.70945081736,-28.12624843268,2.));
#3596 = CARTESIAN_POINT('',(132.66973016458,-28.14109463783,2.));
#3597 = CARTESIAN_POINT('',(132.64827747446,-28.14874413735,2.));
#3598 = CARTESIAN_POINT('',(132.62671093228,-28.15606741736,2.));
#3599 = CARTESIAN_POINT('',(132.59083855465,-28.16764475276,2.));
#3600 = CARTESIAN_POINT('',(132.57659342096,-28.1720863788,2.));
#3601 = CARTESIAN_POINT('',(132.56230474238,-28.17638625593,2.));
#3602 = CARTESIAN_POINT('',(132.53062769248,-28.1855765421,2.));
#3603 = CARTESIAN_POINT('',(132.51322004649,-28.19040069778,2.));
#3604 = CARTESIAN_POINT('',(132.49575548275,-28.19501513893,2.));
#3605 = CARTESIAN_POINT('',(132.45767359738,-28.20458854713,2.));
#3606 = CARTESIAN_POINT('',(132.43703619735,-28.20946786505,2.));
#3607 = CARTESIAN_POINT('',(132.4163317787,-28.21405531106,2.));
#3608 = CARTESIAN_POINT('',(132.37864677151,-28.22184864473,2.));
#3609 = CARTESIAN_POINT('',(132.36168661358,-28.22515305667,2.));
#3610 = CARTESIAN_POINT('',(132.34468946215,-28.22826213685,2.));
#3611 = CARTESIAN_POINT('',(132.24405539883,-28.24547593552,2.));
#3612 = CARTESIAN_POINT('',(132.15964204773,-28.25505554014,2.));
#3613 = CARTESIAN_POINT('',(132.07482088732,-28.25984536831,2.));
#3614 = CARTESIAN_POINT('',(131.99,-28.25984536831,2.));
#3615 = ORIENTED_EDGE('',*,*,#3616,.T.);
#3616 = EDGE_CURVE('',#3508,#3617,#3619,.T.);
#3617 = VERTEX_POINT('',#3618);
#3618 = CARTESIAN_POINT('',(131.89,-28.25984536831,2.));
#3619 = LINE('',#3620,#3621);
#3620 = CARTESIAN_POINT('',(123.09499999999,-28.25984536831,2.));
#3621 = VECTOR('',#3622,1.);
#3622 = DIRECTION('',(-1.,-5.321767212238E-13,0.));
#3623 = ORIENTED_EDGE('',*,*,#3624,.F.);
#3624 = EDGE_CURVE('',#3625,#3617,#3627,.T.);
#3625 = VERTEX_POINT('',#3626);
#3626 = CARTESIAN_POINT('',(130.89,-29.25847490306,2.));
#3627 = B_SPLINE_CURVE_WITH_KNOTS('',4,(#3628,#3629,#3630,#3631,#3632,
    #3633,#3634,#3635,#3636,#3637,#3638,#3639,#3640,#3641,#3642,#3643,
    #3644,#3645,#3646,#3647,#3648,#3649,#3650,#3651,#3652,#3653,#3654,
    #3655,#3656,#3657,#3658,#3659,#3660,#3661,#3662,#3663,#3664,#3665,
    #3666,#3667,#3668,#3669,#3670,#3671,#3672,#3673,#3674,#3675,#3676,
    #3677,#3678,#3679,#3680,#3681,#3682,#3683,#3684,#3685,#3686,#3687,
    #3688,#3689,#3690,#3691,#3692,#3693,#3694,#3695,#3696,#3697,#3698,
    #3699,#3700,#3701,#3702,#3703,#3704,#3705,#3706,#3707,#3708,#3709,
    #3710,#3711,#3712,#3713,#3714,#3715,#3716,#3717,#3718,#3719,#3720,
    #3721,#3722,#3723,#3724,#3725,#3726,#3727,#3728,#3729,#3730,#3731,
    #3732,#3733,#3734),.UNSPECIFIED.,.F.,.F.,(5,3,3,3,3,3,3,3,3,3,3,3,3,
    3,3,3,3,3,3,3,3,3,3,3,3,3,3,3,3,3,3,3,3,3,3,5),(0.,
    2.800000131221E-02,5.300000471888E-02,8.20000112499E-02,
    0.11100002052,0.140000032451,0.169000046946,0.198000063884,
    0.227000083124,0.256000104508,0.284000127027,0.313000152093,
    0.34200017873,0.371000206719,0.400000235827,0.427000263732,
    0.452000290082,0.481000321017,0.510000352123,0.538000382082,
    0.567000412773,0.596000442874,0.625000472134,0.650000496514,
    0.676000520848,0.703000544846,0.732000568975,0.760000590486,
    0.789000610725,0.818000628727,0.847000644342,0.876000657439,
    0.903000667283,0.932000675228,0.958000680007,1.),.UNSPECIFIED.);
#3628 = CARTESIAN_POINT('',(130.89,-29.25847490306,2.));
#3629 = CARTESIAN_POINT('',(130.89,-29.24749439733,2.));
#3630 = CARTESIAN_POINT('',(130.89016120355,-29.23651389145,2.));
#3631 = CARTESIAN_POINT('',(130.89048361065,-29.22553692634,2.));
#3632 = CARTESIAN_POINT('',(130.89139872148,-29.20477249676,2.));
#3633 = CARTESIAN_POINT('',(130.89195876379,-29.19498359658,2.));
#3634 = CARTESIAN_POINT('',(130.89264708136,-29.18520285675,2.));
#3635 = CARTESIAN_POINT('',(130.89441046869,-29.16409950894,2.));
#3636 = CARTESIAN_POINT('',(130.89552979791,-29.15278058888,2.));
#3637 = CARTESIAN_POINT('',(130.8968211244,-29.14147994903,2.));
#3638 = CARTESIAN_POINT('',(130.89974676004,-29.11892303167,2.));
#3639 = CARTESIAN_POINT('',(130.90138106927,-29.10766675381,2.));
#3640 = CARTESIAN_POINT('',(130.9031863638,-29.09643655878,2.));
#3641 = CARTESIAN_POINT('',(130.90713755687,-29.07403608218,2.));
#3642 = CARTESIAN_POINT('',(130.9092834555,-29.06286580028,2.));
#3643 = CARTESIAN_POINT('',(130.91159897272,-29.0517293497,2.));
#3644 = CARTESIAN_POINT('',(130.91656752584,-29.02953178885,2.));
#3645 = CARTESIAN_POINT('',(130.91922056184,-29.01847067826,2.));
#3646 = CARTESIAN_POINT('',(130.92204149781,-29.0074510773,2.));
#3647 = CARTESIAN_POINT('',(130.92801710284,-28.98550248624,2.));
#3648 = CARTESIAN_POINT('',(130.93117177202,-28.97457349582,2.));
#3649 = CARTESIAN_POINT('',(130.93449227418,-28.96369360722,2.));
#3650 = CARTESIAN_POINT('',(130.94146253358,-28.94203952347,2.));
#3651 = CARTESIAN_POINT('',(130.94511229096,-28.93126532799,2.));
#3652 = CARTESIAN_POINT('',(130.94892547028,-28.92054772466,2.));
#3653 = CARTESIAN_POINT('',(130.95687592287,-28.89923307473,2.));
#3654 = CARTESIAN_POINT('',(130.96101319629,-28.88863602783,2.));
#3655 = CARTESIAN_POINT('',(130.96531114155,-28.87810294597,2.));
#3656 = CARTESIAN_POINT('',(130.9740716002,-28.85753283141,2.));
#3657 = CARTESIAN_POINT('',(130.97852332845,-28.84749121774,2.));
#3658 = CARTESIAN_POINT('',(130.9831220139,-28.83751586688,2.));
#3659 = CARTESIAN_POINT('',(130.99277967237,-28.817350297,2.));
#3660 = CARTESIAN_POINT('',(130.99784921872,-28.80716512753,2.));
#3661 = CARTESIAN_POINT('',(131.00307306602,-28.79705801384,2.));
#3662 = CARTESIAN_POINT('',(131.01382564326,-28.77700683365,2.));
#3663 = CARTESIAN_POINT('',(131.01935437339,-28.76706276686,2.));
#3664 = CARTESIAN_POINT('',(131.02503368508,-28.75720369172,2.));
#3665 = CARTESIAN_POINT('',(131.03668943989,-28.73766228412,2.));
#3666 = CARTESIAN_POINT('',(131.0426658832,-28.72797995137,2.));
#3667 = CARTESIAN_POINT('',(131.04878887627,-28.7183893698,2.));
#3668 = CARTESIAN_POINT('',(131.06132362614,-28.69939827814,2.));
#3669 = CARTESIAN_POINT('',(131.06773538314,-28.68999776776,2.));
#3670 = CARTESIAN_POINT('',(131.07428935405,-28.68069557775,2.));
#3671 = CARTESIAN_POINT('',(131.08721544659,-28.66292873378,2.));
#3672 = CARTESIAN_POINT('',(131.09356893746,-28.65445056197,2.));
#3673 = CARTESIAN_POINT('',(131.10004182719,-28.64606294391,2.));
#3674 = CARTESIAN_POINT('',(131.11273428108,-28.63008820247,2.));
#3675 = CARTESIAN_POINT('',(131.11893709367,-28.62248780563,2.));
#3676 = CARTESIAN_POINT('',(131.12523900887,-28.61496915047,2.));
#3677 = CARTESIAN_POINT('',(131.13906165412,-28.59890954557,2.));
#3678 = CARTESIAN_POINT('',(131.14661606571,-28.59039750608,2.));
#3679 = CARTESIAN_POINT('',(131.15429904848,-28.58200101322,2.));
#3680 = CARTESIAN_POINT('',(131.16991675397,-28.56544484789,2.));
#3681 = CARTESIAN_POINT('',(131.17785147691,-28.55728517518,2.));
#3682 = CARTESIAN_POINT('',(131.18590936877,-28.549246776,2.));
#3683 = CARTESIAN_POINT('',(131.20198382422,-28.53369091023,2.));
#3684 = CARTESIAN_POINT('',(131.20999223183,-28.52616503838,2.));
#3685 = CARTESIAN_POINT('',(131.218110277,-28.51875723676,2.));
#3686 = CARTESIAN_POINT('',(131.23485408876,-28.50392221039,2.));
#3687 = CARTESIAN_POINT('',(131.24348763386,-28.49650374047,2.));
#3688 = CARTESIAN_POINT('',(131.25223299583,-28.48921705648,2.));
#3689 = CARTESIAN_POINT('',(131.26994122767,-28.4749122089,2.));
#3690 = CARTESIAN_POINT('',(131.27890409779,-28.46789404509,2.));
#3691 = CARTESIAN_POINT('',(131.28797265937,-28.46101261536,2.));
#3692 = CARTESIAN_POINT('',(131.30631482021,-28.44752788895,2.));
#3693 = CARTESIAN_POINT('',(131.31558841973,-28.44092459207,2.));
#3694 = CARTESIAN_POINT('',(131.324961366,-28.43446269373,2.));
#3695 = CARTESIAN_POINT('',(131.34259332929,-28.42269755726,2.));
#3696 = CARTESIAN_POINT('',(131.35082767184,-28.41735744125,2.));
#3697 = CARTESIAN_POINT('',(131.35913131271,-28.41212543175,2.));
#3698 = CARTESIAN_POINT('',(131.37620771864,-28.40167535617,2.));
#3699 = CARTESIAN_POINT('',(131.38498596301,-28.39646621893,2.));
#3700 = CARTESIAN_POINT('',(131.39383441266,-28.39137691513,2.));
#3701 = CARTESIAN_POINT('',(131.4120096938,-28.38124965699,2.));
#3702 = CARTESIAN_POINT('',(131.42134183537,-28.37622120605,2.));
#3703 = CARTESIAN_POINT('',(131.43074423693,-28.37132502025,2.));
#3704 = CARTESIAN_POINT('',(131.45038534878,-28.36144725802,2.));
#3705 = CARTESIAN_POINT('',(131.46063441749,-28.35648622139,2.));
#3706 = CARTESIAN_POINT('',(131.47095774665,-28.35168118721,2.));
#3707 = CARTESIAN_POINT('',(131.4913873206,-28.34254659534,2.));
#3708 = CARTESIAN_POINT('',(131.50148877624,-28.33820635526,2.));
#3709 = CARTESIAN_POINT('',(131.51165287145,-28.33401448986,2.));
#3710 = CARTESIAN_POINT('',(131.53246486952,-28.32578575191,2.));
#3711 = CARTESIAN_POINT('',(131.54311708713,-28.32175976142,2.));
#3712 = CARTESIAN_POINT('',(131.55382929947,-28.31789577942,2.));
#3713 = CARTESIAN_POINT('',(131.57536626266,-28.31049439297,2.));
#3714 = CARTESIAN_POINT('',(131.58619101383,-28.30695698839,2.));
#3715 = CARTESIAN_POINT('',(131.59706830991,-28.30358415245,2.));
#3716 = CARTESIAN_POINT('',(131.61892043189,-28.29716983702,2.));
#3717 = CARTESIAN_POINT('',(131.6298952581,-28.2941283574,2.));
#3718 = CARTESIAN_POINT('',(131.64091507041,-28.29125366515,2.));
#3719 = CARTESIAN_POINT('',(131.66303701379,-28.28583972848,2.));
#3720 = CARTESIAN_POINT('',(131.67413914519,-28.28330048394,2.));
#3721 = CARTESIAN_POINT('',(131.68527861053,-28.28092989948,2.));
#3722 = CARTESIAN_POINT('',(131.70685393106,-28.27667937809,2.));
#3723 = CARTESIAN_POINT('',(131.71728532929,-28.27477687842,2.));
#3724 = CARTESIAN_POINT('',(131.72774262041,-28.27302185199,2.));
#3725 = CARTESIAN_POINT('',(131.74947900203,-28.26968866723,2.));
#3726 = CARTESIAN_POINT('',(131.76076158811,-28.26813323992,2.));
#3727 = CARTESIAN_POINT('',(131.77206652644,-28.26674909585,2.));
#3728 = CARTESIAN_POINT('',(131.79354188921,-28.26444963812,2.));
#3729 = CARTESIAN_POINT('',(131.80370869699,-28.26350063719,2.));
#3730 = CARTESIAN_POINT('',(131.81388750066,-28.26268995391,2.));
#3731 = CARTESIAN_POINT('',(131.84053268303,-28.26093196573,2.));
#3732 = CARTESIAN_POINT('',(131.85701381018,-28.26020756748,2.));
#3733 = CARTESIAN_POINT('',(131.87350690563,-28.25984536831,2.));
#3734 = CARTESIAN_POINT('',(131.89,-28.25984536831,2.));
#3735 = ORIENTED_EDGE('',*,*,#3736,.T.);
#3736 = EDGE_CURVE('',#3625,#3737,#3739,.T.);
#3737 = VERTEX_POINT('',#3738);
#3738 = CARTESIAN_POINT('',(130.89,-36.24888164634,2.));
#3739 = LINE('',#3740,#3741);
#3740 = CARTESIAN_POINT('',(130.89,-37.17444082317,2.));
#3741 = VECTOR('',#3742,1.);
#3742 = DIRECTION('',(-5.818432322951E-18,-1.,0.));
#3743 = ORIENTED_EDGE('',*,*,#3744,.T.);
#3744 = EDGE_CURVE('',#3737,#3745,#3747,.T.);
#3745 = VERTEX_POINT('',#3746);
#3746 = CARTESIAN_POINT('',(128.89,-38.24614071585,2.));
#3747 = B_SPLINE_CURVE_WITH_KNOTS('',4,(#3748,#3749,#3750,#3751,#3752,
    #3753,#3754,#3755,#3756,#3757,#3758,#3759,#3760,#3761,#3762,#3763,
    #3764,#3765,#3766,#3767,#3768,#3769,#3770,#3771,#3772,#3773,#3774,
    #3775,#3776,#3777,#3778,#3779,#3780,#3781,#3782,#3783,#3784,#3785,
    #3786,#3787,#3788,#3789,#3790,#3791,#3792,#3793,#3794,#3795,#3796,
    #3797,#3798,#3799,#3800,#3801,#3802,#3803,#3804,#3805,#3806,#3807,
    #3808,#3809,#3810,#3811,#3812,#3813,#3814,#3815,#3816,#3817,#3818,
    #3819,#3820,#3821,#3822,#3823,#3824,#3825,#3826,#3827,#3828,#3829,
    #3830,#3831,#3832,#3833,#3834,#3835,#3836,#3837,#3838,#3839,#3840,
    #3841,#3842,#3843,#3844,#3845,#3846,#3847,#3848,#3849,#3850,#3851,
    #3852,#3853,#3854,#3855,#3856,#3857),.UNSPECIFIED.,.F.,.F.,(5,3,3,3,
    3,3,3,3,3,3,3,3,3,3,3,3,3,3,3,3,3,3,3,3,3,3,3,3,3,3,3,3,3,3,3,3,5),(
    0.,2.900000556316E-02,5.600002082035E-02,8.400004676446E-02,
    0.112000082826,0.141000130537,0.169000186264,0.196000248586,
    0.225000324376,0.25200040268,0.279000487863,0.308000586308,
    0.337000691178,0.36600080161,0.392000904623,0.421001023072,
    0.449001140136,0.477001258928,0.504001374264,0.53300149802,
    0.562001620661,0.591001741167,0.615001838594,0.639001933313,
    0.667002039648,0.69500214073,0.716002212648,0.744002302668,
    0.770002379742,0.799002457614,0.827002524142,0.851002574008,
    0.876002618569,0.905002660438,0.927002685013,0.97500271559,1.),
  .UNSPECIFIED.);
#3748 = CARTESIAN_POINT('',(130.89,-36.24888164634,2.));
#3749 = CARTESIAN_POINT('',(130.89,-36.27162698292,2.));
#3750 = CARTESIAN_POINT('',(130.88965415247,-36.29437231987,2.));
#3751 = CARTESIAN_POINT('',(130.88896245745,-36.31710978905,2.));
#3752 = CARTESIAN_POINT('',(130.88695961948,-36.3609862631,2.));
#3753 = CARTESIAN_POINT('',(130.88569448667,-36.3821273631,2.));
#3754 = CARTESIAN_POINT('',(130.88413016483,-36.40324848726,2.));
#3755 = CARTESIAN_POINT('',(130.88033526133,-36.44621943115,2.));
#3756 = CARTESIAN_POINT('',(130.87808214897,-36.46806726714,2.));
#3757 = CARTESIAN_POINT('',(130.87550849847,-36.48987976387,2.));
#3758 = CARTESIAN_POINT('',(130.86972198614,-36.53342004607,2.));
#3759 = CARTESIAN_POINT('',(130.866509124,-36.55514783214,2.));
#3760 = CARTESIAN_POINT('',(130.86297758941,-36.57682623893,2.));
#3761 = CARTESIAN_POINT('',(130.85514219321,-36.62084257307,2.));
#3762 = CARTESIAN_POINT('',(130.85081525268,-36.64317640409,2.));
#3763 = CARTESIAN_POINT('',(130.84614918098,-36.66544204019,2.));
#3764 = CARTESIAN_POINT('',(130.83631476875,-36.70905641362,2.));
#3765 = CARTESIAN_POINT('',(130.83116929564,-36.73041029382,2.));
#3766 = CARTESIAN_POINT('',(130.82571084749,-36.75168653709,2.));
#3767 = CARTESIAN_POINT('',(130.81437777618,-36.79331323957,2.));
#3768 = CARTESIAN_POINT('',(130.80852497833,-36.81366962516,2.));
#3769 = CARTESIAN_POINT('',(130.80238455949,-36.833941339,2.));
#3770 = CARTESIAN_POINT('',(130.78905632302,-36.87579821552,2.));
#3771 = CARTESIAN_POINT('',(130.78182461233,-36.89736944055,2.));
#3772 = CARTESIAN_POINT('',(130.77426570206,-36.9188285067,2.));
#3773 = CARTESIAN_POINT('',(130.75904261595,-36.96003587174,2.));
#3774 = CARTESIAN_POINT('',(130.75142165129,-36.97980009094,2.));
#3775 = CARTESIAN_POINT('',(130.74352162611,-36.99945473235,2.));
#3776 = CARTESIAN_POINT('',(130.72716835609,-37.03853314694,2.));
#3777 = CARTESIAN_POINT('',(130.71871511091,-37.05795692055,2.));
#3778 = CARTESIAN_POINT('',(130.70998770837,-37.07725939919,2.));
#3779 = CARTESIAN_POINT('',(130.69132340046,-37.11703067452,2.));
#3780 = CARTESIAN_POINT('',(130.68134478901,-37.13747995323,2.));
#3781 = CARTESIAN_POINT('',(130.67105635593,-37.15777554463,2.));
#3782 = CARTESIAN_POINT('',(130.64986717404,-37.19804542683,2.));
#3783 = CARTESIAN_POINT('',(130.63896642474,-37.21801971824,2.));
#3784 = CARTESIAN_POINT('',(130.62776318323,-37.23782639252,2.));
#3785 = CARTESIAN_POINT('',(130.60475967105,-37.27709092794,2.));
#3786 = CARTESIAN_POINT('',(130.59295939989,-37.29654878967,2.));
#3787 = CARTESIAN_POINT('',(130.58086459353,-37.31582545223,2.));
#3788 = CARTESIAN_POINT('',(130.55737569016,-37.35202846525,2.));
#3789 = CARTESIAN_POINT('',(130.54603853855,-37.36899166203,2.));
#3790 = CARTESIAN_POINT('',(130.53447116886,-37.38579914409,2.));
#3791 = CARTESIAN_POINT('',(130.50952166864,-37.42101424739,2.));
#3792 = CARTESIAN_POINT('',(130.49608414582,-37.43938273204,2.));
#3793 = CARTESIAN_POINT('',(130.4823688427,-37.45754531357,2.));
#3794 = CARTESIAN_POINT('',(130.45487470561,-37.49282727126,2.));
#3795 = CARTESIAN_POINT('',(130.44111437019,-37.50996102415,2.));
#3796 = CARTESIAN_POINT('',(130.42710394724,-37.52689145211,2.));
#3797 = CARTESIAN_POINT('',(130.39859211979,-37.5603348745,2.));
#3798 = CARTESIAN_POINT('',(130.38409071484,-37.57684786937,2.));
#3799 = CARTESIAN_POINT('',(130.36934841631,-37.59314675507,2.));
#3800 = CARTESIAN_POINT('',(130.33992663349,-37.62473166685,2.));
#3801 = CARTESIAN_POINT('',(130.32526370937,-37.64003307752,2.));
#3802 = CARTESIAN_POINT('',(130.31038561287,-37.65512592903,2.));
#3803 = CARTESIAN_POINT('',(130.27909043905,-37.68598779995,2.));
#3804 = CARTESIAN_POINT('',(130.26264099832,-37.70172409236,2.));
#3805 = CARTESIAN_POINT('',(130.24595415236,-37.71720910829,2.));
#3806 = CARTESIAN_POINT('',(130.21211735569,-37.74766605074,2.));
#3807 = CARTESIAN_POINT('',(130.19496740443,-37.76263797778,2.));
#3808 = CARTESIAN_POINT('',(130.17759175246,-37.77734809301,2.));
#3809 = CARTESIAN_POINT('',(130.14240122171,-37.8062347061,2.));
#3810 = CARTESIAN_POINT('',(130.12458634238,-37.82041120448,2.));
#3811 = CARTESIAN_POINT('',(130.10655793513,-37.83431589892,2.));
#3812 = CARTESIAN_POINT('',(130.07323075622,-37.85922256455,2.));
#3813 = CARTESIAN_POINT('',(130.05799727943,-37.87031166725,2.));
#3814 = CARTESIAN_POINT('',(130.04262545307,-37.88120871116,2.));
#3815 = CARTESIAN_POINT('',(130.01161245022,-37.90261360923,2.));
#3816 = CARTESIAN_POINT('',(129.99597127352,-37.9131214636,2.));
#3817 = CARTESIAN_POINT('',(129.98019909428,-37.9234321884,2.));
#3818 = CARTESIAN_POINT('',(129.94575036439,-37.94533978622,2.));
#3819 = CARTESIAN_POINT('',(129.92702786707,-37.95686460892,2.));
#3820 = CARTESIAN_POINT('',(129.90813816898,-37.96811405224,2.));
#3821 = CARTESIAN_POINT('',(129.87003666161,-37.99005510259,2.));
#3822 = CARTESIAN_POINT('',(129.85082485185,-38.00074671005,2.));
#3823 = CARTESIAN_POINT('',(129.83145812764,-38.0111558631,2.));
#3824 = CARTESIAN_POINT('',(129.79730627583,-38.02887187131,2.));
#3825 = CARTESIAN_POINT('',(129.78258616983,-38.0363037287,2.));
#3826 = CARTESIAN_POINT('',(129.7677851189,-38.04357349223,2.));
#3827 = CARTESIAN_POINT('',(129.73306676317,-38.0601550453,2.));
#3828 = CARTESIAN_POINT('',(129.71308859988,-38.06933975965,2.));
#3829 = CARTESIAN_POINT('',(129.69297772956,-38.07823096051,2.));
#3830 = CARTESIAN_POINT('',(129.65394913512,-38.09480686741,2.));
#3831 = CARTESIAN_POINT('',(129.63504879269,-38.10253238855,2.));
#3832 = CARTESIAN_POINT('',(129.61604487577,-38.11000022059,2.));
#3833 = CARTESIAN_POINT('',(129.57563642367,-38.12524820416,2.));
#3834 = CARTESIAN_POINT('',(129.55420790358,-38.13296496942,2.));
#3835 = CARTESIAN_POINT('',(129.53266450573,-38.14035587395,2.));
#3836 = CARTESIAN_POINT('',(129.49010951892,-38.15423753518,2.));
#3837 = CARTESIAN_POINT('',(129.46910520777,-38.16075054356,2.));
#3838 = CARTESIAN_POINT('',(129.44800752733,-38.16695530075,2.));
#3839 = CARTESIAN_POINT('',(129.40866541292,-38.17790242308,2.));
#3840 = CARTESIAN_POINT('',(129.39044393767,-38.1827270737,2.));
#3841 = CARTESIAN_POINT('',(129.37216318494,-38.18732266076,2.));
#3842 = CARTESIAN_POINT('',(129.33472783099,-38.1962355334,2.));
#3843 = CARTESIAN_POINT('',(129.31556855628,-38.20053324491,2.));
#3844 = CARTESIAN_POINT('',(129.29635458433,-38.20458011562,2.));
#3845 = CARTESIAN_POINT('',(129.2547449628,-38.2127774315,2.));
#3846 = CARTESIAN_POINT('',(129.2323321207,-38.21684084927,2.));
#3847 = CARTESIAN_POINT('',(129.20986007085,-38.22056390045,2.));
#3848 = CARTESIAN_POINT('',(129.17024984284,-38.22651070151,2.));
#3849 = CARTESIAN_POINT('',(129.15313349033,-38.22887943194,2.));
#3850 = CARTESIAN_POINT('',(129.13599094851,-38.23105109589,2.));
#3851 = CARTESIAN_POINT('',(129.08137405777,-38.23733265351,2.));
#3852 = CARTESIAN_POINT('',(129.04381407225,-38.24070003569,2.));
#3853 = CARTESIAN_POINT('',(129.0061811841,-38.24312336367,2.));
#3854 = CARTESIAN_POINT('',(128.94889341839,-38.245370877,2.));
#3855 = CARTESIAN_POINT('',(128.9292656426,-38.2458841029,2.));
#3856 = CARTESIAN_POINT('',(128.9096328212,-38.24614071585,2.));
#3857 = CARTESIAN_POINT('',(128.89,-38.24614071585,2.));
#3858 = ORIENTED_EDGE('',*,*,#3859,.T.);
#3859 = EDGE_CURVE('',#3745,#3860,#3862,.T.);
#3860 = VERTEX_POINT('',#3861);
#3861 = CARTESIAN_POINT('',(112.29,-38.24614071585,2.));
#3862 = LINE('',#3863,#3864);
#3863 = CARTESIAN_POINT('',(113.295,-38.24614071585,2.));
#3864 = VECTOR('',#3865,1.);
#3865 = DIRECTION('',(-1.,0.,0.));
#3866 = ORIENTED_EDGE('',*,*,#3867,.T.);
#3867 = EDGE_CURVE('',#3860,#3868,#3870,.T.);
#3868 = VERTEX_POINT('',#3869);
#3869 = CARTESIAN_POINT('',(110.29,-36.24888164634,2.));
#3870 = B_SPLINE_CURVE_WITH_KNOTS('',4,(#3871,#3872,#3873,#3874,#3875,
    #3876,#3877,#3878,#3879,#3880,#3881,#3882,#3883,#3884,#3885,#3886,
    #3887,#3888,#3889,#3890,#3891,#3892,#3893,#3894,#3895,#3896,#3897,
    #3898,#3899,#3900,#3901,#3902,#3903,#3904,#3905,#3906,#3907,#3908,
    #3909,#3910,#3911,#3912,#3913,#3914,#3915,#3916,#3917,#3918,#3919,
    #3920,#3921,#3922,#3923,#3924,#3925,#3926,#3927,#3928,#3929,#3930,
    #3931,#3932,#3933,#3934,#3935,#3936,#3937,#3938,#3939,#3940,#3941,
    #3942,#3943,#3944,#3945,#3946,#3947,#3948,#3949,#3950,#3951,#3952,
    #3953,#3954,#3955,#3956,#3957,#3958,#3959,#3960,#3961,#3962,#3963,
    #3964,#3965,#3966,#3967,#3968,#3969,#3970,#3971,#3972,#3973,#3974,
    #3975,#3976,#3977,#3978,#3979,#3980,#3981,#3982,#3983,#3984,#3985,
    #3986),.UNSPECIFIED.,.F.,.F.,(5,3,3,3,3,3,3,3,3,3,3,3,3,3,3,3,3,3,3,
    3,3,3,3,3,3,3,3,3,3,3,3,3,3,3,3,3,3,3,5),(0.,4.163391704753E-02,
    7.363389200949E-02,8.963387447736E-02,0.110633846426,0.134633807513,
    0.158633761517,0.18463370399,0.225633597646,0.252633518341,
    0.270633461646,0.285633412205,0.302633353901,0.330633253001,
    0.354633162281,0.378633068178,0.404632963027,0.423632884501,
    0.45363275826,0.479632647478,0.506632531881,0.527632442135,
    0.555632323354,0.584632202327,0.612632088343,0.641631974189,
    0.670631864941,0.696631771926,0.724631677664,0.752631590245,
    0.780631510339,0.808631438553,0.83463137966,0.863631323236,
    0.890631279916,0.917631245779,0.94263122258,0.970631206338,1.),
  .UNSPECIFIED.);
#3871 = CARTESIAN_POINT('',(112.29,-38.24614071585,2.));
#3872 = CARTESIAN_POINT('',(112.25730079851,-38.24614071585,2.));
#3873 = CARTESIAN_POINT('',(112.22460159393,-38.24542886751,2.));
#3874 = CARTESIAN_POINT('',(112.19192570714,-38.24400517101,2.));
#3875 = CARTESIAN_POINT('',(112.1342174118,-38.24023093048,2.));
#3876 = CARTESIAN_POINT('',(112.10916593604,-38.23817108648,2.));
#3877 = CARTESIAN_POINT('',(112.08415254312,-38.23569230696,2.));
#3878 = CARTESIAN_POINT('',(112.04670535529,-38.23134756488,2.));
#3879 = CARTESIAN_POINT('',(112.03423511138,-38.22979488899,2.));
#3880 = CARTESIAN_POINT('',(112.02177833107,-38.22813793675,2.));
#3881 = CARTESIAN_POINT('',(111.99300619431,-38.22406552493,2.));
#3882 = CARTESIAN_POINT('',(111.97670151393,-38.22157484346,2.));
#3883 = CARTESIAN_POINT('',(111.96042524501,-38.21890526836,2.));
#3884 = CARTESIAN_POINT('',(111.92561472665,-38.21280251462,2.));
#3885 = CARTESIAN_POINT('',(111.9070900763,-38.20931473084,2.));
#3886 = CARTESIAN_POINT('',(111.8886107812,-38.20559473593,2.));
#3887 = CARTESIAN_POINT('',(111.8517516391,-38.19769219715,2.));
#3888 = CARTESIAN_POINT('',(111.83337179178,-38.19350965336,2.));
#3889 = CARTESIAN_POINT('',(111.81504603153,-38.18909677067,2.));
#3890 = CARTESIAN_POINT('',(111.77698906753,-38.17942568497,2.));
#3891 = CARTESIAN_POINT('',(111.75726800478,-38.17412768355,2.));
#3892 = CARTESIAN_POINT('',(111.73762100012,-38.16856204283,2.));
#3893 = CARTESIAN_POINT('',(111.68719705412,-38.15353431079,2.));
#3894 = CARTESIAN_POINT('',(111.65653829964,-38.14367673403,2.));
#3895 = CARTESIAN_POINT('',(111.62609857051,-38.13316401401,2.));
#3896 = CARTESIAN_POINT('',(111.57601107439,-38.11465450737,2.));
#3897 = CARTESIAN_POINT('',(111.55622743741,-38.10702437658,2.));
#3898 = CARTESIAN_POINT('',(111.53655380482,-38.09911568009,2.));
#3899 = CARTESIAN_POINT('',(111.50395753444,-38.08547433453,2.));
#3900 = CARTESIAN_POINT('',(111.49097052499,-38.07989508076,2.));
#3901 = CARTESIAN_POINT('',(111.47803674995,-38.07419383782,2.));
#3902 = CARTESIAN_POINT('',(111.45442557325,-38.0635193354,2.));
#3903 = CARTESIAN_POINT('',(111.44373138111,-38.05858311333,2.));
#3904 = CARTESIAN_POINT('',(111.43307634209,-38.05356316432,2.));
#3905 = CARTESIAN_POINT('',(111.41043121588,-38.04267633047,2.));
#3906 = CARTESIAN_POINT('',(111.39845254491,-38.03678576429,2.));
#3907 = CARTESIAN_POINT('',(111.38652685536,-38.03078894946,2.));
#3908 = CARTESIAN_POINT('',(111.35510283687,-38.01463570309,2.));
#3909 = CARTESIAN_POINT('',(111.33569767096,-38.00429853077,2.));
#3910 = CARTESIAN_POINT('',(111.31644636564,-37.99367833546,2.));
#3911 = CARTESIAN_POINT('',(111.2809911188,-37.97343603066,2.));
#3912 = CARTESIAN_POINT('',(111.26474472341,-37.96388807629,2.));
#3913 = CARTESIAN_POINT('',(111.24861976785,-37.95413698218,2.));
#3914 = CARTESIAN_POINT('',(111.21662031947,-37.93423323116,2.));
#3915 = CARTESIAN_POINT('',(111.20074582636,-37.92408057416,2.));
#3916 = CARTESIAN_POINT('',(111.18500035361,-37.9137294926,2.));
#3917 = CARTESIAN_POINT('',(111.15247378558,-37.89175656178,2.));
#3918 = CARTESIAN_POINT('',(111.13571573144,-37.88010069742,2.));
#3919 = CARTESIAN_POINT('',(111.11911814028,-37.86821806895,2.));
#3920 = CARTESIAN_POINT('',(111.09067717339,-37.84726533136,2.));
#3921 = CARTESIAN_POINT('',(111.07875689655,-37.8382993204,2.));
#3922 = CARTESIAN_POINT('',(111.06692653338,-37.82921532293,2.));
#3923 = CARTESIAN_POINT('',(111.03665302804,-37.80548741446,2.));
#3924 = CARTESIAN_POINT('',(111.01834673538,-37.79066937998,2.));
#3925 = CARTESIAN_POINT('',(111.00027581019,-37.77556597946,2.));
#3926 = CARTESIAN_POINT('',(110.96699509028,-37.74685091271,2.));
#3927 = CARTESIAN_POINT('',(110.95172507206,-37.73330885321,2.));
#3928 = CARTESIAN_POINT('',(110.93664109422,-37.71956043598,2.));
#3929 = CARTESIAN_POINT('',(110.90628066345,-37.69112207123,2.));
#3930 = CARTESIAN_POINT('',(110.89101912082,-37.67641624856,2.));
#3931 = CARTESIAN_POINT('',(110.87596730754,-37.6614964159,2.));
#3932 = CARTESIAN_POINT('',(110.84958928974,-37.6345998714,2.));
#3933 = CARTESIAN_POINT('',(110.8381784714,-37.62270591439,2.));
#3934 = CARTESIAN_POINT('',(110.82689931068,-37.61068737289,2.));
#3935 = CARTESIAN_POINT('',(110.80089318647,-37.58235854987,2.));
#3936 = CARTESIAN_POINT('',(110.78627019533,-37.56595308164,2.));
#3937 = CARTESIAN_POINT('',(110.77188964778,-37.54933526442,2.));
#3938 = CARTESIAN_POINT('',(110.74311778464,-37.51508489815,2.));
#3939 = CARTESIAN_POINT('',(110.72874442664,-37.49743730433,2.));
#3940 = CARTESIAN_POINT('',(110.71464109114,-37.47957377012,2.));
#3941 = CARTESIAN_POINT('',(110.68746087683,-37.44405053751,2.));
#3942 = CARTESIAN_POINT('',(110.67436537227,-37.42640505048,2.));
#3943 = CARTESIAN_POINT('',(110.66153035358,-37.40856971346,2.));
#3944 = CARTESIAN_POINT('',(110.63594044779,-37.3718874092,2.));
#3945 = CARTESIAN_POINT('',(110.62320479345,-37.35302706091,2.));
#3946 = CARTESIAN_POINT('',(110.61075741506,-37.33397574821,2.));
#3947 = CARTESIAN_POINT('',(110.58644761743,-37.29550449873,2.));
#3948 = CARTESIAN_POINT('',(110.57458519788,-37.27608456124,2.));
#3949 = CARTESIAN_POINT('',(110.56301946326,-37.25648696665,2.));
#3950 = CARTESIAN_POINT('',(110.54165451631,-37.21899514482,2.));
#3951 = CARTESIAN_POINT('',(110.53179633117,-37.20113443086,2.));
#3952 = CARTESIAN_POINT('',(110.52218256315,-37.18314133923,2.));
#3953 = CARTESIAN_POINT('',(110.50272854899,-37.14550659368,2.));
#3954 = CARTESIAN_POINT('',(110.49292776767,-37.12584459501,2.));
#3955 = CARTESIAN_POINT('',(110.4834167255,-37.10604120497,2.));
#3956 = CARTESIAN_POINT('',(110.46498006252,-37.06616449637,2.));
#3957 = CARTESIAN_POINT('',(110.45605444159,-37.04609117717,2.));
#3958 = CARTESIAN_POINT('',(110.44742450497,-37.02588932506,2.));
#3959 = CARTESIAN_POINT('',(110.43076137157,-36.98524165726,2.));
#3960 = CARTESIAN_POINT('',(110.4227281747,-36.96479584092,2.));
#3961 = CARTESIAN_POINT('',(110.41499603545,-36.94423459874,2.));
#3962 = CARTESIAN_POINT('',(110.40013866117,-36.90289458766,2.));
#3963 = CARTESIAN_POINT('',(110.39301342609,-36.8821158181,2.));
#3964 = CARTESIAN_POINT('',(110.38619403968,-36.86123495303,2.));
#3965 = CARTESIAN_POINT('',(110.37363626466,-36.82078085421,2.));
#3966 = CARTESIAN_POINT('',(110.36785545459,-36.80122075233,2.));
#3967 = CARTESIAN_POINT('',(110.36234185263,-36.78158386668,2.));
#3968 = CARTESIAN_POINT('',(110.35124679483,-36.73989345836,2.));
#3969 = CARTESIAN_POINT('',(110.34573091591,-36.71782253089,2.));
#3970 = CARTESIAN_POINT('',(110.340551304,-36.69567049873,2.));
#3971 = CARTESIAN_POINT('',(110.33120187069,-36.65275238408,2.));
#3972 = CARTESIAN_POINT('',(110.32698704401,-36.63199607817,2.));
#3973 = CARTESIAN_POINT('',(110.32306650557,-36.61118233706,2.));
#3974 = CARTESIAN_POINT('',(110.31581617791,-36.56945248981,2.));
#3975 = CARTESIAN_POINT('',(110.31248638881,-36.54853638312,2.));
#3976 = CARTESIAN_POINT('',(110.30945306204,-36.52757535319,2.));
#3977 = CARTESIAN_POINT('',(110.30418364301,-36.4871315637,2.));
#3978 = CARTESIAN_POINT('',(110.30190514018,-36.46765431424,2.));
#3979 = CARTESIAN_POINT('',(110.29988216072,-36.44814894665,2.));
#3980 = CARTESIAN_POINT('',(110.2961361161,-36.40674859176,2.));
#3981 = CARTESIAN_POINT('',(110.29447817182,-36.38484772774,2.));
#3982 = CARTESIAN_POINT('',(110.29314196419,-36.36292494201,2.));
#3983 = CARTESIAN_POINT('',(110.29106409883,-36.31797723045,2.));
#3984 = CARTESIAN_POINT('',(110.29035469962,-36.29495081696,2.));
#3985 = CARTESIAN_POINT('',(110.29,-36.27191623118,2.));
#3986 = CARTESIAN_POINT('',(110.29,-36.24888164634,2.));
#3987 = ORIENTED_EDGE('',*,*,#3988,.T.);
#3988 = EDGE_CURVE('',#3868,#3989,#3991,.T.);
#3989 = VERTEX_POINT('',#3990);
#3990 = CARTESIAN_POINT('',(110.29,-29.25847490306,2.));
#3991 = LINE('',#3992,#3993);
#3992 = CARTESIAN_POINT('',(110.29,-33.67923745153,2.));
#3993 = VECTOR('',#3994,1.);
#3994 = DIRECTION('',(5.818432322951E-18,1.,0.));
#3995 = ORIENTED_EDGE('',*,*,#3996,.F.);
#3996 = EDGE_CURVE('',#3997,#3989,#3999,.T.);
#3997 = VERTEX_POINT('',#3998);
#3998 = CARTESIAN_POINT('',(109.29,-28.25984536831,2.));
#3999 = B_SPLINE_CURVE_WITH_KNOTS('',4,(#4000,#4001,#4002,#4003,#4004,
    #4005,#4006,#4007,#4008,#4009,#4010,#4011,#4012,#4013,#4014,#4015,
    #4016,#4017,#4018,#4019,#4020,#4021,#4022,#4023,#4024,#4025,#4026,
    #4027,#4028,#4029,#4030,#4031,#4032,#4033,#4034,#4035,#4036,#4037,
    #4038,#4039,#4040,#4041,#4042,#4043,#4044,#4045,#4046,#4047,#4048,
    #4049,#4050,#4051,#4052,#4053,#4054,#4055,#4056,#4057,#4058,#4059,
    #4060,#4061,#4062,#4063,#4064,#4065,#4066,#4067,#4068,#4069,#4070,
    #4071,#4072,#4073,#4074,#4075,#4076,#4077,#4078,#4079,#4080,#4081,
    #4082,#4083,#4084,#4085,#4086,#4087,#4088,#4089,#4090,#4091,#4092,
    #4093,#4094,#4095,#4096,#4097,#4098,#4099,#4100,#4101,#4102,#4103,
    #4104,#4105,#4106,#4107,#4108,#4109,#4110,#4111,#4112),
  .UNSPECIFIED.,.F.,.F.,(5,3,3,3,3,3,3,3,3,3,3,3,3,3,3,3,3,3,3,3,3,3,3,3
    ,3,3,3,3,3,3,3,3,3,3,3,3,3,5),(0.,2.063392856614E-02,
    3.963392662296E-02,6.463392221067E-02,9.163391511668E-02,
    0.113633907603,0.141633895808,0.17063388107,0.198633864529,
    0.22563384655,0.254633825154,0.282633802626,0.309633779326,
    0.336633754644,0.363633728758,0.390633701854,0.418633673081,
    0.447633642577,0.476633611613,0.505633580447,0.531633552559,
    0.55863352384,0.586633494535,0.615633464935,0.642633438291,
    0.670633411787,0.699633385759,0.728633361398,0.757633338904,
    0.786633318465,0.81363330144,0.842633285427,0.870633272339,
    0.898633261677,0.923633254287,0.95263324826,0.975633245491,1.),
  .UNSPECIFIED.);
#4000 = CARTESIAN_POINT('',(109.29,-28.25984536831,2.));
#4001 = CARTESIAN_POINT('',(109.29810292468,-28.25984536831,2.));
#4002 = CARTESIAN_POINT('',(109.30620584958,-28.25993279152,2.));
#4003 = CARTESIAN_POINT('',(109.31430735551,-28.26010763794,2.));
#4004 = CARTESIAN_POINT('',(109.32986338755,-28.26061132077,2.));
#4005 = CARTESIAN_POINT('',(109.33731834516,-28.26092686686,2.));
#4006 = CARTESIAN_POINT('',(109.34476979019,-28.26131646408,2.));
#4007 = CARTESIAN_POINT('',(109.3620150726,-28.26239001661,2.));
#4008 = CARTESIAN_POINT('',(109.3718055328,-28.2631280753,2.));
#4009 = CARTESIAN_POINT('',(109.38158547879,-28.26399406288,2.));
#4010 = CARTESIAN_POINT('',(109.40190067369,-28.26606087774,2.));
#4011 = CARTESIAN_POINT('',(109.41243375548,-28.26728294988,2.));
#4012 = CARTESIAN_POINT('',(109.42294848237,-28.26865361855,2.));
#4013 = CARTESIAN_POINT('',(109.44199174304,-28.27140997697,2.));
#4014 = CARTESIAN_POINT('',(109.45052750301,-28.27274587993,2.));
#4015 = CARTESIAN_POINT('',(109.45904728596,-28.27417989086,2.));
#4016 = CARTESIAN_POINT('',(109.47837027023,-28.27766128613,2.));
#4017 = CARTESIAN_POINT('',(109.48916251962,-28.27976929222,2.));
#4018 = CARTESIAN_POINT('',(109.49992265815,-28.28203509441,2.));
#4019 = CARTESIAN_POINT('',(109.52175481614,-28.28696725739,2.));
#4020 = CARTESIAN_POINT('',(109.53282424989,-28.28964503385,2.));
#4021 = CARTESIAN_POINT('',(109.54385168636,-28.29249037274,2.));
#4022 = CARTESIAN_POINT('',(109.56543628901,-28.29841023423,2.));
#4023 = CARTESIAN_POINT('',(109.57599655939,-28.30147347069,2.));
#4024 = CARTESIAN_POINT('',(109.58651071874,-28.30469100386,2.));
#4025 = CARTESIAN_POINT('',(109.60706632713,-28.31131210576,2.));
#4026 = CARTESIAN_POINT('',(109.61711124798,-28.31470492641,2.));
#4027 = CARTESIAN_POINT('',(109.62710712934,-28.31823923412,2.));
#4028 = CARTESIAN_POINT('',(109.6477314313,-28.32586081916,2.));
#4029 = CARTESIAN_POINT('',(109.65835185992,-28.32996966469,2.));
#4030 = CARTESIAN_POINT('',(109.66890858085,-28.33423909829,2.));
#4031 = CARTESIAN_POINT('',(109.68952564675,-28.34294337103,2.));
#4032 = CARTESIAN_POINT('',(109.69959055579,-28.34736743,2.));
#4033 = CARTESIAN_POINT('',(109.70958942686,-28.35193838615,2.));
#4034 = CARTESIAN_POINT('',(109.72909405873,-28.36120261036,2.));
#4035 = CARTESIAN_POINT('',(109.73860467717,-28.36588567993,2.));
#4036 = CARTESIAN_POINT('',(109.74804804222,-28.37070256363,2.));
#4037 = CARTESIAN_POINT('',(109.76679464398,-28.38060099109,2.));
#4038 = CARTESIAN_POINT('',(109.77609788091,-28.38568253494,2.));
#4039 = CARTESIAN_POINT('',(109.7853282436,-28.39089492503,2.));
#4040 = CARTESIAN_POINT('',(109.80363773008,-28.40157819417,2.));
#4041 = CARTESIAN_POINT('',(109.81271685407,-28.40704907332,2.));
#4042 = CARTESIAN_POINT('',(109.82171761403,-28.4126475955,2.));
#4043 = CARTESIAN_POINT('',(109.83955705647,-28.42409649282,2.));
#4044 = CARTESIAN_POINT('',(109.84839573916,-28.42994686809,2.));
#4045 = CARTESIAN_POINT('',(109.85715070895,-28.43592145361,2.));
#4046 = CARTESIAN_POINT('',(109.87480908535,-28.44834120232,2.));
#4047 = CARTESIAN_POINT('',(109.8837059803,-28.45479559887,2.));
#4048 = CARTESIAN_POINT('',(109.89250715251,-28.46137957198,2.));
#4049 = CARTESIAN_POINT('',(109.91022324721,-28.47504203506,2.));
#4050 = CARTESIAN_POINT('',(109.91913100649,-28.48212978862,2.));
#4051 = CARTESIAN_POINT('',(109.92792995553,-28.48935181356,2.));
#4052 = CARTESIAN_POINT('',(109.94530422286,-28.50405931851,2.));
#4053 = CARTESIAN_POINT('',(109.9538795414,-28.51154479872,2.));
#4054 = CARTESIAN_POINT('',(109.96234003984,-28.5191594629,2.));
#4055 = CARTESIAN_POINT('',(109.97902562454,-28.53464180348,2.));
#4056 = CARTESIAN_POINT('',(109.98725071104,-28.54250948012,2.));
#4057 = CARTESIAN_POINT('',(109.99535520579,-28.55050098528,2.));
#4058 = CARTESIAN_POINT('',(110.01049185468,-28.56588681312,2.));
#4059 = CARTESIAN_POINT('',(110.01754821016,-28.57325739201,2.));
#4060 = CARTESIAN_POINT('',(110.02450342483,-28.58072322706,2.));
#4061 = CARTESIAN_POINT('',(110.03847130719,-28.5961319365,2.));
#4062 = CARTESIAN_POINT('',(110.04547589599,-28.60408211458,2.));
#4063 = CARTESIAN_POINT('',(110.05236722628,-28.61213039712,2.));
#4064 = CARTESIAN_POINT('',(110.06617027089,-28.62871991501,2.));
#4065 = CARTESIAN_POINT('',(110.07307328721,-28.6372683679,2.));
#4066 = CARTESIAN_POINT('',(110.07985004927,-28.64591697742,2.));
#4067 = CARTESIAN_POINT('',(110.09338421876,-28.66372122452,2.));
#4068 = CARTESIAN_POINT('',(110.10013229131,-28.67288393912,2.));
#4069 = CARTESIAN_POINT('',(110.10674024886,-28.68214793357,2.));
#4070 = CARTESIAN_POINT('',(110.1192255571,-28.70022634778,2.));
#4071 = CARTESIAN_POINT('',(110.12512186558,-28.70902771114,2.));
#4072 = CARTESIAN_POINT('',(110.13089297526,-28.71791144585,2.));
#4073 = CARTESIAN_POINT('',(110.14239045764,-28.73617026157,2.));
#4074 = CARTESIAN_POINT('',(110.14810725705,-28.74555135462,2.));
#4075 = CARTESIAN_POINT('',(110.15368570451,-28.75501514592,2.));
#4076 = CARTESIAN_POINT('',(110.16475661482,-28.77444280674,2.));
#4077 = CARTESIAN_POINT('',(110.17023889158,-28.7844124653,2.));
#4078 = CARTESIAN_POINT('',(110.17556892813,-28.79446411451,2.));
#4079 = CARTESIAN_POINT('',(110.18592094011,-28.81472438638,2.));
#4080 = CARTESIAN_POINT('',(110.19094291568,-28.82493300934,2.));
#4081 = CARTESIAN_POINT('',(110.1958090702,-28.8352166148,2.));
#4082 = CARTESIAN_POINT('',(110.20522647973,-28.85592662737,2.));
#4083 = CARTESIAN_POINT('',(110.20977773486,-28.8663530348,2.));
#4084 = CARTESIAN_POINT('',(110.21416991138,-28.876847261,2.));
#4085 = CARTESIAN_POINT('',(110.22263317983,-28.89796404698,2.));
#4086 = CARTESIAN_POINT('',(110.22670427187,-28.90858660707,2.));
#4087 = CARTESIAN_POINT('',(110.23061335776,-28.91926968152,2.));
#4088 = CARTESIAN_POINT('',(110.23784659609,-28.94000874862,2.));
#4089 = CARTESIAN_POINT('',(110.24119249628,-28.9500571773,2.));
#4090 = CARTESIAN_POINT('',(110.24439579665,-28.96015184302,2.));
#4091 = CARTESIAN_POINT('',(110.25074201366,-28.9811785226,2.));
#4092 = CARTESIAN_POINT('',(110.25386288107,-28.99211717337,2.));
#4093 = CARTESIAN_POINT('',(110.25681704511,-29.00310189163,2.));
#4094 = CARTESIAN_POINT('',(110.26229395276,-29.02477559467,2.));
#4095 = CARTESIAN_POINT('',(110.26482806031,-29.03546171599,2.));
#4096 = CARTESIAN_POINT('',(110.26720499694,-29.04618379359,2.));
#4097 = CARTESIAN_POINT('',(110.27164309739,-29.06769292619,2.));
#4098 = CARTESIAN_POINT('',(110.27370426124,-29.07847998148,2.));
#4099 = CARTESIAN_POINT('',(110.27560682304,-29.08929605724,2.));
#4100 = CARTESIAN_POINT('',(110.27890682568,-29.1098176583,2.));
#4101 = CARTESIAN_POINT('',(110.280336546,-29.11951800729,2.));
#4102 = CARTESIAN_POINT('',(110.28163898144,-29.12923621599,2.));
#4103 = CARTESIAN_POINT('',(110.28417665436,-29.15026072012,2.));
#4104 = CARTESIAN_POINT('',(110.28536779782,-29.16157232341,2.));
#4105 = CARTESIAN_POINT('',(110.28638678891,-29.17290068634,2.));
#4106 = CARTESIAN_POINT('',(110.28790473331,-29.19323663089,2.));
#4107 = CARTESIAN_POINT('',(110.28846766152,-29.2022394505,2.));
#4108 = CARTESIAN_POINT('',(110.28892197336,-29.21124838758,2.));
#4109 = CARTESIAN_POINT('',(110.28963375209,-29.22981017087,2.));
#4110 = CARTESIAN_POINT('',(110.28987791736,-29.23936352614,2.));
#4111 = CARTESIAN_POINT('',(110.29,-29.24891921435,2.));
#4112 = CARTESIAN_POINT('',(110.29,-29.25847490306,2.));
#4113 = ORIENTED_EDGE('',*,*,#4114,.T.);
#4114 = EDGE_CURVE('',#3997,#4115,#4117,.T.);
#4115 = VERTEX_POINT('',#4116);
#4116 = CARTESIAN_POINT('',(109.19,-28.25984536831,2.));
#4117 = LINE('',#4118,#4119);
#4118 = CARTESIAN_POINT('',(111.745,-28.25984536831,2.));
#4119 = VECTOR('',#4120,1.);
#4120 = DIRECTION('',(-1.,1.702965507896E-12,0.));
#4121 = ORIENTED_EDGE('',*,*,#4122,.T.);
#4122 = EDGE_CURVE('',#4115,#4123,#4125,.T.);
#4123 = VERTEX_POINT('',#4124);
#4124 = CARTESIAN_POINT('',(107.19,-26.2625862988,2.));
#4125 = B_SPLINE_CURVE_WITH_KNOTS('',5,(#4126,#4127,#4128,#4129,#4130,
    #4131,#4132,#4133,#4134,#4135,#4136,#4137,#4138,#4139,#4140,#4141,
    #4142,#4143,#4144,#4145,#4146,#4147,#4148,#4149,#4150,#4151,#4152,
    #4153,#4154,#4155,#4156,#4157,#4158,#4159,#4160,#4161,#4162,#4163,
    #4164,#4165,#4166,#4167,#4168,#4169,#4170,#4171,#4172,#4173,#4174,
    #4175,#4176,#4177,#4178,#4179,#4180,#4181,#4182,#4183,#4184,#4185,
    #4186,#4187,#4188,#4189,#4190,#4191,#4192,#4193,#4194,#4195,#4196,
    #4197,#4198,#4199,#4200,#4201,#4202,#4203,#4204,#4205,#4206,#4207,
    #4208,#4209,#4210,#4211,#4212,#4213,#4214,#4215,#4216,#4217,#4218,
    #4219,#4220,#4221,#4222,#4223,#4224,#4225,#4226,#4227,#4228,#4229,
    #4230,#4231,#4232,#4233,#4234,#4235,#4236,#4237,#4238,#4239,#4240,
    #4241,#4242,#4243),.UNSPECIFIED.,.F.,.F.,(6,4,4,4,4,4,4,4,4,4,4,4,4,
    4,4,4,4,4,4,4,4,4,4,4,4,4,4,4,4,6),(0.,0.240631619141,0.289631587394
    ,0.320631557378,0.34963152309,0.375631488008,0.404631444852,
    0.425631411534,0.447631375196,0.46963133783,0.5066312737,
    0.535631223788,0.564631175203,0.583631144616,0.61063110339,
    0.637631065546,0.662631034195,0.685631008998,0.710630986075,
    0.737630967133,0.766630954203,0.794630949684,0.82363095386,
    0.850630966367,0.877630987581,0.90663102043,0.927631050958,
    0.950631090982,0.968631127187,1.),.UNSPECIFIED.);
#4126 = CARTESIAN_POINT('',(109.19,-28.25984536831,2.));
#4127 = CARTESIAN_POINT('',(109.03880708069,-28.25984536831,2.));
#4128 = CARTESIAN_POINT('',(108.8876069758,-28.24557724761,2.));
#4129 = CARTESIAN_POINT('',(108.73822053251,-28.21704237328,2.));
#4130 = CARTESIAN_POINT('',(108.59242082096,-28.17457942629,2.));
#4131 = CARTESIAN_POINT('',(108.42328644991,-28.10751164913,2.));
#4132 = CARTESIAN_POINT('',(108.39489087,-28.0956152535,2.));
#4133 = CARTESIAN_POINT('',(108.36672805449,-28.08317461638,2.));
#4134 = CARTESIAN_POINT('',(108.33881190195,-28.07019587732,2.));
#4135 = CARTESIAN_POINT('',(108.29365953585,-28.04813846418,2.));
#4136 = CARTESIAN_POINT('',(108.27626719092,-28.03937851366,2.));
#4137 = CARTESIAN_POINT('',(108.25898249763,-28.03040754789,2.));
#4138 = CARTESIAN_POINT('',(108.24180887087,-28.02122733923,2.));
#4139 = CARTESIAN_POINT('',(108.20879109002,-28.00305780022,2.));
#4140 = CARTESIAN_POINT('',(108.19293264555,-27.99409436615,2.));
#4141 = CARTESIAN_POINT('',(108.17717710913,-27.98495095985,2.));
#4142 = CARTESIAN_POINT('',(108.1615272049,-27.97562916222,2.));
#4143 = CARTESIAN_POINT('',(108.1320517894,-27.95761467964,2.));
#4144 = CARTESIAN_POINT('',(108.11820502593,-27.94895667176,2.));
#4145 = CARTESIAN_POINT('',(108.10444726762,-27.94015777634,2.));
#4146 = CARTESIAN_POINT('',(108.09078042657,-27.9312192163,2.));
#4147 = CARTESIAN_POINT('',(108.06206612021,-27.91201795023,2.));
#4148 = CARTESIAN_POINT('',(108.04704130649,-27.90172146231,2.));
#4149 = CARTESIAN_POINT('',(108.03213456734,-27.89125454083,2.));
#4150 = CARTESIAN_POINT('',(108.01734848014,-27.88061899553,2.));
#4151 = CARTESIAN_POINT('',(107.99206762063,-27.86199433985,2.));
#4152 = CARTESIAN_POINT('',(107.98151425693,-27.85408454232,2.));
#4153 = CARTESIAN_POINT('',(107.97102645282,-27.84608801157,2.));
#4154 = CARTESIAN_POINT('',(107.96060515924,-27.83800547267,2.));
#4155 = CARTESIAN_POINT('',(107.93940443156,-27.82128091737,2.));
#4156 = CARTESIAN_POINT('',(107.92863157408,-27.81263058686,2.));
#4157 = CARTESIAN_POINT('',(107.91793382229,-27.80388752644,2.));
#4158 = CARTESIAN_POINT('',(107.90731224073,-27.79505260614,2.));
#4159 = CARTESIAN_POINT('',(107.88622351754,-27.77720082299,2.));
#4160 = CARTESIAN_POINT('',(107.87575637581,-27.76818396008,2.));
#4161 = CARTESIAN_POINT('',(107.86536750318,-27.75907701402,2.));
#4162 = CARTESIAN_POINT('',(107.85505793346,-27.74988089104,2.));
#4163 = CARTESIAN_POINT('',(107.82762494893,-27.72498188372,2.));
#4164 = CARTESIAN_POINT('',(107.81064840142,-27.70911762735,2.));
#4165 = CARTESIAN_POINT('',(107.79390388657,-27.69300814304,2.));
#4166 = CARTESIAN_POINT('',(107.7773961168,-27.67665796448,2.));
#4167 = CARTESIAN_POINT('',(107.74838029722,-27.64707176554,2.));
#4168 = CARTESIAN_POINT('',(107.73577917176,-27.633926775,2.));
#4169 = CARTESIAN_POINT('',(107.72332850133,-27.62063903903,2.));
#4170 = CARTESIAN_POINT('',(107.71103043865,-27.60721085507,2.));
#4171 = CARTESIAN_POINT('',(107.68674372892,-27.58007828341,2.));
#4172 = CARTESIAN_POINT('',(107.67475508156,-27.56637389536,2.));
#4173 = CARTESIAN_POINT('',(107.66292324232,-27.55253375183,2.));
#4174 = CARTESIAN_POINT('',(107.65125025692,-27.5385602458,2.));
#4175 = CARTESIAN_POINT('',(107.63219567919,-27.51521498335,2.));
#4176 = CARTESIAN_POINT('',(107.62472228467,-27.50591795101,2.));
#4177 = CARTESIAN_POINT('',(107.61731849283,-27.49656540574,2.));
#4178 = CARTESIAN_POINT('',(107.60998485322,-27.4871580417,2.));
#4179 = CARTESIAN_POINT('',(107.59240087243,-27.4642512985,2.));
#4180 = CARTESIAN_POINT('',(107.58222259328,-27.4506967534,2.));
#4181 = CARTESIAN_POINT('',(107.57218861489,-27.43703494171,2.));
#4182 = CARTESIAN_POINT('',(107.56230044111,-27.42326791104,2.));
#4183 = CARTESIAN_POINT('',(107.54281862233,-27.39552756886,2.));
#4184 = CARTESIAN_POINT('',(107.53322497718,-27.38155425707,2.));
#4185 = CARTESIAN_POINT('',(107.52378005725,-27.36747988489,2.));
#4186 = CARTESIAN_POINT('',(107.51448527814,-27.35330656176,2.));
#4187 = CARTESIAN_POINT('',(107.4968760209,-27.32582333746,2.));
#4188 = CARTESIAN_POINT('',(107.48853992787,-27.31252724732,2.));
#4189 = CARTESIAN_POINT('',(107.48033481965,-27.29914985493,2.));
#4190 = CARTESIAN_POINT('',(107.47226175057,-27.28569287926,2.));
#4191 = CARTESIAN_POINT('',(107.45701693137,-27.25970602422,2.));
#4192 = CARTESIAN_POINT('',(107.44982474323,-27.24718810146,2.));
#4193 = CARTESIAN_POINT('',(107.44274597142,-27.23460564628,2.));
#4194 = CARTESIAN_POINT('',(107.43578138583,-27.22196002718,2.));
#4195 = CARTESIAN_POINT('',(107.42148645396,-27.19544023207,2.));
#4196 = CARTESIAN_POINT('',(107.41417696475,-27.18155484409,2.));
#4197 = CARTESIAN_POINT('',(107.40700422092,-27.16759823791,2.));
#4198 = CARTESIAN_POINT('',(107.39996914415,-27.15357220693,2.));
#4199 = CARTESIAN_POINT('',(107.3856243741,-27.12425742348,2.));
#4200 = CARTESIAN_POINT('',(107.37833773607,-27.10895741985,2.));
#4201 = CARTESIAN_POINT('',(107.37121382342,-27.09358083372,2.));
#4202 = CARTESIAN_POINT('',(107.36425370386,-27.0781299697,2.));
#4203 = CARTESIAN_POINT('',(107.35015973048,-27.04593449791,2.));
#4204 = CARTESIAN_POINT('',(107.34305119748,-27.02917883558,2.));
#4205 = CARTESIAN_POINT('',(107.33613405955,-27.01234305171,2.));
#4206 = CARTESIAN_POINT('',(107.32940951267,-26.99543005724,2.));
#4207 = CARTESIAN_POINT('',(107.31657305928,-26.96204128652,2.));
#4208 = CARTESIAN_POINT('',(107.31044802303,-26.94557054378,2.));
#4209 = CARTESIAN_POINT('',(107.30450459436,-26.92903320658,2.));
#4210 = CARTESIAN_POINT('',(107.29874373125,-26.91243194049,2.));
#4211 = CARTESIAN_POINT('',(107.28738974017,-26.87851182885,2.));
#4212 = CARTESIAN_POINT('',(107.28180995082,-26.86118853028,2.));
#4213 = CARTESIAN_POINT('',(107.27642796407,-26.84380252129,2.));
#4214 = CARTESIAN_POINT('',(107.27124471046,-26.82635680793,2.));
#4215 = CARTESIAN_POINT('',(107.2616210926,-26.79255908318,2.));
#4216 = CARTESIAN_POINT('',(107.25715414733,-26.77621461937,2.));
#4217 = CARTESIAN_POINT('',(107.25286091178,-26.75982346906,2.));
#4218 = CARTESIAN_POINT('',(107.24874202944,-26.74338808893,2.));
#4219 = CARTESIAN_POINT('',(107.24085415244,-26.71043380428,2.));
#4220 = CARTESIAN_POINT('',(107.23708515783,-26.69391489944,2.));
#4221 = CARTESIAN_POINT('',(107.23349169903,-26.67735670503,2.));
#4222 = CARTESIAN_POINT('',(107.23007431461,-26.66076170276,2.));
#4223 = CARTESIAN_POINT('',(107.22335260404,-26.62627126127,2.));
#4224 = CARTESIAN_POINT('',(107.22007540381,-26.60837054967,2.));
#4225 = CARTESIAN_POINT('',(107.21700249182,-26.59043334023,2.));
#4226 = CARTESIAN_POINT('',(107.21413439937,-26.57246273432,2.));
#4227 = CARTESIAN_POINT('',(107.20954334301,-26.54142671477,2.));
#4228 = CARTESIAN_POINT('',(107.20772274294,-26.52837570428,2.));
#4229 = CARTESIAN_POINT('',(107.2060099617,-26.51530999607,2.));
#4230 = CARTESIAN_POINT('',(107.20440515457,-26.50223077481,2.));
#4231 = CARTESIAN_POINT('',(107.20126921697,-26.47480086255,2.));
#4232 = CARTESIAN_POINT('',(107.1997596595,-26.46044771185,2.));
#4233 = CARTESIAN_POINT('',(107.19837996321,-26.44608133544,2.));
#4234 = CARTESIAN_POINT('',(107.19713027816,-26.43170329587,2.));
#4235 = CARTESIAN_POINT('',(107.19513455478,-26.40605487375,2.));
#4236 = CARTESIAN_POINT('',(107.19433808685,-26.39478840434,2.));
#4237 = CARTESIAN_POINT('',(107.19362138074,-26.38351650033,2.));
#4238 = CARTESIAN_POINT('',(107.1929844842,-26.37223991261,2.));
#4239 = CARTESIAN_POINT('',(107.19145665707,-26.34130069939,2.));
#4240 = CARTESIAN_POINT('',(107.19072837766,-26.3216300637,2.));
#4241 = CARTESIAN_POINT('',(107.19024279255,-26.30195146391,2.));
#4242 = CARTESIAN_POINT('',(107.19,-26.28226888103,2.));
#4243 = CARTESIAN_POINT('',(107.19,-26.2625862988,2.));
#4244 = ORIENTED_EDGE('',*,*,#4245,.T.);
#4245 = EDGE_CURVE('',#4123,#1541,#4246,.T.);
#4246 = LINE('',#4247,#4248);
#4247 = CARTESIAN_POINT('',(107.19,-19.54862953479,2.));
#4248 = VECTOR('',#4249,1.);
#4249 = DIRECTION('',(5.818432322951E-18,1.,0.));
#4250 = ORIENTED_EDGE('',*,*,#1540,.T.);
#4251 = ORIENTED_EDGE('',*,*,#1413,.T.);
#4252 = ORIENTED_EDGE('',*,*,#1833,.T.);
#4253 = ORIENTED_EDGE('',*,*,#1858,.T.);
#4254 = ORIENTED_EDGE('',*,*,#2260,.T.);
#4255 = ORIENTED_EDGE('',*,*,#2309,.T.);
#4256 = ORIENTED_EDGE('',*,*,#3062,.T.);
#4257 = PLANE('',#4258);
#4258 = AXIS2_PLACEMENT_3D('',#4259,#4260,#4261);
#4259 = CARTESIAN_POINT('',(114.3,-38.1,2.));
#4260 = DIRECTION('',(0.,0.,1.));
#4261 = DIRECTION('',(1.,0.,0.));
#4262 = ADVANCED_FACE('',(#4263,#4273),#4309,.T.);
#4263 = FACE_BOUND('',#4264,.T.);
#4264 = EDGE_LOOP('',(#4265,#4266,#4267,#4268,#4269,#4270,#4271,#4272));
#4265 = ORIENTED_EDGE('',*,*,#2012,.T.);
#4266 = ORIENTED_EDGE('',*,*,#1964,.T.);
#4267 = ORIENTED_EDGE('',*,*,#1914,.T.);
#4268 = ORIENTED_EDGE('',*,*,#1498,.T.);
#4269 = ORIENTED_EDGE('',*,*,#2201,.T.);
#4270 = ORIENTED_EDGE('',*,*,#2153,.F.);
#4271 = ORIENTED_EDGE('',*,*,#2110,.T.);
#4272 = ORIENTED_EDGE('',*,*,#2055,.F.);
#4273 = FACE_BOUND('',#4274,.T.);
#4274 = EDGE_LOOP('',(#4275,#4286,#4294,#4303));
#4275 = ORIENTED_EDGE('',*,*,#4276,.F.);
#4276 = EDGE_CURVE('',#4277,#4279,#4281,.T.);
#4277 = VERTEX_POINT('',#4278);
#4278 = CARTESIAN_POINT('',(13.150000000044,4.5500000011,11.));
#4279 = VERTEX_POINT('',#4280);
#4280 = CARTESIAN_POINT('',(13.150000000007,1.5500000011,11.));
#4281 = CIRCLE('',#4282,1.5);
#4282 = AXIS2_PLACEMENT_3D('',#4283,#4284,#4285);
#4283 = CARTESIAN_POINT('',(13.150000000025,3.0500000011,11.));
#4284 = DIRECTION('',(0.,0.,1.));
#4285 = DIRECTION('',(1.,0.,0.));
#4286 = ORIENTED_EDGE('',*,*,#4287,.T.);
#4287 = EDGE_CURVE('',#4277,#4288,#4290,.T.);
#4288 = VERTEX_POINT('',#4289);
#4289 = CARTESIAN_POINT('',(91.150000000044,4.550000000131,11.));
#4290 = LINE('',#4291,#4292);
#4291 = CARTESIAN_POINT('',(13.150000000044,4.5500000011,11.));
#4292 = VECTOR('',#4293,1.);
#4293 = DIRECTION('',(1.,-1.243102487044E-11,0.));
#4294 = ORIENTED_EDGE('',*,*,#4295,.F.);
#4295 = EDGE_CURVE('',#4296,#4288,#4298,.T.);
#4296 = VERTEX_POINT('',#4297);
#4297 = CARTESIAN_POINT('',(91.150000000007,1.550000000131,11.));
#4298 = CIRCLE('',#4299,1.5);
#4299 = AXIS2_PLACEMENT_3D('',#4300,#4301,#4302);
#4300 = CARTESIAN_POINT('',(91.150000000025,3.050000000131,11.));
#4301 = DIRECTION('',(0.,0.,1.));
#4302 = DIRECTION('',(1.,0.,0.));
#4303 = ORIENTED_EDGE('',*,*,#4304,.F.);
#4304 = EDGE_CURVE('',#4279,#4296,#4305,.T.);
#4305 = LINE('',#4306,#4307);
#4306 = CARTESIAN_POINT('',(13.150000000007,1.5500000011,11.));
#4307 = VECTOR('',#4308,1.);
#4308 = DIRECTION('',(1.,-1.243103056389E-11,0.));
#4309 = PLANE('',#4310);
#4310 = AXIS2_PLACEMENT_3D('',#4311,#4312,#4313);
#4311 = CARTESIAN_POINT('',(114.29999999979,-39.79701122293,11.));
#4312 = DIRECTION('',(0.,0.,1.));
#4313 = DIRECTION('',(1.,0.,0.));
#4314 = ADVANCED_FACE('',(#4315,#4325),#4361,.T.);
#4315 = FACE_BOUND('',#4316,.T.);
#4316 = EDGE_LOOP('',(#4317,#4318,#4319,#4320,#4321,#4322,#4323,#4324));
#4317 = ORIENTED_EDGE('',*,*,#2388,.T.);
#4318 = ORIENTED_EDGE('',*,*,#2294,.T.);
#4319 = ORIENTED_EDGE('',*,*,#2244,.T.);
#4320 = ORIENTED_EDGE('',*,*,#1475,.F.);
#4321 = ORIENTED_EDGE('',*,*,#2577,.T.);
#4322 = ORIENTED_EDGE('',*,*,#2529,.F.);
#4323 = ORIENTED_EDGE('',*,*,#2486,.T.);
#4324 = ORIENTED_EDGE('',*,*,#2431,.F.);
#4325 = FACE_BOUND('',#4326,.T.);
#4326 = EDGE_LOOP('',(#4327,#4338,#4346,#4355));
#4327 = ORIENTED_EDGE('',*,*,#4328,.F.);
#4328 = EDGE_CURVE('',#4329,#4331,#4333,.T.);
#4329 = VERTEX_POINT('',#4330);
#4330 = CARTESIAN_POINT('',(137.45000000003,4.550000000667,11.));
#4331 = VERTEX_POINT('',#4332);
#4332 = CARTESIAN_POINT('',(137.44999999999,1.550000000667,11.));
#4333 = CIRCLE('',#4334,1.5);
#4334 = AXIS2_PLACEMENT_3D('',#4335,#4336,#4337);
#4335 = CARTESIAN_POINT('',(137.45000000002,3.050000000667,11.));
#4336 = DIRECTION('',(0.,0.,1.));
#4337 = DIRECTION('',(1.,0.,0.));
#4338 = ORIENTED_EDGE('',*,*,#4339,.T.);
#4339 = EDGE_CURVE('',#4329,#4340,#4342,.T.);
#4340 = VERTEX_POINT('',#4341);
#4341 = CARTESIAN_POINT('',(215.45000000004,4.549999999697,11.));
#4342 = LINE('',#4343,#4344);
#4343 = CARTESIAN_POINT('',(137.45000000003,4.550000000667,11.));
#4344 = VECTOR('',#4345,1.);
#4345 = DIRECTION('',(1.,-1.242930544812E-11,0.));
#4346 = ORIENTED_EDGE('',*,*,#4347,.F.);
#4347 = EDGE_CURVE('',#4348,#4340,#4350,.T.);
#4348 = VERTEX_POINT('',#4349);
#4349 = CARTESIAN_POINT('',(215.45,1.549999999697,11.));
#4350 = CIRCLE('',#4351,1.5);
#4351 = AXIS2_PLACEMENT_3D('',#4352,#4353,#4354);
#4352 = CARTESIAN_POINT('',(215.45000000002,3.049999999697,11.));
#4353 = DIRECTION('',(0.,0.,1.));
#4354 = DIRECTION('',(1.,0.,0.));
#4355 = ORIENTED_EDGE('',*,*,#4356,.F.);
#4356 = EDGE_CURVE('',#4331,#4348,#4357,.T.);
#4357 = LINE('',#4358,#4359);
#4358 = CARTESIAN_POINT('',(137.44999999999,1.550000000667,11.));
#4359 = VECTOR('',#4360,1.);
#4360 = DIRECTION('',(1.,-1.242929975466E-11,0.));
#4361 = PLANE('',#4362);
#4362 = AXIS2_PLACEMENT_3D('',#4363,#4364,#4365);
#4363 = CARTESIAN_POINT('',(114.29999999979,-39.79701122293,11.));
#4364 = DIRECTION('',(0.,0.,1.));
#4365 = DIRECTION('',(1.,0.,0.));
#4366 = ADVANCED_FACE('',(#4367),#4386,.T.);
#4367 = FACE_BOUND('',#4368,.T.);
#4368 = EDGE_LOOP('',(#4369,#4378,#4384,#4385));
#4369 = ORIENTED_EDGE('',*,*,#4370,.F.);
#4370 = EDGE_CURVE('',#4371,#1437,#4373,.T.);
#4371 = VERTEX_POINT('',#4372);
#4372 = CARTESIAN_POINT('',(133.99,-0.99725906951,-1.834266992788));
#4373 = CIRCLE('',#4374,2.);
#4374 = AXIS2_PLACEMENT_3D('',#4375,#4376,#4377);
#4375 = CARTESIAN_POINT('',(131.99,-0.99725906951,-1.834266992788));
#4376 = DIRECTION('',(-0.,5.233595624294E-02,0.998629534755));
#4377 = DIRECTION('',(1.,0.,0.));
#4378 = ORIENTED_EDGE('',*,*,#4379,.T.);
#4379 = EDGE_CURVE('',#4371,#3382,#4380,.T.);
#4380 = LINE('',#4381,#4382);
#4381 = CARTESIAN_POINT('',(133.99,-0.99725906951,-1.834266992788));
#4382 = VECTOR('',#4383,1.);
#4383 = DIRECTION('',(1.110223024625E-16,1.110223024625E-16,1.));
#4384 = ORIENTED_EDGE('',*,*,#3381,.F.);
#4385 = ORIENTED_EDGE('',*,*,#1444,.F.);
#4386 = SURFACE_OF_LINEAR_EXTRUSION('',#4387,#4392);
#4387 = CIRCLE('',#4388,2.);
#4388 = AXIS2_PLACEMENT_3D('',#4389,#4390,#4391);
#4389 = CARTESIAN_POINT('',(131.99,-0.99725906951,-1.834266992788));
#4390 = DIRECTION('',(-0.,5.233595624294E-02,0.998629534755));
#4391 = DIRECTION('',(1.,0.,0.));
#4392 = VECTOR('',#4393,1.);
#4393 = DIRECTION('',(-1.110223024625E-16,-1.110223024625E-16,-1.));
#4394 = ADVANCED_FACE('',(#4395,#4508,#4511,#4514),#4517,.T.);
#4395 = FACE_BOUND('',#4396,.T.);
#4396 = EDGE_LOOP('',(#4397,#4407,#4416,#4422,#4423,#4424,#4425,#4433,
    #4442,#4450,#4459,#4467,#4476,#4484,#4493,#4501));
#4397 = ORIENTED_EDGE('',*,*,#4398,.T.);
#4398 = EDGE_CURVE('',#4399,#4401,#4403,.T.);
#4399 = VERTEX_POINT('',#4400);
#4400 = CARTESIAN_POINT('',(131.89,-28.25984536831,-0.405495387355));
#4401 = VERTEX_POINT('',#4402);
#4402 = CARTESIAN_POINT('',(131.99,-28.25984536831,-0.405495387355));
#4403 = LINE('',#4404,#4405);
#4404 = CARTESIAN_POINT('',(131.89,-28.25984536831,-0.405495387355));
#4405 = VECTOR('',#4406,1.);
#4406 = DIRECTION('',(1.,5.321767212238E-13,-2.789020014547E-14));
#4407 = ORIENTED_EDGE('',*,*,#4408,.T.);
#4408 = EDGE_CURVE('',#4401,#4409,#4411,.T.);
#4409 = VERTEX_POINT('',#4410);
#4410 = CARTESIAN_POINT('',(133.99,-26.2625862988,-0.510167299841));
#4411 = CIRCLE('',#4412,2.);
#4412 = AXIS2_PLACEMENT_3D('',#4413,#4414,#4415);
#4413 = CARTESIAN_POINT('',(131.99,-26.2625862988,-0.510167299841));
#4414 = DIRECTION('',(-0.,5.233595624294E-02,0.998629534755));
#4415 = DIRECTION('',(1.,0.,0.));
#4416 = ORIENTED_EDGE('',*,*,#4417,.T.);
#4417 = EDGE_CURVE('',#4409,#4371,#4418,.T.);
#4418 = LINE('',#4419,#4420);
#4419 = CARTESIAN_POINT('',(133.99,-26.2625862988,-0.510167299841));
#4420 = VECTOR('',#4421,1.);
#4421 = DIRECTION('',(0.,0.998629534755,-5.233595624294E-02));
#4422 = ORIENTED_EDGE('',*,*,#4370,.T.);
#4423 = ORIENTED_EDGE('',*,*,#1436,.T.);
#4424 = ORIENTED_EDGE('',*,*,#1527,.T.);
#4425 = ORIENTED_EDGE('',*,*,#4426,.T.);
#4426 = EDGE_CURVE('',#1528,#4427,#4429,.T.);
#4427 = VERTEX_POINT('',#4428);
#4428 = CARTESIAN_POINT('',(107.19,-26.2625862988,-0.510167299841));
#4429 = LINE('',#4430,#4431);
#4430 = CARTESIAN_POINT('',(107.19,-0.997259069584,-1.834266992784));
#4431 = VECTOR('',#4432,1.);
#4432 = DIRECTION('',(0.,-0.998629534755,5.233595624294E-02));
#4433 = ORIENTED_EDGE('',*,*,#4434,.T.);
#4434 = EDGE_CURVE('',#4427,#4435,#4437,.T.);
#4435 = VERTEX_POINT('',#4436);
#4436 = CARTESIAN_POINT('',(109.19,-28.25984536831,-0.405495387355));
#4437 = CIRCLE('',#4438,2.);
#4438 = AXIS2_PLACEMENT_3D('',#4439,#4440,#4441);
#4439 = CARTESIAN_POINT('',(109.19,-26.2625862988,-0.510167299841));
#4440 = DIRECTION('',(-0.,5.233595624294E-02,0.998629534755));
#4441 = DIRECTION('',(1.,0.,0.));
#4442 = ORIENTED_EDGE('',*,*,#4443,.T.);
#4443 = EDGE_CURVE('',#4435,#4444,#4446,.T.);
#4444 = VERTEX_POINT('',#4445);
#4445 = CARTESIAN_POINT('',(109.29,-28.25984536831,-0.405495387355));
#4446 = LINE('',#4447,#4448);
#4447 = CARTESIAN_POINT('',(109.19,-28.25984536831,-0.405495387355));
#4448 = VECTOR('',#4449,1.);
#4449 = DIRECTION('',(1.,-1.702965507896E-12,8.924864046444E-14));
#4450 = ORIENTED_EDGE('',*,*,#4451,.F.);
#4451 = EDGE_CURVE('',#4452,#4444,#4454,.T.);
#4452 = VERTEX_POINT('',#4453);
#4453 = CARTESIAN_POINT('',(110.29,-29.25847490306,-0.353159431112));
#4454 = CIRCLE('',#4455,1.);
#4455 = AXIS2_PLACEMENT_3D('',#4456,#4457,#4458);
#4456 = CARTESIAN_POINT('',(109.29,-29.25847490306,-0.353159431112));
#4457 = DIRECTION('',(-0.,5.233595624294E-02,0.998629534755));
#4458 = DIRECTION('',(1.,0.,0.));
#4459 = ORIENTED_EDGE('',*,*,#4460,.T.);
#4460 = EDGE_CURVE('',#4452,#4461,#4463,.T.);
#4461 = VERTEX_POINT('',#4462);
#4462 = CARTESIAN_POINT('',(110.29,-36.24888164634,1.319226258825E-02));
#4463 = LINE('',#4464,#4465);
#4464 = CARTESIAN_POINT('',(110.29,-29.25847490306,-0.353159431112));
#4465 = VECTOR('',#4466,1.);
#4466 = DIRECTION('',(0.,-0.998629534755,5.233595624294E-02));
#4467 = ORIENTED_EDGE('',*,*,#4468,.T.);
#4468 = EDGE_CURVE('',#4461,#4469,#4471,.T.);
#4469 = VERTEX_POINT('',#4470);
#4470 = CARTESIAN_POINT('',(112.29,-38.24614071585,0.117864175074));
#4471 = CIRCLE('',#4472,2.);
#4472 = AXIS2_PLACEMENT_3D('',#4473,#4474,#4475);
#4473 = CARTESIAN_POINT('',(112.29,-36.24888164634,1.319226258825E-02));
#4474 = DIRECTION('',(-0.,5.233595624294E-02,0.998629534755));
#4475 = DIRECTION('',(1.,0.,0.));
#4476 = ORIENTED_EDGE('',*,*,#4477,.T.);
#4477 = EDGE_CURVE('',#4469,#4478,#4480,.T.);
#4478 = VERTEX_POINT('',#4479);
#4479 = CARTESIAN_POINT('',(128.89,-38.24614071585,0.117864175074));
#4480 = LINE('',#4481,#4482);
#4481 = CARTESIAN_POINT('',(112.29,-38.24614071585,0.117864175074));
#4482 = VECTOR('',#4483,1.);
#4483 = DIRECTION('',(1.,0.,0.));
#4484 = ORIENTED_EDGE('',*,*,#4485,.T.);
#4485 = EDGE_CURVE('',#4478,#4486,#4488,.T.);
#4486 = VERTEX_POINT('',#4487);
#4487 = CARTESIAN_POINT('',(130.89,-36.24888164634,1.319226258825E-02));
#4488 = CIRCLE('',#4489,2.);
#4489 = AXIS2_PLACEMENT_3D('',#4490,#4491,#4492);
#4490 = CARTESIAN_POINT('',(128.89,-36.24888164634,1.319226258825E-02));
#4491 = DIRECTION('',(-0.,5.233595624294E-02,0.998629534755));
#4492 = DIRECTION('',(1.,0.,0.));
#4493 = ORIENTED_EDGE('',*,*,#4494,.T.);
#4494 = EDGE_CURVE('',#4486,#4495,#4497,.T.);
#4495 = VERTEX_POINT('',#4496);
#4496 = CARTESIAN_POINT('',(130.89,-29.25847490306,-0.353159431112));
#4497 = LINE('',#4498,#4499);
#4498 = CARTESIAN_POINT('',(130.89,-36.24888164634,1.319226258825E-02));
#4499 = VECTOR('',#4500,1.);
#4500 = DIRECTION('',(0.,0.998629534755,-5.233595624294E-02));
#4501 = ORIENTED_EDGE('',*,*,#4502,.F.);
#4502 = EDGE_CURVE('',#4399,#4495,#4503,.T.);
#4503 = CIRCLE('',#4504,1.);
#4504 = AXIS2_PLACEMENT_3D('',#4505,#4506,#4507);
#4505 = CARTESIAN_POINT('',(131.89,-29.25847490306,-0.353159431112));
#4506 = DIRECTION('',(-0.,5.233595624294E-02,0.998629534755));
#4507 = DIRECTION('',(1.,0.,0.));
#4508 = FACE_BOUND('',#4509,.T.);
#4509 = EDGE_LOOP('',(#4510));
#4510 = ORIENTED_EDGE('',*,*,#3305,.F.);
#4511 = FACE_BOUND('',#4512,.T.);
#4512 = EDGE_LOOP('',(#4513));
#4513 = ORIENTED_EDGE('',*,*,#3205,.F.);
#4514 = FACE_BOUND('',#4515,.T.);
#4515 = EDGE_LOOP('',(#4516));
#4516 = ORIENTED_EDGE('',*,*,#3230,.F.);
#4517 = PLANE('',#4518);
#4518 = AXIS2_PLACEMENT_3D('',#4519,#4520,#4521);
#4519 = CARTESIAN_POINT('',(120.59000000001,-17.92205024225,
    -0.947276272595));
#4520 = DIRECTION('',(0.,5.233595624294E-02,0.998629534755));
#4521 = DIRECTION('',(0.,0.998629534755,-5.233595624294E-02));
#4522 = ADVANCED_FACE('',(#4523),#4534,.T.);
#4523 = FACE_BOUND('',#4524,.T.);
#4524 = EDGE_LOOP('',(#4525,#4526,#4527,#4528));
#4525 = ORIENTED_EDGE('',*,*,#4426,.F.);
#4526 = ORIENTED_EDGE('',*,*,#1661,.T.);
#4527 = ORIENTED_EDGE('',*,*,#4245,.F.);
#4528 = ORIENTED_EDGE('',*,*,#4529,.F.);
#4529 = EDGE_CURVE('',#4427,#4123,#4530,.T.);
#4530 = LINE('',#4531,#4532);
#4531 = CARTESIAN_POINT('',(107.19,-26.2625862988,-0.510167299841));
#4532 = VECTOR('',#4533,1.);
#4533 = DIRECTION('',(1.110223024625E-16,1.110223024625E-16,1.));
#4534 = PLANE('',#4535);
#4535 = AXIS2_PLACEMENT_3D('',#4536,#4537,#4538);
#4536 = CARTESIAN_POINT('',(107.19,-0.997259069584,-1.834266992784));
#4537 = DIRECTION('',(1.,-5.818432322951E-18,-1.110223024625E-16));
#4538 = DIRECTION('',(-9.714986965873E-35,-0.998629534755,
    5.233595624294E-02));
#4539 = ADVANCED_FACE('',(#4540,#4543),#4546,.F.);
#4540 = FACE_BOUND('',#4541,.F.);
#4541 = EDGE_LOOP('',(#4542));
#4542 = ORIENTED_EDGE('',*,*,#3180,.T.);
#4543 = FACE_BOUND('',#4544,.F.);
#4544 = EDGE_LOOP('',(#4545));
#4545 = ORIENTED_EDGE('',*,*,#1767,.F.);
#4546 = PLANE('',#4547);
#4547 = AXIS2_PLACEMENT_3D('',#4548,#4549,#4550);
#4548 = CARTESIAN_POINT('',(114.3,-32.12142857143,5.));
#4549 = DIRECTION('',(0.,0.,1.));
#4550 = DIRECTION('',(1.,0.,0.));
#4551 = ADVANCED_FACE('',(#4552,#4555),#4558,.F.);
#4552 = FACE_BOUND('',#4553,.F.);
#4553 = EDGE_LOOP('',(#4554));
#4554 = ORIENTED_EDGE('',*,*,#3255,.T.);
#4555 = FACE_BOUND('',#4556,.F.);
#4556 = EDGE_LOOP('',(#4557));
#4557 = ORIENTED_EDGE('',*,*,#1792,.F.);
#4558 = PLANE('',#4559);
#4559 = AXIS2_PLACEMENT_3D('',#4560,#4561,#4562);
#4560 = CARTESIAN_POINT('',(114.3,-32.12142857143,5.));
#4561 = DIRECTION('',(0.,0.,1.));
#4562 = DIRECTION('',(1.,0.,0.));
#4563 = ADVANCED_FACE('',(#4564,#4567),#4570,.F.);
#4564 = FACE_BOUND('',#4565,.F.);
#4565 = EDGE_LOOP('',(#4566));
#4566 = ORIENTED_EDGE('',*,*,#3280,.T.);
#4567 = FACE_BOUND('',#4568,.F.);
#4568 = EDGE_LOOP('',(#4569));
#4569 = ORIENTED_EDGE('',*,*,#1817,.F.);
#4570 = PLANE('',#4571);
#4571 = AXIS2_PLACEMENT_3D('',#4572,#4573,#4574);
#4572 = CARTESIAN_POINT('',(114.3,-32.12142857143,5.));
#4573 = DIRECTION('',(0.,0.,1.));
#4574 = DIRECTION('',(1.,0.,0.));
#4575 = ADVANCED_FACE('',(#4576,#4586),#4622,.T.);
#4576 = FACE_BOUND('',#4577,.T.);
#4577 = EDGE_LOOP('',(#4578,#4579,#4580,#4581,#4582,#4583,#4584,#4585));
#4578 = ORIENTED_EDGE('',*,*,#2177,.T.);
#4579 = ORIENTED_EDGE('',*,*,#2219,.T.);
#4580 = ORIENTED_EDGE('',*,*,#1876,.T.);
#4581 = ORIENTED_EDGE('',*,*,#1932,.T.);
#4582 = ORIENTED_EDGE('',*,*,#1981,.T.);
#4583 = ORIENTED_EDGE('',*,*,#2030,.T.);
#4584 = ORIENTED_EDGE('',*,*,#2079,.T.);
#4585 = ORIENTED_EDGE('',*,*,#2128,.T.);
#4586 = FACE_BOUND('',#4587,.T.);
#4587 = EDGE_LOOP('',(#4588,#4599,#4607,#4616));
#4588 = ORIENTED_EDGE('',*,*,#4589,.F.);
#4589 = EDGE_CURVE('',#4590,#4592,#4594,.T.);
#4590 = VERTEX_POINT('',#4591);
#4591 = CARTESIAN_POINT('',(-1.550000000779,-13.09999999999,11.));
#4592 = VERTEX_POINT('',#4593);
#4593 = CARTESIAN_POINT('',(-4.550000000779,-13.09999999999,11.));
#4594 = CIRCLE('',#4595,1.5);
#4595 = AXIS2_PLACEMENT_3D('',#4596,#4597,#4598);
#4596 = CARTESIAN_POINT('',(-3.050000000779,-13.09999999999,11.));
#4597 = DIRECTION('',(0.,0.,1.));
#4598 = DIRECTION('',(1.,0.,0.));
#4599 = ORIENTED_EDGE('',*,*,#4600,.T.);
#4600 = EDGE_CURVE('',#4590,#4601,#4603,.T.);
#4601 = VERTEX_POINT('',#4602);
#4602 = CARTESIAN_POINT('',(-1.550000000881,-63.09999999999,11.));
#4603 = LINE('',#4604,#4605);
#4604 = CARTESIAN_POINT('',(-1.550000000779,-13.09999999999,11.));
#4605 = VECTOR('',#4606,1.);
#4606 = DIRECTION('',(-2.030242640672E-12,-1.,0.));
#4607 = ORIENTED_EDGE('',*,*,#4608,.F.);
#4608 = EDGE_CURVE('',#4609,#4601,#4611,.T.);
#4609 = VERTEX_POINT('',#4610);
#4610 = CARTESIAN_POINT('',(-4.550000000881,-63.09999999999,11.));
#4611 = CIRCLE('',#4612,1.5);
#4612 = AXIS2_PLACEMENT_3D('',#4613,#4614,#4615);
#4613 = CARTESIAN_POINT('',(-3.050000000881,-63.09999999999,11.));
#4614 = DIRECTION('',(0.,0.,1.));
#4615 = DIRECTION('',(1.,0.,0.));
#4616 = ORIENTED_EDGE('',*,*,#4617,.F.);
#4617 = EDGE_CURVE('',#4592,#4609,#4618,.T.);
#4618 = LINE('',#4619,#4620);
#4619 = CARTESIAN_POINT('',(-4.550000000779,-13.09999999999,11.));
#4620 = VECTOR('',#4621,1.);
#4621 = DIRECTION('',(-2.030233758887E-12,-1.,0.));
#4622 = PLANE('',#4623);
#4623 = AXIS2_PLACEMENT_3D('',#4624,#4625,#4626);
#4624 = CARTESIAN_POINT('',(114.29999999979,-39.79701122293,11.));
#4625 = DIRECTION('',(0.,0.,1.));
#4626 = DIRECTION('',(1.,0.,0.));
#4627 = ADVANCED_FACE('',(#4628,#4638),#4674,.T.);
#4628 = FACE_BOUND('',#4629,.T.);
#4629 = EDGE_LOOP('',(#4630,#4631,#4632,#4633,#4634,#4635,#4636,#4637));
#4630 = ORIENTED_EDGE('',*,*,#2669,.T.);
#4631 = ORIENTED_EDGE('',*,*,#2327,.T.);
#4632 = ORIENTED_EDGE('',*,*,#2406,.T.);
#4633 = ORIENTED_EDGE('',*,*,#2455,.T.);
#4634 = ORIENTED_EDGE('',*,*,#2504,.T.);
#4635 = ORIENTED_EDGE('',*,*,#2553,.T.);
#4636 = ORIENTED_EDGE('',*,*,#2595,.T.);
#4637 = ORIENTED_EDGE('',*,*,#2627,.F.);
#4638 = FACE_BOUND('',#4639,.T.);
#4639 = EDGE_LOOP('',(#4640,#4651,#4659,#4668));
#4640 = ORIENTED_EDGE('',*,*,#4641,.F.);
#4641 = EDGE_CURVE('',#4642,#4644,#4646,.T.);
#4642 = VERTEX_POINT('',#4643);
#4643 = CARTESIAN_POINT('',(13.149999999997,-77.75000000069,11.));
#4644 = VERTEX_POINT('',#4645);
#4645 = CARTESIAN_POINT('',(13.14999999998,-80.75000000069,11.));
#4646 = CIRCLE('',#4647,1.5);
#4647 = AXIS2_PLACEMENT_3D('',#4648,#4649,#4650);
#4648 = CARTESIAN_POINT('',(13.149999999988,-79.25000000069,11.));
#4649 = DIRECTION('',(0.,0.,1.));
#4650 = DIRECTION('',(1.,0.,0.));
#4651 = ORIENTED_EDGE('',*,*,#4652,.T.);
#4652 = EDGE_CURVE('',#4642,#4653,#4655,.T.);
#4653 = VERTEX_POINT('',#4654);
#4654 = CARTESIAN_POINT('',(101.14999999999,-77.75000000119,11.));
#4655 = LINE('',#4656,#4657);
#4656 = CARTESIAN_POINT('',(13.149999999997,-77.75000000069,11.));
#4657 = VECTOR('',#4658,1.);
#4658 = DIRECTION('',(1.,-5.682565529241E-12,0.));
#4659 = ORIENTED_EDGE('',*,*,#4660,.F.);
#4660 = EDGE_CURVE('',#4661,#4653,#4663,.T.);
#4661 = VERTEX_POINT('',#4662);
#4662 = CARTESIAN_POINT('',(101.14999999998,-80.75000000119,11.));
#4663 = CIRCLE('',#4664,1.5);
#4664 = AXIS2_PLACEMENT_3D('',#4665,#4666,#4667);
#4665 = CARTESIAN_POINT('',(101.14999999998,-79.25000000119,11.));
#4666 = DIRECTION('',(0.,0.,1.));
#4667 = DIRECTION('',(1.,0.,0.));
#4668 = ORIENTED_EDGE('',*,*,#4669,.F.);
#4669 = EDGE_CURVE('',#4644,#4661,#4670,.T.);
#4670 = LINE('',#4671,#4672);
#4671 = CARTESIAN_POINT('',(13.14999999998,-80.75000000069,11.));
#4672 = VECTOR('',#4673,1.);
#4673 = DIRECTION('',(1.,-5.682565529241E-12,0.));
#4674 = PLANE('',#4675);
#4675 = AXIS2_PLACEMENT_3D('',#4676,#4677,#4678);
#4676 = CARTESIAN_POINT('',(114.29999999979,-39.79701122293,11.));
#4677 = DIRECTION('',(0.,0.,1.));
#4678 = DIRECTION('',(1.,0.,0.));
#4679 = ADVANCED_FACE('',(#4680,#4690),#4726,.T.);
#4680 = FACE_BOUND('',#4681,.T.);
#4681 = EDGE_LOOP('',(#4682,#4683,#4684,#4685,#4686,#4687,#4688,#4689));
#4682 = ORIENTED_EDGE('',*,*,#3046,.T.);
#4683 = ORIENTED_EDGE('',*,*,#2350,.T.);
#4684 = ORIENTED_EDGE('',*,*,#2759,.T.);
#4685 = ORIENTED_EDGE('',*,*,#2808,.T.);
#4686 = ORIENTED_EDGE('',*,*,#2857,.T.);
#4687 = ORIENTED_EDGE('',*,*,#2913,.F.);
#4688 = ORIENTED_EDGE('',*,*,#2955,.T.);
#4689 = ORIENTED_EDGE('',*,*,#3011,.F.);
#4690 = FACE_BOUND('',#4691,.T.);
#4691 = EDGE_LOOP('',(#4692,#4703,#4711,#4720));
#4692 = ORIENTED_EDGE('',*,*,#4693,.F.);
#4693 = EDGE_CURVE('',#4694,#4696,#4698,.T.);
#4694 = VERTEX_POINT('',#4695);
#4695 = CARTESIAN_POINT('',(127.44999999999,-77.75000000085,11.));
#4696 = VERTEX_POINT('',#4697);
#4697 = CARTESIAN_POINT('',(127.44999999998,-80.75000000085,11.));
#4698 = CIRCLE('',#4699,1.5);
#4699 = AXIS2_PLACEMENT_3D('',#4700,#4701,#4702);
#4700 = CARTESIAN_POINT('',(127.44999999998,-79.25000000085,11.));
#4701 = DIRECTION('',(0.,0.,1.));
#4702 = DIRECTION('',(1.,0.,0.));
#4703 = ORIENTED_EDGE('',*,*,#4704,.T.);
#4704 = EDGE_CURVE('',#4694,#4705,#4707,.T.);
#4705 = VERTEX_POINT('',#4706);
#4706 = CARTESIAN_POINT('',(215.44999999999,-77.75000000135,11.));
#4707 = LINE('',#4708,#4709);
#4708 = CARTESIAN_POINT('',(127.44999999999,-77.75000000085,11.));
#4709 = VECTOR('',#4710,1.);
#4710 = DIRECTION('',(1.,-5.680950659387E-12,0.));
#4711 = ORIENTED_EDGE('',*,*,#4712,.F.);
#4712 = EDGE_CURVE('',#4713,#4705,#4715,.T.);
#4713 = VERTEX_POINT('',#4714);
#4714 = CARTESIAN_POINT('',(215.44999999998,-80.75000000135,11.));
#4715 = CIRCLE('',#4716,1.5);
#4716 = AXIS2_PLACEMENT_3D('',#4717,#4718,#4719);
#4717 = CARTESIAN_POINT('',(215.44999999998,-79.25000000135,11.));
#4718 = DIRECTION('',(0.,0.,1.));
#4719 = DIRECTION('',(1.,0.,0.));
#4720 = ORIENTED_EDGE('',*,*,#4721,.F.);
#4721 = EDGE_CURVE('',#4696,#4713,#4722,.T.);
#4722 = LINE('',#4723,#4724);
#4723 = CARTESIAN_POINT('',(127.44999999998,-80.75000000085,11.));
#4724 = VECTOR('',#4725,1.);
#4725 = DIRECTION('',(1.,-5.680950659387E-12,0.));
#4726 = PLANE('',#4727);
#4727 = AXIS2_PLACEMENT_3D('',#4728,#4729,#4730);
#4728 = CARTESIAN_POINT('',(114.29999999979,-39.79701122293,11.));
#4729 = DIRECTION('',(0.,0.,1.));
#4730 = DIRECTION('',(1.,0.,0.));
#4731 = ADVANCED_FACE('',(#4732,#4742),#4778,.T.);
#4732 = FACE_BOUND('',#4733,.T.);
#4733 = EDGE_LOOP('',(#4734,#4735,#4736,#4737,#4738,#4739,#4740,#4741));
#4734 = ORIENTED_EDGE('',*,*,#2741,.T.);
#4735 = ORIENTED_EDGE('',*,*,#2708,.T.);
#4736 = ORIENTED_EDGE('',*,*,#3028,.T.);
#4737 = ORIENTED_EDGE('',*,*,#2987,.T.);
#4738 = ORIENTED_EDGE('',*,*,#2937,.T.);
#4739 = ORIENTED_EDGE('',*,*,#2889,.T.);
#4740 = ORIENTED_EDGE('',*,*,#2839,.T.);
#4741 = ORIENTED_EDGE('',*,*,#2784,.F.);
#4742 = FACE_BOUND('',#4743,.T.);
#4743 = EDGE_LOOP('',(#4744,#4755,#4763,#4772));
#4744 = ORIENTED_EDGE('',*,*,#4745,.F.);
#4745 = EDGE_CURVE('',#4746,#4748,#4750,.T.);
#4746 = VERTEX_POINT('',#4747);
#4747 = CARTESIAN_POINT('',(233.14999999967,-13.09999999987,11.));
#4748 = VERTEX_POINT('',#4749);
#4749 = CARTESIAN_POINT('',(230.14999999967,-13.09999999998,11.));
#4750 = CIRCLE('',#4751,1.5);
#4751 = AXIS2_PLACEMENT_3D('',#4752,#4753,#4754);
#4752 = CARTESIAN_POINT('',(231.64999999967,-13.09999999992,11.));
#4753 = DIRECTION('',(0.,0.,1.));
#4754 = DIRECTION('',(1.,0.,0.));
#4755 = ORIENTED_EDGE('',*,*,#4756,.T.);
#4756 = EDGE_CURVE('',#4746,#4757,#4759,.T.);
#4757 = VERTEX_POINT('',#4758);
#4758 = CARTESIAN_POINT('',(233.15000000151,-63.09999999987,11.));
#4759 = LINE('',#4760,#4761);
#4760 = CARTESIAN_POINT('',(233.14999999967,-13.09999999987,11.));
#4761 = VECTOR('',#4762,1.);
#4762 = DIRECTION('',(3.67299435311E-11,-1.,0.));
#4763 = ORIENTED_EDGE('',*,*,#4764,.F.);
#4764 = EDGE_CURVE('',#4765,#4757,#4767,.T.);
#4765 = VERTEX_POINT('',#4766);
#4766 = CARTESIAN_POINT('',(230.15000000151,-63.09999999998,11.));
#4767 = CIRCLE('',#4768,1.5);
#4768 = AXIS2_PLACEMENT_3D('',#4769,#4770,#4771);
#4769 = CARTESIAN_POINT('',(231.65000000151,-63.09999999992,11.));
#4770 = DIRECTION('',(0.,0.,1.));
#4771 = DIRECTION('',(1.,0.,0.));
#4772 = ORIENTED_EDGE('',*,*,#4773,.F.);
#4773 = EDGE_CURVE('',#4748,#4765,#4774,.T.);
#4774 = LINE('',#4775,#4776);
#4775 = CARTESIAN_POINT('',(230.14999999967,-13.09999999998,11.));
#4776 = VECTOR('',#4777,1.);
#4777 = DIRECTION('',(3.67299435311E-11,-1.,0.));
#4778 = PLANE('',#4779);
#4779 = AXIS2_PLACEMENT_3D('',#4780,#4781,#4782);
#4780 = CARTESIAN_POINT('',(114.29999999979,-39.79701122293,11.));
#4781 = DIRECTION('',(0.,0.,1.));
#4782 = DIRECTION('',(1.,0.,0.));
#4783 = ADVANCED_FACE('',(#4784),#4795,.T.);
#4784 = FACE_BOUND('',#4785,.T.);
#4785 = EDGE_LOOP('',(#4786,#4787,#4788,#4789));
#4786 = ORIENTED_EDGE('',*,*,#4434,.F.);
#4787 = ORIENTED_EDGE('',*,*,#4529,.T.);
#4788 = ORIENTED_EDGE('',*,*,#4122,.F.);
#4789 = ORIENTED_EDGE('',*,*,#4790,.F.);
#4790 = EDGE_CURVE('',#4435,#4115,#4791,.T.);
#4791 = LINE('',#4792,#4793);
#4792 = CARTESIAN_POINT('',(109.19,-28.25984536831,-0.405495387355));
#4793 = VECTOR('',#4794,1.);
#4794 = DIRECTION('',(1.110223024625E-16,1.110223024625E-16,1.));
#4795 = SURFACE_OF_LINEAR_EXTRUSION('',#4796,#4801);
#4796 = CIRCLE('',#4797,2.);
#4797 = AXIS2_PLACEMENT_3D('',#4798,#4799,#4800);
#4798 = CARTESIAN_POINT('',(109.19,-26.2625862988,-0.510167299841));
#4799 = DIRECTION('',(-0.,5.233595624294E-02,0.998629534755));
#4800 = DIRECTION('',(1.,0.,0.));
#4801 = VECTOR('',#4802,1.);
#4802 = DIRECTION('',(-1.110223024625E-16,-1.110223024625E-16,-1.));
#4803 = ADVANCED_FACE('',(#4804),#4815,.T.);
#4804 = FACE_BOUND('',#4805,.T.);
#4805 = EDGE_LOOP('',(#4806,#4807,#4808,#4809));
#4806 = ORIENTED_EDGE('',*,*,#4443,.F.);
#4807 = ORIENTED_EDGE('',*,*,#4790,.T.);
#4808 = ORIENTED_EDGE('',*,*,#4114,.F.);
#4809 = ORIENTED_EDGE('',*,*,#4810,.F.);
#4810 = EDGE_CURVE('',#4444,#3997,#4811,.T.);
#4811 = LINE('',#4812,#4813);
#4812 = CARTESIAN_POINT('',(109.29,-28.25984536831,-0.405495387355));
#4813 = VECTOR('',#4814,1.);
#4814 = DIRECTION('',(1.110223024625E-16,1.110223024625E-16,1.));
#4815 = PLANE('',#4816);
#4816 = AXIS2_PLACEMENT_3D('',#4817,#4818,#4819);
#4817 = CARTESIAN_POINT('',(109.19,-28.25984536831,-0.405495387355));
#4818 = DIRECTION('',(1.702965507896E-12,1.,-1.110223024627E-16));
#4819 = DIRECTION('',(1.,-1.702965507896E-12,8.924864046444E-14));
#4820 = ADVANCED_FACE('',(#4821),#4832,.F.);
#4821 = FACE_BOUND('',#4822,.F.);
#4822 = EDGE_LOOP('',(#4823,#4824,#4830,#4831));
#4823 = ORIENTED_EDGE('',*,*,#4451,.F.);
#4824 = ORIENTED_EDGE('',*,*,#4825,.T.);
#4825 = EDGE_CURVE('',#4452,#3989,#4826,.T.);
#4826 = LINE('',#4827,#4828);
#4827 = CARTESIAN_POINT('',(110.29,-29.25847490306,-0.353159431112));
#4828 = VECTOR('',#4829,1.);
#4829 = DIRECTION('',(1.110223024625E-16,1.110223024625E-16,1.));
#4830 = ORIENTED_EDGE('',*,*,#3996,.F.);
#4831 = ORIENTED_EDGE('',*,*,#4810,.F.);
#4832 = SURFACE_OF_LINEAR_EXTRUSION('',#4833,#4838);
#4833 = CIRCLE('',#4834,1.);
#4834 = AXIS2_PLACEMENT_3D('',#4835,#4836,#4837);
#4835 = CARTESIAN_POINT('',(109.29,-29.25847490306,-0.353159431112));
#4836 = DIRECTION('',(-0.,5.233595624294E-02,0.998629534755));
#4837 = DIRECTION('',(1.,0.,0.));
#4838 = VECTOR('',#4839,1.);
#4839 = DIRECTION('',(-1.110223024625E-16,-1.110223024625E-16,-1.));
#4840 = ADVANCED_FACE('',(#4841),#4852,.T.);
#4841 = FACE_BOUND('',#4842,.T.);
#4842 = EDGE_LOOP('',(#4843,#4844,#4845,#4846));
#4843 = ORIENTED_EDGE('',*,*,#4460,.F.);
#4844 = ORIENTED_EDGE('',*,*,#4825,.T.);
#4845 = ORIENTED_EDGE('',*,*,#3988,.F.);
#4846 = ORIENTED_EDGE('',*,*,#4847,.F.);
#4847 = EDGE_CURVE('',#4461,#3868,#4848,.T.);
#4848 = LINE('',#4849,#4850);
#4849 = CARTESIAN_POINT('',(110.29,-36.24888164634,1.319226258825E-02));
#4850 = VECTOR('',#4851,1.);
#4851 = DIRECTION('',(1.110223024625E-16,1.110223024625E-16,1.));
#4852 = PLANE('',#4853);
#4853 = AXIS2_PLACEMENT_3D('',#4854,#4855,#4856);
#4854 = CARTESIAN_POINT('',(110.29,-29.25847490306,-0.353159431112));
#4855 = DIRECTION('',(1.,-5.818432322951E-18,-1.110223024625E-16));
#4856 = DIRECTION('',(-9.714986965873E-35,-0.998629534755,
    5.233595624294E-02));
#4857 = ADVANCED_FACE('',(#4858),#4869,.T.);
#4858 = FACE_BOUND('',#4859,.T.);
#4859 = EDGE_LOOP('',(#4860,#4861,#4862,#4863));
#4860 = ORIENTED_EDGE('',*,*,#4468,.F.);
#4861 = ORIENTED_EDGE('',*,*,#4847,.T.);
#4862 = ORIENTED_EDGE('',*,*,#3867,.F.);
#4863 = ORIENTED_EDGE('',*,*,#4864,.F.);
#4864 = EDGE_CURVE('',#4469,#3860,#4865,.T.);
#4865 = LINE('',#4866,#4867);
#4866 = CARTESIAN_POINT('',(112.29,-38.24614071585,0.117864175074));
#4867 = VECTOR('',#4868,1.);
#4868 = DIRECTION('',(1.110223024625E-16,1.110223024625E-16,1.));
#4869 = SURFACE_OF_LINEAR_EXTRUSION('',#4870,#4875);
#4870 = CIRCLE('',#4871,2.);
#4871 = AXIS2_PLACEMENT_3D('',#4872,#4873,#4874);
#4872 = CARTESIAN_POINT('',(112.29,-36.24888164634,1.319226258825E-02));
#4873 = DIRECTION('',(-0.,5.233595624294E-02,0.998629534755));
#4874 = DIRECTION('',(1.,0.,0.));
#4875 = VECTOR('',#4876,1.);
#4876 = DIRECTION('',(-1.110223024625E-16,-1.110223024625E-16,-1.));
#4877 = ADVANCED_FACE('',(#4878),#4889,.T.);
#4878 = FACE_BOUND('',#4879,.T.);
#4879 = EDGE_LOOP('',(#4880,#4881,#4882,#4883));
#4880 = ORIENTED_EDGE('',*,*,#4477,.F.);
#4881 = ORIENTED_EDGE('',*,*,#4864,.T.);
#4882 = ORIENTED_EDGE('',*,*,#3859,.F.);
#4883 = ORIENTED_EDGE('',*,*,#4884,.F.);
#4884 = EDGE_CURVE('',#4478,#3745,#4885,.T.);
#4885 = LINE('',#4886,#4887);
#4886 = CARTESIAN_POINT('',(128.89,-38.24614071585,0.117864175074));
#4887 = VECTOR('',#4888,1.);
#4888 = DIRECTION('',(1.110223024625E-16,1.110223024625E-16,1.));
#4889 = PLANE('',#4890);
#4890 = AXIS2_PLACEMENT_3D('',#4891,#4892,#4893);
#4891 = CARTESIAN_POINT('',(112.29,-38.24614071585,0.117864175074));
#4892 = DIRECTION('',(0.,1.,-1.110223024625E-16));
#4893 = DIRECTION('',(1.,0.,0.));
#4894 = ADVANCED_FACE('',(#4895),#4906,.T.);
#4895 = FACE_BOUND('',#4896,.T.);
#4896 = EDGE_LOOP('',(#4897,#4898,#4899,#4900));
#4897 = ORIENTED_EDGE('',*,*,#4485,.F.);
#4898 = ORIENTED_EDGE('',*,*,#4884,.T.);
#4899 = ORIENTED_EDGE('',*,*,#3744,.F.);
#4900 = ORIENTED_EDGE('',*,*,#4901,.F.);
#4901 = EDGE_CURVE('',#4486,#3737,#4902,.T.);
#4902 = LINE('',#4903,#4904);
#4903 = CARTESIAN_POINT('',(130.89,-36.24888164634,1.319226258825E-02));
#4904 = VECTOR('',#4905,1.);
#4905 = DIRECTION('',(1.110223024625E-16,1.110223024625E-16,1.));
#4906 = SURFACE_OF_LINEAR_EXTRUSION('',#4907,#4912);
#4907 = CIRCLE('',#4908,2.);
#4908 = AXIS2_PLACEMENT_3D('',#4909,#4910,#4911);
#4909 = CARTESIAN_POINT('',(128.89,-36.24888164634,1.319226258825E-02));
#4910 = DIRECTION('',(-0.,5.233595624294E-02,0.998629534755));
#4911 = DIRECTION('',(1.,0.,0.));
#4912 = VECTOR('',#4913,1.);
#4913 = DIRECTION('',(-1.110223024625E-16,-1.110223024625E-16,-1.));
#4914 = ADVANCED_FACE('',(#4915),#4926,.T.);
#4915 = FACE_BOUND('',#4916,.T.);
#4916 = EDGE_LOOP('',(#4917,#4918,#4919,#4920));
#4917 = ORIENTED_EDGE('',*,*,#4494,.F.);
#4918 = ORIENTED_EDGE('',*,*,#4901,.T.);
#4919 = ORIENTED_EDGE('',*,*,#3736,.F.);
#4920 = ORIENTED_EDGE('',*,*,#4921,.F.);
#4921 = EDGE_CURVE('',#4495,#3625,#4922,.T.);
#4922 = LINE('',#4923,#4924);
#4923 = CARTESIAN_POINT('',(130.89,-29.25847490306,-0.353159431112));
#4924 = VECTOR('',#4925,1.);
#4925 = DIRECTION('',(1.110223024625E-16,1.110223024625E-16,1.));
#4926 = PLANE('',#4927);
#4927 = AXIS2_PLACEMENT_3D('',#4928,#4929,#4930);
#4928 = CARTESIAN_POINT('',(130.89,-36.24888164634,1.319226258825E-02));
#4929 = DIRECTION('',(-1.,5.818432322951E-18,1.110223024625E-16));
#4930 = DIRECTION('',(9.714986965873E-35,0.998629534755,
    -5.233595624294E-02));
#4931 = ADVANCED_FACE('',(#4932),#4943,.F.);
#4932 = FACE_BOUND('',#4933,.F.);
#4933 = EDGE_LOOP('',(#4934,#4935,#4941,#4942));
#4934 = ORIENTED_EDGE('',*,*,#4502,.F.);
#4935 = ORIENTED_EDGE('',*,*,#4936,.T.);
#4936 = EDGE_CURVE('',#4399,#3617,#4937,.T.);
#4937 = LINE('',#4938,#4939);
#4938 = CARTESIAN_POINT('',(131.89,-28.25984536831,-0.405495387355));
#4939 = VECTOR('',#4940,1.);
#4940 = DIRECTION('',(1.110223024625E-16,1.110223024625E-16,1.));
#4941 = ORIENTED_EDGE('',*,*,#3624,.F.);
#4942 = ORIENTED_EDGE('',*,*,#4921,.F.);
#4943 = SURFACE_OF_LINEAR_EXTRUSION('',#4944,#4949);
#4944 = CIRCLE('',#4945,1.);
#4945 = AXIS2_PLACEMENT_3D('',#4946,#4947,#4948);
#4946 = CARTESIAN_POINT('',(131.89,-29.25847490306,-0.353159431112));
#4947 = DIRECTION('',(-0.,5.233595624294E-02,0.998629534755));
#4948 = DIRECTION('',(1.,0.,0.));
#4949 = VECTOR('',#4950,1.);
#4950 = DIRECTION('',(-1.110223024625E-16,-1.110223024625E-16,-1.));
#4951 = ADVANCED_FACE('',(#4952),#4963,.T.);
#4952 = FACE_BOUND('',#4953,.T.);
#4953 = EDGE_LOOP('',(#4954,#4955,#4956,#4957));
#4954 = ORIENTED_EDGE('',*,*,#4398,.F.);
#4955 = ORIENTED_EDGE('',*,*,#4936,.T.);
#4956 = ORIENTED_EDGE('',*,*,#3616,.F.);
#4957 = ORIENTED_EDGE('',*,*,#4958,.F.);
#4958 = EDGE_CURVE('',#4401,#3508,#4959,.T.);
#4959 = LINE('',#4960,#4961);
#4960 = CARTESIAN_POINT('',(131.99,-28.25984536831,-0.405495387355));
#4961 = VECTOR('',#4962,1.);
#4962 = DIRECTION('',(1.110223024625E-16,1.110223024625E-16,1.));
#4963 = PLANE('',#4964);
#4964 = AXIS2_PLACEMENT_3D('',#4965,#4966,#4967);
#4965 = CARTESIAN_POINT('',(131.89,-28.25984536831,-0.405495387355));
#4966 = DIRECTION('',(-5.321767212238E-13,1.,-1.110223024625E-16));
#4967 = DIRECTION('',(1.,5.321767212238E-13,-2.789020014547E-14));
#4968 = ADVANCED_FACE('',(#4969),#4980,.T.);
#4969 = FACE_BOUND('',#4970,.T.);
#4970 = EDGE_LOOP('',(#4971,#4972,#4973,#4974));
#4971 = ORIENTED_EDGE('',*,*,#4408,.F.);
#4972 = ORIENTED_EDGE('',*,*,#4958,.T.);
#4973 = ORIENTED_EDGE('',*,*,#3507,.F.);
#4974 = ORIENTED_EDGE('',*,*,#4975,.F.);
#4975 = EDGE_CURVE('',#4409,#3500,#4976,.T.);
#4976 = LINE('',#4977,#4978);
#4977 = CARTESIAN_POINT('',(133.99,-26.2625862988,-0.510167299841));
#4978 = VECTOR('',#4979,1.);
#4979 = DIRECTION('',(1.110223024625E-16,1.110223024625E-16,1.));
#4980 = SURFACE_OF_LINEAR_EXTRUSION('',#4981,#4986);
#4981 = CIRCLE('',#4982,2.);
#4982 = AXIS2_PLACEMENT_3D('',#4983,#4984,#4985);
#4983 = CARTESIAN_POINT('',(131.99,-26.2625862988,-0.510167299841));
#4984 = DIRECTION('',(-0.,5.233595624294E-02,0.998629534755));
#4985 = DIRECTION('',(1.,0.,0.));
#4986 = VECTOR('',#4987,1.);
#4987 = DIRECTION('',(-1.110223024625E-16,-1.110223024625E-16,-1.));
#4988 = ADVANCED_FACE('',(#4989),#4995,.T.);
#4989 = FACE_BOUND('',#4990,.T.);
#4990 = EDGE_LOOP('',(#4991,#4992,#4993,#4994));
#4991 = ORIENTED_EDGE('',*,*,#4417,.F.);
#4992 = ORIENTED_EDGE('',*,*,#4975,.T.);
#4993 = ORIENTED_EDGE('',*,*,#3499,.F.);
#4994 = ORIENTED_EDGE('',*,*,#4379,.F.);
#4995 = PLANE('',#4996);
#4996 = AXIS2_PLACEMENT_3D('',#4997,#4998,#4999);
#4997 = CARTESIAN_POINT('',(133.99,-26.2625862988,-0.510167299841));
#4998 = DIRECTION('',(-1.,5.818432322951E-18,1.110223024625E-16));
#4999 = DIRECTION('',(9.714986965873E-35,0.998629534755,
    -5.233595624294E-02));
#5000 = ADVANCED_FACE('',(#5001),#5027,.F.);
#5001 = FACE_BOUND('',#5002,.F.);
#5002 = EDGE_LOOP('',(#5003,#5011,#5020,#5026));
#5003 = ORIENTED_EDGE('',*,*,#5004,.T.);
#5004 = EDGE_CURVE('',#4277,#5005,#5007,.T.);
#5005 = VERTEX_POINT('',#5006);
#5006 = CARTESIAN_POINT('',(13.150000000044,4.5500000011,10.5));
#5007 = LINE('',#5008,#5009);
#5008 = CARTESIAN_POINT('',(13.150000000044,4.5500000011,11.));
#5009 = VECTOR('',#5010,1.);
#5010 = DIRECTION('',(-0.,-0.,-1.));
#5011 = ORIENTED_EDGE('',*,*,#5012,.T.);
#5012 = EDGE_CURVE('',#5005,#5013,#5015,.T.);
#5013 = VERTEX_POINT('',#5014);
#5014 = CARTESIAN_POINT('',(13.150000000007,1.5500000011,10.5));
#5015 = CIRCLE('',#5016,1.5);
#5016 = AXIS2_PLACEMENT_3D('',#5017,#5018,#5019);
#5017 = CARTESIAN_POINT('',(13.150000000025,3.0500000011,10.5));
#5018 = DIRECTION('',(0.,0.,1.));
#5019 = DIRECTION('',(1.,0.,0.));
#5020 = ORIENTED_EDGE('',*,*,#5021,.F.);
#5021 = EDGE_CURVE('',#4279,#5013,#5022,.T.);
#5022 = LINE('',#5023,#5024);
#5023 = CARTESIAN_POINT('',(13.150000000007,1.5500000011,11.));
#5024 = VECTOR('',#5025,1.);
#5025 = DIRECTION('',(-0.,-0.,-1.));
#5026 = ORIENTED_EDGE('',*,*,#4276,.F.);
#5027 = CYLINDRICAL_SURFACE('',#5028,1.5);
#5028 = AXIS2_PLACEMENT_3D('',#5029,#5030,#5031);
#5029 = CARTESIAN_POINT('',(13.150000000025,3.0500000011,11.));
#5030 = DIRECTION('',(0.,0.,1.));
#5031 = DIRECTION('',(1.,0.,0.));
#5032 = ADVANCED_FACE('',(#5033),#5051,.F.);
#5033 = FACE_BOUND('',#5034,.F.);
#5034 = EDGE_LOOP('',(#5035,#5036,#5044,#5050));
#5035 = ORIENTED_EDGE('',*,*,#5021,.T.);
#5036 = ORIENTED_EDGE('',*,*,#5037,.T.);
#5037 = EDGE_CURVE('',#5013,#5038,#5040,.T.);
#5038 = VERTEX_POINT('',#5039);
#5039 = CARTESIAN_POINT('',(91.150000000007,1.550000000131,10.5));
#5040 = LINE('',#5041,#5042);
#5041 = CARTESIAN_POINT('',(13.150000000007,1.5500000011,10.5));
#5042 = VECTOR('',#5043,1.);
#5043 = DIRECTION('',(1.,-1.243103056389E-11,0.));
#5044 = ORIENTED_EDGE('',*,*,#5045,.F.);
#5045 = EDGE_CURVE('',#4296,#5038,#5046,.T.);
#5046 = LINE('',#5047,#5048);
#5047 = CARTESIAN_POINT('',(91.150000000007,1.550000000131,11.));
#5048 = VECTOR('',#5049,1.);
#5049 = DIRECTION('',(-0.,-0.,-1.));
#5050 = ORIENTED_EDGE('',*,*,#4304,.F.);
#5051 = PLANE('',#5052);
#5052 = AXIS2_PLACEMENT_3D('',#5053,#5054,#5055);
#5053 = CARTESIAN_POINT('',(13.150000000007,1.5500000011,11.));
#5054 = DIRECTION('',(-1.243103056389E-11,-1.,0.));
#5055 = DIRECTION('',(1.,-1.243103056389E-11,0.));
#5056 = ADVANCED_FACE('',(#5057),#5076,.F.);
#5057 = FACE_BOUND('',#5058,.F.);
#5058 = EDGE_LOOP('',(#5059,#5060,#5069,#5075));
#5059 = ORIENTED_EDGE('',*,*,#5045,.T.);
#5060 = ORIENTED_EDGE('',*,*,#5061,.T.);
#5061 = EDGE_CURVE('',#5038,#5062,#5064,.T.);
#5062 = VERTEX_POINT('',#5063);
#5063 = CARTESIAN_POINT('',(91.150000000044,4.550000000131,10.5));
#5064 = CIRCLE('',#5065,1.5);
#5065 = AXIS2_PLACEMENT_3D('',#5066,#5067,#5068);
#5066 = CARTESIAN_POINT('',(91.150000000025,3.050000000131,10.5));
#5067 = DIRECTION('',(0.,0.,1.));
#5068 = DIRECTION('',(1.,0.,0.));
#5069 = ORIENTED_EDGE('',*,*,#5070,.F.);
#5070 = EDGE_CURVE('',#4288,#5062,#5071,.T.);
#5071 = LINE('',#5072,#5073);
#5072 = CARTESIAN_POINT('',(91.150000000044,4.550000000131,11.));
#5073 = VECTOR('',#5074,1.);
#5074 = DIRECTION('',(-0.,-0.,-1.));
#5075 = ORIENTED_EDGE('',*,*,#4295,.F.);
#5076 = CYLINDRICAL_SURFACE('',#5077,1.5);
#5077 = AXIS2_PLACEMENT_3D('',#5078,#5079,#5080);
#5078 = CARTESIAN_POINT('',(91.150000000025,3.050000000131,11.));
#5079 = DIRECTION('',(0.,0.,1.));
#5080 = DIRECTION('',(1.,0.,0.));
#5081 = ADVANCED_FACE('',(#5082),#5093,.T.);
#5082 = FACE_BOUND('',#5083,.T.);
#5083 = EDGE_LOOP('',(#5084,#5085,#5091,#5092));
#5084 = ORIENTED_EDGE('',*,*,#5004,.T.);
#5085 = ORIENTED_EDGE('',*,*,#5086,.T.);
#5086 = EDGE_CURVE('',#5005,#5062,#5087,.T.);
#5087 = LINE('',#5088,#5089);
#5088 = CARTESIAN_POINT('',(13.150000000044,4.5500000011,10.5));
#5089 = VECTOR('',#5090,1.);
#5090 = DIRECTION('',(1.,-1.243102487044E-11,0.));
#5091 = ORIENTED_EDGE('',*,*,#5070,.F.);
#5092 = ORIENTED_EDGE('',*,*,#4287,.F.);
#5093 = PLANE('',#5094);
#5094 = AXIS2_PLACEMENT_3D('',#5095,#5096,#5097);
#5095 = CARTESIAN_POINT('',(13.150000000044,4.5500000011,11.));
#5096 = DIRECTION('',(-1.243102487044E-11,-1.,0.));
#5097 = DIRECTION('',(1.,-1.243102487044E-11,0.));
#5098 = ADVANCED_FACE('',(#5099),#5125,.F.);
#5099 = FACE_BOUND('',#5100,.F.);
#5100 = EDGE_LOOP('',(#5101,#5109,#5118,#5124));
#5101 = ORIENTED_EDGE('',*,*,#5102,.T.);
#5102 = EDGE_CURVE('',#4329,#5103,#5105,.T.);
#5103 = VERTEX_POINT('',#5104);
#5104 = CARTESIAN_POINT('',(137.45000000003,4.550000000667,10.5));
#5105 = LINE('',#5106,#5107);
#5106 = CARTESIAN_POINT('',(137.45000000003,4.550000000667,11.));
#5107 = VECTOR('',#5108,1.);
#5108 = DIRECTION('',(-0.,-0.,-1.));
#5109 = ORIENTED_EDGE('',*,*,#5110,.T.);
#5110 = EDGE_CURVE('',#5103,#5111,#5113,.T.);
#5111 = VERTEX_POINT('',#5112);
#5112 = CARTESIAN_POINT('',(137.44999999999,1.550000000667,10.5));
#5113 = CIRCLE('',#5114,1.5);
#5114 = AXIS2_PLACEMENT_3D('',#5115,#5116,#5117);
#5115 = CARTESIAN_POINT('',(137.45000000002,3.050000000667,10.5));
#5116 = DIRECTION('',(0.,0.,1.));
#5117 = DIRECTION('',(1.,0.,0.));
#5118 = ORIENTED_EDGE('',*,*,#5119,.F.);
#5119 = EDGE_CURVE('',#4331,#5111,#5120,.T.);
#5120 = LINE('',#5121,#5122);
#5121 = CARTESIAN_POINT('',(137.44999999999,1.550000000667,11.));
#5122 = VECTOR('',#5123,1.);
#5123 = DIRECTION('',(-0.,-0.,-1.));
#5124 = ORIENTED_EDGE('',*,*,#4328,.F.);
#5125 = CYLINDRICAL_SURFACE('',#5126,1.5);
#5126 = AXIS2_PLACEMENT_3D('',#5127,#5128,#5129);
#5127 = CARTESIAN_POINT('',(137.45000000002,3.050000000667,11.));
#5128 = DIRECTION('',(0.,0.,1.));
#5129 = DIRECTION('',(1.,0.,0.));
#5130 = ADVANCED_FACE('',(#5131),#5149,.F.);
#5131 = FACE_BOUND('',#5132,.F.);
#5132 = EDGE_LOOP('',(#5133,#5134,#5142,#5148));
#5133 = ORIENTED_EDGE('',*,*,#5119,.T.);
#5134 = ORIENTED_EDGE('',*,*,#5135,.T.);
#5135 = EDGE_CURVE('',#5111,#5136,#5138,.T.);
#5136 = VERTEX_POINT('',#5137);
#5137 = CARTESIAN_POINT('',(215.45,1.549999999697,10.5));
#5138 = LINE('',#5139,#5140);
#5139 = CARTESIAN_POINT('',(137.44999999999,1.550000000667,10.5));
#5140 = VECTOR('',#5141,1.);
#5141 = DIRECTION('',(1.,-1.242929975466E-11,0.));
#5142 = ORIENTED_EDGE('',*,*,#5143,.F.);
#5143 = EDGE_CURVE('',#4348,#5136,#5144,.T.);
#5144 = LINE('',#5145,#5146);
#5145 = CARTESIAN_POINT('',(215.45,1.549999999697,11.));
#5146 = VECTOR('',#5147,1.);
#5147 = DIRECTION('',(-0.,-0.,-1.));
#5148 = ORIENTED_EDGE('',*,*,#4356,.F.);
#5149 = PLANE('',#5150);
#5150 = AXIS2_PLACEMENT_3D('',#5151,#5152,#5153);
#5151 = CARTESIAN_POINT('',(137.44999999999,1.550000000667,11.));
#5152 = DIRECTION('',(-1.242929975466E-11,-1.,0.));
#5153 = DIRECTION('',(1.,-1.242929975466E-11,0.));
#5154 = ADVANCED_FACE('',(#5155),#5174,.F.);
#5155 = FACE_BOUND('',#5156,.F.);
#5156 = EDGE_LOOP('',(#5157,#5158,#5167,#5173));
#5157 = ORIENTED_EDGE('',*,*,#5143,.T.);
#5158 = ORIENTED_EDGE('',*,*,#5159,.T.);
#5159 = EDGE_CURVE('',#5136,#5160,#5162,.T.);
#5160 = VERTEX_POINT('',#5161);
#5161 = CARTESIAN_POINT('',(215.45000000004,4.549999999697,10.5));
#5162 = CIRCLE('',#5163,1.5);
#5163 = AXIS2_PLACEMENT_3D('',#5164,#5165,#5166);
#5164 = CARTESIAN_POINT('',(215.45000000002,3.049999999697,10.5));
#5165 = DIRECTION('',(0.,0.,1.));
#5166 = DIRECTION('',(1.,0.,0.));
#5167 = ORIENTED_EDGE('',*,*,#5168,.F.);
#5168 = EDGE_CURVE('',#4340,#5160,#5169,.T.);
#5169 = LINE('',#5170,#5171);
#5170 = CARTESIAN_POINT('',(215.45000000004,4.549999999697,11.));
#5171 = VECTOR('',#5172,1.);
#5172 = DIRECTION('',(-0.,-0.,-1.));
#5173 = ORIENTED_EDGE('',*,*,#4347,.F.);
#5174 = CYLINDRICAL_SURFACE('',#5175,1.5);
#5175 = AXIS2_PLACEMENT_3D('',#5176,#5177,#5178);
#5176 = CARTESIAN_POINT('',(215.45000000002,3.049999999697,11.));
#5177 = DIRECTION('',(0.,0.,1.));
#5178 = DIRECTION('',(1.,0.,0.));
#5179 = ADVANCED_FACE('',(#5180),#5191,.T.);
#5180 = FACE_BOUND('',#5181,.T.);
#5181 = EDGE_LOOP('',(#5182,#5183,#5189,#5190));
#5182 = ORIENTED_EDGE('',*,*,#5102,.T.);
#5183 = ORIENTED_EDGE('',*,*,#5184,.T.);
#5184 = EDGE_CURVE('',#5103,#5160,#5185,.T.);
#5185 = LINE('',#5186,#5187);
#5186 = CARTESIAN_POINT('',(137.45000000003,4.550000000667,10.5));
#5187 = VECTOR('',#5188,1.);
#5188 = DIRECTION('',(1.,-1.242930544812E-11,0.));
#5189 = ORIENTED_EDGE('',*,*,#5168,.F.);
#5190 = ORIENTED_EDGE('',*,*,#4339,.F.);
#5191 = PLANE('',#5192);
#5192 = AXIS2_PLACEMENT_3D('',#5193,#5194,#5195);
#5193 = CARTESIAN_POINT('',(137.45000000003,4.550000000667,11.));
#5194 = DIRECTION('',(-1.242930544812E-11,-1.,0.));
#5195 = DIRECTION('',(1.,-1.242930544812E-11,0.));
#5196 = ADVANCED_FACE('',(#5197),#5223,.F.);
#5197 = FACE_BOUND('',#5198,.F.);
#5198 = EDGE_LOOP('',(#5199,#5207,#5216,#5222));
#5199 = ORIENTED_EDGE('',*,*,#5200,.T.);
#5200 = EDGE_CURVE('',#4590,#5201,#5203,.T.);
#5201 = VERTEX_POINT('',#5202);
#5202 = CARTESIAN_POINT('',(-1.550000000779,-13.09999999999,10.5));
#5203 = LINE('',#5204,#5205);
#5204 = CARTESIAN_POINT('',(-1.550000000779,-13.09999999999,11.));
#5205 = VECTOR('',#5206,1.);
#5206 = DIRECTION('',(-0.,-0.,-1.));
#5207 = ORIENTED_EDGE('',*,*,#5208,.T.);
#5208 = EDGE_CURVE('',#5201,#5209,#5211,.T.);
#5209 = VERTEX_POINT('',#5210);
#5210 = CARTESIAN_POINT('',(-4.550000000779,-13.09999999999,10.5));
#5211 = CIRCLE('',#5212,1.5);
#5212 = AXIS2_PLACEMENT_3D('',#5213,#5214,#5215);
#5213 = CARTESIAN_POINT('',(-3.050000000779,-13.09999999999,10.5));
#5214 = DIRECTION('',(0.,0.,1.));
#5215 = DIRECTION('',(1.,0.,0.));
#5216 = ORIENTED_EDGE('',*,*,#5217,.F.);
#5217 = EDGE_CURVE('',#4592,#5209,#5218,.T.);
#5218 = LINE('',#5219,#5220);
#5219 = CARTESIAN_POINT('',(-4.550000000779,-13.09999999999,11.));
#5220 = VECTOR('',#5221,1.);
#5221 = DIRECTION('',(-0.,-0.,-1.));
#5222 = ORIENTED_EDGE('',*,*,#4589,.F.);
#5223 = CYLINDRICAL_SURFACE('',#5224,1.5);
#5224 = AXIS2_PLACEMENT_3D('',#5225,#5226,#5227);
#5225 = CARTESIAN_POINT('',(-3.050000000779,-13.09999999999,11.));
#5226 = DIRECTION('',(0.,0.,1.));
#5227 = DIRECTION('',(1.,0.,0.));
#5228 = ADVANCED_FACE('',(#5229),#5247,.F.);
#5229 = FACE_BOUND('',#5230,.F.);
#5230 = EDGE_LOOP('',(#5231,#5232,#5240,#5246));
#5231 = ORIENTED_EDGE('',*,*,#5217,.T.);
#5232 = ORIENTED_EDGE('',*,*,#5233,.T.);
#5233 = EDGE_CURVE('',#5209,#5234,#5236,.T.);
#5234 = VERTEX_POINT('',#5235);
#5235 = CARTESIAN_POINT('',(-4.550000000881,-63.09999999999,10.5));
#5236 = LINE('',#5237,#5238);
#5237 = CARTESIAN_POINT('',(-4.550000000779,-13.09999999999,10.5));
#5238 = VECTOR('',#5239,1.);
#5239 = DIRECTION('',(-2.030233758887E-12,-1.,0.));
#5240 = ORIENTED_EDGE('',*,*,#5241,.F.);
#5241 = EDGE_CURVE('',#4609,#5234,#5242,.T.);
#5242 = LINE('',#5243,#5244);
#5243 = CARTESIAN_POINT('',(-4.550000000881,-63.09999999999,11.));
#5244 = VECTOR('',#5245,1.);
#5245 = DIRECTION('',(-0.,-0.,-1.));
#5246 = ORIENTED_EDGE('',*,*,#4617,.F.);
#5247 = PLANE('',#5248);
#5248 = AXIS2_PLACEMENT_3D('',#5249,#5250,#5251);
#5249 = CARTESIAN_POINT('',(-4.550000000779,-13.09999999999,11.));
#5250 = DIRECTION('',(-1.,2.030233758887E-12,0.));
#5251 = DIRECTION('',(-2.030233758887E-12,-1.,0.));
#5252 = ADVANCED_FACE('',(#5253),#5272,.F.);
#5253 = FACE_BOUND('',#5254,.F.);
#5254 = EDGE_LOOP('',(#5255,#5256,#5265,#5271));
#5255 = ORIENTED_EDGE('',*,*,#5241,.T.);
#5256 = ORIENTED_EDGE('',*,*,#5257,.T.);
#5257 = EDGE_CURVE('',#5234,#5258,#5260,.T.);
#5258 = VERTEX_POINT('',#5259);
#5259 = CARTESIAN_POINT('',(-1.550000000881,-63.09999999999,10.5));
#5260 = CIRCLE('',#5261,1.5);
#5261 = AXIS2_PLACEMENT_3D('',#5262,#5263,#5264);
#5262 = CARTESIAN_POINT('',(-3.050000000881,-63.09999999999,10.5));
#5263 = DIRECTION('',(0.,0.,1.));
#5264 = DIRECTION('',(1.,0.,0.));
#5265 = ORIENTED_EDGE('',*,*,#5266,.F.);
#5266 = EDGE_CURVE('',#4601,#5258,#5267,.T.);
#5267 = LINE('',#5268,#5269);
#5268 = CARTESIAN_POINT('',(-1.550000000881,-63.09999999999,11.));
#5269 = VECTOR('',#5270,1.);
#5270 = DIRECTION('',(-0.,-0.,-1.));
#5271 = ORIENTED_EDGE('',*,*,#4608,.F.);
#5272 = CYLINDRICAL_SURFACE('',#5273,1.5);
#5273 = AXIS2_PLACEMENT_3D('',#5274,#5275,#5276);
#5274 = CARTESIAN_POINT('',(-3.050000000881,-63.09999999999,11.));
#5275 = DIRECTION('',(0.,0.,1.));
#5276 = DIRECTION('',(1.,0.,0.));
#5277 = ADVANCED_FACE('',(#5278),#5289,.T.);
#5278 = FACE_BOUND('',#5279,.T.);
#5279 = EDGE_LOOP('',(#5280,#5281,#5287,#5288));
#5280 = ORIENTED_EDGE('',*,*,#5200,.T.);
#5281 = ORIENTED_EDGE('',*,*,#5282,.T.);
#5282 = EDGE_CURVE('',#5201,#5258,#5283,.T.);
#5283 = LINE('',#5284,#5285);
#5284 = CARTESIAN_POINT('',(-1.550000000779,-13.09999999999,10.5));
#5285 = VECTOR('',#5286,1.);
#5286 = DIRECTION('',(-2.030242640672E-12,-1.,0.));
#5287 = ORIENTED_EDGE('',*,*,#5266,.F.);
#5288 = ORIENTED_EDGE('',*,*,#4600,.F.);
#5289 = PLANE('',#5290);
#5290 = AXIS2_PLACEMENT_3D('',#5291,#5292,#5293);
#5291 = CARTESIAN_POINT('',(-1.550000000779,-13.09999999999,11.));
#5292 = DIRECTION('',(-1.,2.030242640672E-12,0.));
#5293 = DIRECTION('',(-2.030242640672E-12,-1.,0.));
#5294 = ADVANCED_FACE('',(#5295),#5321,.F.);
#5295 = FACE_BOUND('',#5296,.F.);
#5296 = EDGE_LOOP('',(#5297,#5305,#5314,#5320));
#5297 = ORIENTED_EDGE('',*,*,#5298,.T.);
#5298 = EDGE_CURVE('',#4642,#5299,#5301,.T.);
#5299 = VERTEX_POINT('',#5300);
#5300 = CARTESIAN_POINT('',(13.149999999997,-77.75000000069,10.5));
#5301 = LINE('',#5302,#5303);
#5302 = CARTESIAN_POINT('',(13.149999999997,-77.75000000069,11.));
#5303 = VECTOR('',#5304,1.);
#5304 = DIRECTION('',(-0.,-0.,-1.));
#5305 = ORIENTED_EDGE('',*,*,#5306,.T.);
#5306 = EDGE_CURVE('',#5299,#5307,#5309,.T.);
#5307 = VERTEX_POINT('',#5308);
#5308 = CARTESIAN_POINT('',(13.14999999998,-80.75000000069,10.5));
#5309 = CIRCLE('',#5310,1.5);
#5310 = AXIS2_PLACEMENT_3D('',#5311,#5312,#5313);
#5311 = CARTESIAN_POINT('',(13.149999999988,-79.25000000069,10.5));
#5312 = DIRECTION('',(0.,0.,1.));
#5313 = DIRECTION('',(1.,0.,0.));
#5314 = ORIENTED_EDGE('',*,*,#5315,.F.);
#5315 = EDGE_CURVE('',#4644,#5307,#5316,.T.);
#5316 = LINE('',#5317,#5318);
#5317 = CARTESIAN_POINT('',(13.14999999998,-80.75000000069,11.));
#5318 = VECTOR('',#5319,1.);
#5319 = DIRECTION('',(-0.,-0.,-1.));
#5320 = ORIENTED_EDGE('',*,*,#4641,.F.);
#5321 = CYLINDRICAL_SURFACE('',#5322,1.5);
#5322 = AXIS2_PLACEMENT_3D('',#5323,#5324,#5325);
#5323 = CARTESIAN_POINT('',(13.149999999988,-79.25000000069,11.));
#5324 = DIRECTION('',(0.,0.,1.));
#5325 = DIRECTION('',(1.,0.,0.));
#5326 = ADVANCED_FACE('',(#5327),#5345,.F.);
#5327 = FACE_BOUND('',#5328,.F.);
#5328 = EDGE_LOOP('',(#5329,#5330,#5338,#5344));
#5329 = ORIENTED_EDGE('',*,*,#5315,.T.);
#5330 = ORIENTED_EDGE('',*,*,#5331,.T.);
#5331 = EDGE_CURVE('',#5307,#5332,#5334,.T.);
#5332 = VERTEX_POINT('',#5333);
#5333 = CARTESIAN_POINT('',(101.14999999998,-80.75000000119,10.5));
#5334 = LINE('',#5335,#5336);
#5335 = CARTESIAN_POINT('',(13.14999999998,-80.75000000069,10.5));
#5336 = VECTOR('',#5337,1.);
#5337 = DIRECTION('',(1.,-5.682565529241E-12,0.));
#5338 = ORIENTED_EDGE('',*,*,#5339,.F.);
#5339 = EDGE_CURVE('',#4661,#5332,#5340,.T.);
#5340 = LINE('',#5341,#5342);
#5341 = CARTESIAN_POINT('',(101.14999999998,-80.75000000119,11.));
#5342 = VECTOR('',#5343,1.);
#5343 = DIRECTION('',(-0.,-0.,-1.));
#5344 = ORIENTED_EDGE('',*,*,#4669,.F.);
#5345 = PLANE('',#5346);
#5346 = AXIS2_PLACEMENT_3D('',#5347,#5348,#5349);
#5347 = CARTESIAN_POINT('',(13.14999999998,-80.75000000069,11.));
#5348 = DIRECTION('',(-5.682565529241E-12,-1.,0.));
#5349 = DIRECTION('',(1.,-5.682565529241E-12,0.));
#5350 = ADVANCED_FACE('',(#5351),#5370,.F.);
#5351 = FACE_BOUND('',#5352,.F.);
#5352 = EDGE_LOOP('',(#5353,#5354,#5363,#5369));
#5353 = ORIENTED_EDGE('',*,*,#5339,.T.);
#5354 = ORIENTED_EDGE('',*,*,#5355,.T.);
#5355 = EDGE_CURVE('',#5332,#5356,#5358,.T.);
#5356 = VERTEX_POINT('',#5357);
#5357 = CARTESIAN_POINT('',(101.14999999999,-77.75000000119,10.5));
#5358 = CIRCLE('',#5359,1.5);
#5359 = AXIS2_PLACEMENT_3D('',#5360,#5361,#5362);
#5360 = CARTESIAN_POINT('',(101.14999999998,-79.25000000119,10.5));
#5361 = DIRECTION('',(0.,0.,1.));
#5362 = DIRECTION('',(1.,0.,0.));
#5363 = ORIENTED_EDGE('',*,*,#5364,.F.);
#5364 = EDGE_CURVE('',#4653,#5356,#5365,.T.);
#5365 = LINE('',#5366,#5367);
#5366 = CARTESIAN_POINT('',(101.14999999999,-77.75000000119,11.));
#5367 = VECTOR('',#5368,1.);
#5368 = DIRECTION('',(-0.,-0.,-1.));
#5369 = ORIENTED_EDGE('',*,*,#4660,.F.);
#5370 = CYLINDRICAL_SURFACE('',#5371,1.5);
#5371 = AXIS2_PLACEMENT_3D('',#5372,#5373,#5374);
#5372 = CARTESIAN_POINT('',(101.14999999998,-79.25000000119,11.));
#5373 = DIRECTION('',(0.,0.,1.));
#5374 = DIRECTION('',(1.,0.,0.));
#5375 = ADVANCED_FACE('',(#5376),#5387,.T.);
#5376 = FACE_BOUND('',#5377,.T.);
#5377 = EDGE_LOOP('',(#5378,#5379,#5385,#5386));
#5378 = ORIENTED_EDGE('',*,*,#5298,.T.);
#5379 = ORIENTED_EDGE('',*,*,#5380,.T.);
#5380 = EDGE_CURVE('',#5299,#5356,#5381,.T.);
#5381 = LINE('',#5382,#5383);
#5382 = CARTESIAN_POINT('',(13.149999999997,-77.75000000069,10.5));
#5383 = VECTOR('',#5384,1.);
#5384 = DIRECTION('',(1.,-5.682565529241E-12,0.));
#5385 = ORIENTED_EDGE('',*,*,#5364,.F.);
#5386 = ORIENTED_EDGE('',*,*,#4652,.F.);
#5387 = PLANE('',#5388);
#5388 = AXIS2_PLACEMENT_3D('',#5389,#5390,#5391);
#5389 = CARTESIAN_POINT('',(13.149999999997,-77.75000000069,11.));
#5390 = DIRECTION('',(-5.682565529241E-12,-1.,0.));
#5391 = DIRECTION('',(1.,-5.682565529241E-12,0.));
#5392 = ADVANCED_FACE('',(#5393),#5419,.F.);
#5393 = FACE_BOUND('',#5394,.F.);
#5394 = EDGE_LOOP('',(#5395,#5403,#5412,#5418));
#5395 = ORIENTED_EDGE('',*,*,#5396,.T.);
#5396 = EDGE_CURVE('',#4694,#5397,#5399,.T.);
#5397 = VERTEX_POINT('',#5398);
#5398 = CARTESIAN_POINT('',(127.44999999999,-77.75000000085,10.5));
#5399 = LINE('',#5400,#5401);
#5400 = CARTESIAN_POINT('',(127.44999999999,-77.75000000085,11.));
#5401 = VECTOR('',#5402,1.);
#5402 = DIRECTION('',(-0.,-0.,-1.));
#5403 = ORIENTED_EDGE('',*,*,#5404,.T.);
#5404 = EDGE_CURVE('',#5397,#5405,#5407,.T.);
#5405 = VERTEX_POINT('',#5406);
#5406 = CARTESIAN_POINT('',(127.44999999998,-80.75000000085,10.5));
#5407 = CIRCLE('',#5408,1.5);
#5408 = AXIS2_PLACEMENT_3D('',#5409,#5410,#5411);
#5409 = CARTESIAN_POINT('',(127.44999999998,-79.25000000085,10.5));
#5410 = DIRECTION('',(0.,0.,1.));
#5411 = DIRECTION('',(1.,0.,0.));
#5412 = ORIENTED_EDGE('',*,*,#5413,.F.);
#5413 = EDGE_CURVE('',#4696,#5405,#5414,.T.);
#5414 = LINE('',#5415,#5416);
#5415 = CARTESIAN_POINT('',(127.44999999998,-80.75000000085,11.));
#5416 = VECTOR('',#5417,1.);
#5417 = DIRECTION('',(-0.,-0.,-1.));
#5418 = ORIENTED_EDGE('',*,*,#4693,.F.);
#5419 = CYLINDRICAL_SURFACE('',#5420,1.5);
#5420 = AXIS2_PLACEMENT_3D('',#5421,#5422,#5423);
#5421 = CARTESIAN_POINT('',(127.44999999998,-79.25000000085,11.));
#5422 = DIRECTION('',(0.,0.,1.));
#5423 = DIRECTION('',(1.,0.,0.));
#5424 = ADVANCED_FACE('',(#5425),#5443,.F.);
#5425 = FACE_BOUND('',#5426,.F.);
#5426 = EDGE_LOOP('',(#5427,#5428,#5436,#5442));
#5427 = ORIENTED_EDGE('',*,*,#5413,.T.);
#5428 = ORIENTED_EDGE('',*,*,#5429,.T.);
#5429 = EDGE_CURVE('',#5405,#5430,#5432,.T.);
#5430 = VERTEX_POINT('',#5431);
#5431 = CARTESIAN_POINT('',(215.44999999998,-80.75000000135,10.5));
#5432 = LINE('',#5433,#5434);
#5433 = CARTESIAN_POINT('',(127.44999999998,-80.75000000085,10.5));
#5434 = VECTOR('',#5435,1.);
#5435 = DIRECTION('',(1.,-5.680950659387E-12,0.));
#5436 = ORIENTED_EDGE('',*,*,#5437,.F.);
#5437 = EDGE_CURVE('',#4713,#5430,#5438,.T.);
#5438 = LINE('',#5439,#5440);
#5439 = CARTESIAN_POINT('',(215.44999999998,-80.75000000135,11.));
#5440 = VECTOR('',#5441,1.);
#5441 = DIRECTION('',(-0.,-0.,-1.));
#5442 = ORIENTED_EDGE('',*,*,#4721,.F.);
#5443 = PLANE('',#5444);
#5444 = AXIS2_PLACEMENT_3D('',#5445,#5446,#5447);
#5445 = CARTESIAN_POINT('',(127.44999999998,-80.75000000085,11.));
#5446 = DIRECTION('',(-5.680950659387E-12,-1.,0.));
#5447 = DIRECTION('',(1.,-5.680950659387E-12,0.));
#5448 = ADVANCED_FACE('',(#5449),#5468,.F.);
#5449 = FACE_BOUND('',#5450,.F.);
#5450 = EDGE_LOOP('',(#5451,#5452,#5461,#5467));
#5451 = ORIENTED_EDGE('',*,*,#5437,.T.);
#5452 = ORIENTED_EDGE('',*,*,#5453,.T.);
#5453 = EDGE_CURVE('',#5430,#5454,#5456,.T.);
#5454 = VERTEX_POINT('',#5455);
#5455 = CARTESIAN_POINT('',(215.44999999999,-77.75000000135,10.5));
#5456 = CIRCLE('',#5457,1.5);
#5457 = AXIS2_PLACEMENT_3D('',#5458,#5459,#5460);
#5458 = CARTESIAN_POINT('',(215.44999999998,-79.25000000135,10.5));
#5459 = DIRECTION('',(0.,0.,1.));
#5460 = DIRECTION('',(1.,0.,0.));
#5461 = ORIENTED_EDGE('',*,*,#5462,.F.);
#5462 = EDGE_CURVE('',#4705,#5454,#5463,.T.);
#5463 = LINE('',#5464,#5465);
#5464 = CARTESIAN_POINT('',(215.44999999999,-77.75000000135,11.));
#5465 = VECTOR('',#5466,1.);
#5466 = DIRECTION('',(-0.,-0.,-1.));
#5467 = ORIENTED_EDGE('',*,*,#4712,.F.);
#5468 = CYLINDRICAL_SURFACE('',#5469,1.5);
#5469 = AXIS2_PLACEMENT_3D('',#5470,#5471,#5472);
#5470 = CARTESIAN_POINT('',(215.44999999998,-79.25000000135,11.));
#5471 = DIRECTION('',(0.,0.,1.));
#5472 = DIRECTION('',(1.,0.,0.));
#5473 = ADVANCED_FACE('',(#5474),#5485,.T.);
#5474 = FACE_BOUND('',#5475,.T.);
#5475 = EDGE_LOOP('',(#5476,#5477,#5483,#5484));
#5476 = ORIENTED_EDGE('',*,*,#5396,.T.);
#5477 = ORIENTED_EDGE('',*,*,#5478,.T.);
#5478 = EDGE_CURVE('',#5397,#5454,#5479,.T.);
#5479 = LINE('',#5480,#5481);
#5480 = CARTESIAN_POINT('',(127.44999999999,-77.75000000085,10.5));
#5481 = VECTOR('',#5482,1.);
#5482 = DIRECTION('',(1.,-5.680950659387E-12,0.));
#5483 = ORIENTED_EDGE('',*,*,#5462,.F.);
#5484 = ORIENTED_EDGE('',*,*,#4704,.F.);
#5485 = PLANE('',#5486);
#5486 = AXIS2_PLACEMENT_3D('',#5487,#5488,#5489);
#5487 = CARTESIAN_POINT('',(127.44999999999,-77.75000000085,11.));
#5488 = DIRECTION('',(-5.680950659387E-12,-1.,0.));
#5489 = DIRECTION('',(1.,-5.680950659387E-12,0.));
#5490 = ADVANCED_FACE('',(#5491),#5517,.F.);
#5491 = FACE_BOUND('',#5492,.F.);
#5492 = EDGE_LOOP('',(#5493,#5501,#5510,#5516));
#5493 = ORIENTED_EDGE('',*,*,#5494,.T.);
#5494 = EDGE_CURVE('',#4746,#5495,#5497,.T.);
#5495 = VERTEX_POINT('',#5496);
#5496 = CARTESIAN_POINT('',(233.14999999967,-13.09999999987,10.5));
#5497 = LINE('',#5498,#5499);
#5498 = CARTESIAN_POINT('',(233.14999999967,-13.09999999987,11.));
#5499 = VECTOR('',#5500,1.);
#5500 = DIRECTION('',(-0.,-0.,-1.));
#5501 = ORIENTED_EDGE('',*,*,#5502,.T.);
#5502 = EDGE_CURVE('',#5495,#5503,#5505,.T.);
#5503 = VERTEX_POINT('',#5504);
#5504 = CARTESIAN_POINT('',(230.14999999967,-13.09999999998,10.5));
#5505 = CIRCLE('',#5506,1.5);
#5506 = AXIS2_PLACEMENT_3D('',#5507,#5508,#5509);
#5507 = CARTESIAN_POINT('',(231.64999999967,-13.09999999992,10.5));
#5508 = DIRECTION('',(0.,0.,1.));
#5509 = DIRECTION('',(1.,0.,0.));
#5510 = ORIENTED_EDGE('',*,*,#5511,.F.);
#5511 = EDGE_CURVE('',#4748,#5503,#5512,.T.);
#5512 = LINE('',#5513,#5514);
#5513 = CARTESIAN_POINT('',(230.14999999967,-13.09999999998,11.));
#5514 = VECTOR('',#5515,1.);
#5515 = DIRECTION('',(-0.,-0.,-1.));
#5516 = ORIENTED_EDGE('',*,*,#4745,.F.);
#5517 = CYLINDRICAL_SURFACE('',#5518,1.5);
#5518 = AXIS2_PLACEMENT_3D('',#5519,#5520,#5521);
#5519 = CARTESIAN_POINT('',(231.64999999967,-13.09999999992,11.));
#5520 = DIRECTION('',(0.,0.,1.));
#5521 = DIRECTION('',(1.,0.,0.));
#5522 = ADVANCED_FACE('',(#5523),#5541,.F.);
#5523 = FACE_BOUND('',#5524,.F.);
#5524 = EDGE_LOOP('',(#5525,#5526,#5534,#5540));
#5525 = ORIENTED_EDGE('',*,*,#5511,.T.);
#5526 = ORIENTED_EDGE('',*,*,#5527,.T.);
#5527 = EDGE_CURVE('',#5503,#5528,#5530,.T.);
#5528 = VERTEX_POINT('',#5529);
#5529 = CARTESIAN_POINT('',(230.15000000151,-63.09999999998,10.5));
#5530 = LINE('',#5531,#5532);
#5531 = CARTESIAN_POINT('',(230.14999999967,-13.09999999998,10.5));
#5532 = VECTOR('',#5533,1.);
#5533 = DIRECTION('',(3.67299435311E-11,-1.,0.));
#5534 = ORIENTED_EDGE('',*,*,#5535,.F.);
#5535 = EDGE_CURVE('',#4765,#5528,#5536,.T.);
#5536 = LINE('',#5537,#5538);
#5537 = CARTESIAN_POINT('',(230.15000000151,-63.09999999998,11.));
#5538 = VECTOR('',#5539,1.);
#5539 = DIRECTION('',(-0.,-0.,-1.));
#5540 = ORIENTED_EDGE('',*,*,#4773,.F.);
#5541 = PLANE('',#5542);
#5542 = AXIS2_PLACEMENT_3D('',#5543,#5544,#5545);
#5543 = CARTESIAN_POINT('',(230.14999999967,-13.09999999998,11.));
#5544 = DIRECTION('',(-1.,-3.67299435311E-11,0.));
#5545 = DIRECTION('',(3.67299435311E-11,-1.,0.));
#5546 = ADVANCED_FACE('',(#5547),#5566,.F.);
#5547 = FACE_BOUND('',#5548,.F.);
#5548 = EDGE_LOOP('',(#5549,#5550,#5559,#5565));
#5549 = ORIENTED_EDGE('',*,*,#5535,.T.);
#5550 = ORIENTED_EDGE('',*,*,#5551,.T.);
#5551 = EDGE_CURVE('',#5528,#5552,#5554,.T.);
#5552 = VERTEX_POINT('',#5553);
#5553 = CARTESIAN_POINT('',(233.15000000151,-63.09999999987,10.5));
#5554 = CIRCLE('',#5555,1.5);
#5555 = AXIS2_PLACEMENT_3D('',#5556,#5557,#5558);
#5556 = CARTESIAN_POINT('',(231.65000000151,-63.09999999992,10.5));
#5557 = DIRECTION('',(0.,0.,1.));
#5558 = DIRECTION('',(1.,0.,0.));
#5559 = ORIENTED_EDGE('',*,*,#5560,.F.);
#5560 = EDGE_CURVE('',#4757,#5552,#5561,.T.);
#5561 = LINE('',#5562,#5563);
#5562 = CARTESIAN_POINT('',(233.15000000151,-63.09999999987,11.));
#5563 = VECTOR('',#5564,1.);
#5564 = DIRECTION('',(-0.,-0.,-1.));
#5565 = ORIENTED_EDGE('',*,*,#4764,.F.);
#5566 = CYLINDRICAL_SURFACE('',#5567,1.5);
#5567 = AXIS2_PLACEMENT_3D('',#5568,#5569,#5570);
#5568 = CARTESIAN_POINT('',(231.65000000151,-63.09999999992,11.));
#5569 = DIRECTION('',(0.,0.,1.));
#5570 = DIRECTION('',(1.,0.,0.));
#5571 = ADVANCED_FACE('',(#5572),#5583,.T.);
#5572 = FACE_BOUND('',#5573,.T.);
#5573 = EDGE_LOOP('',(#5574,#5575,#5581,#5582));
#5574 = ORIENTED_EDGE('',*,*,#5494,.T.);
#5575 = ORIENTED_EDGE('',*,*,#5576,.T.);
#5576 = EDGE_CURVE('',#5495,#5552,#5577,.T.);
#5577 = LINE('',#5578,#5579);
#5578 = CARTESIAN_POINT('',(233.14999999967,-13.09999999987,10.5));
#5579 = VECTOR('',#5580,1.);
#5580 = DIRECTION('',(3.67299435311E-11,-1.,0.));
#5581 = ORIENTED_EDGE('',*,*,#5560,.F.);
#5582 = ORIENTED_EDGE('',*,*,#4756,.F.);
#5583 = PLANE('',#5584);
#5584 = AXIS2_PLACEMENT_3D('',#5585,#5586,#5587);
#5585 = CARTESIAN_POINT('',(233.14999999967,-13.09999999987,11.));
#5586 = DIRECTION('',(-1.,-3.67299435311E-11,0.));
#5587 = DIRECTION('',(3.67299435311E-11,-1.,0.));
#5588 = ADVANCED_FACE('',(#5589),#5595,.T.);
#5589 = FACE_BOUND('',#5590,.T.);
#5590 = EDGE_LOOP('',(#5591,#5592,#5593,#5594));
#5591 = ORIENTED_EDGE('',*,*,#5012,.T.);
#5592 = ORIENTED_EDGE('',*,*,#5037,.T.);
#5593 = ORIENTED_EDGE('',*,*,#5061,.T.);
#5594 = ORIENTED_EDGE('',*,*,#5086,.F.);
#5595 = PLANE('',#5596);
#5596 = AXIS2_PLACEMENT_3D('',#5597,#5598,#5599);
#5597 = CARTESIAN_POINT('',(114.29999999997,-39.8930283227,10.5));
#5598 = DIRECTION('',(0.,0.,1.));
#5599 = DIRECTION('',(1.,0.,0.));
#5600 = ADVANCED_FACE('',(#5601),#5607,.T.);
#5601 = FACE_BOUND('',#5602,.T.);
#5602 = EDGE_LOOP('',(#5603,#5604,#5605,#5606));
#5603 = ORIENTED_EDGE('',*,*,#5110,.T.);
#5604 = ORIENTED_EDGE('',*,*,#5135,.T.);
#5605 = ORIENTED_EDGE('',*,*,#5159,.T.);
#5606 = ORIENTED_EDGE('',*,*,#5184,.F.);
#5607 = PLANE('',#5608);
#5608 = AXIS2_PLACEMENT_3D('',#5609,#5610,#5611);
#5609 = CARTESIAN_POINT('',(114.29999999997,-39.8930283227,10.5));
#5610 = DIRECTION('',(0.,0.,1.));
#5611 = DIRECTION('',(1.,0.,0.));
#5612 = ADVANCED_FACE('',(#5613),#5619,.T.);
#5613 = FACE_BOUND('',#5614,.T.);
#5614 = EDGE_LOOP('',(#5615,#5616,#5617,#5618));
#5615 = ORIENTED_EDGE('',*,*,#5208,.T.);
#5616 = ORIENTED_EDGE('',*,*,#5233,.T.);
#5617 = ORIENTED_EDGE('',*,*,#5257,.T.);
#5618 = ORIENTED_EDGE('',*,*,#5282,.F.);
#5619 = PLANE('',#5620);
#5620 = AXIS2_PLACEMENT_3D('',#5621,#5622,#5623);
#5621 = CARTESIAN_POINT('',(114.29999999997,-39.8930283227,10.5));
#5622 = DIRECTION('',(0.,0.,1.));
#5623 = DIRECTION('',(1.,0.,0.));
#5624 = ADVANCED_FACE('',(#5625),#5631,.T.);
#5625 = FACE_BOUND('',#5626,.T.);
#5626 = EDGE_LOOP('',(#5627,#5628,#5629,#5630));
#5627 = ORIENTED_EDGE('',*,*,#5306,.T.);
#5628 = ORIENTED_EDGE('',*,*,#5331,.T.);
#5629 = ORIENTED_EDGE('',*,*,#5355,.T.);
#5630 = ORIENTED_EDGE('',*,*,#5380,.F.);
#5631 = PLANE('',#5632);
#5632 = AXIS2_PLACEMENT_3D('',#5633,#5634,#5635);
#5633 = CARTESIAN_POINT('',(114.29999999997,-39.8930283227,10.5));
#5634 = DIRECTION('',(0.,0.,1.));
#5635 = DIRECTION('',(1.,0.,0.));
#5636 = ADVANCED_FACE('',(#5637),#5643,.T.);
#5637 = FACE_BOUND('',#5638,.T.);
#5638 = EDGE_LOOP('',(#5639,#5640,#5641,#5642));
#5639 = ORIENTED_EDGE('',*,*,#5404,.T.);
#5640 = ORIENTED_EDGE('',*,*,#5429,.T.);
#5641 = ORIENTED_EDGE('',*,*,#5453,.T.);
#5642 = ORIENTED_EDGE('',*,*,#5478,.F.);
#5643 = PLANE('',#5644);
#5644 = AXIS2_PLACEMENT_3D('',#5645,#5646,#5647);
#5645 = CARTESIAN_POINT('',(114.29999999997,-39.8930283227,10.5));
#5646 = DIRECTION('',(0.,0.,1.));
#5647 = DIRECTION('',(1.,0.,0.));
#5648 = ADVANCED_FACE('',(#5649),#5655,.T.);
#5649 = FACE_BOUND('',#5650,.T.);
#5650 = EDGE_LOOP('',(#5651,#5652,#5653,#5654));
#5651 = ORIENTED_EDGE('',*,*,#5502,.T.);
#5652 = ORIENTED_EDGE('',*,*,#5527,.T.);
#5653 = ORIENTED_EDGE('',*,*,#5551,.T.);
#5654 = ORIENTED_EDGE('',*,*,#5576,.F.);
#5655 = PLANE('',#5656);
#5656 = AXIS2_PLACEMENT_3D('',#5657,#5658,#5659);
#5657 = CARTESIAN_POINT('',(114.29999999997,-39.8930283227,10.5));
#5658 = DIRECTION('',(0.,0.,1.));
#5659 = DIRECTION('',(1.,0.,0.));
#5660 = ( GEOMETRIC_REPRESENTATION_CONTEXT(3) 
GLOBAL_UNCERTAINTY_ASSIGNED_CONTEXT((#5664)) 
GLOBAL_UNIT_ASSIGNED_CONTEXT((#5661,#5662,#5663)) REPRESENTATION_CONTEXT
('Context #1','3D Context with UNIT and UNCERTAINTY') );
#5661 = ( LENGTH_UNIT() NAMED_UNIT(*) SI_UNIT(.MILLI.,.METRE.) );
#5662 = ( NAMED_UNIT(*) PLANE_ANGLE_UNIT() SI_UNIT($,.RADIAN.) );
#5663 = ( NAMED_UNIT(*) SI_UNIT($,.STERADIAN.) SOLID_ANGLE_UNIT() );
#5664 = UNCERTAINTY_MEASURE_WITH_UNIT(LENGTH_MEASURE(2.E-04),#5661,
  'distance_accuracy_value','confusion accuracy');
#5665 = PRODUCT_RELATED_PRODUCT_CATEGORY('part',$,(#7));
#5666 = MECHANICAL_DESIGN_GEOMETRIC_PRESENTATION_REPRESENTATION('',(
    #5667),#5660);
#5667 = STYLED_ITEM('color',(#5668),#15);
#5668 = PRESENTATION_STYLE_ASSIGNMENT((#5669,#5675));
#5669 = SURFACE_STYLE_USAGE(.BOTH.,#5670);
#5670 = SURFACE_SIDE_STYLE('',(#5671));
#5671 = SURFACE_STYLE_FILL_AREA(#5672);
#5672 = FILL_AREA_STYLE('',(#5673));
#5673 = FILL_AREA_STYLE_COLOUR('',#5674);
#5674 = COLOUR_RGB('',0.447058818107,0.474509808674,0.501960817233);
#5675 = CURVE_STYLE('',#5676,POSITIVE_LENGTH_MEASURE(0.1),#5677);
#5676 = DRAUGHTING_PRE_DEFINED_CURVE_FONT('continuous');
#5677 = COLOUR_RGB('',8.235294228292E-02,8.235294228292E-02,
  8.627451068925E-02);
ENDSEC;
END-ISO-10303-21;
