ISO-10303-21;
HEADER;
FILE_DESCRIPTION(('FreeCAD Model'),'2;1');
FILE_NAME('Open CASCADE Shape Model','2026-07-20T17:19:27',(''),(''),
  'Open CASCADE STEP processor 7.8','FreeCAD','Unknown');
FILE_SCHEMA(('AUTOMOTIVE_DESIGN { 1 0 10303 214 1 1 1 1 }'));
ENDSEC;
DATA;
#1 = APPLICATION_PROTOCOL_DEFINITION('international standard',
  'automotive_design',2000,#2);
#2 = APPLICATION_CONTEXT(
  'core data for automotive mechanical design processes');
#3 = SHAPE_DEFINITION_REPRESENTATION(#4,#10);
#4 = PRODUCT_DEFINITION_SHAPE('','',#5);
#5 = PRODUCT_DEFINITION('design','',#6,#9);
#6 = PRODUCT_DEFINITION_FORMATION('','',#7);
#7 = PRODUCT('top','top','',(#8));
#8 = PRODUCT_CONTEXT('',#2,'mechanical');
#9 = PRODUCT_DEFINITION_CONTEXT('part definition',#2,'design');
#10 = ADVANCED_BREP_SHAPE_REPRESENTATION('',(#11,#15),#4810);
#11 = AXIS2_PLACEMENT_3D('',#12,#13,#14);
#12 = CARTESIAN_POINT('',(0.,0.,0.));
#13 = DIRECTION('',(0.,0.,1.));
#14 = DIRECTION('',(1.,0.,-0.));
#15 = MANIFOLD_SOLID_BREP('',#16);
#16 = CLOSED_SHELL('',(#17,#57,#90,#121,#657,#682,#707,#789,#814,#935,
    #959,#984,#1008,#1026,#1050,#1132,#1157,#1197,#1221,#1246,#1270,
    #1310,#1335,#1359,#1384,#1424,#1448,#1488,#1513,#1537,#1562,#1602,
    #1626,#1651,#1675,#1715,#1740,#1764,#1789,#1829,#1853,#1878,#1902,
    #1942,#1967,#1991,#2016,#2056,#2080,#2120,#2145,#2169,#2194,#2234,
    #2258,#2283,#2307,#2347,#2365,#2382,#2407,#2432,#2457,#2482,#2507,
    #2532,#2557,#2574,#2591,#2608,#2625,#2642,#2654,#2671,#2693,#2705,
    #2717,#2749,#2773,#2798,#2822,#2847,#2871,#2896,#2913,#2986,#3040,
    #3057,#3130,#3147,#3182,#3199,#3272,#3289,#3343,#3360,#3433,#3450,
    #3504,#3521,#3594,#3611,#3646,#3663,#3736,#3753,#3807,#3824,#3841,
    #3850,#3859,#3868,#3877,#3886,#3895,#3904,#3990,#4016,#4048,#4072,
    #4097,#4114,#4131,#4156,#4188,#4212,#4237,#4254,#4286,#4310,#4335,
    #4352,#4369,#4390,#4422,#4446,#4471,#4488,#4505,#4530,#4562,#4586,
    #4611,#4628,#4660,#4684,#4709,#4726,#4738,#4750,#4762,#4774,#4786,
    #4798));
#17 = ADVANCED_FACE('',(#18),#52,.T.);
#18 = FACE_BOUND('',#19,.T.);
#19 = EDGE_LOOP('',(#20,#30,#38,#46));
#20 = ORIENTED_EDGE('',*,*,#21,.F.);
#21 = EDGE_CURVE('',#22,#24,#26,.T.);
#22 = VERTEX_POINT('',#23);
#23 = CARTESIAN_POINT('',(0.,5.85,-1.));
#24 = VERTEX_POINT('',#25);
#25 = CARTESIAN_POINT('',(3.346894977742E-17,5.85,-5.5));
#26 = LINE('',#27,#28);
#27 = CARTESIAN_POINT('',(3.346894977742E-17,5.85,0.));
#28 = VECTOR('',#29,1.);
#29 = DIRECTION('',(-0.,-0.,-1.));
#30 = ORIENTED_EDGE('',*,*,#31,.F.);
#31 = EDGE_CURVE('',#32,#22,#34,.T.);
#32 = VERTEX_POINT('',#33);
#33 = CARTESIAN_POINT('',(228.6,5.85,-1.));
#34 = LINE('',#35,#36);
#35 = CARTESIAN_POINT('',(228.6,5.85,-1.));
#36 = VECTOR('',#37,1.);
#37 = DIRECTION('',(-1.,0.,0.));
#38 = ORIENTED_EDGE('',*,*,#39,.F.);
#39 = EDGE_CURVE('',#40,#32,#42,.T.);
#40 = VERTEX_POINT('',#41);
#41 = CARTESIAN_POINT('',(228.6,5.85,-5.5));
#42 = LINE('',#43,#44);
#43 = CARTESIAN_POINT('',(228.6,5.85,4.));
#44 = VECTOR('',#45,1.);
#45 = DIRECTION('',(0.,0.,1.));
#46 = ORIENTED_EDGE('',*,*,#47,.T.);
#47 = EDGE_CURVE('',#40,#24,#48,.T.);
#48 = LINE('',#49,#50);
#49 = CARTESIAN_POINT('',(228.6,5.85,-5.5));
#50 = VECTOR('',#51,1.);
#51 = DIRECTION('',(-1.,0.,0.));
#52 = PLANE('',#53);
#53 = AXIS2_PLACEMENT_3D('',#54,#55,#56);
#54 = CARTESIAN_POINT('',(114.3,5.85,0.));
#55 = DIRECTION('',(0.,1.,0.));
#56 = DIRECTION('',(0.,0.,1.));
#57 = ADVANCED_FACE('',(#58),#85,.T.);
#58 = FACE_BOUND('',#59,.T.);
#59 = EDGE_LOOP('',(#60,#61,#70,#78));
#60 = ORIENTED_EDGE('',*,*,#21,.T.);
#61 = ORIENTED_EDGE('',*,*,#62,.T.);
#62 = EDGE_CURVE('',#24,#63,#65,.T.);
#63 = VERTEX_POINT('',#64);
#64 = CARTESIAN_POINT('',(-5.85,2.125395568915E-16,-5.5));
#65 = CIRCLE('',#66,5.85);
#66 = AXIS2_PLACEMENT_3D('',#67,#68,#69);
#67 = CARTESIAN_POINT('',(1.105769785982E-25,8.574321872125E-25,-5.5));
#68 = DIRECTION('',(-0.,0.,1.));
#69 = DIRECTION('',(1.110223024625E-16,-1.,0.));
#70 = ORIENTED_EDGE('',*,*,#71,.T.);
#71 = EDGE_CURVE('',#63,#72,#74,.T.);
#72 = VERTEX_POINT('',#73);
#73 = CARTESIAN_POINT('',(-5.85,4.251470969567E-16,-1.));
#74 = LINE('',#75,#76);
#75 = CARTESIAN_POINT('',(-5.85,2.125395568915E-16,4.));
#76 = VECTOR('',#77,1.);
#77 = DIRECTION('',(0.,0.,1.));
#78 = ORIENTED_EDGE('',*,*,#79,.F.);
#79 = EDGE_CURVE('',#22,#72,#80,.T.);
#80 = CIRCLE('',#81,5.85);
#81 = AXIS2_PLACEMENT_3D('',#82,#83,#84);
#82 = CARTESIAN_POINT('',(0.,0.,-1.));
#83 = DIRECTION('',(0.,-0.,1.));
#84 = DIRECTION('',(1.144237747112E-17,1.,0.));
#85 = CYLINDRICAL_SURFACE('',#86,5.85);
#86 = AXIS2_PLACEMENT_3D('',#87,#88,#89);
#87 = CARTESIAN_POINT('',(1.105769785982E-25,8.574321872125E-25,0.));
#88 = DIRECTION('',(0.,0.,1.));
#89 = DIRECTION('',(1.110223024625E-16,-1.,0.));
#90 = ADVANCED_FACE('',(#91),#116,.T.);
#91 = FACE_BOUND('',#92,.T.);
#92 = EDGE_LOOP('',(#93,#101,#102,#110));
#93 = ORIENTED_EDGE('',*,*,#94,.F.);
#94 = EDGE_CURVE('',#32,#95,#97,.T.);
#95 = VERTEX_POINT('',#96);
#96 = CARTESIAN_POINT('',(228.6,1.85,5.5));
#97 = LINE('',#98,#99);
#98 = CARTESIAN_POINT('',(228.6,5.85,-1.));
#99 = VECTOR('',#100,1.);
#100 = DIRECTION('',(-3.209171166224E-17,-0.524097425664,0.851658316705)
  );
#101 = ORIENTED_EDGE('',*,*,#31,.T.);
#102 = ORIENTED_EDGE('',*,*,#103,.T.);
#103 = EDGE_CURVE('',#22,#104,#106,.T.);
#104 = VERTEX_POINT('',#105);
#105 = CARTESIAN_POINT('',(0.,1.85,5.5));
#106 = LINE('',#107,#108);
#107 = CARTESIAN_POINT('',(0.,3.85,2.25));
#108 = VECTOR('',#109,1.);
#109 = DIRECTION('',(7.905967522351E-34,-0.524097425664,0.851658316705)
  );
#110 = ORIENTED_EDGE('',*,*,#111,.F.);
#111 = EDGE_CURVE('',#95,#104,#112,.T.);
#112 = LINE('',#113,#114);
#113 = CARTESIAN_POINT('',(228.6,1.85,5.5));
#114 = VECTOR('',#115,1.);
#115 = DIRECTION('',(-1.,0.,0.));
#116 = PLANE('',#117);
#117 = AXIS2_PLACEMENT_3D('',#118,#119,#120);
#118 = CARTESIAN_POINT('',(228.6,3.85,2.25));
#119 = DIRECTION('',(4.061813943197E-17,0.851658316705,0.524097425664));
#120 = DIRECTION('',(-1.,3.45927762563E-17,2.128786231157E-17));
#121 = ADVANCED_FACE('',(#122,#575,#586,#597,#608,#619,#630,#641),#652,
  .F.);
#122 = FACE_BOUND('',#123,.F.);
#123 = EDGE_LOOP('',(#124,#133,#134,#135,#143,#151,#159,#168,#176,#184,
    #193,#201,#209,#218,#226,#235,#243,#251,#259,#268,#276,#285,#293,
    #301,#310,#318,#326,#335,#343,#352,#360,#368,#377,#385,#393,#402,
    #410,#419,#427,#435,#443,#452,#460,#469,#477,#485,#494,#502,#510,
    #519,#527,#535,#543,#552,#560,#569));
#124 = ORIENTED_EDGE('',*,*,#125,.T.);
#125 = EDGE_CURVE('',#126,#40,#128,.T.);
#126 = VERTEX_POINT('',#127);
#127 = CARTESIAN_POINT('',(234.45,8.57432178495E-25,-5.5));
#128 = CIRCLE('',#129,5.85);
#129 = AXIS2_PLACEMENT_3D('',#130,#131,#132);
#130 = CARTESIAN_POINT('',(228.6,8.574321872125E-25,-5.5));
#131 = DIRECTION('',(0.,0.,1.));
#132 = DIRECTION('',(-1.,-1.224646799147E-16,0.));
#133 = ORIENTED_EDGE('',*,*,#47,.T.);
#134 = ORIENTED_EDGE('',*,*,#62,.T.);
#135 = ORIENTED_EDGE('',*,*,#136,.T.);
#136 = EDGE_CURVE('',#63,#137,#139,.T.);
#137 = VERTEX_POINT('',#138);
#138 = CARTESIAN_POINT('',(-5.85,-28.07064623273,-5.5));
#139 = LINE('',#140,#141);
#140 = CARTESIAN_POINT('',(-5.85,-6.798927034349E-20,-5.5));
#141 = VECTOR('',#142,1.);
#142 = DIRECTION('',(0.,-1.,0.));
#143 = ORIENTED_EDGE('',*,*,#144,.F.);
#144 = EDGE_CURVE('',#145,#137,#147,.T.);
#145 = VERTEX_POINT('',#146);
#146 = CARTESIAN_POINT('',(-4.85,-28.07064623273,-5.5));
#147 = LINE('',#148,#149);
#148 = CARTESIAN_POINT('',(-74.54202403046,-28.07064623273,-5.5));
#149 = VECTOR('',#150,1.);
#150 = DIRECTION('',(-1.,0.,0.));
#151 = ORIENTED_EDGE('',*,*,#152,.T.);
#152 = EDGE_CURVE('',#145,#153,#155,.T.);
#153 = VERTEX_POINT('',#154);
#154 = CARTESIAN_POINT('',(-4.85,-10.53779729116,-5.5));
#155 = LINE('',#156,#157);
#156 = CARTESIAN_POINT('',(-4.85,-65.66220270883,-5.5));
#157 = VECTOR('',#158,1.);
#158 = DIRECTION('',(0.,1.,0.));
#159 = ORIENTED_EDGE('',*,*,#160,.F.);
#160 = EDGE_CURVE('',#161,#153,#163,.T.);
#161 = VERTEX_POINT('',#162);
#162 = CARTESIAN_POINT('',(-4.684729635533,-10.34083574055,-5.5));
#163 = CIRCLE('',#164,0.2);
#164 = AXIS2_PLACEMENT_3D('',#165,#166,#167);
#165 = CARTESIAN_POINT('',(-4.65,-10.53779729116,-5.5));
#166 = DIRECTION('',(0.,0.,1.));
#167 = DIRECTION('',(1.,0.,0.));
#168 = ORIENTED_EDGE('',*,*,#169,.T.);
#169 = EDGE_CURVE('',#161,#170,#172,.T.);
#170 = VERTEX_POINT('',#171);
#171 = CARTESIAN_POINT('',(-2.8,-10.00850705447,-5.5));
#172 = LINE('',#173,#174);
#173 = CARTESIAN_POINT('',(-4.684729635533,-10.34083574055,-5.5));
#174 = VECTOR('',#175,1.);
#175 = DIRECTION('',(0.984807753012,0.173648177667,0.));
#176 = ORIENTED_EDGE('',*,*,#177,.F.);
#177 = EDGE_CURVE('',#178,#170,#180,.T.);
#178 = VERTEX_POINT('',#179);
#179 = CARTESIAN_POINT('',(-2.8,2.034892087468E-16,-5.5));
#180 = LINE('',#181,#182);
#181 = CARTESIAN_POINT('',(-2.8,2.034892087468E-16,-5.5));
#182 = VECTOR('',#183,1.);
#183 = DIRECTION('',(0.,-1.,0.));
#184 = ORIENTED_EDGE('',*,*,#185,.F.);
#185 = EDGE_CURVE('',#186,#178,#188,.T.);
#186 = VERTEX_POINT('',#187);
#187 = CARTESIAN_POINT('',(1.601932926498E-17,2.8,-5.5));
#188 = CIRCLE('',#189,2.8);
#189 = AXIS2_PLACEMENT_3D('',#190,#191,#192);
#190 = CARTESIAN_POINT('',(1.096014311633E-23,0.,-5.5));
#191 = DIRECTION('',(-0.,0.,1.));
#192 = DIRECTION('',(1.110223024625E-16,-1.,0.));
#193 = ORIENTED_EDGE('',*,*,#194,.F.);
#194 = EDGE_CURVE('',#195,#186,#197,.T.);
#195 = VERTEX_POINT('',#196);
#196 = CARTESIAN_POINT('',(10.008507054473,2.8,-5.5));
#197 = LINE('',#198,#199);
#198 = CARTESIAN_POINT('',(228.6,2.8,-5.5));
#199 = VECTOR('',#200,1.);
#200 = DIRECTION('',(-1.,1.748382715945E-17,0.));
#201 = ORIENTED_EDGE('',*,*,#202,.T.);
#202 = EDGE_CURVE('',#195,#203,#205,.T.);
#203 = VERTEX_POINT('',#204);
#204 = CARTESIAN_POINT('',(10.340835740558,4.684729635533,-5.5));
#205 = LINE('',#206,#207);
#206 = CARTESIAN_POINT('',(9.82605630199,1.765270364467,-5.5));
#207 = VECTOR('',#208,1.);
#208 = DIRECTION('',(0.173648177667,0.984807753012,0.));
#209 = ORIENTED_EDGE('',*,*,#210,.F.);
#210 = EDGE_CURVE('',#211,#203,#213,.T.);
#211 = VERTEX_POINT('',#212);
#212 = CARTESIAN_POINT('',(10.537797291161,4.85,-5.5));
#213 = CIRCLE('',#214,0.2);
#214 = AXIS2_PLACEMENT_3D('',#215,#216,#217);
#215 = CARTESIAN_POINT('',(10.537797291161,4.65,-5.5));
#216 = DIRECTION('',(0.,0.,1.));
#217 = DIRECTION('',(1.,0.,0.));
#218 = ORIENTED_EDGE('',*,*,#219,.T.);
#219 = EDGE_CURVE('',#211,#220,#222,.T.);
#220 = VERTEX_POINT('',#221);
#221 = CARTESIAN_POINT('',(93.762202708839,4.85,-5.5));
#222 = LINE('',#223,#224);
#223 = CARTESIAN_POINT('',(10.537797291161,4.85,-5.5));
#224 = VECTOR('',#225,1.);
#225 = DIRECTION('',(1.,0.,0.));
#226 = ORIENTED_EDGE('',*,*,#227,.F.);
#227 = EDGE_CURVE('',#228,#220,#230,.T.);
#228 = VERTEX_POINT('',#229);
#229 = CARTESIAN_POINT('',(93.959164259442,4.684729635533,-5.5));
#230 = CIRCLE('',#231,0.2);
#231 = AXIS2_PLACEMENT_3D('',#232,#233,#234);
#232 = CARTESIAN_POINT('',(93.762202708839,4.65,-5.5));
#233 = DIRECTION('',(0.,0.,1.));
#234 = DIRECTION('',(1.,0.,0.));
#235 = ORIENTED_EDGE('',*,*,#236,.T.);
#236 = EDGE_CURVE('',#228,#237,#239,.T.);
#237 = VERTEX_POINT('',#238);
#238 = CARTESIAN_POINT('',(94.291492945527,2.8,-5.5));
#239 = LINE('',#240,#241);
#240 = CARTESIAN_POINT('',(93.959164259442,4.684729635533,-5.5));
#241 = VECTOR('',#242,1.);
#242 = DIRECTION('',(0.173648177667,-0.984807753012,0.));
#243 = ORIENTED_EDGE('',*,*,#244,.F.);
#244 = EDGE_CURVE('',#245,#237,#247,.T.);
#245 = VERTEX_POINT('',#246);
#246 = CARTESIAN_POINT('',(134.30850705447,2.8,-5.5));
#247 = LINE('',#248,#249);
#248 = CARTESIAN_POINT('',(228.6,2.8,-5.5));
#249 = VECTOR('',#250,1.);
#250 = DIRECTION('',(-1.,1.748382715945E-17,0.));
#251 = ORIENTED_EDGE('',*,*,#252,.T.);
#252 = EDGE_CURVE('',#245,#253,#255,.T.);
#253 = VERTEX_POINT('',#254);
#254 = CARTESIAN_POINT('',(134.64083574055,4.684729635533,-5.5));
#255 = LINE('',#256,#257);
#256 = CARTESIAN_POINT('',(134.12605630199,1.765270364467,-5.5));
#257 = VECTOR('',#258,1.);
#258 = DIRECTION('',(0.173648177667,0.984807753012,0.));
#259 = ORIENTED_EDGE('',*,*,#260,.F.);
#260 = EDGE_CURVE('',#261,#253,#263,.T.);
#261 = VERTEX_POINT('',#262);
#262 = CARTESIAN_POINT('',(134.83779729116,4.85,-5.5));
#263 = CIRCLE('',#264,0.2);
#264 = AXIS2_PLACEMENT_3D('',#265,#266,#267);
#265 = CARTESIAN_POINT('',(134.83779729116,4.65,-5.5));
#266 = DIRECTION('',(0.,0.,1.));
#267 = DIRECTION('',(1.,0.,0.));
#268 = ORIENTED_EDGE('',*,*,#269,.T.);
#269 = EDGE_CURVE('',#261,#270,#272,.T.);
#270 = VERTEX_POINT('',#271);
#271 = CARTESIAN_POINT('',(218.06220270883,4.85,-5.5));
#272 = LINE('',#273,#274);
#273 = CARTESIAN_POINT('',(134.83779729116,4.85,-5.5));
#274 = VECTOR('',#275,1.);
#275 = DIRECTION('',(1.,0.,0.));
#276 = ORIENTED_EDGE('',*,*,#277,.F.);
#277 = EDGE_CURVE('',#278,#270,#280,.T.);
#278 = VERTEX_POINT('',#279);
#279 = CARTESIAN_POINT('',(218.25916425944,4.684729635533,-5.5));
#280 = CIRCLE('',#281,0.2);
#281 = AXIS2_PLACEMENT_3D('',#282,#283,#284);
#282 = CARTESIAN_POINT('',(218.06220270883,4.65,-5.5));
#283 = DIRECTION('',(0.,0.,1.));
#284 = DIRECTION('',(1.,0.,0.));
#285 = ORIENTED_EDGE('',*,*,#286,.T.);
#286 = EDGE_CURVE('',#278,#287,#289,.T.);
#287 = VERTEX_POINT('',#288);
#288 = CARTESIAN_POINT('',(218.59149294552,2.8,-5.5));
#289 = LINE('',#290,#291);
#290 = CARTESIAN_POINT('',(218.25916425944,4.684729635533,-5.5));
#291 = VECTOR('',#292,1.);
#292 = DIRECTION('',(0.173648177667,-0.984807753012,0.));
#293 = ORIENTED_EDGE('',*,*,#294,.F.);
#294 = EDGE_CURVE('',#295,#287,#297,.T.);
#295 = VERTEX_POINT('',#296);
#296 = CARTESIAN_POINT('',(228.6,2.8,-5.5));
#297 = LINE('',#298,#299);
#298 = CARTESIAN_POINT('',(228.6,2.8,-5.5));
#299 = VECTOR('',#300,1.);
#300 = DIRECTION('',(-1.,1.748382715945E-17,0.));
#301 = ORIENTED_EDGE('',*,*,#302,.F.);
#302 = EDGE_CURVE('',#303,#295,#305,.T.);
#303 = VERTEX_POINT('',#304);
#304 = CARTESIAN_POINT('',(231.4,0.,-5.5));
#305 = CIRCLE('',#306,2.8);
#306 = AXIS2_PLACEMENT_3D('',#307,#308,#309);
#307 = CARTESIAN_POINT('',(228.6,0.,-5.5));
#308 = DIRECTION('',(0.,0.,1.));
#309 = DIRECTION('',(-1.,-1.224646799147E-16,0.));
#310 = ORIENTED_EDGE('',*,*,#311,.F.);
#311 = EDGE_CURVE('',#312,#303,#314,.T.);
#312 = VERTEX_POINT('',#313);
#313 = CARTESIAN_POINT('',(231.4,-10.00850705447,-5.5));
#314 = LINE('',#315,#316);
#315 = CARTESIAN_POINT('',(231.4,-76.2,-5.5));
#316 = VECTOR('',#317,1.);
#317 = DIRECTION('',(0.,1.,0.));
#318 = ORIENTED_EDGE('',*,*,#319,.T.);
#319 = EDGE_CURVE('',#312,#320,#322,.T.);
#320 = VERTEX_POINT('',#321);
#321 = CARTESIAN_POINT('',(233.28472963553,-10.34083574055,-5.5));
#322 = LINE('',#323,#324);
#323 = CARTESIAN_POINT('',(230.36527036446,-9.82605630199,-5.5));
#324 = VECTOR('',#325,1.);
#325 = DIRECTION('',(0.984807753012,-0.173648177667,0.));
#326 = ORIENTED_EDGE('',*,*,#327,.F.);
#327 = EDGE_CURVE('',#328,#320,#330,.T.);
#328 = VERTEX_POINT('',#329);
#329 = CARTESIAN_POINT('',(233.45,-10.53779729116,-5.5));
#330 = CIRCLE('',#331,0.2);
#331 = AXIS2_PLACEMENT_3D('',#332,#333,#334);
#332 = CARTESIAN_POINT('',(233.25,-10.53779729116,-5.5));
#333 = DIRECTION('',(0.,0.,1.));
#334 = DIRECTION('',(1.,0.,0.));
#335 = ORIENTED_EDGE('',*,*,#336,.T.);
#336 = EDGE_CURVE('',#328,#337,#339,.T.);
#337 = VERTEX_POINT('',#338);
#338 = CARTESIAN_POINT('',(233.45,-65.66220270883,-5.5));
#339 = LINE('',#340,#341);
#340 = CARTESIAN_POINT('',(233.45,-10.53779729116,-5.5));
#341 = VECTOR('',#342,1.);
#342 = DIRECTION('',(0.,-1.,0.));
#343 = ORIENTED_EDGE('',*,*,#344,.F.);
#344 = EDGE_CURVE('',#345,#337,#347,.T.);
#345 = VERTEX_POINT('',#346);
#346 = CARTESIAN_POINT('',(233.28472963553,-65.85916425944,-5.5));
#347 = CIRCLE('',#348,0.2);
#348 = AXIS2_PLACEMENT_3D('',#349,#350,#351);
#349 = CARTESIAN_POINT('',(233.25,-65.66220270883,-5.5));
#350 = DIRECTION('',(0.,0.,1.));
#351 = DIRECTION('',(1.,0.,0.));
#352 = ORIENTED_EDGE('',*,*,#353,.T.);
#353 = EDGE_CURVE('',#345,#354,#356,.T.);
#354 = VERTEX_POINT('',#355);
#355 = CARTESIAN_POINT('',(231.4,-66.19149294552,-5.5));
#356 = LINE('',#357,#358);
#357 = CARTESIAN_POINT('',(233.28472963553,-65.85916425944,-5.5));
#358 = VECTOR('',#359,1.);
#359 = DIRECTION('',(-0.984807753012,-0.173648177667,0.));
#360 = ORIENTED_EDGE('',*,*,#361,.F.);
#361 = EDGE_CURVE('',#362,#354,#364,.T.);
#362 = VERTEX_POINT('',#363);
#363 = CARTESIAN_POINT('',(231.4,-76.2,-5.5));
#364 = LINE('',#365,#366);
#365 = CARTESIAN_POINT('',(231.4,-76.2,-5.5));
#366 = VECTOR('',#367,1.);
#367 = DIRECTION('',(0.,1.,0.));
#368 = ORIENTED_EDGE('',*,*,#369,.F.);
#369 = EDGE_CURVE('',#370,#362,#372,.T.);
#370 = VERTEX_POINT('',#371);
#371 = CARTESIAN_POINT('',(228.6,-79.,-5.5));
#372 = CIRCLE('',#373,2.8);
#373 = AXIS2_PLACEMENT_3D('',#374,#375,#376);
#374 = CARTESIAN_POINT('',(228.6,-76.2,-5.5));
#375 = DIRECTION('',(0.,-0.,1.));
#376 = DIRECTION('',(1.110223024625E-16,1.,0.));
#377 = ORIENTED_EDGE('',*,*,#378,.F.);
#378 = EDGE_CURVE('',#379,#370,#381,.T.);
#379 = VERTEX_POINT('',#380);
#380 = CARTESIAN_POINT('',(218.59149294552,-79.,-5.5));
#381 = LINE('',#382,#383);
#382 = CARTESIAN_POINT('',(-5.143516446817E-16,-79.,-5.5));
#383 = VECTOR('',#384,1.);
#384 = DIRECTION('',(1.,-6.216471878916E-17,0.));
#385 = ORIENTED_EDGE('',*,*,#386,.T.);
#386 = EDGE_CURVE('',#379,#387,#389,.T.);
#387 = VERTEX_POINT('',#388);
#388 = CARTESIAN_POINT('',(218.25916425944,-80.88472963553,-5.5));
#389 = LINE('',#390,#391);
#390 = CARTESIAN_POINT('',(218.77394369801,-77.96527036446,-5.5));
#391 = VECTOR('',#392,1.);
#392 = DIRECTION('',(-0.173648177667,-0.984807753012,0.));
#393 = ORIENTED_EDGE('',*,*,#394,.F.);
#394 = EDGE_CURVE('',#395,#387,#397,.T.);
#395 = VERTEX_POINT('',#396);
#396 = CARTESIAN_POINT('',(218.06220270883,-81.05,-5.5));
#397 = CIRCLE('',#398,0.2);
#398 = AXIS2_PLACEMENT_3D('',#399,#400,#401);
#399 = CARTESIAN_POINT('',(218.06220270883,-80.85,-5.5));
#400 = DIRECTION('',(0.,0.,1.));
#401 = DIRECTION('',(1.,0.,0.));
#402 = ORIENTED_EDGE('',*,*,#403,.T.);
#403 = EDGE_CURVE('',#395,#404,#406,.T.);
#404 = VERTEX_POINT('',#405);
#405 = CARTESIAN_POINT('',(124.83779729116,-81.05,-5.5));
#406 = LINE('',#407,#408);
#407 = CARTESIAN_POINT('',(218.06220270883,-81.05,-5.5));
#408 = VECTOR('',#409,1.);
#409 = DIRECTION('',(-1.,0.,0.));
#410 = ORIENTED_EDGE('',*,*,#411,.F.);
#411 = EDGE_CURVE('',#412,#404,#414,.T.);
#412 = VERTEX_POINT('',#413);
#413 = CARTESIAN_POINT('',(124.64083574055,-80.88472963553,-5.5));
#414 = CIRCLE('',#415,0.2);
#415 = AXIS2_PLACEMENT_3D('',#416,#417,#418);
#416 = CARTESIAN_POINT('',(124.83779729116,-80.85,-5.5));
#417 = DIRECTION('',(0.,0.,1.));
#418 = DIRECTION('',(1.,0.,0.));
#419 = ORIENTED_EDGE('',*,*,#420,.T.);
#420 = EDGE_CURVE('',#412,#421,#423,.T.);
#421 = VERTEX_POINT('',#422);
#422 = CARTESIAN_POINT('',(124.30850705447,-79.,-5.5));
#423 = LINE('',#424,#425);
#424 = CARTESIAN_POINT('',(124.64083574055,-80.88472963553,-5.5));
#425 = VECTOR('',#426,1.);
#426 = DIRECTION('',(-0.173648177667,0.984807753012,0.));
#427 = ORIENTED_EDGE('',*,*,#428,.F.);
#428 = EDGE_CURVE('',#429,#421,#431,.T.);
#429 = VERTEX_POINT('',#430);
#430 = CARTESIAN_POINT('',(104.29149294552,-79.,-5.5));
#431 = LINE('',#432,#433);
#432 = CARTESIAN_POINT('',(-5.143516446817E-16,-79.,-5.5));
#433 = VECTOR('',#434,1.);
#434 = DIRECTION('',(1.,-6.216471878916E-17,0.));
#435 = ORIENTED_EDGE('',*,*,#436,.T.);
#436 = EDGE_CURVE('',#429,#437,#439,.T.);
#437 = VERTEX_POINT('',#438);
#438 = CARTESIAN_POINT('',(103.95916425944,-80.88472963553,-5.5));
#439 = LINE('',#440,#441);
#440 = CARTESIAN_POINT('',(104.47394369801,-77.96527036446,-5.5));
#441 = VECTOR('',#442,1.);
#442 = DIRECTION('',(-0.173648177667,-0.984807753012,0.));
#443 = ORIENTED_EDGE('',*,*,#444,.F.);
#444 = EDGE_CURVE('',#445,#437,#447,.T.);
#445 = VERTEX_POINT('',#446);
#446 = CARTESIAN_POINT('',(103.76220270883,-81.05,-5.5));
#447 = CIRCLE('',#448,0.2);
#448 = AXIS2_PLACEMENT_3D('',#449,#450,#451);
#449 = CARTESIAN_POINT('',(103.76220270883,-80.85,-5.5));
#450 = DIRECTION('',(0.,0.,1.));
#451 = DIRECTION('',(1.,0.,0.));
#452 = ORIENTED_EDGE('',*,*,#453,.T.);
#453 = EDGE_CURVE('',#445,#454,#456,.T.);
#454 = VERTEX_POINT('',#455);
#455 = CARTESIAN_POINT('',(10.537797291161,-81.05,-5.5));
#456 = LINE('',#457,#458);
#457 = CARTESIAN_POINT('',(103.76220270883,-81.05,-5.5));
#458 = VECTOR('',#459,1.);
#459 = DIRECTION('',(-1.,0.,0.));
#460 = ORIENTED_EDGE('',*,*,#461,.F.);
#461 = EDGE_CURVE('',#462,#454,#464,.T.);
#462 = VERTEX_POINT('',#463);
#463 = CARTESIAN_POINT('',(10.340835740558,-80.88472963553,-5.5));
#464 = CIRCLE('',#465,0.2);
#465 = AXIS2_PLACEMENT_3D('',#466,#467,#468);
#466 = CARTESIAN_POINT('',(10.537797291161,-80.85,-5.5));
#467 = DIRECTION('',(0.,0.,1.));
#468 = DIRECTION('',(1.,0.,0.));
#469 = ORIENTED_EDGE('',*,*,#470,.T.);
#470 = EDGE_CURVE('',#462,#471,#473,.T.);
#471 = VERTEX_POINT('',#472);
#472 = CARTESIAN_POINT('',(10.008507054473,-79.,-5.5));
#473 = LINE('',#474,#475);
#474 = CARTESIAN_POINT('',(10.340835740558,-80.88472963553,-5.5));
#475 = VECTOR('',#476,1.);
#476 = DIRECTION('',(-0.173648177667,0.984807753012,0.));
#477 = ORIENTED_EDGE('',*,*,#478,.F.);
#478 = EDGE_CURVE('',#479,#471,#481,.T.);
#479 = VERTEX_POINT('',#480);
#480 = CARTESIAN_POINT('',(-5.143516446817E-16,-79.,-5.5));
#481 = LINE('',#482,#483);
#482 = CARTESIAN_POINT('',(-5.143516446817E-16,-79.,-5.5));
#483 = VECTOR('',#484,1.);
#484 = DIRECTION('',(1.,-6.216471878916E-17,0.));
#485 = ORIENTED_EDGE('',*,*,#486,.F.);
#486 = EDGE_CURVE('',#487,#479,#489,.T.);
#487 = VERTEX_POINT('',#488);
#488 = CARTESIAN_POINT('',(-2.8,-76.2,-5.5));
#489 = CIRCLE('',#490,2.8);
#490 = AXIS2_PLACEMENT_3D('',#491,#492,#493);
#491 = CARTESIAN_POINT('',(1.096014311633E-23,-76.2,-5.5));
#492 = DIRECTION('',(0.,0.,1.));
#493 = DIRECTION('',(1.,0.,0.));
#494 = ORIENTED_EDGE('',*,*,#495,.F.);
#495 = EDGE_CURVE('',#496,#487,#498,.T.);
#496 = VERTEX_POINT('',#497);
#497 = CARTESIAN_POINT('',(-2.8,-66.19149294552,-5.5));
#498 = LINE('',#499,#500);
#499 = CARTESIAN_POINT('',(-2.8,2.034892087468E-16,-5.5));
#500 = VECTOR('',#501,1.);
#501 = DIRECTION('',(0.,-1.,0.));
#502 = ORIENTED_EDGE('',*,*,#503,.T.);
#503 = EDGE_CURVE('',#496,#504,#506,.T.);
#504 = VERTEX_POINT('',#505);
#505 = CARTESIAN_POINT('',(-4.684729635533,-65.85916425944,-5.5));
#506 = LINE('',#507,#508);
#507 = CARTESIAN_POINT('',(-1.765270364467,-66.37394369801,-5.5));
#508 = VECTOR('',#509,1.);
#509 = DIRECTION('',(-0.984807753012,0.173648177667,0.));
#510 = ORIENTED_EDGE('',*,*,#511,.F.);
#511 = EDGE_CURVE('',#512,#504,#514,.T.);
#512 = VERTEX_POINT('',#513);
#513 = CARTESIAN_POINT('',(-4.85,-65.66220270883,-5.5));
#514 = CIRCLE('',#515,0.2);
#515 = AXIS2_PLACEMENT_3D('',#516,#517,#518);
#516 = CARTESIAN_POINT('',(-4.65,-65.66220270883,-5.5));
#517 = DIRECTION('',(0.,0.,1.));
#518 = DIRECTION('',(1.,0.,0.));
#519 = ORIENTED_EDGE('',*,*,#520,.T.);
#520 = EDGE_CURVE('',#512,#521,#523,.T.);
#521 = VERTEX_POINT('',#522);
#522 = CARTESIAN_POINT('',(-4.85,-48.1343264286,-5.5));
#523 = LINE('',#524,#525);
#524 = CARTESIAN_POINT('',(-4.85,-65.66220270883,-5.5));
#525 = VECTOR('',#526,1.);
#526 = DIRECTION('',(0.,1.,0.));
#527 = ORIENTED_EDGE('',*,*,#528,.F.);
#528 = EDGE_CURVE('',#529,#521,#531,.T.);
#529 = VERTEX_POINT('',#530);
#530 = CARTESIAN_POINT('',(-5.85,-48.1343264286,-5.5));
#531 = LINE('',#532,#533);
#532 = CARTESIAN_POINT('',(54.825,-48.1343264286,-5.5));
#533 = VECTOR('',#534,1.);
#534 = DIRECTION('',(1.,0.,0.));
#535 = ORIENTED_EDGE('',*,*,#536,.T.);
#536 = EDGE_CURVE('',#529,#537,#539,.T.);
#537 = VERTEX_POINT('',#538);
#538 = CARTESIAN_POINT('',(-5.85,-76.2,-5.5));
#539 = LINE('',#540,#541);
#540 = CARTESIAN_POINT('',(-5.85,-6.798927034349E-20,-5.5));
#541 = VECTOR('',#542,1.);
#542 = DIRECTION('',(0.,-1.,0.));
#543 = ORIENTED_EDGE('',*,*,#544,.T.);
#544 = EDGE_CURVE('',#537,#545,#547,.T.);
#545 = VERTEX_POINT('',#546);
#546 = CARTESIAN_POINT('',(-4.123044196535E-16,-82.05,-5.5));
#547 = CIRCLE('',#548,5.85);
#548 = AXIS2_PLACEMENT_3D('',#549,#550,#551);
#549 = CARTESIAN_POINT('',(1.105769785982E-25,-76.2,-5.5));
#550 = DIRECTION('',(0.,0.,1.));
#551 = DIRECTION('',(1.,0.,0.));
#552 = ORIENTED_EDGE('',*,*,#553,.T.);
#553 = EDGE_CURVE('',#545,#554,#556,.T.);
#554 = VERTEX_POINT('',#555);
#555 = CARTESIAN_POINT('',(228.6,-82.05,-5.5));
#556 = LINE('',#557,#558);
#557 = CARTESIAN_POINT('',(2.500187276891E-16,-82.05,-5.5));
#558 = VECTOR('',#559,1.);
#559 = DIRECTION('',(1.,0.,0.));
#560 = ORIENTED_EDGE('',*,*,#561,.T.);
#561 = EDGE_CURVE('',#554,#562,#564,.T.);
#562 = VERTEX_POINT('',#563);
#563 = CARTESIAN_POINT('',(234.45,-76.2,-5.5));
#564 = CIRCLE('',#565,5.85);
#565 = AXIS2_PLACEMENT_3D('',#566,#567,#568);
#566 = CARTESIAN_POINT('',(228.6,-76.2,-5.5));
#567 = DIRECTION('',(0.,-0.,1.));
#568 = DIRECTION('',(1.110223024625E-16,1.,0.));
#569 = ORIENTED_EDGE('',*,*,#570,.T.);
#570 = EDGE_CURVE('',#562,#126,#571,.T.);
#571 = LINE('',#572,#573);
#572 = CARTESIAN_POINT('',(234.45,-76.2,-5.5));
#573 = VECTOR('',#574,1.);
#574 = DIRECTION('',(0.,1.,0.));
#575 = FACE_BOUND('',#576,.F.);
#576 = EDGE_LOOP('',(#577));
#577 = ORIENTED_EDGE('',*,*,#578,.F.);
#578 = EDGE_CURVE('',#579,#579,#581,.T.);
#579 = VERTEX_POINT('',#580);
#580 = CARTESIAN_POINT('',(-1.83397275992,-78.83397275992,-5.5));
#581 = CIRCLE('',#582,0.8);
#582 = AXIS2_PLACEMENT_3D('',#583,#584,#585);
#583 = CARTESIAN_POINT('',(-2.63397275992,-78.83397275992,-5.5));
#584 = DIRECTION('',(0.,0.,1.));
#585 = DIRECTION('',(1.,0.,0.));
#586 = FACE_BOUND('',#587,.F.);
#587 = EDGE_LOOP('',(#588));
#588 = ORIENTED_EDGE('',*,*,#589,.F.);
#589 = EDGE_CURVE('',#590,#590,#592,.T.);
#590 = VERTEX_POINT('',#591);
#591 = CARTESIAN_POINT('',(115.1,-79.925,-5.5));
#592 = CIRCLE('',#593,0.8);
#593 = AXIS2_PLACEMENT_3D('',#594,#595,#596);
#594 = CARTESIAN_POINT('',(114.3,-79.925,-5.5));
#595 = DIRECTION('',(0.,0.,1.));
#596 = DIRECTION('',(1.,0.,0.));
#597 = FACE_BOUND('',#598,.F.);
#598 = EDGE_LOOP('',(#599));
#599 = ORIENTED_EDGE('',*,*,#600,.F.);
#600 = EDGE_CURVE('',#601,#601,#603,.T.);
#601 = VERTEX_POINT('',#602);
#602 = CARTESIAN_POINT('',(232.03397275992,-78.83397275992,-5.5));
#603 = CIRCLE('',#604,0.8);
#604 = AXIS2_PLACEMENT_3D('',#605,#606,#607);
#605 = CARTESIAN_POINT('',(231.23397275992,-78.83397275992,-5.5));
#606 = DIRECTION('',(0.,0.,1.));
#607 = DIRECTION('',(1.,0.,0.));
#608 = FACE_BOUND('',#609,.F.);
#609 = EDGE_LOOP('',(#610));
#610 = ORIENTED_EDGE('',*,*,#611,.F.);
#611 = EDGE_CURVE('',#612,#612,#614,.T.);
#612 = VERTEX_POINT('',#613);
#613 = CARTESIAN_POINT('',(-1.83397275992,2.63397275992,-5.5));
#614 = CIRCLE('',#615,0.8);
#615 = AXIS2_PLACEMENT_3D('',#616,#617,#618);
#616 = CARTESIAN_POINT('',(-2.63397275992,2.63397275992,-5.5));
#617 = DIRECTION('',(0.,0.,1.));
#618 = DIRECTION('',(1.,0.,0.));
#619 = FACE_BOUND('',#620,.F.);
#620 = EDGE_LOOP('',(#621));
#621 = ORIENTED_EDGE('',*,*,#622,.F.);
#622 = EDGE_CURVE('',#623,#623,#625,.T.);
#623 = VERTEX_POINT('',#624);
#624 = CARTESIAN_POINT('',(103.1,3.725,-5.5));
#625 = CIRCLE('',#626,0.8);
#626 = AXIS2_PLACEMENT_3D('',#627,#628,#629);
#627 = CARTESIAN_POINT('',(102.3,3.725,-5.5));
#628 = DIRECTION('',(0.,0.,1.));
#629 = DIRECTION('',(1.,0.,0.));
#630 = FACE_BOUND('',#631,.F.);
#631 = EDGE_LOOP('',(#632));
#632 = ORIENTED_EDGE('',*,*,#633,.F.);
#633 = EDGE_CURVE('',#634,#634,#636,.T.);
#634 = VERTEX_POINT('',#635);
#635 = CARTESIAN_POINT('',(127.1,3.725,-5.5));
#636 = CIRCLE('',#637,0.8);
#637 = AXIS2_PLACEMENT_3D('',#638,#639,#640);
#638 = CARTESIAN_POINT('',(126.3,3.725,-5.5));
#639 = DIRECTION('',(0.,0.,1.));
#640 = DIRECTION('',(1.,0.,0.));
#641 = FACE_BOUND('',#642,.F.);
#642 = EDGE_LOOP('',(#643));
#643 = ORIENTED_EDGE('',*,*,#644,.F.);
#644 = EDGE_CURVE('',#645,#645,#647,.T.);
#645 = VERTEX_POINT('',#646);
#646 = CARTESIAN_POINT('',(232.03397275992,2.63397275992,-5.5));
#647 = CIRCLE('',#648,0.8);
#648 = AXIS2_PLACEMENT_3D('',#649,#650,#651);
#649 = CARTESIAN_POINT('',(231.23397275992,2.63397275992,-5.5));
#650 = DIRECTION('',(0.,0.,1.));
#651 = DIRECTION('',(1.,0.,0.));
#652 = PLANE('',#653);
#653 = AXIS2_PLACEMENT_3D('',#654,#655,#656);
#654 = CARTESIAN_POINT('',(114.3,-38.15012384014,-5.5));
#655 = DIRECTION('',(0.,0.,1.));
#656 = DIRECTION('',(1.,0.,0.));
#657 = ADVANCED_FACE('',(#658),#677,.T.);
#658 = FACE_BOUND('',#659,.T.);
#659 = EDGE_LOOP('',(#660,#668,#669,#670));
#660 = ORIENTED_EDGE('',*,*,#661,.T.);
#661 = EDGE_CURVE('',#662,#126,#664,.T.);
#662 = VERTEX_POINT('',#663);
#663 = CARTESIAN_POINT('',(234.45,0.,-1.));
#664 = LINE('',#665,#666);
#665 = CARTESIAN_POINT('',(234.45,8.57432178495E-25,0.));
#666 = VECTOR('',#667,1.);
#667 = DIRECTION('',(-0.,-0.,-1.));
#668 = ORIENTED_EDGE('',*,*,#125,.T.);
#669 = ORIENTED_EDGE('',*,*,#39,.T.);
#670 = ORIENTED_EDGE('',*,*,#671,.F.);
#671 = EDGE_CURVE('',#662,#32,#672,.T.);
#672 = CIRCLE('',#673,5.85);
#673 = AXIS2_PLACEMENT_3D('',#674,#675,#676);
#674 = CARTESIAN_POINT('',(228.6,0.,-1.));
#675 = DIRECTION('',(0.,-0.,1.));
#676 = DIRECTION('',(1.,1.465696031615E-25,0.));
#677 = CYLINDRICAL_SURFACE('',#678,5.85);
#678 = AXIS2_PLACEMENT_3D('',#679,#680,#681);
#679 = CARTESIAN_POINT('',(228.6,8.574321872125E-25,0.));
#680 = DIRECTION('',(0.,0.,1.));
#681 = DIRECTION('',(-1.,-1.224646799147E-16,0.));
#682 = ADVANCED_FACE('',(#683),#702,.T.);
#683 = FACE_BOUND('',#684,.T.);
#684 = EDGE_LOOP('',(#685,#686,#687,#695));
#685 = ORIENTED_EDGE('',*,*,#103,.F.);
#686 = ORIENTED_EDGE('',*,*,#79,.T.);
#687 = ORIENTED_EDGE('',*,*,#688,.T.);
#688 = EDGE_CURVE('',#72,#689,#691,.T.);
#689 = VERTEX_POINT('',#690);
#690 = CARTESIAN_POINT('',(-1.85,1.344482272427E-16,5.5));
#691 = LINE('',#692,#693);
#692 = CARTESIAN_POINT('',(-5.85,4.251470969567E-16,-1.));
#693 = VECTOR('',#694,1.);
#694 = DIRECTION('',(0.524097425664,-3.808863231515E-17,0.851658316705)
  );
#695 = ORIENTED_EDGE('',*,*,#696,.F.);
#696 = EDGE_CURVE('',#104,#689,#697,.T.);
#697 = CIRCLE('',#698,1.85);
#698 = AXIS2_PLACEMENT_3D('',#699,#700,#701);
#699 = CARTESIAN_POINT('',(0.,0.,5.5));
#700 = DIRECTION('',(0.,-0.,1.));
#701 = DIRECTION('',(1.144237747112E-17,1.,0.));
#702 = CONICAL_SURFACE('',#703,5.85,0.551654982529);
#703 = AXIS2_PLACEMENT_3D('',#704,#705,#706);
#704 = CARTESIAN_POINT('',(0.,0.,-1.));
#705 = DIRECTION('',(-0.,-0.,-1.));
#706 = DIRECTION('',(1.144237747112E-17,1.,0.));
#707 = ADVANCED_FACE('',(#708),#784,.T.);
#708 = FACE_BOUND('',#709,.T.);
#709 = EDGE_LOOP('',(#710,#718,#724,#725,#726,#734,#743,#751,#760,#768,
    #777,#783));
#710 = ORIENTED_EDGE('',*,*,#711,.F.);
#711 = EDGE_CURVE('',#712,#537,#714,.T.);
#712 = VERTEX_POINT('',#713);
#713 = CARTESIAN_POINT('',(-5.85,-76.2,-1.));
#714 = LINE('',#715,#716);
#715 = CARTESIAN_POINT('',(-5.85,-76.2,0.));
#716 = VECTOR('',#717,1.);
#717 = DIRECTION('',(-0.,-0.,-1.));
#718 = ORIENTED_EDGE('',*,*,#719,.F.);
#719 = EDGE_CURVE('',#72,#712,#720,.T.);
#720 = LINE('',#721,#722);
#721 = CARTESIAN_POINT('',(-5.85,0.,-1.));
#722 = VECTOR('',#723,1.);
#723 = DIRECTION('',(0.,-1.,0.));
#724 = ORIENTED_EDGE('',*,*,#71,.F.);
#725 = ORIENTED_EDGE('',*,*,#136,.T.);
#726 = ORIENTED_EDGE('',*,*,#727,.F.);
#727 = EDGE_CURVE('',#728,#137,#730,.T.);
#728 = VERTEX_POINT('',#729);
#729 = CARTESIAN_POINT('',(-5.85,-32.84138690299,-4.068777798925));
#730 = LINE('',#731,#732);
#731 = CARTESIAN_POINT('',(-5.85,-33.45416646173,-3.884943931301));
#732 = VECTOR('',#733,1.);
#733 = DIRECTION('',(0.,0.957826285221,-0.287347885566));
#734 = ORIENTED_EDGE('',*,*,#735,.T.);
#735 = EDGE_CURVE('',#728,#736,#738,.T.);
#736 = VERTEX_POINT('',#737);
#737 = CARTESIAN_POINT('',(-5.85,-33.35861309701,-4.068777798925));
#738 = CIRCLE('',#739,0.9);
#739 = AXIS2_PLACEMENT_3D('',#740,#741,#742);
#740 = CARTESIAN_POINT('',(-5.85,-33.1,-4.930821455624));
#741 = DIRECTION('',(1.,0.,0.));
#742 = DIRECTION('',(0.,1.,0.));
#743 = ORIENTED_EDGE('',*,*,#744,.T.);
#744 = EDGE_CURVE('',#736,#745,#747,.T.);
#745 = VERTEX_POINT('',#746);
#746 = CARTESIAN_POINT('',(-5.85,-35.05708385175,-4.578319025349));
#747 = LINE('',#748,#749);
#748 = CARTESIAN_POINT('',(-5.85,-35.82287304471,-4.808055783235));
#749 = VECTOR('',#750,1.);
#750 = DIRECTION('',(0.,-0.957826285221,-0.287347885566));
#751 = ORIENTED_EDGE('',*,*,#752,.F.);
#752 = EDGE_CURVE('',#753,#745,#755,.T.);
#753 = VERTEX_POINT('',#754);
#754 = CARTESIAN_POINT('',(-5.85,-35.6254368646,-4.561296779349));
#755 = CIRCLE('',#756,0.9);
#756 = AXIS2_PLACEMENT_3D('',#757,#758,#759);
#757 = CARTESIAN_POINT('',(-5.85,-35.31569694876,-3.71627536865));
#758 = DIRECTION('',(1.,0.,0.));
#759 = DIRECTION('',(0.,1.,0.));
#760 = ORIENTED_EDGE('',*,*,#761,.T.);
#761 = EDGE_CURVE('',#753,#762,#764,.T.);
#762 = VERTEX_POINT('',#763);
#763 = CARTESIAN_POINT('',(-5.85,-40.16053994816,-2.89896913935));
#764 = LINE('',#765,#766);
#765 = CARTESIAN_POINT('',(-5.85,-39.72067296384,-3.060200986229));
#766 = VECTOR('',#767,1.);
#767 = DIRECTION('',(0.,-0.938912678555,0.344155462036));
#768 = ORIENTED_EDGE('',*,*,#769,.T.);
#769 = EDGE_CURVE('',#762,#770,#772,.T.);
#770 = VERTEX_POINT('',#771);
#771 = CARTESIAN_POINT('',(-5.85,-40.77037756564,-2.895496961702));
#772 = CIRCLE('',#773,0.9);
#773 = AXIS2_PLACEMENT_3D('',#774,#775,#776);
#774 = CARTESIAN_POINT('',(-5.85,-40.47027986399,-3.743990550049));
#775 = DIRECTION('',(1.,0.,0.));
#776 = DIRECTION('',(0.,1.,0.));
#777 = ORIENTED_EDGE('',*,*,#778,.F.);
#778 = EDGE_CURVE('',#529,#770,#779,.T.);
#779 = LINE('',#780,#781);
#780 = CARTESIAN_POINT('',(-5.85,-39.12852664084,-2.314802309737));
#781 = VECTOR('',#782,1.);
#782 = DIRECTION('',(0.,0.942770653719,0.33344189072));
#783 = ORIENTED_EDGE('',*,*,#536,.T.);
#784 = PLANE('',#785);
#785 = AXIS2_PLACEMENT_3D('',#786,#787,#788);
#786 = CARTESIAN_POINT('',(-5.85,-38.1,0.));
#787 = DIRECTION('',(-1.,-0.,-0.));
#788 = DIRECTION('',(0.,0.,-1.));
#789 = ADVANCED_FACE('',(#790),#809,.T.);
#790 = FACE_BOUND('',#791,.T.);
#791 = EDGE_LOOP('',(#792,#800,#801,#802));
#792 = ORIENTED_EDGE('',*,*,#793,.F.);
#793 = EDGE_CURVE('',#662,#794,#796,.T.);
#794 = VERTEX_POINT('',#795);
#795 = CARTESIAN_POINT('',(230.45,0.,5.5));
#796 = LINE('',#797,#798);
#797 = CARTESIAN_POINT('',(232.45,0.,2.25));
#798 = VECTOR('',#799,1.);
#799 = DIRECTION('',(-0.524097425664,4.745421316207E-33,0.851658316705)
  );
#800 = ORIENTED_EDGE('',*,*,#671,.T.);
#801 = ORIENTED_EDGE('',*,*,#94,.T.);
#802 = ORIENTED_EDGE('',*,*,#803,.F.);
#803 = EDGE_CURVE('',#794,#95,#804,.T.);
#804 = CIRCLE('',#805,1.85);
#805 = AXIS2_PLACEMENT_3D('',#806,#807,#808);
#806 = CARTESIAN_POINT('',(228.6,0.,5.5));
#807 = DIRECTION('',(0.,-0.,1.));
#808 = DIRECTION('',(1.,1.465696031615E-25,0.));
#809 = CONICAL_SURFACE('',#810,5.85,0.551654982529);
#810 = AXIS2_PLACEMENT_3D('',#811,#812,#813);
#811 = CARTESIAN_POINT('',(228.6,0.,-1.));
#812 = DIRECTION('',(-0.,-0.,-1.));
#813 = DIRECTION('',(1.,1.465696031615E-25,0.));
#814 = ADVANCED_FACE('',(#815,#860),#930,.T.);
#815 = FACE_BOUND('',#816,.T.);
#816 = EDGE_LOOP('',(#817,#827,#836,#842,#843,#844,#845,#853));
#817 = ORIENTED_EDGE('',*,*,#818,.T.);
#818 = EDGE_CURVE('',#819,#821,#823,.T.);
#819 = VERTEX_POINT('',#820);
#820 = CARTESIAN_POINT('',(-3.016983917572E-33,-78.05,5.5));
#821 = VERTEX_POINT('',#822);
#822 = CARTESIAN_POINT('',(228.6,-78.05,5.5));
#823 = LINE('',#824,#825);
#824 = CARTESIAN_POINT('',(0.,-78.05,5.5));
#825 = VECTOR('',#826,1.);
#826 = DIRECTION('',(1.,0.,0.));
#827 = ORIENTED_EDGE('',*,*,#828,.T.);
#828 = EDGE_CURVE('',#821,#829,#831,.T.);
#829 = VERTEX_POINT('',#830);
#830 = CARTESIAN_POINT('',(230.45,-76.2,5.5));
#831 = CIRCLE('',#832,1.85);
#832 = AXIS2_PLACEMENT_3D('',#833,#834,#835);
#833 = CARTESIAN_POINT('',(228.6,-76.2,5.5));
#834 = DIRECTION('',(-0.,0.,1.));
#835 = DIRECTION('',(0.,-1.,0.));
#836 = ORIENTED_EDGE('',*,*,#837,.T.);
#837 = EDGE_CURVE('',#829,#794,#838,.T.);
#838 = LINE('',#839,#840);
#839 = CARTESIAN_POINT('',(230.45,-76.2,5.5));
#840 = VECTOR('',#841,1.);
#841 = DIRECTION('',(0.,1.,0.));
#842 = ORIENTED_EDGE('',*,*,#803,.T.);
#843 = ORIENTED_EDGE('',*,*,#111,.T.);
#844 = ORIENTED_EDGE('',*,*,#696,.T.);
#845 = ORIENTED_EDGE('',*,*,#846,.T.);
#846 = EDGE_CURVE('',#689,#847,#849,.T.);
#847 = VERTEX_POINT('',#848);
#848 = CARTESIAN_POINT('',(-1.85,-76.2,5.5));
#849 = LINE('',#850,#851);
#850 = CARTESIAN_POINT('',(-1.85,0.,5.5));
#851 = VECTOR('',#852,1.);
#852 = DIRECTION('',(0.,-1.,0.));
#853 = ORIENTED_EDGE('',*,*,#854,.T.);
#854 = EDGE_CURVE('',#847,#819,#855,.T.);
#855 = CIRCLE('',#856,1.85);
#856 = AXIS2_PLACEMENT_3D('',#857,#858,#859);
#857 = CARTESIAN_POINT('',(0.,-76.2,5.5));
#858 = DIRECTION('',(0.,0.,1.));
#859 = DIRECTION('',(-1.,0.,0.));
#860 = FACE_BOUND('',#861,.F.);
#861 = EDGE_LOOP('',(#862,#873,#881,#890,#898,#907,#915,#924));
#862 = ORIENTED_EDGE('',*,*,#863,.T.);
#863 = EDGE_CURVE('',#864,#866,#868,.T.);
#864 = VERTEX_POINT('',#865);
#865 = CARTESIAN_POINT('',(228.8,-0.8,5.5));
#866 = VERTEX_POINT('',#867);
#867 = CARTESIAN_POINT('',(227.8,0.2,5.5));
#868 = CIRCLE('',#869,1.);
#869 = AXIS2_PLACEMENT_3D('',#870,#871,#872);
#870 = CARTESIAN_POINT('',(227.8,-0.8,5.5));
#871 = DIRECTION('',(0.,0.,1.));
#872 = DIRECTION('',(1.,0.,0.));
#873 = ORIENTED_EDGE('',*,*,#874,.T.);
#874 = EDGE_CURVE('',#866,#875,#877,.T.);
#875 = VERTEX_POINT('',#876);
#876 = CARTESIAN_POINT('',(0.8,0.2,5.5));
#877 = LINE('',#878,#879);
#878 = CARTESIAN_POINT('',(227.8,0.2,5.5));
#879 = VECTOR('',#880,1.);
#880 = DIRECTION('',(-1.,0.,0.));
#881 = ORIENTED_EDGE('',*,*,#882,.T.);
#882 = EDGE_CURVE('',#875,#883,#885,.T.);
#883 = VERTEX_POINT('',#884);
#884 = CARTESIAN_POINT('',(-0.2,-0.8,5.5));
#885 = CIRCLE('',#886,1.);
#886 = AXIS2_PLACEMENT_3D('',#887,#888,#889);
#887 = CARTESIAN_POINT('',(0.8,-0.8,5.5));
#888 = DIRECTION('',(0.,0.,1.));
#889 = DIRECTION('',(1.,0.,0.));
#890 = ORIENTED_EDGE('',*,*,#891,.T.);
#891 = EDGE_CURVE('',#883,#892,#894,.T.);
#892 = VERTEX_POINT('',#893);
#893 = CARTESIAN_POINT('',(-0.2,-75.4,5.5));
#894 = LINE('',#895,#896);
#895 = CARTESIAN_POINT('',(-0.2,-0.8,5.5));
#896 = VECTOR('',#897,1.);
#897 = DIRECTION('',(0.,-1.,0.));
#898 = ORIENTED_EDGE('',*,*,#899,.T.);
#899 = EDGE_CURVE('',#892,#900,#902,.T.);
#900 = VERTEX_POINT('',#901);
#901 = CARTESIAN_POINT('',(0.8,-76.4,5.5));
#902 = CIRCLE('',#903,1.);
#903 = AXIS2_PLACEMENT_3D('',#904,#905,#906);
#904 = CARTESIAN_POINT('',(0.8,-75.4,5.5));
#905 = DIRECTION('',(0.,0.,1.));
#906 = DIRECTION('',(1.,0.,0.));
#907 = ORIENTED_EDGE('',*,*,#908,.T.);
#908 = EDGE_CURVE('',#900,#909,#911,.T.);
#909 = VERTEX_POINT('',#910);
#910 = CARTESIAN_POINT('',(227.8,-76.4,5.5));
#911 = LINE('',#912,#913);
#912 = CARTESIAN_POINT('',(0.8,-76.4,5.5));
#913 = VECTOR('',#914,1.);
#914 = DIRECTION('',(1.,0.,0.));
#915 = ORIENTED_EDGE('',*,*,#916,.T.);
#916 = EDGE_CURVE('',#909,#917,#919,.T.);
#917 = VERTEX_POINT('',#918);
#918 = CARTESIAN_POINT('',(228.8,-75.4,5.5));
#919 = CIRCLE('',#920,1.);
#920 = AXIS2_PLACEMENT_3D('',#921,#922,#923);
#921 = CARTESIAN_POINT('',(227.8,-75.4,5.5));
#922 = DIRECTION('',(0.,0.,1.));
#923 = DIRECTION('',(1.,0.,0.));
#924 = ORIENTED_EDGE('',*,*,#925,.T.);
#925 = EDGE_CURVE('',#917,#864,#926,.T.);
#926 = LINE('',#927,#928);
#927 = CARTESIAN_POINT('',(228.8,-75.4,5.5));
#928 = VECTOR('',#929,1.);
#929 = DIRECTION('',(0.,1.,0.));
#930 = PLANE('',#931);
#931 = AXIS2_PLACEMENT_3D('',#932,#933,#934);
#932 = CARTESIAN_POINT('',(114.3,-38.1,5.5));
#933 = DIRECTION('',(0.,0.,1.));
#934 = DIRECTION('',(1.,0.,0.));
#935 = ADVANCED_FACE('',(#936),#954,.T.);
#936 = FACE_BOUND('',#937,.T.);
#937 = EDGE_LOOP('',(#938,#939,#947,#953));
#938 = ORIENTED_EDGE('',*,*,#661,.F.);
#939 = ORIENTED_EDGE('',*,*,#940,.F.);
#940 = EDGE_CURVE('',#941,#662,#943,.T.);
#941 = VERTEX_POINT('',#942);
#942 = CARTESIAN_POINT('',(234.45,-76.2,-1.));
#943 = LINE('',#944,#945);
#944 = CARTESIAN_POINT('',(234.45,-76.2,-1.));
#945 = VECTOR('',#946,1.);
#946 = DIRECTION('',(0.,1.,0.));
#947 = ORIENTED_EDGE('',*,*,#948,.F.);
#948 = EDGE_CURVE('',#562,#941,#949,.T.);
#949 = LINE('',#950,#951);
#950 = CARTESIAN_POINT('',(234.45,-76.2,4.));
#951 = VECTOR('',#952,1.);
#952 = DIRECTION('',(0.,0.,1.));
#953 = ORIENTED_EDGE('',*,*,#570,.T.);
#954 = PLANE('',#955);
#955 = AXIS2_PLACEMENT_3D('',#956,#957,#958);
#956 = CARTESIAN_POINT('',(234.45,-38.1,0.));
#957 = DIRECTION('',(1.,0.,0.));
#958 = DIRECTION('',(0.,0.,1.));
#959 = ADVANCED_FACE('',(#960),#979,.T.);
#960 = FACE_BOUND('',#961,.T.);
#961 = EDGE_LOOP('',(#962,#970,#971,#972));
#962 = ORIENTED_EDGE('',*,*,#963,.T.);
#963 = EDGE_CURVE('',#964,#554,#966,.T.);
#964 = VERTEX_POINT('',#965);
#965 = CARTESIAN_POINT('',(228.6,-82.05,-1.));
#966 = LINE('',#967,#968);
#967 = CARTESIAN_POINT('',(228.6,-82.05,0.));
#968 = VECTOR('',#969,1.);
#969 = DIRECTION('',(-0.,-0.,-1.));
#970 = ORIENTED_EDGE('',*,*,#561,.T.);
#971 = ORIENTED_EDGE('',*,*,#948,.T.);
#972 = ORIENTED_EDGE('',*,*,#973,.F.);
#973 = EDGE_CURVE('',#964,#941,#974,.T.);
#974 = CIRCLE('',#975,5.85);
#975 = AXIS2_PLACEMENT_3D('',#976,#977,#978);
#976 = CARTESIAN_POINT('',(228.6,-76.2,-1.));
#977 = DIRECTION('',(-0.,0.,1.));
#978 = DIRECTION('',(0.,-1.,0.));
#979 = CYLINDRICAL_SURFACE('',#980,5.85);
#980 = AXIS2_PLACEMENT_3D('',#981,#982,#983);
#981 = CARTESIAN_POINT('',(228.6,-76.2,0.));
#982 = DIRECTION('',(0.,0.,1.));
#983 = DIRECTION('',(1.110223024625E-16,1.,0.));
#984 = ADVANCED_FACE('',(#985),#1003,.T.);
#985 = FACE_BOUND('',#986,.T.);
#986 = EDGE_LOOP('',(#987,#988,#996,#1002));
#987 = ORIENTED_EDGE('',*,*,#963,.F.);
#988 = ORIENTED_EDGE('',*,*,#989,.F.);
#989 = EDGE_CURVE('',#990,#964,#992,.T.);
#990 = VERTEX_POINT('',#991);
#991 = CARTESIAN_POINT('',(3.016983917572E-33,-82.05,-1.));
#992 = LINE('',#993,#994);
#993 = CARTESIAN_POINT('',(0.,-82.05,-1.));
#994 = VECTOR('',#995,1.);
#995 = DIRECTION('',(1.,0.,0.));
#996 = ORIENTED_EDGE('',*,*,#997,.F.);
#997 = EDGE_CURVE('',#545,#990,#998,.T.);
#998 = LINE('',#999,#1000);
#999 = CARTESIAN_POINT('',(-4.123044196535E-16,-82.05,4.));
#1000 = VECTOR('',#1001,1.);
#1001 = DIRECTION('',(0.,0.,1.));
#1002 = ORIENTED_EDGE('',*,*,#553,.T.);
#1003 = PLANE('',#1004);
#1004 = AXIS2_PLACEMENT_3D('',#1005,#1006,#1007);
#1005 = CARTESIAN_POINT('',(114.3,-82.05,0.));
#1006 = DIRECTION('',(-0.,-1.,-0.));
#1007 = DIRECTION('',(0.,0.,-1.));
#1008 = ADVANCED_FACE('',(#1009),#1021,.T.);
#1009 = FACE_BOUND('',#1010,.T.);
#1010 = EDGE_LOOP('',(#1011,#1012,#1013,#1014));
#1011 = ORIENTED_EDGE('',*,*,#711,.T.);
#1012 = ORIENTED_EDGE('',*,*,#544,.T.);
#1013 = ORIENTED_EDGE('',*,*,#997,.T.);
#1014 = ORIENTED_EDGE('',*,*,#1015,.F.);
#1015 = EDGE_CURVE('',#712,#990,#1016,.T.);
#1016 = CIRCLE('',#1017,5.85);
#1017 = AXIS2_PLACEMENT_3D('',#1018,#1019,#1020);
#1018 = CARTESIAN_POINT('',(0.,-76.2,-1.));
#1019 = DIRECTION('',(0.,0.,1.));
#1020 = DIRECTION('',(-1.,0.,0.));
#1021 = CYLINDRICAL_SURFACE('',#1022,5.85);
#1022 = AXIS2_PLACEMENT_3D('',#1023,#1024,#1025);
#1023 = CARTESIAN_POINT('',(1.105769785982E-25,-76.2,0.));
#1024 = DIRECTION('',(0.,0.,1.));
#1025 = DIRECTION('',(1.,0.,0.));
#1026 = ADVANCED_FACE('',(#1027),#1045,.F.);
#1027 = FACE_BOUND('',#1028,.F.);
#1028 = EDGE_LOOP('',(#1029,#1037,#1043,#1044));
#1029 = ORIENTED_EDGE('',*,*,#1030,.F.);
#1030 = EDGE_CURVE('',#1031,#521,#1033,.T.);
#1031 = VERTEX_POINT('',#1032);
#1032 = CARTESIAN_POINT('',(-4.85,-40.77037756564,-2.895496961702));
#1033 = LINE('',#1034,#1035);
#1034 = CARTESIAN_POINT('',(-4.85,-51.3773969888,-6.647018710293));
#1035 = VECTOR('',#1036,1.);
#1036 = DIRECTION('',(0.,-0.942770653719,-0.33344189072));
#1037 = ORIENTED_EDGE('',*,*,#1038,.T.);
#1038 = EDGE_CURVE('',#1031,#770,#1039,.T.);
#1039 = LINE('',#1040,#1041);
#1040 = CARTESIAN_POINT('',(-4.65,-40.77037756564,-2.895496961702));
#1041 = VECTOR('',#1042,1.);
#1042 = DIRECTION('',(-1.,-0.,-0.));
#1043 = ORIENTED_EDGE('',*,*,#778,.F.);
#1044 = ORIENTED_EDGE('',*,*,#528,.T.);
#1045 = PLANE('',#1046);
#1046 = AXIS2_PLACEMENT_3D('',#1047,#1048,#1049);
#1047 = CARTESIAN_POINT('',(-4.65,-40.77037756564,-2.895496961702));
#1048 = DIRECTION('',(0.,-0.33344189072,0.942770653719));
#1049 = DIRECTION('',(0.,-0.942770653719,-0.33344189072));
#1050 = ADVANCED_FACE('',(#1051),#1127,.T.);
#1051 = FACE_BOUND('',#1052,.T.);
#1052 = EDGE_LOOP('',(#1053,#1063,#1069,#1070,#1071,#1080,#1088,#1097,
    #1105,#1114,#1120,#1121));
#1053 = ORIENTED_EDGE('',*,*,#1054,.F.);
#1054 = EDGE_CURVE('',#1055,#1057,#1059,.T.);
#1055 = VERTEX_POINT('',#1056);
#1056 = CARTESIAN_POINT('',(-4.85,-65.66220270883,0.));
#1057 = VERTEX_POINT('',#1058);
#1058 = CARTESIAN_POINT('',(-4.85,-10.53779729116,0.));
#1059 = LINE('',#1060,#1061);
#1060 = CARTESIAN_POINT('',(-4.85,-65.66220270883,0.));
#1061 = VECTOR('',#1062,1.);
#1062 = DIRECTION('',(0.,1.,0.));
#1063 = ORIENTED_EDGE('',*,*,#1064,.T.);
#1064 = EDGE_CURVE('',#1055,#512,#1065,.T.);
#1065 = LINE('',#1066,#1067);
#1066 = CARTESIAN_POINT('',(-4.85,-65.66220270883,0.));
#1067 = VECTOR('',#1068,1.);
#1068 = DIRECTION('',(-0.,-0.,-1.));
#1069 = ORIENTED_EDGE('',*,*,#520,.T.);
#1070 = ORIENTED_EDGE('',*,*,#1030,.F.);
#1071 = ORIENTED_EDGE('',*,*,#1072,.F.);
#1072 = EDGE_CURVE('',#1073,#1031,#1075,.T.);
#1073 = VERTEX_POINT('',#1074);
#1074 = CARTESIAN_POINT('',(-4.85,-40.16053994816,-2.89896913935));
#1075 = CIRCLE('',#1076,0.9);
#1076 = AXIS2_PLACEMENT_3D('',#1077,#1078,#1079);
#1077 = CARTESIAN_POINT('',(-4.85,-40.47027986399,-3.743990550049));
#1078 = DIRECTION('',(1.,0.,0.));
#1079 = DIRECTION('',(0.,1.,0.));
#1080 = ORIENTED_EDGE('',*,*,#1081,.T.);
#1081 = EDGE_CURVE('',#1073,#1082,#1084,.T.);
#1082 = VERTEX_POINT('',#1083);
#1083 = CARTESIAN_POINT('',(-4.85,-35.6254368646,-4.561296779349));
#1084 = LINE('',#1085,#1086);
#1085 = CARTESIAN_POINT('',(-4.85,-51.86949957792,1.39291284647));
#1086 = VECTOR('',#1087,1.);
#1087 = DIRECTION('',(0.,0.938912678555,-0.344155462036));
#1088 = ORIENTED_EDGE('',*,*,#1089,.T.);
#1089 = EDGE_CURVE('',#1082,#1090,#1092,.T.);
#1090 = VERTEX_POINT('',#1091);
#1091 = CARTESIAN_POINT('',(-4.85,-35.05708385175,-4.578319025349));
#1092 = CIRCLE('',#1093,0.9);
#1093 = AXIS2_PLACEMENT_3D('',#1094,#1095,#1096);
#1094 = CARTESIAN_POINT('',(-4.85,-35.31569694876,-3.71627536865));
#1095 = DIRECTION('',(1.,0.,0.));
#1096 = DIRECTION('',(0.,1.,0.));
#1097 = ORIENTED_EDGE('',*,*,#1098,.T.);
#1098 = EDGE_CURVE('',#1090,#1099,#1101,.T.);
#1099 = VERTEX_POINT('',#1100);
#1100 = CARTESIAN_POINT('',(-4.85,-33.35861309701,-4.068777798925));
#1101 = LINE('',#1102,#1103);
#1102 = CARTESIAN_POINT('',(-4.85,-48.46608529647,-8.601019458763));
#1103 = VECTOR('',#1104,1.);
#1104 = DIRECTION('',(0.,0.957826285221,0.287347885566));
#1105 = ORIENTED_EDGE('',*,*,#1106,.F.);
#1106 = EDGE_CURVE('',#1107,#1099,#1109,.T.);
#1107 = VERTEX_POINT('',#1108);
#1108 = CARTESIAN_POINT('',(-4.85,-32.84138690299,-4.068777798925));
#1109 = CIRCLE('',#1110,0.9);
#1110 = AXIS2_PLACEMENT_3D('',#1111,#1112,#1113);
#1111 = CARTESIAN_POINT('',(-4.85,-33.1,-4.930821455624));
#1112 = DIRECTION('',(1.,0.,0.));
#1113 = DIRECTION('',(0.,1.,0.));
#1114 = ORIENTED_EDGE('',*,*,#1115,.F.);
#1115 = EDGE_CURVE('',#145,#1107,#1116,.T.);
#1116 = LINE('',#1117,#1118);
#1117 = CARTESIAN_POINT('',(-4.85,-46.09737871349,-9.198025577251E-02));
#1118 = VECTOR('',#1119,1.);
#1119 = DIRECTION('',(0.,-0.957826285221,0.287347885566));
#1120 = ORIENTED_EDGE('',*,*,#152,.T.);
#1121 = ORIENTED_EDGE('',*,*,#1122,.F.);
#1122 = EDGE_CURVE('',#1057,#153,#1123,.T.);
#1123 = LINE('',#1124,#1125);
#1124 = CARTESIAN_POINT('',(-4.85,-10.53779729116,0.));
#1125 = VECTOR('',#1126,1.);
#1126 = DIRECTION('',(-0.,-0.,-1.));
#1127 = PLANE('',#1128);
#1128 = AXIS2_PLACEMENT_3D('',#1129,#1130,#1131);
#1129 = CARTESIAN_POINT('',(-4.85,-65.66220270883,0.));
#1130 = DIRECTION('',(1.,0.,0.));
#1131 = DIRECTION('',(0.,1.,0.));
#1132 = ADVANCED_FACE('',(#1133),#1152,.F.);
#1133 = FACE_BOUND('',#1134,.F.);
#1134 = EDGE_LOOP('',(#1135,#1136,#1137,#1145));
#1135 = ORIENTED_EDGE('',*,*,#1064,.T.);
#1136 = ORIENTED_EDGE('',*,*,#511,.T.);
#1137 = ORIENTED_EDGE('',*,*,#1138,.F.);
#1138 = EDGE_CURVE('',#1139,#504,#1141,.T.);
#1139 = VERTEX_POINT('',#1140);
#1140 = CARTESIAN_POINT('',(-4.684729635533,-65.85916425944,0.));
#1141 = LINE('',#1142,#1143);
#1142 = CARTESIAN_POINT('',(-4.684729635533,-65.85916425944,0.));
#1143 = VECTOR('',#1144,1.);
#1144 = DIRECTION('',(-0.,-0.,-1.));
#1145 = ORIENTED_EDGE('',*,*,#1146,.F.);
#1146 = EDGE_CURVE('',#1055,#1139,#1147,.T.);
#1147 = CIRCLE('',#1148,0.2);
#1148 = AXIS2_PLACEMENT_3D('',#1149,#1150,#1151);
#1149 = CARTESIAN_POINT('',(-4.65,-65.66220270883,0.));
#1150 = DIRECTION('',(0.,0.,1.));
#1151 = DIRECTION('',(1.,0.,0.));
#1152 = CYLINDRICAL_SURFACE('',#1153,0.2);
#1153 = AXIS2_PLACEMENT_3D('',#1154,#1155,#1156);
#1154 = CARTESIAN_POINT('',(-4.65,-65.66220270883,0.));
#1155 = DIRECTION('',(0.,0.,1.));
#1156 = DIRECTION('',(1.,0.,0.));
#1157 = ADVANCED_FACE('',(#1158),#1192,.T.);
#1158 = FACE_BOUND('',#1159,.T.);
#1159 = EDGE_LOOP('',(#1160,#1168,#1176,#1184,#1190,#1191));
#1160 = ORIENTED_EDGE('',*,*,#1161,.F.);
#1161 = EDGE_CURVE('',#1162,#1139,#1164,.T.);
#1162 = VERTEX_POINT('',#1163);
#1163 = CARTESIAN_POINT('',(-1.765270364467,-66.37394369801,0.));
#1164 = LINE('',#1165,#1166);
#1165 = CARTESIAN_POINT('',(-1.765270364467,-66.37394369801,0.));
#1166 = VECTOR('',#1167,1.);
#1167 = DIRECTION('',(-0.984807753012,0.173648177667,0.));
#1168 = ORIENTED_EDGE('',*,*,#1169,.T.);
#1169 = EDGE_CURVE('',#1162,#1170,#1172,.T.);
#1170 = VERTEX_POINT('',#1171);
#1171 = CARTESIAN_POINT('',(-1.765270364467,-66.37394369801,-4.3));
#1172 = LINE('',#1173,#1174);
#1173 = CARTESIAN_POINT('',(-1.765270364467,-66.37394369801,0.));
#1174 = VECTOR('',#1175,1.);
#1175 = DIRECTION('',(-0.,-0.,-1.));
#1176 = ORIENTED_EDGE('',*,*,#1177,.F.);
#1177 = EDGE_CURVE('',#1178,#1170,#1180,.T.);
#1178 = VERTEX_POINT('',#1179);
#1179 = CARTESIAN_POINT('',(-2.8,-66.19149294552,-4.3));
#1180 = LINE('',#1181,#1182);
#1181 = CARTESIAN_POINT('',(52.099902180409,-75.87182693818,-4.3));
#1182 = VECTOR('',#1183,1.);
#1183 = DIRECTION('',(0.984807753012,-0.173648177667,0.));
#1184 = ORIENTED_EDGE('',*,*,#1185,.T.);
#1185 = EDGE_CURVE('',#1178,#496,#1186,.T.);
#1186 = LINE('',#1187,#1188);
#1187 = CARTESIAN_POINT('',(-2.8,-66.19149294552,-2.75));
#1188 = VECTOR('',#1189,1.);
#1189 = DIRECTION('',(0.,0.,-1.));
#1190 = ORIENTED_EDGE('',*,*,#503,.T.);
#1191 = ORIENTED_EDGE('',*,*,#1138,.F.);
#1192 = PLANE('',#1193);
#1193 = AXIS2_PLACEMENT_3D('',#1194,#1195,#1196);
#1194 = CARTESIAN_POINT('',(-1.765270364467,-66.37394369801,0.));
#1195 = DIRECTION('',(0.173648177667,0.984807753012,0.));
#1196 = DIRECTION('',(-0.984807753012,0.173648177667,0.));
#1197 = ADVANCED_FACE('',(#1198),#1216,.T.);
#1198 = FACE_BOUND('',#1199,.T.);
#1199 = EDGE_LOOP('',(#1200,#1201,#1202,#1210));
#1200 = ORIENTED_EDGE('',*,*,#495,.F.);
#1201 = ORIENTED_EDGE('',*,*,#1185,.F.);
#1202 = ORIENTED_EDGE('',*,*,#1203,.T.);
#1203 = EDGE_CURVE('',#1178,#1204,#1206,.T.);
#1204 = VERTEX_POINT('',#1205);
#1205 = CARTESIAN_POINT('',(-2.8,-76.2,-4.3));
#1206 = LINE('',#1207,#1208);
#1207 = CARTESIAN_POINT('',(-2.8,2.034892087468E-16,-4.3));
#1208 = VECTOR('',#1209,1.);
#1209 = DIRECTION('',(0.,-1.,0.));
#1210 = ORIENTED_EDGE('',*,*,#1211,.F.);
#1211 = EDGE_CURVE('',#487,#1204,#1212,.T.);
#1212 = LINE('',#1213,#1214);
#1213 = CARTESIAN_POINT('',(-2.8,-76.2,-5.5));
#1214 = VECTOR('',#1215,1.);
#1215 = DIRECTION('',(0.,0.,1.));
#1216 = PLANE('',#1217);
#1217 = AXIS2_PLACEMENT_3D('',#1218,#1219,#1220);
#1218 = CARTESIAN_POINT('',(-2.8,2.034892087468E-16,-5.5));
#1219 = DIRECTION('',(1.,0.,0.));
#1220 = DIRECTION('',(0.,-1.,0.));
#1221 = ADVANCED_FACE('',(#1222),#1241,.F.);
#1222 = FACE_BOUND('',#1223,.T.);
#1223 = EDGE_LOOP('',(#1224,#1225,#1234,#1240));
#1224 = ORIENTED_EDGE('',*,*,#1211,.T.);
#1225 = ORIENTED_EDGE('',*,*,#1226,.T.);
#1226 = EDGE_CURVE('',#1204,#1227,#1229,.T.);
#1227 = VERTEX_POINT('',#1228);
#1228 = CARTESIAN_POINT('',(-5.143516446817E-16,-79.,-4.3));
#1229 = CIRCLE('',#1230,2.8);
#1230 = AXIS2_PLACEMENT_3D('',#1231,#1232,#1233);
#1231 = CARTESIAN_POINT('',(1.096014311633E-23,-76.2,-4.3));
#1232 = DIRECTION('',(0.,0.,1.));
#1233 = DIRECTION('',(1.,0.,0.));
#1234 = ORIENTED_EDGE('',*,*,#1235,.F.);
#1235 = EDGE_CURVE('',#479,#1227,#1236,.T.);
#1236 = LINE('',#1237,#1238);
#1237 = CARTESIAN_POINT('',(-5.143516446817E-16,-79.,-5.5));
#1238 = VECTOR('',#1239,1.);
#1239 = DIRECTION('',(0.,0.,1.));
#1240 = ORIENTED_EDGE('',*,*,#486,.F.);
#1241 = CYLINDRICAL_SURFACE('',#1242,2.8);
#1242 = AXIS2_PLACEMENT_3D('',#1243,#1244,#1245);
#1243 = CARTESIAN_POINT('',(1.096014311633E-23,-76.2,-5.5));
#1244 = DIRECTION('',(-0.,-0.,-1.));
#1245 = DIRECTION('',(1.,0.,0.));
#1246 = ADVANCED_FACE('',(#1247),#1265,.T.);
#1247 = FACE_BOUND('',#1248,.T.);
#1248 = EDGE_LOOP('',(#1249,#1250,#1251,#1259));
#1249 = ORIENTED_EDGE('',*,*,#478,.F.);
#1250 = ORIENTED_EDGE('',*,*,#1235,.T.);
#1251 = ORIENTED_EDGE('',*,*,#1252,.T.);
#1252 = EDGE_CURVE('',#1227,#1253,#1255,.T.);
#1253 = VERTEX_POINT('',#1254);
#1254 = CARTESIAN_POINT('',(10.008507054473,-79.,-4.3));
#1255 = LINE('',#1256,#1257);
#1256 = CARTESIAN_POINT('',(-5.143516446817E-16,-79.,-4.3));
#1257 = VECTOR('',#1258,1.);
#1258 = DIRECTION('',(1.,-6.216471878916E-17,0.));
#1259 = ORIENTED_EDGE('',*,*,#1260,.F.);
#1260 = EDGE_CURVE('',#471,#1253,#1261,.T.);
#1261 = LINE('',#1262,#1263);
#1262 = CARTESIAN_POINT('',(10.008507054473,-79.,-2.75));
#1263 = VECTOR('',#1264,1.);
#1264 = DIRECTION('',(0.,0.,1.));
#1265 = PLANE('',#1266);
#1266 = AXIS2_PLACEMENT_3D('',#1267,#1268,#1269);
#1267 = CARTESIAN_POINT('',(-5.143516446817E-16,-79.,-5.5));
#1268 = DIRECTION('',(6.216471878916E-17,1.,0.));
#1269 = DIRECTION('',(1.,-6.216471878916E-17,0.));
#1270 = ADVANCED_FACE('',(#1271),#1305,.T.);
#1271 = FACE_BOUND('',#1272,.T.);
#1272 = EDGE_LOOP('',(#1273,#1283,#1289,#1290,#1291,#1299));
#1273 = ORIENTED_EDGE('',*,*,#1274,.F.);
#1274 = EDGE_CURVE('',#1275,#1277,#1279,.T.);
#1275 = VERTEX_POINT('',#1276);
#1276 = CARTESIAN_POINT('',(10.340835740558,-80.88472963553,0.));
#1277 = VERTEX_POINT('',#1278);
#1278 = CARTESIAN_POINT('',(9.82605630199,-77.96527036446,0.));
#1279 = LINE('',#1280,#1281);
#1280 = CARTESIAN_POINT('',(10.340835740558,-80.88472963553,0.));
#1281 = VECTOR('',#1282,1.);
#1282 = DIRECTION('',(-0.173648177667,0.984807753012,0.));
#1283 = ORIENTED_EDGE('',*,*,#1284,.T.);
#1284 = EDGE_CURVE('',#1275,#462,#1285,.T.);
#1285 = LINE('',#1286,#1287);
#1286 = CARTESIAN_POINT('',(10.340835740558,-80.88472963553,0.));
#1287 = VECTOR('',#1288,1.);
#1288 = DIRECTION('',(-0.,-0.,-1.));
#1289 = ORIENTED_EDGE('',*,*,#470,.T.);
#1290 = ORIENTED_EDGE('',*,*,#1260,.T.);
#1291 = ORIENTED_EDGE('',*,*,#1292,.F.);
#1292 = EDGE_CURVE('',#1293,#1253,#1295,.T.);
#1293 = VERTEX_POINT('',#1294);
#1294 = CARTESIAN_POINT('',(9.82605630199,-77.96527036446,-4.3));
#1295 = LINE('',#1296,#1297);
#1296 = CARTESIAN_POINT('',(8.249902085478,-69.02645561145,-4.3));
#1297 = VECTOR('',#1298,1.);
#1298 = DIRECTION('',(0.173648177667,-0.984807753012,0.));
#1299 = ORIENTED_EDGE('',*,*,#1300,.F.);
#1300 = EDGE_CURVE('',#1277,#1293,#1301,.T.);
#1301 = LINE('',#1302,#1303);
#1302 = CARTESIAN_POINT('',(9.82605630199,-77.96527036446,0.));
#1303 = VECTOR('',#1304,1.);
#1304 = DIRECTION('',(-0.,-0.,-1.));
#1305 = PLANE('',#1306);
#1306 = AXIS2_PLACEMENT_3D('',#1307,#1308,#1309);
#1307 = CARTESIAN_POINT('',(10.340835740558,-80.88472963553,0.));
#1308 = DIRECTION('',(0.984807753012,0.173648177667,0.));
#1309 = DIRECTION('',(-0.173648177667,0.984807753012,0.));
#1310 = ADVANCED_FACE('',(#1311),#1330,.F.);
#1311 = FACE_BOUND('',#1312,.F.);
#1312 = EDGE_LOOP('',(#1313,#1314,#1315,#1323));
#1313 = ORIENTED_EDGE('',*,*,#1284,.T.);
#1314 = ORIENTED_EDGE('',*,*,#461,.T.);
#1315 = ORIENTED_EDGE('',*,*,#1316,.F.);
#1316 = EDGE_CURVE('',#1317,#454,#1319,.T.);
#1317 = VERTEX_POINT('',#1318);
#1318 = CARTESIAN_POINT('',(10.537797291161,-81.05,0.));
#1319 = LINE('',#1320,#1321);
#1320 = CARTESIAN_POINT('',(10.537797291161,-81.05,0.));
#1321 = VECTOR('',#1322,1.);
#1322 = DIRECTION('',(-0.,-0.,-1.));
#1323 = ORIENTED_EDGE('',*,*,#1324,.F.);
#1324 = EDGE_CURVE('',#1275,#1317,#1325,.T.);
#1325 = CIRCLE('',#1326,0.2);
#1326 = AXIS2_PLACEMENT_3D('',#1327,#1328,#1329);
#1327 = CARTESIAN_POINT('',(10.537797291161,-80.85,0.));
#1328 = DIRECTION('',(0.,0.,1.));
#1329 = DIRECTION('',(1.,0.,0.));
#1330 = CYLINDRICAL_SURFACE('',#1331,0.2);
#1331 = AXIS2_PLACEMENT_3D('',#1332,#1333,#1334);
#1332 = CARTESIAN_POINT('',(10.537797291161,-80.85,0.));
#1333 = DIRECTION('',(0.,0.,1.));
#1334 = DIRECTION('',(1.,0.,0.));
#1335 = ADVANCED_FACE('',(#1336),#1354,.T.);
#1336 = FACE_BOUND('',#1337,.T.);
#1337 = EDGE_LOOP('',(#1338,#1346,#1347,#1348));
#1338 = ORIENTED_EDGE('',*,*,#1339,.T.);
#1339 = EDGE_CURVE('',#1340,#445,#1342,.T.);
#1340 = VERTEX_POINT('',#1341);
#1341 = CARTESIAN_POINT('',(103.76220270883,-81.05,0.));
#1342 = LINE('',#1343,#1344);
#1343 = CARTESIAN_POINT('',(103.76220270883,-81.05,0.));
#1344 = VECTOR('',#1345,1.);
#1345 = DIRECTION('',(-0.,-0.,-1.));
#1346 = ORIENTED_EDGE('',*,*,#453,.T.);
#1347 = ORIENTED_EDGE('',*,*,#1316,.F.);
#1348 = ORIENTED_EDGE('',*,*,#1349,.F.);
#1349 = EDGE_CURVE('',#1340,#1317,#1350,.T.);
#1350 = LINE('',#1351,#1352);
#1351 = CARTESIAN_POINT('',(103.76220270883,-81.05,0.));
#1352 = VECTOR('',#1353,1.);
#1353 = DIRECTION('',(-1.,0.,0.));
#1354 = PLANE('',#1355);
#1355 = AXIS2_PLACEMENT_3D('',#1356,#1357,#1358);
#1356 = CARTESIAN_POINT('',(103.76220270883,-81.05,0.));
#1357 = DIRECTION('',(0.,1.,0.));
#1358 = DIRECTION('',(-1.,0.,0.));
#1359 = ADVANCED_FACE('',(#1360),#1379,.F.);
#1360 = FACE_BOUND('',#1361,.F.);
#1361 = EDGE_LOOP('',(#1362,#1363,#1364,#1372));
#1362 = ORIENTED_EDGE('',*,*,#1339,.T.);
#1363 = ORIENTED_EDGE('',*,*,#444,.T.);
#1364 = ORIENTED_EDGE('',*,*,#1365,.F.);
#1365 = EDGE_CURVE('',#1366,#437,#1368,.T.);
#1366 = VERTEX_POINT('',#1367);
#1367 = CARTESIAN_POINT('',(103.95916425944,-80.88472963553,0.));
#1368 = LINE('',#1369,#1370);
#1369 = CARTESIAN_POINT('',(103.95916425944,-80.88472963553,0.));
#1370 = VECTOR('',#1371,1.);
#1371 = DIRECTION('',(-0.,-0.,-1.));
#1372 = ORIENTED_EDGE('',*,*,#1373,.F.);
#1373 = EDGE_CURVE('',#1340,#1366,#1374,.T.);
#1374 = CIRCLE('',#1375,0.2);
#1375 = AXIS2_PLACEMENT_3D('',#1376,#1377,#1378);
#1376 = CARTESIAN_POINT('',(103.76220270883,-80.85,0.));
#1377 = DIRECTION('',(0.,0.,1.));
#1378 = DIRECTION('',(1.,0.,0.));
#1379 = CYLINDRICAL_SURFACE('',#1380,0.2);
#1380 = AXIS2_PLACEMENT_3D('',#1381,#1382,#1383);
#1381 = CARTESIAN_POINT('',(103.76220270883,-80.85,0.));
#1382 = DIRECTION('',(0.,0.,1.));
#1383 = DIRECTION('',(1.,0.,0.));
#1384 = ADVANCED_FACE('',(#1385),#1419,.T.);
#1385 = FACE_BOUND('',#1386,.T.);
#1386 = EDGE_LOOP('',(#1387,#1395,#1403,#1411,#1417,#1418));
#1387 = ORIENTED_EDGE('',*,*,#1388,.F.);
#1388 = EDGE_CURVE('',#1389,#1366,#1391,.T.);
#1389 = VERTEX_POINT('',#1390);
#1390 = CARTESIAN_POINT('',(104.47394369801,-77.96527036446,0.));
#1391 = LINE('',#1392,#1393);
#1392 = CARTESIAN_POINT('',(104.47394369801,-77.96527036446,0.));
#1393 = VECTOR('',#1394,1.);
#1394 = DIRECTION('',(-0.173648177667,-0.984807753012,0.));
#1395 = ORIENTED_EDGE('',*,*,#1396,.T.);
#1396 = EDGE_CURVE('',#1389,#1397,#1399,.T.);
#1397 = VERTEX_POINT('',#1398);
#1398 = CARTESIAN_POINT('',(104.47394369801,-77.96527036446,-4.3));
#1399 = LINE('',#1400,#1401);
#1400 = CARTESIAN_POINT('',(104.47394369801,-77.96527036446,0.));
#1401 = VECTOR('',#1402,1.);
#1402 = DIRECTION('',(-0.,-0.,-1.));
#1403 = ORIENTED_EDGE('',*,*,#1404,.F.);
#1404 = EDGE_CURVE('',#1405,#1397,#1407,.T.);
#1405 = VERTEX_POINT('',#1406);
#1406 = CARTESIAN_POINT('',(104.29149294552,-79.,-4.3));
#1407 = LINE('',#1408,#1409);
#1408 = CARTESIAN_POINT('',(108.03077099484,-57.79350038038,-4.3));
#1409 = VECTOR('',#1410,1.);
#1410 = DIRECTION('',(0.173648177667,0.984807753012,0.));
#1411 = ORIENTED_EDGE('',*,*,#1412,.T.);
#1412 = EDGE_CURVE('',#1405,#429,#1413,.T.);
#1413 = LINE('',#1414,#1415);
#1414 = CARTESIAN_POINT('',(104.29149294552,-79.,-2.75));
#1415 = VECTOR('',#1416,1.);
#1416 = DIRECTION('',(0.,0.,-1.));
#1417 = ORIENTED_EDGE('',*,*,#436,.T.);
#1418 = ORIENTED_EDGE('',*,*,#1365,.F.);
#1419 = PLANE('',#1420);
#1420 = AXIS2_PLACEMENT_3D('',#1421,#1422,#1423);
#1421 = CARTESIAN_POINT('',(104.47394369801,-77.96527036446,0.));
#1422 = DIRECTION('',(-0.984807753012,0.173648177667,0.));
#1423 = DIRECTION('',(-0.173648177667,-0.984807753012,0.));
#1424 = ADVANCED_FACE('',(#1425),#1443,.T.);
#1425 = FACE_BOUND('',#1426,.T.);
#1426 = EDGE_LOOP('',(#1427,#1428,#1429,#1437));
#1427 = ORIENTED_EDGE('',*,*,#428,.F.);
#1428 = ORIENTED_EDGE('',*,*,#1412,.F.);
#1429 = ORIENTED_EDGE('',*,*,#1430,.T.);
#1430 = EDGE_CURVE('',#1405,#1431,#1433,.T.);
#1431 = VERTEX_POINT('',#1432);
#1432 = CARTESIAN_POINT('',(124.30850705447,-79.,-4.3));
#1433 = LINE('',#1434,#1435);
#1434 = CARTESIAN_POINT('',(-5.143516446817E-16,-79.,-4.3));
#1435 = VECTOR('',#1436,1.);
#1436 = DIRECTION('',(1.,-6.216471878916E-17,0.));
#1437 = ORIENTED_EDGE('',*,*,#1438,.F.);
#1438 = EDGE_CURVE('',#421,#1431,#1439,.T.);
#1439 = LINE('',#1440,#1441);
#1440 = CARTESIAN_POINT('',(124.30850705447,-79.,-2.75));
#1441 = VECTOR('',#1442,1.);
#1442 = DIRECTION('',(0.,0.,1.));
#1443 = PLANE('',#1444);
#1444 = AXIS2_PLACEMENT_3D('',#1445,#1446,#1447);
#1445 = CARTESIAN_POINT('',(-5.143516446817E-16,-79.,-5.5));
#1446 = DIRECTION('',(6.216471878916E-17,1.,0.));
#1447 = DIRECTION('',(1.,-6.216471878916E-17,0.));
#1448 = ADVANCED_FACE('',(#1449),#1483,.T.);
#1449 = FACE_BOUND('',#1450,.T.);
#1450 = EDGE_LOOP('',(#1451,#1461,#1467,#1468,#1469,#1477));
#1451 = ORIENTED_EDGE('',*,*,#1452,.F.);
#1452 = EDGE_CURVE('',#1453,#1455,#1457,.T.);
#1453 = VERTEX_POINT('',#1454);
#1454 = CARTESIAN_POINT('',(124.64083574055,-80.88472963553,0.));
#1455 = VERTEX_POINT('',#1456);
#1456 = CARTESIAN_POINT('',(124.12605630199,-77.96527036446,0.));
#1457 = LINE('',#1458,#1459);
#1458 = CARTESIAN_POINT('',(124.64083574055,-80.88472963553,0.));
#1459 = VECTOR('',#1460,1.);
#1460 = DIRECTION('',(-0.173648177667,0.984807753012,0.));
#1461 = ORIENTED_EDGE('',*,*,#1462,.T.);
#1462 = EDGE_CURVE('',#1453,#412,#1463,.T.);
#1463 = LINE('',#1464,#1465);
#1464 = CARTESIAN_POINT('',(124.64083574055,-80.88472963553,0.));
#1465 = VECTOR('',#1466,1.);
#1466 = DIRECTION('',(-0.,-0.,-1.));
#1467 = ORIENTED_EDGE('',*,*,#420,.T.);
#1468 = ORIENTED_EDGE('',*,*,#1438,.T.);
#1469 = ORIENTED_EDGE('',*,*,#1470,.F.);
#1470 = EDGE_CURVE('',#1471,#1431,#1473,.T.);
#1471 = VERTEX_POINT('',#1472);
#1472 = CARTESIAN_POINT('',(124.12605630199,-77.96527036446,-4.3));
#1473 = LINE('',#1474,#1475);
#1474 = CARTESIAN_POINT('',(120.82661872443,-59.25323001591,-4.3));
#1475 = VECTOR('',#1476,1.);
#1476 = DIRECTION('',(0.173648177667,-0.984807753012,0.));
#1477 = ORIENTED_EDGE('',*,*,#1478,.F.);
#1478 = EDGE_CURVE('',#1455,#1471,#1479,.T.);
#1479 = LINE('',#1480,#1481);
#1480 = CARTESIAN_POINT('',(124.12605630199,-77.96527036446,0.));
#1481 = VECTOR('',#1482,1.);
#1482 = DIRECTION('',(-0.,-0.,-1.));
#1483 = PLANE('',#1484);
#1484 = AXIS2_PLACEMENT_3D('',#1485,#1486,#1487);
#1485 = CARTESIAN_POINT('',(124.64083574055,-80.88472963553,0.));
#1486 = DIRECTION('',(0.984807753012,0.173648177667,0.));
#1487 = DIRECTION('',(-0.173648177667,0.984807753012,0.));
#1488 = ADVANCED_FACE('',(#1489),#1508,.F.);
#1489 = FACE_BOUND('',#1490,.F.);
#1490 = EDGE_LOOP('',(#1491,#1492,#1493,#1501));
#1491 = ORIENTED_EDGE('',*,*,#1462,.T.);
#1492 = ORIENTED_EDGE('',*,*,#411,.T.);
#1493 = ORIENTED_EDGE('',*,*,#1494,.F.);
#1494 = EDGE_CURVE('',#1495,#404,#1497,.T.);
#1495 = VERTEX_POINT('',#1496);
#1496 = CARTESIAN_POINT('',(124.83779729116,-81.05,0.));
#1497 = LINE('',#1498,#1499);
#1498 = CARTESIAN_POINT('',(124.83779729116,-81.05,0.));
#1499 = VECTOR('',#1500,1.);
#1500 = DIRECTION('',(-0.,-0.,-1.));
#1501 = ORIENTED_EDGE('',*,*,#1502,.F.);
#1502 = EDGE_CURVE('',#1453,#1495,#1503,.T.);
#1503 = CIRCLE('',#1504,0.2);
#1504 = AXIS2_PLACEMENT_3D('',#1505,#1506,#1507);
#1505 = CARTESIAN_POINT('',(124.83779729116,-80.85,0.));
#1506 = DIRECTION('',(0.,0.,1.));
#1507 = DIRECTION('',(1.,0.,0.));
#1508 = CYLINDRICAL_SURFACE('',#1509,0.2);
#1509 = AXIS2_PLACEMENT_3D('',#1510,#1511,#1512);
#1510 = CARTESIAN_POINT('',(124.83779729116,-80.85,0.));
#1511 = DIRECTION('',(0.,0.,1.));
#1512 = DIRECTION('',(1.,0.,0.));
#1513 = ADVANCED_FACE('',(#1514),#1532,.T.);
#1514 = FACE_BOUND('',#1515,.T.);
#1515 = EDGE_LOOP('',(#1516,#1524,#1525,#1526));
#1516 = ORIENTED_EDGE('',*,*,#1517,.T.);
#1517 = EDGE_CURVE('',#1518,#395,#1520,.T.);
#1518 = VERTEX_POINT('',#1519);
#1519 = CARTESIAN_POINT('',(218.06220270883,-81.05,0.));
#1520 = LINE('',#1521,#1522);
#1521 = CARTESIAN_POINT('',(218.06220270883,-81.05,0.));
#1522 = VECTOR('',#1523,1.);
#1523 = DIRECTION('',(-0.,-0.,-1.));
#1524 = ORIENTED_EDGE('',*,*,#403,.T.);
#1525 = ORIENTED_EDGE('',*,*,#1494,.F.);
#1526 = ORIENTED_EDGE('',*,*,#1527,.F.);
#1527 = EDGE_CURVE('',#1518,#1495,#1528,.T.);
#1528 = LINE('',#1529,#1530);
#1529 = CARTESIAN_POINT('',(218.06220270883,-81.05,0.));
#1530 = VECTOR('',#1531,1.);
#1531 = DIRECTION('',(-1.,0.,0.));
#1532 = PLANE('',#1533);
#1533 = AXIS2_PLACEMENT_3D('',#1534,#1535,#1536);
#1534 = CARTESIAN_POINT('',(218.06220270883,-81.05,0.));
#1535 = DIRECTION('',(0.,1.,0.));
#1536 = DIRECTION('',(-1.,0.,0.));
#1537 = ADVANCED_FACE('',(#1538),#1557,.F.);
#1538 = FACE_BOUND('',#1539,.F.);
#1539 = EDGE_LOOP('',(#1540,#1541,#1542,#1550));
#1540 = ORIENTED_EDGE('',*,*,#1517,.T.);
#1541 = ORIENTED_EDGE('',*,*,#394,.T.);
#1542 = ORIENTED_EDGE('',*,*,#1543,.F.);
#1543 = EDGE_CURVE('',#1544,#387,#1546,.T.);
#1544 = VERTEX_POINT('',#1545);
#1545 = CARTESIAN_POINT('',(218.25916425944,-80.88472963553,0.));
#1546 = LINE('',#1547,#1548);
#1547 = CARTESIAN_POINT('',(218.25916425944,-80.88472963553,0.));
#1548 = VECTOR('',#1549,1.);
#1549 = DIRECTION('',(-0.,-0.,-1.));
#1550 = ORIENTED_EDGE('',*,*,#1551,.F.);
#1551 = EDGE_CURVE('',#1518,#1544,#1552,.T.);
#1552 = CIRCLE('',#1553,0.2);
#1553 = AXIS2_PLACEMENT_3D('',#1554,#1555,#1556);
#1554 = CARTESIAN_POINT('',(218.06220270883,-80.85,0.));
#1555 = DIRECTION('',(0.,0.,1.));
#1556 = DIRECTION('',(1.,0.,0.));
#1557 = CYLINDRICAL_SURFACE('',#1558,0.2);
#1558 = AXIS2_PLACEMENT_3D('',#1559,#1560,#1561);
#1559 = CARTESIAN_POINT('',(218.06220270883,-80.85,0.));
#1560 = DIRECTION('',(0.,0.,1.));
#1561 = DIRECTION('',(1.,0.,0.));
#1562 = ADVANCED_FACE('',(#1563),#1597,.T.);
#1563 = FACE_BOUND('',#1564,.T.);
#1564 = EDGE_LOOP('',(#1565,#1573,#1581,#1589,#1595,#1596));
#1565 = ORIENTED_EDGE('',*,*,#1566,.F.);
#1566 = EDGE_CURVE('',#1567,#1544,#1569,.T.);
#1567 = VERTEX_POINT('',#1568);
#1568 = CARTESIAN_POINT('',(218.77394369801,-77.96527036446,0.));
#1569 = LINE('',#1570,#1571);
#1570 = CARTESIAN_POINT('',(218.77394369801,-77.96527036446,0.));
#1571 = VECTOR('',#1572,1.);
#1572 = DIRECTION('',(-0.173648177667,-0.984807753012,0.));
#1573 = ORIENTED_EDGE('',*,*,#1574,.T.);
#1574 = EDGE_CURVE('',#1567,#1575,#1577,.T.);
#1575 = VERTEX_POINT('',#1576);
#1576 = CARTESIAN_POINT('',(218.77394369801,-77.96527036446,-4.3));
#1577 = LINE('',#1578,#1579);
#1578 = CARTESIAN_POINT('',(218.77394369801,-77.96527036446,0.));
#1579 = VECTOR('',#1580,1.);
#1580 = DIRECTION('',(-0.,-0.,-1.));
#1581 = ORIENTED_EDGE('',*,*,#1582,.F.);
#1582 = EDGE_CURVE('',#1583,#1575,#1585,.T.);
#1583 = VERTEX_POINT('',#1584);
#1584 = CARTESIAN_POINT('',(218.59149294552,-79.,-4.3));
#1585 = LINE('',#1586,#1587);
#1586 = CARTESIAN_POINT('',(220.6074876338,-67.56672597591,-4.3));
#1587 = VECTOR('',#1588,1.);
#1588 = DIRECTION('',(0.173648177667,0.984807753012,0.));
#1589 = ORIENTED_EDGE('',*,*,#1590,.T.);
#1590 = EDGE_CURVE('',#1583,#379,#1591,.T.);
#1591 = LINE('',#1592,#1593);
#1592 = CARTESIAN_POINT('',(218.59149294552,-79.,-2.75));
#1593 = VECTOR('',#1594,1.);
#1594 = DIRECTION('',(0.,0.,-1.));
#1595 = ORIENTED_EDGE('',*,*,#386,.T.);
#1596 = ORIENTED_EDGE('',*,*,#1543,.F.);
#1597 = PLANE('',#1598);
#1598 = AXIS2_PLACEMENT_3D('',#1599,#1600,#1601);
#1599 = CARTESIAN_POINT('',(218.77394369801,-77.96527036446,0.));
#1600 = DIRECTION('',(-0.984807753012,0.173648177667,0.));
#1601 = DIRECTION('',(-0.173648177667,-0.984807753012,0.));
#1602 = ADVANCED_FACE('',(#1603),#1621,.T.);
#1603 = FACE_BOUND('',#1604,.T.);
#1604 = EDGE_LOOP('',(#1605,#1606,#1607,#1615));
#1605 = ORIENTED_EDGE('',*,*,#378,.F.);
#1606 = ORIENTED_EDGE('',*,*,#1590,.F.);
#1607 = ORIENTED_EDGE('',*,*,#1608,.T.);
#1608 = EDGE_CURVE('',#1583,#1609,#1611,.T.);
#1609 = VERTEX_POINT('',#1610);
#1610 = CARTESIAN_POINT('',(228.6,-79.,-4.3));
#1611 = LINE('',#1612,#1613);
#1612 = CARTESIAN_POINT('',(-5.143516446817E-16,-79.,-4.3));
#1613 = VECTOR('',#1614,1.);
#1614 = DIRECTION('',(1.,-6.216471878916E-17,0.));
#1615 = ORIENTED_EDGE('',*,*,#1616,.F.);
#1616 = EDGE_CURVE('',#370,#1609,#1617,.T.);
#1617 = LINE('',#1618,#1619);
#1618 = CARTESIAN_POINT('',(228.6,-79.,-5.5));
#1619 = VECTOR('',#1620,1.);
#1620 = DIRECTION('',(0.,0.,1.));
#1621 = PLANE('',#1622);
#1622 = AXIS2_PLACEMENT_3D('',#1623,#1624,#1625);
#1623 = CARTESIAN_POINT('',(-5.143516446817E-16,-79.,-5.5));
#1624 = DIRECTION('',(6.216471878916E-17,1.,0.));
#1625 = DIRECTION('',(1.,-6.216471878916E-17,0.));
#1626 = ADVANCED_FACE('',(#1627),#1646,.F.);
#1627 = FACE_BOUND('',#1628,.T.);
#1628 = EDGE_LOOP('',(#1629,#1630,#1639,#1645));
#1629 = ORIENTED_EDGE('',*,*,#1616,.T.);
#1630 = ORIENTED_EDGE('',*,*,#1631,.T.);
#1631 = EDGE_CURVE('',#1609,#1632,#1634,.T.);
#1632 = VERTEX_POINT('',#1633);
#1633 = CARTESIAN_POINT('',(231.4,-76.2,-4.3));
#1634 = CIRCLE('',#1635,2.8);
#1635 = AXIS2_PLACEMENT_3D('',#1636,#1637,#1638);
#1636 = CARTESIAN_POINT('',(228.6,-76.2,-4.3));
#1637 = DIRECTION('',(0.,-0.,1.));
#1638 = DIRECTION('',(1.110223024625E-16,1.,0.));
#1639 = ORIENTED_EDGE('',*,*,#1640,.F.);
#1640 = EDGE_CURVE('',#362,#1632,#1641,.T.);
#1641 = LINE('',#1642,#1643);
#1642 = CARTESIAN_POINT('',(231.4,-76.2,-5.5));
#1643 = VECTOR('',#1644,1.);
#1644 = DIRECTION('',(0.,0.,1.));
#1645 = ORIENTED_EDGE('',*,*,#369,.F.);
#1646 = CYLINDRICAL_SURFACE('',#1647,2.8);
#1647 = AXIS2_PLACEMENT_3D('',#1648,#1649,#1650);
#1648 = CARTESIAN_POINT('',(228.6,-76.2,-5.5));
#1649 = DIRECTION('',(0.,0.,-1.));
#1650 = DIRECTION('',(1.110223024625E-16,1.,0.));
#1651 = ADVANCED_FACE('',(#1652),#1670,.T.);
#1652 = FACE_BOUND('',#1653,.T.);
#1653 = EDGE_LOOP('',(#1654,#1655,#1656,#1664));
#1654 = ORIENTED_EDGE('',*,*,#361,.F.);
#1655 = ORIENTED_EDGE('',*,*,#1640,.T.);
#1656 = ORIENTED_EDGE('',*,*,#1657,.T.);
#1657 = EDGE_CURVE('',#1632,#1658,#1660,.T.);
#1658 = VERTEX_POINT('',#1659);
#1659 = CARTESIAN_POINT('',(231.4,-66.19149294552,-4.3));
#1660 = LINE('',#1661,#1662);
#1661 = CARTESIAN_POINT('',(231.4,-76.2,-4.3));
#1662 = VECTOR('',#1663,1.);
#1663 = DIRECTION('',(0.,1.,0.));
#1664 = ORIENTED_EDGE('',*,*,#1665,.F.);
#1665 = EDGE_CURVE('',#354,#1658,#1666,.T.);
#1666 = LINE('',#1667,#1668);
#1667 = CARTESIAN_POINT('',(231.4,-66.19149294552,-2.75));
#1668 = VECTOR('',#1669,1.);
#1669 = DIRECTION('',(0.,0.,1.));
#1670 = PLANE('',#1671);
#1671 = AXIS2_PLACEMENT_3D('',#1672,#1673,#1674);
#1672 = CARTESIAN_POINT('',(231.4,-76.2,-5.5));
#1673 = DIRECTION('',(-1.,0.,0.));
#1674 = DIRECTION('',(0.,1.,0.));
#1675 = ADVANCED_FACE('',(#1676),#1710,.T.);
#1676 = FACE_BOUND('',#1677,.T.);
#1677 = EDGE_LOOP('',(#1678,#1688,#1694,#1695,#1696,#1704));
#1678 = ORIENTED_EDGE('',*,*,#1679,.F.);
#1679 = EDGE_CURVE('',#1680,#1682,#1684,.T.);
#1680 = VERTEX_POINT('',#1681);
#1681 = CARTESIAN_POINT('',(233.28472963553,-65.85916425944,0.));
#1682 = VERTEX_POINT('',#1683);
#1683 = CARTESIAN_POINT('',(230.36527036446,-66.37394369801,0.));
#1684 = LINE('',#1685,#1686);
#1685 = CARTESIAN_POINT('',(233.28472963553,-65.85916425944,0.));
#1686 = VECTOR('',#1687,1.);
#1687 = DIRECTION('',(-0.984807753012,-0.173648177667,0.));
#1688 = ORIENTED_EDGE('',*,*,#1689,.T.);
#1689 = EDGE_CURVE('',#1680,#345,#1690,.T.);
#1690 = LINE('',#1691,#1692);
#1691 = CARTESIAN_POINT('',(233.28472963553,-65.85916425944,0.));
#1692 = VECTOR('',#1693,1.);
#1693 = DIRECTION('',(-0.,-0.,-1.));
#1694 = ORIENTED_EDGE('',*,*,#353,.T.);
#1695 = ORIENTED_EDGE('',*,*,#1665,.T.);
#1696 = ORIENTED_EDGE('',*,*,#1697,.F.);
#1697 = EDGE_CURVE('',#1698,#1658,#1700,.T.);
#1698 = VERTEX_POINT('',#1699);
#1699 = CARTESIAN_POINT('',(230.36527036446,-66.37394369801,-4.3));
#1700 = LINE('',#1701,#1702);
#1701 = CARTESIAN_POINT('',(177.95982745512,-75.6144372189,-4.3));
#1702 = VECTOR('',#1703,1.);
#1703 = DIRECTION('',(0.984807753012,0.173648177667,0.));
#1704 = ORIENTED_EDGE('',*,*,#1705,.F.);
#1705 = EDGE_CURVE('',#1682,#1698,#1706,.T.);
#1706 = LINE('',#1707,#1708);
#1707 = CARTESIAN_POINT('',(230.36527036446,-66.37394369801,0.));
#1708 = VECTOR('',#1709,1.);
#1709 = DIRECTION('',(-0.,-0.,-1.));
#1710 = PLANE('',#1711);
#1711 = AXIS2_PLACEMENT_3D('',#1712,#1713,#1714);
#1712 = CARTESIAN_POINT('',(233.28472963553,-65.85916425944,0.));
#1713 = DIRECTION('',(-0.173648177667,0.984807753012,0.));
#1714 = DIRECTION('',(-0.984807753012,-0.173648177667,0.));
#1715 = ADVANCED_FACE('',(#1716),#1735,.F.);
#1716 = FACE_BOUND('',#1717,.F.);
#1717 = EDGE_LOOP('',(#1718,#1719,#1720,#1728));
#1718 = ORIENTED_EDGE('',*,*,#1689,.T.);
#1719 = ORIENTED_EDGE('',*,*,#344,.T.);
#1720 = ORIENTED_EDGE('',*,*,#1721,.F.);
#1721 = EDGE_CURVE('',#1722,#337,#1724,.T.);
#1722 = VERTEX_POINT('',#1723);
#1723 = CARTESIAN_POINT('',(233.45,-65.66220270883,0.));
#1724 = LINE('',#1725,#1726);
#1725 = CARTESIAN_POINT('',(233.45,-65.66220270883,0.));
#1726 = VECTOR('',#1727,1.);
#1727 = DIRECTION('',(-0.,-0.,-1.));
#1728 = ORIENTED_EDGE('',*,*,#1729,.F.);
#1729 = EDGE_CURVE('',#1680,#1722,#1730,.T.);
#1730 = CIRCLE('',#1731,0.2);
#1731 = AXIS2_PLACEMENT_3D('',#1732,#1733,#1734);
#1732 = CARTESIAN_POINT('',(233.25,-65.66220270883,0.));
#1733 = DIRECTION('',(0.,0.,1.));
#1734 = DIRECTION('',(1.,0.,0.));
#1735 = CYLINDRICAL_SURFACE('',#1736,0.2);
#1736 = AXIS2_PLACEMENT_3D('',#1737,#1738,#1739);
#1737 = CARTESIAN_POINT('',(233.25,-65.66220270883,0.));
#1738 = DIRECTION('',(0.,0.,1.));
#1739 = DIRECTION('',(1.,0.,0.));
#1740 = ADVANCED_FACE('',(#1741),#1759,.T.);
#1741 = FACE_BOUND('',#1742,.T.);
#1742 = EDGE_LOOP('',(#1743,#1751,#1752,#1753));
#1743 = ORIENTED_EDGE('',*,*,#1744,.T.);
#1744 = EDGE_CURVE('',#1745,#328,#1747,.T.);
#1745 = VERTEX_POINT('',#1746);
#1746 = CARTESIAN_POINT('',(233.45,-10.53779729116,0.));
#1747 = LINE('',#1748,#1749);
#1748 = CARTESIAN_POINT('',(233.45,-10.53779729116,0.));
#1749 = VECTOR('',#1750,1.);
#1750 = DIRECTION('',(-0.,-0.,-1.));
#1751 = ORIENTED_EDGE('',*,*,#336,.T.);
#1752 = ORIENTED_EDGE('',*,*,#1721,.F.);
#1753 = ORIENTED_EDGE('',*,*,#1754,.F.);
#1754 = EDGE_CURVE('',#1745,#1722,#1755,.T.);
#1755 = LINE('',#1756,#1757);
#1756 = CARTESIAN_POINT('',(233.45,-10.53779729116,0.));
#1757 = VECTOR('',#1758,1.);
#1758 = DIRECTION('',(0.,-1.,0.));
#1759 = PLANE('',#1760);
#1760 = AXIS2_PLACEMENT_3D('',#1761,#1762,#1763);
#1761 = CARTESIAN_POINT('',(233.45,-10.53779729116,0.));
#1762 = DIRECTION('',(-1.,0.,0.));
#1763 = DIRECTION('',(0.,-1.,0.));
#1764 = ADVANCED_FACE('',(#1765),#1784,.F.);
#1765 = FACE_BOUND('',#1766,.F.);
#1766 = EDGE_LOOP('',(#1767,#1768,#1769,#1777));
#1767 = ORIENTED_EDGE('',*,*,#1744,.T.);
#1768 = ORIENTED_EDGE('',*,*,#327,.T.);
#1769 = ORIENTED_EDGE('',*,*,#1770,.F.);
#1770 = EDGE_CURVE('',#1771,#320,#1773,.T.);
#1771 = VERTEX_POINT('',#1772);
#1772 = CARTESIAN_POINT('',(233.28472963553,-10.34083574055,0.));
#1773 = LINE('',#1774,#1775);
#1774 = CARTESIAN_POINT('',(233.28472963553,-10.34083574055,0.));
#1775 = VECTOR('',#1776,1.);
#1776 = DIRECTION('',(-0.,-0.,-1.));
#1777 = ORIENTED_EDGE('',*,*,#1778,.F.);
#1778 = EDGE_CURVE('',#1745,#1771,#1779,.T.);
#1779 = CIRCLE('',#1780,0.2);
#1780 = AXIS2_PLACEMENT_3D('',#1781,#1782,#1783);
#1781 = CARTESIAN_POINT('',(233.25,-10.53779729116,0.));
#1782 = DIRECTION('',(0.,0.,1.));
#1783 = DIRECTION('',(1.,0.,0.));
#1784 = CYLINDRICAL_SURFACE('',#1785,0.2);
#1785 = AXIS2_PLACEMENT_3D('',#1786,#1787,#1788);
#1786 = CARTESIAN_POINT('',(233.25,-10.53779729116,0.));
#1787 = DIRECTION('',(0.,0.,1.));
#1788 = DIRECTION('',(1.,0.,0.));
#1789 = ADVANCED_FACE('',(#1790),#1824,.T.);
#1790 = FACE_BOUND('',#1791,.T.);
#1791 = EDGE_LOOP('',(#1792,#1800,#1808,#1816,#1822,#1823));
#1792 = ORIENTED_EDGE('',*,*,#1793,.F.);
#1793 = EDGE_CURVE('',#1794,#1771,#1796,.T.);
#1794 = VERTEX_POINT('',#1795);
#1795 = CARTESIAN_POINT('',(230.36527036446,-9.82605630199,0.));
#1796 = LINE('',#1797,#1798);
#1797 = CARTESIAN_POINT('',(230.36527036446,-9.82605630199,0.));
#1798 = VECTOR('',#1799,1.);
#1799 = DIRECTION('',(0.984807753012,-0.173648177667,0.));
#1800 = ORIENTED_EDGE('',*,*,#1801,.T.);
#1801 = EDGE_CURVE('',#1794,#1802,#1804,.T.);
#1802 = VERTEX_POINT('',#1803);
#1803 = CARTESIAN_POINT('',(230.36527036446,-9.82605630199,-4.3));
#1804 = LINE('',#1805,#1806);
#1805 = CARTESIAN_POINT('',(230.36527036446,-9.82605630199,0.));
#1806 = VECTOR('',#1807,1.);
#1807 = DIRECTION('',(-0.,-0.,-1.));
#1808 = ORIENTED_EDGE('',*,*,#1809,.F.);
#1809 = EDGE_CURVE('',#1810,#1802,#1812,.T.);
#1810 = VERTEX_POINT('',#1811);
#1811 = CARTESIAN_POINT('',(231.4,-10.00850705447,-4.3));
#1812 = LINE('',#1813,#1814);
#1813 = CARTESIAN_POINT('',(176.50009781959,-0.328173061812,-4.3));
#1814 = VECTOR('',#1815,1.);
#1815 = DIRECTION('',(-0.984807753012,0.173648177667,0.));
#1816 = ORIENTED_EDGE('',*,*,#1817,.T.);
#1817 = EDGE_CURVE('',#1810,#312,#1818,.T.);
#1818 = LINE('',#1819,#1820);
#1819 = CARTESIAN_POINT('',(231.4,-10.00850705447,-2.75));
#1820 = VECTOR('',#1821,1.);
#1821 = DIRECTION('',(0.,0.,-1.));
#1822 = ORIENTED_EDGE('',*,*,#319,.T.);
#1823 = ORIENTED_EDGE('',*,*,#1770,.F.);
#1824 = PLANE('',#1825);
#1825 = AXIS2_PLACEMENT_3D('',#1826,#1827,#1828);
#1826 = CARTESIAN_POINT('',(230.36527036446,-9.82605630199,0.));
#1827 = DIRECTION('',(-0.173648177667,-0.984807753012,0.));
#1828 = DIRECTION('',(0.984807753012,-0.173648177667,0.));
#1829 = ADVANCED_FACE('',(#1830),#1848,.T.);
#1830 = FACE_BOUND('',#1831,.T.);
#1831 = EDGE_LOOP('',(#1832,#1833,#1834,#1842));
#1832 = ORIENTED_EDGE('',*,*,#311,.F.);
#1833 = ORIENTED_EDGE('',*,*,#1817,.F.);
#1834 = ORIENTED_EDGE('',*,*,#1835,.T.);
#1835 = EDGE_CURVE('',#1810,#1836,#1838,.T.);
#1836 = VERTEX_POINT('',#1837);
#1837 = CARTESIAN_POINT('',(231.4,0.,-4.3));
#1838 = LINE('',#1839,#1840);
#1839 = CARTESIAN_POINT('',(231.4,-76.2,-4.3));
#1840 = VECTOR('',#1841,1.);
#1841 = DIRECTION('',(0.,1.,0.));
#1842 = ORIENTED_EDGE('',*,*,#1843,.F.);
#1843 = EDGE_CURVE('',#303,#1836,#1844,.T.);
#1844 = LINE('',#1845,#1846);
#1845 = CARTESIAN_POINT('',(231.4,0.,-5.5));
#1846 = VECTOR('',#1847,1.);
#1847 = DIRECTION('',(0.,0.,1.));
#1848 = PLANE('',#1849);
#1849 = AXIS2_PLACEMENT_3D('',#1850,#1851,#1852);
#1850 = CARTESIAN_POINT('',(231.4,-76.2,-5.5));
#1851 = DIRECTION('',(-1.,0.,0.));
#1852 = DIRECTION('',(0.,1.,0.));
#1853 = ADVANCED_FACE('',(#1854),#1873,.F.);
#1854 = FACE_BOUND('',#1855,.T.);
#1855 = EDGE_LOOP('',(#1856,#1857,#1866,#1872));
#1856 = ORIENTED_EDGE('',*,*,#1843,.T.);
#1857 = ORIENTED_EDGE('',*,*,#1858,.T.);
#1858 = EDGE_CURVE('',#1836,#1859,#1861,.T.);
#1859 = VERTEX_POINT('',#1860);
#1860 = CARTESIAN_POINT('',(228.6,2.8,-4.3));
#1861 = CIRCLE('',#1862,2.8);
#1862 = AXIS2_PLACEMENT_3D('',#1863,#1864,#1865);
#1863 = CARTESIAN_POINT('',(228.6,0.,-4.3));
#1864 = DIRECTION('',(0.,0.,1.));
#1865 = DIRECTION('',(-1.,-1.224646799147E-16,0.));
#1866 = ORIENTED_EDGE('',*,*,#1867,.F.);
#1867 = EDGE_CURVE('',#295,#1859,#1868,.T.);
#1868 = LINE('',#1869,#1870);
#1869 = CARTESIAN_POINT('',(228.6,2.8,-5.5));
#1870 = VECTOR('',#1871,1.);
#1871 = DIRECTION('',(0.,0.,1.));
#1872 = ORIENTED_EDGE('',*,*,#302,.F.);
#1873 = CYLINDRICAL_SURFACE('',#1874,2.8);
#1874 = AXIS2_PLACEMENT_3D('',#1875,#1876,#1877);
#1875 = CARTESIAN_POINT('',(228.6,0.,-5.5));
#1876 = DIRECTION('',(-0.,-0.,-1.));
#1877 = DIRECTION('',(-1.,-1.224646799147E-16,0.));
#1878 = ADVANCED_FACE('',(#1879),#1897,.T.);
#1879 = FACE_BOUND('',#1880,.T.);
#1880 = EDGE_LOOP('',(#1881,#1882,#1883,#1891));
#1881 = ORIENTED_EDGE('',*,*,#294,.F.);
#1882 = ORIENTED_EDGE('',*,*,#1867,.T.);
#1883 = ORIENTED_EDGE('',*,*,#1884,.T.);
#1884 = EDGE_CURVE('',#1859,#1885,#1887,.T.);
#1885 = VERTEX_POINT('',#1886);
#1886 = CARTESIAN_POINT('',(218.59149294552,2.8,-4.3));
#1887 = LINE('',#1888,#1889);
#1888 = CARTESIAN_POINT('',(228.6,2.8,-4.3));
#1889 = VECTOR('',#1890,1.);
#1890 = DIRECTION('',(-1.,1.748382715945E-17,0.));
#1891 = ORIENTED_EDGE('',*,*,#1892,.F.);
#1892 = EDGE_CURVE('',#287,#1885,#1893,.T.);
#1893 = LINE('',#1894,#1895);
#1894 = CARTESIAN_POINT('',(218.59149294552,2.8,-2.75));
#1895 = VECTOR('',#1896,1.);
#1896 = DIRECTION('',(0.,0.,1.));
#1897 = PLANE('',#1898);
#1898 = AXIS2_PLACEMENT_3D('',#1899,#1900,#1901);
#1899 = CARTESIAN_POINT('',(228.6,2.8,-5.5));
#1900 = DIRECTION('',(-1.748382715945E-17,-1.,0.));
#1901 = DIRECTION('',(-1.,1.748382715945E-17,0.));
#1902 = ADVANCED_FACE('',(#1903),#1937,.T.);
#1903 = FACE_BOUND('',#1904,.T.);
#1904 = EDGE_LOOP('',(#1905,#1915,#1921,#1922,#1923,#1931));
#1905 = ORIENTED_EDGE('',*,*,#1906,.F.);
#1906 = EDGE_CURVE('',#1907,#1909,#1911,.T.);
#1907 = VERTEX_POINT('',#1908);
#1908 = CARTESIAN_POINT('',(218.25916425944,4.684729635533,0.));
#1909 = VERTEX_POINT('',#1910);
#1910 = CARTESIAN_POINT('',(218.77394369801,1.765270364467,0.));
#1911 = LINE('',#1912,#1913);
#1912 = CARTESIAN_POINT('',(218.25916425944,4.684729635533,0.));
#1913 = VECTOR('',#1914,1.);
#1914 = DIRECTION('',(0.173648177667,-0.984807753012,0.));
#1915 = ORIENTED_EDGE('',*,*,#1916,.T.);
#1916 = EDGE_CURVE('',#1907,#278,#1917,.T.);
#1917 = LINE('',#1918,#1919);
#1918 = CARTESIAN_POINT('',(218.25916425944,4.684729635533,0.));
#1919 = VECTOR('',#1920,1.);
#1920 = DIRECTION('',(-0.,-0.,-1.));
#1921 = ORIENTED_EDGE('',*,*,#286,.T.);
#1922 = ORIENTED_EDGE('',*,*,#1892,.T.);
#1923 = ORIENTED_EDGE('',*,*,#1924,.F.);
#1924 = EDGE_CURVE('',#1925,#1885,#1927,.T.);
#1925 = VERTEX_POINT('',#1926);
#1926 = CARTESIAN_POINT('',(218.77394369801,1.765270364467,-4.3));
#1927 = LINE('',#1928,#1929);
#1928 = CARTESIAN_POINT('',(220.35009791452,-7.17354438855,-4.3));
#1929 = VECTOR('',#1930,1.);
#1930 = DIRECTION('',(-0.173648177667,0.984807753012,0.));
#1931 = ORIENTED_EDGE('',*,*,#1932,.F.);
#1932 = EDGE_CURVE('',#1909,#1925,#1933,.T.);
#1933 = LINE('',#1934,#1935);
#1934 = CARTESIAN_POINT('',(218.77394369801,1.765270364467,0.));
#1935 = VECTOR('',#1936,1.);
#1936 = DIRECTION('',(-0.,-0.,-1.));
#1937 = PLANE('',#1938);
#1938 = AXIS2_PLACEMENT_3D('',#1939,#1940,#1941);
#1939 = CARTESIAN_POINT('',(218.25916425944,4.684729635533,0.));
#1940 = DIRECTION('',(-0.984807753012,-0.173648177667,0.));
#1941 = DIRECTION('',(0.173648177667,-0.984807753012,0.));
#1942 = ADVANCED_FACE('',(#1943),#1962,.F.);
#1943 = FACE_BOUND('',#1944,.F.);
#1944 = EDGE_LOOP('',(#1945,#1946,#1947,#1955));
#1945 = ORIENTED_EDGE('',*,*,#1916,.T.);
#1946 = ORIENTED_EDGE('',*,*,#277,.T.);
#1947 = ORIENTED_EDGE('',*,*,#1948,.F.);
#1948 = EDGE_CURVE('',#1949,#270,#1951,.T.);
#1949 = VERTEX_POINT('',#1950);
#1950 = CARTESIAN_POINT('',(218.06220270883,4.85,0.));
#1951 = LINE('',#1952,#1953);
#1952 = CARTESIAN_POINT('',(218.06220270883,4.85,0.));
#1953 = VECTOR('',#1954,1.);
#1954 = DIRECTION('',(-0.,-0.,-1.));
#1955 = ORIENTED_EDGE('',*,*,#1956,.F.);
#1956 = EDGE_CURVE('',#1907,#1949,#1957,.T.);
#1957 = CIRCLE('',#1958,0.2);
#1958 = AXIS2_PLACEMENT_3D('',#1959,#1960,#1961);
#1959 = CARTESIAN_POINT('',(218.06220270883,4.65,0.));
#1960 = DIRECTION('',(0.,0.,1.));
#1961 = DIRECTION('',(1.,0.,0.));
#1962 = CYLINDRICAL_SURFACE('',#1963,0.2);
#1963 = AXIS2_PLACEMENT_3D('',#1964,#1965,#1966);
#1964 = CARTESIAN_POINT('',(218.06220270883,4.65,0.));
#1965 = DIRECTION('',(0.,0.,1.));
#1966 = DIRECTION('',(1.,0.,0.));
#1967 = ADVANCED_FACE('',(#1968),#1986,.T.);
#1968 = FACE_BOUND('',#1969,.T.);
#1969 = EDGE_LOOP('',(#1970,#1978,#1979,#1980));
#1970 = ORIENTED_EDGE('',*,*,#1971,.T.);
#1971 = EDGE_CURVE('',#1972,#261,#1974,.T.);
#1972 = VERTEX_POINT('',#1973);
#1973 = CARTESIAN_POINT('',(134.83779729116,4.85,0.));
#1974 = LINE('',#1975,#1976);
#1975 = CARTESIAN_POINT('',(134.83779729116,4.85,0.));
#1976 = VECTOR('',#1977,1.);
#1977 = DIRECTION('',(-0.,-0.,-1.));
#1978 = ORIENTED_EDGE('',*,*,#269,.T.);
#1979 = ORIENTED_EDGE('',*,*,#1948,.F.);
#1980 = ORIENTED_EDGE('',*,*,#1981,.F.);
#1981 = EDGE_CURVE('',#1972,#1949,#1982,.T.);
#1982 = LINE('',#1983,#1984);
#1983 = CARTESIAN_POINT('',(134.83779729116,4.85,0.));
#1984 = VECTOR('',#1985,1.);
#1985 = DIRECTION('',(1.,0.,0.));
#1986 = PLANE('',#1987);
#1987 = AXIS2_PLACEMENT_3D('',#1988,#1989,#1990);
#1988 = CARTESIAN_POINT('',(134.83779729116,4.85,0.));
#1989 = DIRECTION('',(0.,-1.,0.));
#1990 = DIRECTION('',(1.,0.,0.));
#1991 = ADVANCED_FACE('',(#1992),#2011,.F.);
#1992 = FACE_BOUND('',#1993,.F.);
#1993 = EDGE_LOOP('',(#1994,#1995,#1996,#2004));
#1994 = ORIENTED_EDGE('',*,*,#1971,.T.);
#1995 = ORIENTED_EDGE('',*,*,#260,.T.);
#1996 = ORIENTED_EDGE('',*,*,#1997,.F.);
#1997 = EDGE_CURVE('',#1998,#253,#2000,.T.);
#1998 = VERTEX_POINT('',#1999);
#1999 = CARTESIAN_POINT('',(134.64083574055,4.684729635533,0.));
#2000 = LINE('',#2001,#2002);
#2001 = CARTESIAN_POINT('',(134.64083574055,4.684729635533,0.));
#2002 = VECTOR('',#2003,1.);
#2003 = DIRECTION('',(-0.,-0.,-1.));
#2004 = ORIENTED_EDGE('',*,*,#2005,.F.);
#2005 = EDGE_CURVE('',#1972,#1998,#2006,.T.);
#2006 = CIRCLE('',#2007,0.2);
#2007 = AXIS2_PLACEMENT_3D('',#2008,#2009,#2010);
#2008 = CARTESIAN_POINT('',(134.83779729116,4.65,0.));
#2009 = DIRECTION('',(0.,0.,1.));
#2010 = DIRECTION('',(1.,0.,0.));
#2011 = CYLINDRICAL_SURFACE('',#2012,0.2);
#2012 = AXIS2_PLACEMENT_3D('',#2013,#2014,#2015);
#2013 = CARTESIAN_POINT('',(134.83779729116,4.65,0.));
#2014 = DIRECTION('',(0.,0.,1.));
#2015 = DIRECTION('',(1.,0.,0.));
#2016 = ADVANCED_FACE('',(#2017),#2051,.T.);
#2017 = FACE_BOUND('',#2018,.T.);
#2018 = EDGE_LOOP('',(#2019,#2027,#2035,#2043,#2049,#2050));
#2019 = ORIENTED_EDGE('',*,*,#2020,.F.);
#2020 = EDGE_CURVE('',#2021,#1998,#2023,.T.);
#2021 = VERTEX_POINT('',#2022);
#2022 = CARTESIAN_POINT('',(134.12605630199,1.765270364467,0.));
#2023 = LINE('',#2024,#2025);
#2024 = CARTESIAN_POINT('',(134.12605630199,1.765270364467,0.));
#2025 = VECTOR('',#2026,1.);
#2026 = DIRECTION('',(0.173648177667,0.984807753012,0.));
#2027 = ORIENTED_EDGE('',*,*,#2028,.T.);
#2028 = EDGE_CURVE('',#2021,#2029,#2031,.T.);
#2029 = VERTEX_POINT('',#2030);
#2030 = CARTESIAN_POINT('',(134.12605630199,1.765270364467,-4.3));
#2031 = LINE('',#2032,#2033);
#2032 = CARTESIAN_POINT('',(134.12605630199,1.765270364467,0.));
#2033 = VECTOR('',#2034,1.);
#2034 = DIRECTION('',(-0.,-0.,-1.));
#2035 = ORIENTED_EDGE('',*,*,#2036,.F.);
#2036 = EDGE_CURVE('',#2037,#2029,#2039,.T.);
#2037 = VERTEX_POINT('',#2038);
#2038 = CARTESIAN_POINT('',(134.30850705447,2.8,-4.3));
#2039 = LINE('',#2040,#2041);
#2040 = CARTESIAN_POINT('',(130.41846055711,-19.26154997792,-4.3));
#2041 = VECTOR('',#2042,1.);
#2042 = DIRECTION('',(-0.173648177667,-0.984807753012,0.));
#2043 = ORIENTED_EDGE('',*,*,#2044,.T.);
#2044 = EDGE_CURVE('',#2037,#245,#2045,.T.);
#2045 = LINE('',#2046,#2047);
#2046 = CARTESIAN_POINT('',(134.30850705447,2.8,-2.75));
#2047 = VECTOR('',#2048,1.);
#2048 = DIRECTION('',(0.,0.,-1.));
#2049 = ORIENTED_EDGE('',*,*,#252,.T.);
#2050 = ORIENTED_EDGE('',*,*,#1997,.F.);
#2051 = PLANE('',#2052);
#2052 = AXIS2_PLACEMENT_3D('',#2053,#2054,#2055);
#2053 = CARTESIAN_POINT('',(134.12605630199,1.765270364467,0.));
#2054 = DIRECTION('',(0.984807753012,-0.173648177667,0.));
#2055 = DIRECTION('',(0.173648177667,0.984807753012,0.));
#2056 = ADVANCED_FACE('',(#2057),#2075,.T.);
#2057 = FACE_BOUND('',#2058,.T.);
#2058 = EDGE_LOOP('',(#2059,#2060,#2061,#2069));
#2059 = ORIENTED_EDGE('',*,*,#244,.F.);
#2060 = ORIENTED_EDGE('',*,*,#2044,.F.);
#2061 = ORIENTED_EDGE('',*,*,#2062,.T.);
#2062 = EDGE_CURVE('',#2037,#2063,#2065,.T.);
#2063 = VERTEX_POINT('',#2064);
#2064 = CARTESIAN_POINT('',(94.291492945527,2.8,-4.3));
#2065 = LINE('',#2066,#2067);
#2066 = CARTESIAN_POINT('',(228.6,2.8,-4.3));
#2067 = VECTOR('',#2068,1.);
#2068 = DIRECTION('',(-1.,1.748382715945E-17,0.));
#2069 = ORIENTED_EDGE('',*,*,#2070,.F.);
#2070 = EDGE_CURVE('',#237,#2063,#2071,.T.);
#2071 = LINE('',#2072,#2073);
#2072 = CARTESIAN_POINT('',(94.291492945527,2.8,-2.75));
#2073 = VECTOR('',#2074,1.);
#2074 = DIRECTION('',(0.,0.,1.));
#2075 = PLANE('',#2076);
#2076 = AXIS2_PLACEMENT_3D('',#2077,#2078,#2079);
#2077 = CARTESIAN_POINT('',(228.6,2.8,-5.5));
#2078 = DIRECTION('',(-1.748382715945E-17,-1.,0.));
#2079 = DIRECTION('',(-1.,1.748382715945E-17,0.));
#2080 = ADVANCED_FACE('',(#2081),#2115,.T.);
#2081 = FACE_BOUND('',#2082,.T.);
#2082 = EDGE_LOOP('',(#2083,#2093,#2099,#2100,#2101,#2109));
#2083 = ORIENTED_EDGE('',*,*,#2084,.F.);
#2084 = EDGE_CURVE('',#2085,#2087,#2089,.T.);
#2085 = VERTEX_POINT('',#2086);
#2086 = CARTESIAN_POINT('',(93.959164259442,4.684729635533,0.));
#2087 = VERTEX_POINT('',#2088);
#2088 = CARTESIAN_POINT('',(94.47394369801,1.765270364467,0.));
#2089 = LINE('',#2090,#2091);
#2090 = CARTESIAN_POINT('',(93.959164259442,4.684729635533,0.));
#2091 = VECTOR('',#2092,1.);
#2092 = DIRECTION('',(0.173648177667,-0.984807753012,0.));
#2093 = ORIENTED_EDGE('',*,*,#2094,.T.);
#2094 = EDGE_CURVE('',#2085,#228,#2095,.T.);
#2095 = LINE('',#2096,#2097);
#2096 = CARTESIAN_POINT('',(93.959164259442,4.684729635533,0.));
#2097 = VECTOR('',#2098,1.);
#2098 = DIRECTION('',(-0.,-0.,-1.));
#2099 = ORIENTED_EDGE('',*,*,#236,.T.);
#2100 = ORIENTED_EDGE('',*,*,#2070,.T.);
#2101 = ORIENTED_EDGE('',*,*,#2102,.F.);
#2102 = EDGE_CURVE('',#2103,#2063,#2105,.T.);
#2103 = VERTEX_POINT('',#2104);
#2104 = CARTESIAN_POINT('',(94.47394369801,1.765270364467,-4.3));
#2105 = LINE('',#2106,#2107);
#2106 = CARTESIAN_POINT('',(97.9241497236,-17.80182034239,-4.3));
#2107 = VECTOR('',#2108,1.);
#2108 = DIRECTION('',(-0.173648177667,0.984807753012,0.));
#2109 = ORIENTED_EDGE('',*,*,#2110,.F.);
#2110 = EDGE_CURVE('',#2087,#2103,#2111,.T.);
#2111 = LINE('',#2112,#2113);
#2112 = CARTESIAN_POINT('',(94.47394369801,1.765270364467,0.));
#2113 = VECTOR('',#2114,1.);
#2114 = DIRECTION('',(-0.,-0.,-1.));
#2115 = PLANE('',#2116);
#2116 = AXIS2_PLACEMENT_3D('',#2117,#2118,#2119);
#2117 = CARTESIAN_POINT('',(93.959164259442,4.684729635533,0.));
#2118 = DIRECTION('',(-0.984807753012,-0.173648177667,0.));
#2119 = DIRECTION('',(0.173648177667,-0.984807753012,0.));
#2120 = ADVANCED_FACE('',(#2121),#2140,.F.);
#2121 = FACE_BOUND('',#2122,.F.);
#2122 = EDGE_LOOP('',(#2123,#2124,#2125,#2133));
#2123 = ORIENTED_EDGE('',*,*,#2094,.T.);
#2124 = ORIENTED_EDGE('',*,*,#227,.T.);
#2125 = ORIENTED_EDGE('',*,*,#2126,.F.);
#2126 = EDGE_CURVE('',#2127,#220,#2129,.T.);
#2127 = VERTEX_POINT('',#2128);
#2128 = CARTESIAN_POINT('',(93.762202708839,4.85,0.));
#2129 = LINE('',#2130,#2131);
#2130 = CARTESIAN_POINT('',(93.762202708839,4.85,0.));
#2131 = VECTOR('',#2132,1.);
#2132 = DIRECTION('',(-0.,-0.,-1.));
#2133 = ORIENTED_EDGE('',*,*,#2134,.F.);
#2134 = EDGE_CURVE('',#2085,#2127,#2135,.T.);
#2135 = CIRCLE('',#2136,0.2);
#2136 = AXIS2_PLACEMENT_3D('',#2137,#2138,#2139);
#2137 = CARTESIAN_POINT('',(93.762202708839,4.65,0.));
#2138 = DIRECTION('',(0.,0.,1.));
#2139 = DIRECTION('',(1.,0.,0.));
#2140 = CYLINDRICAL_SURFACE('',#2141,0.2);
#2141 = AXIS2_PLACEMENT_3D('',#2142,#2143,#2144);
#2142 = CARTESIAN_POINT('',(93.762202708839,4.65,0.));
#2143 = DIRECTION('',(0.,0.,1.));
#2144 = DIRECTION('',(1.,0.,0.));
#2145 = ADVANCED_FACE('',(#2146),#2164,.T.);
#2146 = FACE_BOUND('',#2147,.T.);
#2147 = EDGE_LOOP('',(#2148,#2156,#2157,#2158));
#2148 = ORIENTED_EDGE('',*,*,#2149,.T.);
#2149 = EDGE_CURVE('',#2150,#211,#2152,.T.);
#2150 = VERTEX_POINT('',#2151);
#2151 = CARTESIAN_POINT('',(10.537797291161,4.85,0.));
#2152 = LINE('',#2153,#2154);
#2153 = CARTESIAN_POINT('',(10.537797291161,4.85,0.));
#2154 = VECTOR('',#2155,1.);
#2155 = DIRECTION('',(-0.,-0.,-1.));
#2156 = ORIENTED_EDGE('',*,*,#219,.T.);
#2157 = ORIENTED_EDGE('',*,*,#2126,.F.);
#2158 = ORIENTED_EDGE('',*,*,#2159,.F.);
#2159 = EDGE_CURVE('',#2150,#2127,#2160,.T.);
#2160 = LINE('',#2161,#2162);
#2161 = CARTESIAN_POINT('',(10.537797291161,4.85,0.));
#2162 = VECTOR('',#2163,1.);
#2163 = DIRECTION('',(1.,0.,0.));
#2164 = PLANE('',#2165);
#2165 = AXIS2_PLACEMENT_3D('',#2166,#2167,#2168);
#2166 = CARTESIAN_POINT('',(10.537797291161,4.85,0.));
#2167 = DIRECTION('',(0.,-1.,0.));
#2168 = DIRECTION('',(1.,0.,0.));
#2169 = ADVANCED_FACE('',(#2170),#2189,.F.);
#2170 = FACE_BOUND('',#2171,.F.);
#2171 = EDGE_LOOP('',(#2172,#2173,#2174,#2182));
#2172 = ORIENTED_EDGE('',*,*,#2149,.T.);
#2173 = ORIENTED_EDGE('',*,*,#210,.T.);
#2174 = ORIENTED_EDGE('',*,*,#2175,.F.);
#2175 = EDGE_CURVE('',#2176,#203,#2178,.T.);
#2176 = VERTEX_POINT('',#2177);
#2177 = CARTESIAN_POINT('',(10.340835740558,4.684729635533,0.));
#2178 = LINE('',#2179,#2180);
#2179 = CARTESIAN_POINT('',(10.340835740558,4.684729635533,0.));
#2180 = VECTOR('',#2181,1.);
#2181 = DIRECTION('',(-0.,-0.,-1.));
#2182 = ORIENTED_EDGE('',*,*,#2183,.F.);
#2183 = EDGE_CURVE('',#2150,#2176,#2184,.T.);
#2184 = CIRCLE('',#2185,0.2);
#2185 = AXIS2_PLACEMENT_3D('',#2186,#2187,#2188);
#2186 = CARTESIAN_POINT('',(10.537797291161,4.65,0.));
#2187 = DIRECTION('',(0.,0.,1.));
#2188 = DIRECTION('',(1.,0.,0.));
#2189 = CYLINDRICAL_SURFACE('',#2190,0.2);
#2190 = AXIS2_PLACEMENT_3D('',#2191,#2192,#2193);
#2191 = CARTESIAN_POINT('',(10.537797291161,4.65,0.));
#2192 = DIRECTION('',(0.,0.,1.));
#2193 = DIRECTION('',(1.,0.,0.));
#2194 = ADVANCED_FACE('',(#2195),#2229,.T.);
#2195 = FACE_BOUND('',#2196,.T.);
#2196 = EDGE_LOOP('',(#2197,#2205,#2213,#2221,#2227,#2228));
#2197 = ORIENTED_EDGE('',*,*,#2198,.F.);
#2198 = EDGE_CURVE('',#2199,#2176,#2201,.T.);
#2199 = VERTEX_POINT('',#2200);
#2200 = CARTESIAN_POINT('',(9.82605630199,1.765270364467,0.));
#2201 = LINE('',#2202,#2203);
#2202 = CARTESIAN_POINT('',(9.82605630199,1.765270364467,0.));
#2203 = VECTOR('',#2204,1.);
#2204 = DIRECTION('',(0.173648177667,0.984807753012,0.));
#2205 = ORIENTED_EDGE('',*,*,#2206,.T.);
#2206 = EDGE_CURVE('',#2199,#2207,#2209,.T.);
#2207 = VERTEX_POINT('',#2208);
#2208 = CARTESIAN_POINT('',(9.82605630199,1.765270364467,-4.3));
#2209 = LINE('',#2210,#2211);
#2210 = CARTESIAN_POINT('',(9.82605630199,1.765270364467,0.));
#2211 = VECTOR('',#2212,1.);
#2212 = DIRECTION('',(-0.,-0.,-1.));
#2213 = ORIENTED_EDGE('',*,*,#2214,.F.);
#2214 = EDGE_CURVE('',#2215,#2207,#2217,.T.);
#2215 = VERTEX_POINT('',#2216);
#2216 = CARTESIAN_POINT('',(10.008507054473,2.8,-4.3));
#2217 = LINE('',#2218,#2219);
#2218 = CARTESIAN_POINT('',(7.992512366194,-8.633274024083,-4.3));
#2219 = VECTOR('',#2220,1.);
#2220 = DIRECTION('',(-0.173648177667,-0.984807753012,0.));
#2221 = ORIENTED_EDGE('',*,*,#2222,.T.);
#2222 = EDGE_CURVE('',#2215,#195,#2223,.T.);
#2223 = LINE('',#2224,#2225);
#2224 = CARTESIAN_POINT('',(10.008507054473,2.8,-2.75));
#2225 = VECTOR('',#2226,1.);
#2226 = DIRECTION('',(0.,0.,-1.));
#2227 = ORIENTED_EDGE('',*,*,#202,.T.);
#2228 = ORIENTED_EDGE('',*,*,#2175,.F.);
#2229 = PLANE('',#2230);
#2230 = AXIS2_PLACEMENT_3D('',#2231,#2232,#2233);
#2231 = CARTESIAN_POINT('',(9.82605630199,1.765270364467,0.));
#2232 = DIRECTION('',(0.984807753012,-0.173648177667,0.));
#2233 = DIRECTION('',(0.173648177667,0.984807753012,0.));
#2234 = ADVANCED_FACE('',(#2235),#2253,.T.);
#2235 = FACE_BOUND('',#2236,.T.);
#2236 = EDGE_LOOP('',(#2237,#2238,#2239,#2247));
#2237 = ORIENTED_EDGE('',*,*,#194,.F.);
#2238 = ORIENTED_EDGE('',*,*,#2222,.F.);
#2239 = ORIENTED_EDGE('',*,*,#2240,.T.);
#2240 = EDGE_CURVE('',#2215,#2241,#2243,.T.);
#2241 = VERTEX_POINT('',#2242);
#2242 = CARTESIAN_POINT('',(1.601932926498E-17,2.8,-4.3));
#2243 = LINE('',#2244,#2245);
#2244 = CARTESIAN_POINT('',(228.6,2.8,-4.3));
#2245 = VECTOR('',#2246,1.);
#2246 = DIRECTION('',(-1.,1.748382715945E-17,0.));
#2247 = ORIENTED_EDGE('',*,*,#2248,.F.);
#2248 = EDGE_CURVE('',#186,#2241,#2249,.T.);
#2249 = LINE('',#2250,#2251);
#2250 = CARTESIAN_POINT('',(1.601932926498E-17,2.8,-5.5));
#2251 = VECTOR('',#2252,1.);
#2252 = DIRECTION('',(0.,0.,1.));
#2253 = PLANE('',#2254);
#2254 = AXIS2_PLACEMENT_3D('',#2255,#2256,#2257);
#2255 = CARTESIAN_POINT('',(228.6,2.8,-5.5));
#2256 = DIRECTION('',(-1.748382715945E-17,-1.,0.));
#2257 = DIRECTION('',(-1.,1.748382715945E-17,0.));
#2258 = ADVANCED_FACE('',(#2259),#2278,.F.);
#2259 = FACE_BOUND('',#2260,.T.);
#2260 = EDGE_LOOP('',(#2261,#2262,#2271,#2277));
#2261 = ORIENTED_EDGE('',*,*,#2248,.T.);
#2262 = ORIENTED_EDGE('',*,*,#2263,.T.);
#2263 = EDGE_CURVE('',#2241,#2264,#2266,.T.);
#2264 = VERTEX_POINT('',#2265);
#2265 = CARTESIAN_POINT('',(-2.8,2.034892087468E-16,-4.3));
#2266 = CIRCLE('',#2267,2.8);
#2267 = AXIS2_PLACEMENT_3D('',#2268,#2269,#2270);
#2268 = CARTESIAN_POINT('',(1.096014311633E-23,0.,-4.3));
#2269 = DIRECTION('',(-0.,0.,1.));
#2270 = DIRECTION('',(1.110223024625E-16,-1.,0.));
#2271 = ORIENTED_EDGE('',*,*,#2272,.F.);
#2272 = EDGE_CURVE('',#178,#2264,#2273,.T.);
#2273 = LINE('',#2274,#2275);
#2274 = CARTESIAN_POINT('',(-2.8,2.034892087468E-16,-5.5));
#2275 = VECTOR('',#2276,1.);
#2276 = DIRECTION('',(0.,0.,1.));
#2277 = ORIENTED_EDGE('',*,*,#185,.F.);
#2278 = CYLINDRICAL_SURFACE('',#2279,2.8);
#2279 = AXIS2_PLACEMENT_3D('',#2280,#2281,#2282);
#2280 = CARTESIAN_POINT('',(1.096014311633E-23,0.,-5.5));
#2281 = DIRECTION('',(0.,0.,-1.));
#2282 = DIRECTION('',(1.110223024625E-16,-1.,0.));
#2283 = ADVANCED_FACE('',(#2284),#2302,.T.);
#2284 = FACE_BOUND('',#2285,.T.);
#2285 = EDGE_LOOP('',(#2286,#2287,#2288,#2296));
#2286 = ORIENTED_EDGE('',*,*,#177,.F.);
#2287 = ORIENTED_EDGE('',*,*,#2272,.T.);
#2288 = ORIENTED_EDGE('',*,*,#2289,.T.);
#2289 = EDGE_CURVE('',#2264,#2290,#2292,.T.);
#2290 = VERTEX_POINT('',#2291);
#2291 = CARTESIAN_POINT('',(-2.8,-10.00850705447,-4.3));
#2292 = LINE('',#2293,#2294);
#2293 = CARTESIAN_POINT('',(-2.8,2.034892087468E-16,-4.3));
#2294 = VECTOR('',#2295,1.);
#2295 = DIRECTION('',(0.,-1.,0.));
#2296 = ORIENTED_EDGE('',*,*,#2297,.F.);
#2297 = EDGE_CURVE('',#170,#2290,#2298,.T.);
#2298 = LINE('',#2299,#2300);
#2299 = CARTESIAN_POINT('',(-2.8,-10.00850705447,-2.75));
#2300 = VECTOR('',#2301,1.);
#2301 = DIRECTION('',(0.,0.,1.));
#2302 = PLANE('',#2303);
#2303 = AXIS2_PLACEMENT_3D('',#2304,#2305,#2306);
#2304 = CARTESIAN_POINT('',(-2.8,2.034892087468E-16,-5.5));
#2305 = DIRECTION('',(1.,0.,0.));
#2306 = DIRECTION('',(0.,-1.,0.));
#2307 = ADVANCED_FACE('',(#2308),#2342,.T.);
#2308 = FACE_BOUND('',#2309,.T.);
#2309 = EDGE_LOOP('',(#2310,#2320,#2326,#2327,#2328,#2336));
#2310 = ORIENTED_EDGE('',*,*,#2311,.F.);
#2311 = EDGE_CURVE('',#2312,#2314,#2316,.T.);
#2312 = VERTEX_POINT('',#2313);
#2313 = CARTESIAN_POINT('',(-4.684729635533,-10.34083574055,0.));
#2314 = VERTEX_POINT('',#2315);
#2315 = CARTESIAN_POINT('',(-1.765270364467,-9.82605630199,0.));
#2316 = LINE('',#2317,#2318);
#2317 = CARTESIAN_POINT('',(-4.684729635533,-10.34083574055,0.));
#2318 = VECTOR('',#2319,1.);
#2319 = DIRECTION('',(0.984807753012,0.173648177667,0.));
#2320 = ORIENTED_EDGE('',*,*,#2321,.T.);
#2321 = EDGE_CURVE('',#2312,#161,#2322,.T.);
#2322 = LINE('',#2323,#2324);
#2323 = CARTESIAN_POINT('',(-4.684729635533,-10.34083574055,0.));
#2324 = VECTOR('',#2325,1.);
#2325 = DIRECTION('',(-0.,-0.,-1.));
#2326 = ORIENTED_EDGE('',*,*,#169,.T.);
#2327 = ORIENTED_EDGE('',*,*,#2297,.T.);
#2328 = ORIENTED_EDGE('',*,*,#2329,.F.);
#2329 = EDGE_CURVE('',#2330,#2290,#2332,.T.);
#2330 = VERTEX_POINT('',#2331);
#2331 = CARTESIAN_POINT('',(-1.765270364467,-9.82605630199,-4.3));
#2332 = LINE('',#2333,#2334);
#2333 = CARTESIAN_POINT('',(50.640172544875,-0.585562781096,-4.3));
#2334 = VECTOR('',#2335,1.);
#2335 = DIRECTION('',(-0.984807753012,-0.173648177667,0.));
#2336 = ORIENTED_EDGE('',*,*,#2337,.F.);
#2337 = EDGE_CURVE('',#2314,#2330,#2338,.T.);
#2338 = LINE('',#2339,#2340);
#2339 = CARTESIAN_POINT('',(-1.765270364467,-9.82605630199,0.));
#2340 = VECTOR('',#2341,1.);
#2341 = DIRECTION('',(-0.,-0.,-1.));
#2342 = PLANE('',#2343);
#2343 = AXIS2_PLACEMENT_3D('',#2344,#2345,#2346);
#2344 = CARTESIAN_POINT('',(-4.684729635533,-10.34083574055,0.));
#2345 = DIRECTION('',(0.173648177667,-0.984807753012,0.));
#2346 = DIRECTION('',(0.984807753012,0.173648177667,0.));
#2347 = ADVANCED_FACE('',(#2348),#2360,.F.);
#2348 = FACE_BOUND('',#2349,.F.);
#2349 = EDGE_LOOP('',(#2350,#2351,#2352,#2353));
#2350 = ORIENTED_EDGE('',*,*,#2321,.T.);
#2351 = ORIENTED_EDGE('',*,*,#160,.T.);
#2352 = ORIENTED_EDGE('',*,*,#1122,.F.);
#2353 = ORIENTED_EDGE('',*,*,#2354,.F.);
#2354 = EDGE_CURVE('',#2312,#1057,#2355,.T.);
#2355 = CIRCLE('',#2356,0.2);
#2356 = AXIS2_PLACEMENT_3D('',#2357,#2358,#2359);
#2357 = CARTESIAN_POINT('',(-4.65,-10.53779729116,0.));
#2358 = DIRECTION('',(0.,0.,1.));
#2359 = DIRECTION('',(1.,0.,0.));
#2360 = CYLINDRICAL_SURFACE('',#2361,0.2);
#2361 = AXIS2_PLACEMENT_3D('',#2362,#2363,#2364);
#2362 = CARTESIAN_POINT('',(-4.65,-10.53779729116,0.));
#2363 = DIRECTION('',(0.,0.,1.));
#2364 = DIRECTION('',(1.,0.,0.));
#2365 = ADVANCED_FACE('',(#2366),#2377,.F.);
#2366 = FACE_BOUND('',#2367,.F.);
#2367 = EDGE_LOOP('',(#2368,#2374,#2375,#2376));
#2368 = ORIENTED_EDGE('',*,*,#2369,.F.);
#2369 = EDGE_CURVE('',#1107,#728,#2370,.T.);
#2370 = LINE('',#2371,#2372);
#2371 = CARTESIAN_POINT('',(-4.65,-32.84138690299,-4.068777798925));
#2372 = VECTOR('',#2373,1.);
#2373 = DIRECTION('',(-1.,-0.,-0.));
#2374 = ORIENTED_EDGE('',*,*,#1115,.F.);
#2375 = ORIENTED_EDGE('',*,*,#144,.T.);
#2376 = ORIENTED_EDGE('',*,*,#727,.F.);
#2377 = PLANE('',#2378);
#2378 = AXIS2_PLACEMENT_3D('',#2379,#2380,#2381);
#2379 = CARTESIAN_POINT('',(-263.3840480609,-28.12268323453,
    -5.484388899462));
#2380 = DIRECTION('',(0.,0.287347885566,0.957826285221));
#2381 = DIRECTION('',(0.,0.957826285221,-0.287347885566));
#2382 = ADVANCED_FACE('',(#2383),#2402,.F.);
#2383 = FACE_BOUND('',#2384,.T.);
#2384 = EDGE_LOOP('',(#2385,#2393,#2400,#2401));
#2385 = ORIENTED_EDGE('',*,*,#2386,.T.);
#2386 = EDGE_CURVE('',#579,#2387,#2389,.T.);
#2387 = VERTEX_POINT('',#2388);
#2388 = CARTESIAN_POINT('',(-1.83397275992,-78.83397275992,0.));
#2389 = LINE('',#2390,#2391);
#2390 = CARTESIAN_POINT('',(-1.83397275992,-78.83397275992,-5.5));
#2391 = VECTOR('',#2392,1.);
#2392 = DIRECTION('',(0.,0.,1.));
#2393 = ORIENTED_EDGE('',*,*,#2394,.T.);
#2394 = EDGE_CURVE('',#2387,#2387,#2395,.T.);
#2395 = CIRCLE('',#2396,0.8);
#2396 = AXIS2_PLACEMENT_3D('',#2397,#2398,#2399);
#2397 = CARTESIAN_POINT('',(-2.63397275992,-78.83397275992,0.));
#2398 = DIRECTION('',(0.,0.,1.));
#2399 = DIRECTION('',(1.,0.,0.));
#2400 = ORIENTED_EDGE('',*,*,#2386,.F.);
#2401 = ORIENTED_EDGE('',*,*,#578,.F.);
#2402 = CYLINDRICAL_SURFACE('',#2403,0.8);
#2403 = AXIS2_PLACEMENT_3D('',#2404,#2405,#2406);
#2404 = CARTESIAN_POINT('',(-2.63397275992,-78.83397275992,-5.5));
#2405 = DIRECTION('',(-0.,-0.,-1.));
#2406 = DIRECTION('',(1.,0.,0.));
#2407 = ADVANCED_FACE('',(#2408),#2427,.F.);
#2408 = FACE_BOUND('',#2409,.T.);
#2409 = EDGE_LOOP('',(#2410,#2418,#2425,#2426));
#2410 = ORIENTED_EDGE('',*,*,#2411,.T.);
#2411 = EDGE_CURVE('',#590,#2412,#2414,.T.);
#2412 = VERTEX_POINT('',#2413);
#2413 = CARTESIAN_POINT('',(115.1,-79.925,0.));
#2414 = LINE('',#2415,#2416);
#2415 = CARTESIAN_POINT('',(115.1,-79.925,-5.5));
#2416 = VECTOR('',#2417,1.);
#2417 = DIRECTION('',(0.,0.,1.));
#2418 = ORIENTED_EDGE('',*,*,#2419,.T.);
#2419 = EDGE_CURVE('',#2412,#2412,#2420,.T.);
#2420 = CIRCLE('',#2421,0.8);
#2421 = AXIS2_PLACEMENT_3D('',#2422,#2423,#2424);
#2422 = CARTESIAN_POINT('',(114.3,-79.925,0.));
#2423 = DIRECTION('',(0.,0.,1.));
#2424 = DIRECTION('',(1.,0.,0.));
#2425 = ORIENTED_EDGE('',*,*,#2411,.F.);
#2426 = ORIENTED_EDGE('',*,*,#589,.F.);
#2427 = CYLINDRICAL_SURFACE('',#2428,0.8);
#2428 = AXIS2_PLACEMENT_3D('',#2429,#2430,#2431);
#2429 = CARTESIAN_POINT('',(114.3,-79.925,-5.5));
#2430 = DIRECTION('',(-0.,-0.,-1.));
#2431 = DIRECTION('',(1.,0.,0.));
#2432 = ADVANCED_FACE('',(#2433),#2452,.F.);
#2433 = FACE_BOUND('',#2434,.T.);
#2434 = EDGE_LOOP('',(#2435,#2443,#2450,#2451));
#2435 = ORIENTED_EDGE('',*,*,#2436,.T.);
#2436 = EDGE_CURVE('',#601,#2437,#2439,.T.);
#2437 = VERTEX_POINT('',#2438);
#2438 = CARTESIAN_POINT('',(232.03397275992,-78.83397275992,0.));
#2439 = LINE('',#2440,#2441);
#2440 = CARTESIAN_POINT('',(232.03397275992,-78.83397275992,-5.5));
#2441 = VECTOR('',#2442,1.);
#2442 = DIRECTION('',(0.,0.,1.));
#2443 = ORIENTED_EDGE('',*,*,#2444,.T.);
#2444 = EDGE_CURVE('',#2437,#2437,#2445,.T.);
#2445 = CIRCLE('',#2446,0.8);
#2446 = AXIS2_PLACEMENT_3D('',#2447,#2448,#2449);
#2447 = CARTESIAN_POINT('',(231.23397275992,-78.83397275992,0.));
#2448 = DIRECTION('',(0.,0.,1.));
#2449 = DIRECTION('',(1.,0.,0.));
#2450 = ORIENTED_EDGE('',*,*,#2436,.F.);
#2451 = ORIENTED_EDGE('',*,*,#600,.F.);
#2452 = CYLINDRICAL_SURFACE('',#2453,0.8);
#2453 = AXIS2_PLACEMENT_3D('',#2454,#2455,#2456);
#2454 = CARTESIAN_POINT('',(231.23397275992,-78.83397275992,-5.5));
#2455 = DIRECTION('',(-0.,-0.,-1.));
#2456 = DIRECTION('',(1.,0.,0.));
#2457 = ADVANCED_FACE('',(#2458),#2477,.F.);
#2458 = FACE_BOUND('',#2459,.T.);
#2459 = EDGE_LOOP('',(#2460,#2468,#2475,#2476));
#2460 = ORIENTED_EDGE('',*,*,#2461,.T.);
#2461 = EDGE_CURVE('',#612,#2462,#2464,.T.);
#2462 = VERTEX_POINT('',#2463);
#2463 = CARTESIAN_POINT('',(-1.83397275992,2.63397275992,0.));
#2464 = LINE('',#2465,#2466);
#2465 = CARTESIAN_POINT('',(-1.83397275992,2.63397275992,-5.5));
#2466 = VECTOR('',#2467,1.);
#2467 = DIRECTION('',(0.,0.,1.));
#2468 = ORIENTED_EDGE('',*,*,#2469,.T.);
#2469 = EDGE_CURVE('',#2462,#2462,#2470,.T.);
#2470 = CIRCLE('',#2471,0.8);
#2471 = AXIS2_PLACEMENT_3D('',#2472,#2473,#2474);
#2472 = CARTESIAN_POINT('',(-2.63397275992,2.63397275992,0.));
#2473 = DIRECTION('',(0.,0.,1.));
#2474 = DIRECTION('',(1.,0.,0.));
#2475 = ORIENTED_EDGE('',*,*,#2461,.F.);
#2476 = ORIENTED_EDGE('',*,*,#611,.F.);
#2477 = CYLINDRICAL_SURFACE('',#2478,0.8);
#2478 = AXIS2_PLACEMENT_3D('',#2479,#2480,#2481);
#2479 = CARTESIAN_POINT('',(-2.63397275992,2.63397275992,-5.5));
#2480 = DIRECTION('',(-0.,-0.,-1.));
#2481 = DIRECTION('',(1.,0.,0.));
#2482 = ADVANCED_FACE('',(#2483),#2502,.F.);
#2483 = FACE_BOUND('',#2484,.T.);
#2484 = EDGE_LOOP('',(#2485,#2493,#2500,#2501));
#2485 = ORIENTED_EDGE('',*,*,#2486,.T.);
#2486 = EDGE_CURVE('',#623,#2487,#2489,.T.);
#2487 = VERTEX_POINT('',#2488);
#2488 = CARTESIAN_POINT('',(103.1,3.725,0.));
#2489 = LINE('',#2490,#2491);
#2490 = CARTESIAN_POINT('',(103.1,3.725,-5.5));
#2491 = VECTOR('',#2492,1.);
#2492 = DIRECTION('',(0.,0.,1.));
#2493 = ORIENTED_EDGE('',*,*,#2494,.T.);
#2494 = EDGE_CURVE('',#2487,#2487,#2495,.T.);
#2495 = CIRCLE('',#2496,0.8);
#2496 = AXIS2_PLACEMENT_3D('',#2497,#2498,#2499);
#2497 = CARTESIAN_POINT('',(102.3,3.725,0.));
#2498 = DIRECTION('',(0.,0.,1.));
#2499 = DIRECTION('',(1.,0.,0.));
#2500 = ORIENTED_EDGE('',*,*,#2486,.F.);
#2501 = ORIENTED_EDGE('',*,*,#622,.F.);
#2502 = CYLINDRICAL_SURFACE('',#2503,0.8);
#2503 = AXIS2_PLACEMENT_3D('',#2504,#2505,#2506);
#2504 = CARTESIAN_POINT('',(102.3,3.725,-5.5));
#2505 = DIRECTION('',(-0.,-0.,-1.));
#2506 = DIRECTION('',(1.,0.,0.));
#2507 = ADVANCED_FACE('',(#2508),#2527,.F.);
#2508 = FACE_BOUND('',#2509,.T.);
#2509 = EDGE_LOOP('',(#2510,#2518,#2525,#2526));
#2510 = ORIENTED_EDGE('',*,*,#2511,.T.);
#2511 = EDGE_CURVE('',#634,#2512,#2514,.T.);
#2512 = VERTEX_POINT('',#2513);
#2513 = CARTESIAN_POINT('',(127.1,3.725,0.));
#2514 = LINE('',#2515,#2516);
#2515 = CARTESIAN_POINT('',(127.1,3.725,-5.5));
#2516 = VECTOR('',#2517,1.);
#2517 = DIRECTION('',(0.,0.,1.));
#2518 = ORIENTED_EDGE('',*,*,#2519,.T.);
#2519 = EDGE_CURVE('',#2512,#2512,#2520,.T.);
#2520 = CIRCLE('',#2521,0.8);
#2521 = AXIS2_PLACEMENT_3D('',#2522,#2523,#2524);
#2522 = CARTESIAN_POINT('',(126.3,3.725,0.));
#2523 = DIRECTION('',(0.,0.,1.));
#2524 = DIRECTION('',(1.,0.,0.));
#2525 = ORIENTED_EDGE('',*,*,#2511,.F.);
#2526 = ORIENTED_EDGE('',*,*,#633,.F.);
#2527 = CYLINDRICAL_SURFACE('',#2528,0.8);
#2528 = AXIS2_PLACEMENT_3D('',#2529,#2530,#2531);
#2529 = CARTESIAN_POINT('',(126.3,3.725,-5.5));
#2530 = DIRECTION('',(-0.,-0.,-1.));
#2531 = DIRECTION('',(1.,0.,0.));
#2532 = ADVANCED_FACE('',(#2533),#2552,.F.);
#2533 = FACE_BOUND('',#2534,.T.);
#2534 = EDGE_LOOP('',(#2535,#2543,#2550,#2551));
#2535 = ORIENTED_EDGE('',*,*,#2536,.T.);
#2536 = EDGE_CURVE('',#645,#2537,#2539,.T.);
#2537 = VERTEX_POINT('',#2538);
#2538 = CARTESIAN_POINT('',(232.03397275992,2.63397275992,0.));
#2539 = LINE('',#2540,#2541);
#2540 = CARTESIAN_POINT('',(232.03397275992,2.63397275992,-5.5));
#2541 = VECTOR('',#2542,1.);
#2542 = DIRECTION('',(0.,0.,1.));
#2543 = ORIENTED_EDGE('',*,*,#2544,.T.);
#2544 = EDGE_CURVE('',#2537,#2537,#2545,.T.);
#2545 = CIRCLE('',#2546,0.8);
#2546 = AXIS2_PLACEMENT_3D('',#2547,#2548,#2549);
#2547 = CARTESIAN_POINT('',(231.23397275992,2.63397275992,0.));
#2548 = DIRECTION('',(0.,0.,1.));
#2549 = DIRECTION('',(1.,0.,0.));
#2550 = ORIENTED_EDGE('',*,*,#2536,.F.);
#2551 = ORIENTED_EDGE('',*,*,#644,.F.);
#2552 = CYLINDRICAL_SURFACE('',#2553,0.8);
#2553 = AXIS2_PLACEMENT_3D('',#2554,#2555,#2556);
#2554 = CARTESIAN_POINT('',(231.23397275992,2.63397275992,-5.5));
#2555 = DIRECTION('',(-0.,-0.,-1.));
#2556 = DIRECTION('',(1.,0.,0.));
#2557 = ADVANCED_FACE('',(#2558),#2569,.T.);
#2558 = FACE_BOUND('',#2559,.T.);
#2559 = EDGE_LOOP('',(#2560,#2561,#2562,#2568));
#2560 = ORIENTED_EDGE('',*,*,#688,.F.);
#2561 = ORIENTED_EDGE('',*,*,#719,.T.);
#2562 = ORIENTED_EDGE('',*,*,#2563,.T.);
#2563 = EDGE_CURVE('',#712,#847,#2564,.T.);
#2564 = LINE('',#2565,#2566);
#2565 = CARTESIAN_POINT('',(-3.85,-76.2,2.25));
#2566 = VECTOR('',#2567,1.);
#2567 = DIRECTION('',(0.524097425664,-4.745421316207E-33,0.851658316705)
  );
#2568 = ORIENTED_EDGE('',*,*,#846,.F.);
#2569 = PLANE('',#2570);
#2570 = AXIS2_PLACEMENT_3D('',#2571,#2572,#2573);
#2571 = CARTESIAN_POINT('',(-3.85,0.,2.25));
#2572 = DIRECTION('',(-0.851658316705,7.886686495172E-17,0.524097425664)
  );
#2573 = DIRECTION('',(-6.716762144855E-17,-1.,4.133392089141E-17));
#2574 = ADVANCED_FACE('',(#2575),#2586,.F.);
#2575 = FACE_BOUND('',#2576,.F.);
#2576 = EDGE_LOOP('',(#2577,#2578,#2584,#2585));
#2577 = ORIENTED_EDGE('',*,*,#1072,.F.);
#2578 = ORIENTED_EDGE('',*,*,#2579,.T.);
#2579 = EDGE_CURVE('',#1073,#762,#2580,.T.);
#2580 = LINE('',#2581,#2582);
#2581 = CARTESIAN_POINT('',(-4.65,-40.16053994816,-2.89896913935));
#2582 = VECTOR('',#2583,1.);
#2583 = DIRECTION('',(-1.,-0.,-0.));
#2584 = ORIENTED_EDGE('',*,*,#769,.T.);
#2585 = ORIENTED_EDGE('',*,*,#1038,.F.);
#2586 = CYLINDRICAL_SURFACE('',#2587,0.9);
#2587 = AXIS2_PLACEMENT_3D('',#2588,#2589,#2590);
#2588 = CARTESIAN_POINT('',(-4.65,-40.47027986399,-3.743990550049));
#2589 = DIRECTION('',(1.,0.,0.));
#2590 = DIRECTION('',(0.,1.,0.));
#2591 = ADVANCED_FACE('',(#2592),#2603,.T.);
#2592 = FACE_BOUND('',#2593,.T.);
#2593 = EDGE_LOOP('',(#2594,#2595,#2596,#2597));
#2594 = ORIENTED_EDGE('',*,*,#1081,.F.);
#2595 = ORIENTED_EDGE('',*,*,#2579,.T.);
#2596 = ORIENTED_EDGE('',*,*,#761,.F.);
#2597 = ORIENTED_EDGE('',*,*,#2598,.F.);
#2598 = EDGE_CURVE('',#1082,#753,#2599,.T.);
#2599 = LINE('',#2600,#2601);
#2600 = CARTESIAN_POINT('',(-4.65,-35.6254368646,-4.561296779349));
#2601 = VECTOR('',#2602,1.);
#2602 = DIRECTION('',(-1.,-0.,-0.));
#2603 = PLANE('',#2604);
#2604 = AXIS2_PLACEMENT_3D('',#2605,#2606,#2607);
#2605 = CARTESIAN_POINT('',(-4.65,-40.16053994816,-2.89896913935));
#2606 = DIRECTION('',(0.,-0.344155462036,-0.938912678555));
#2607 = DIRECTION('',(0.,0.938912678555,-0.344155462036));
#2608 = ADVANCED_FACE('',(#2609),#2620,.T.);
#2609 = FACE_BOUND('',#2610,.T.);
#2610 = EDGE_LOOP('',(#2611,#2612,#2613,#2614));
#2611 = ORIENTED_EDGE('',*,*,#1089,.F.);
#2612 = ORIENTED_EDGE('',*,*,#2598,.T.);
#2613 = ORIENTED_EDGE('',*,*,#752,.T.);
#2614 = ORIENTED_EDGE('',*,*,#2615,.F.);
#2615 = EDGE_CURVE('',#1090,#745,#2616,.T.);
#2616 = LINE('',#2617,#2618);
#2617 = CARTESIAN_POINT('',(-4.65,-35.05708385175,-4.578319025349));
#2618 = VECTOR('',#2619,1.);
#2619 = DIRECTION('',(-1.,-0.,-0.));
#2620 = CYLINDRICAL_SURFACE('',#2621,0.9);
#2621 = AXIS2_PLACEMENT_3D('',#2622,#2623,#2624);
#2622 = CARTESIAN_POINT('',(-4.65,-35.31569694876,-3.71627536865));
#2623 = DIRECTION('',(1.,0.,0.));
#2624 = DIRECTION('',(0.,1.,0.));
#2625 = ADVANCED_FACE('',(#2626),#2637,.T.);
#2626 = FACE_BOUND('',#2627,.T.);
#2627 = EDGE_LOOP('',(#2628,#2629,#2630,#2631));
#2628 = ORIENTED_EDGE('',*,*,#1098,.F.);
#2629 = ORIENTED_EDGE('',*,*,#2615,.T.);
#2630 = ORIENTED_EDGE('',*,*,#744,.F.);
#2631 = ORIENTED_EDGE('',*,*,#2632,.F.);
#2632 = EDGE_CURVE('',#1099,#736,#2633,.T.);
#2633 = LINE('',#2634,#2635);
#2634 = CARTESIAN_POINT('',(-4.65,-33.35861309701,-4.068777798925));
#2635 = VECTOR('',#2636,1.);
#2636 = DIRECTION('',(-1.,-0.,-0.));
#2637 = PLANE('',#2638);
#2638 = AXIS2_PLACEMENT_3D('',#2639,#2640,#2641);
#2639 = CARTESIAN_POINT('',(-4.65,-35.05708385175,-4.578319025349));
#2640 = DIRECTION('',(0.,0.287347885566,-0.957826285221));
#2641 = DIRECTION('',(0.,0.957826285221,0.287347885566));
#2642 = ADVANCED_FACE('',(#2643),#2649,.F.);
#2643 = FACE_BOUND('',#2644,.F.);
#2644 = EDGE_LOOP('',(#2645,#2646,#2647,#2648));
#2645 = ORIENTED_EDGE('',*,*,#1106,.F.);
#2646 = ORIENTED_EDGE('',*,*,#2369,.T.);
#2647 = ORIENTED_EDGE('',*,*,#735,.T.);
#2648 = ORIENTED_EDGE('',*,*,#2632,.F.);
#2649 = CYLINDRICAL_SURFACE('',#2650,0.9);
#2650 = AXIS2_PLACEMENT_3D('',#2651,#2652,#2653);
#2651 = CARTESIAN_POINT('',(-4.65,-33.1,-4.930821455624));
#2652 = DIRECTION('',(1.,0.,0.));
#2653 = DIRECTION('',(0.,1.,0.));
#2654 = ADVANCED_FACE('',(#2655),#2666,.T.);
#2655 = FACE_BOUND('',#2656,.T.);
#2656 = EDGE_LOOP('',(#2657,#2663,#2664,#2665));
#2657 = ORIENTED_EDGE('',*,*,#2658,.F.);
#2658 = EDGE_CURVE('',#941,#829,#2659,.T.);
#2659 = LINE('',#2660,#2661);
#2660 = CARTESIAN_POINT('',(234.45,-76.2,-1.));
#2661 = VECTOR('',#2662,1.);
#2662 = DIRECTION('',(-0.524097425664,3.209171173906E-17,0.851658316705)
  );
#2663 = ORIENTED_EDGE('',*,*,#940,.T.);
#2664 = ORIENTED_EDGE('',*,*,#793,.T.);
#2665 = ORIENTED_EDGE('',*,*,#837,.F.);
#2666 = PLANE('',#2667);
#2667 = AXIS2_PLACEMENT_3D('',#2668,#2669,#2670);
#2668 = CARTESIAN_POINT('',(232.45,-76.2,2.25));
#2669 = DIRECTION('',(0.851658316705,-7.886686495172E-17,0.524097425664)
  );
#2670 = DIRECTION('',(6.716762144855E-17,1.,4.133392089141E-17));
#2671 = ADVANCED_FACE('',(#2672),#2688,.T.);
#2672 = FACE_BOUND('',#2673,.T.);
#2673 = EDGE_LOOP('',(#2674,#2680,#2681,#2687));
#2674 = ORIENTED_EDGE('',*,*,#2675,.F.);
#2675 = EDGE_CURVE('',#990,#819,#2676,.T.);
#2676 = LINE('',#2677,#2678);
#2677 = CARTESIAN_POINT('',(0.,-80.05,2.25));
#2678 = VECTOR('',#2679,1.);
#2679 = DIRECTION('',(-7.905967522351E-34,0.524097425664,0.851658316705)
  );
#2680 = ORIENTED_EDGE('',*,*,#989,.T.);
#2681 = ORIENTED_EDGE('',*,*,#2682,.T.);
#2682 = EDGE_CURVE('',#964,#821,#2683,.T.);
#2683 = LINE('',#2684,#2685);
#2684 = CARTESIAN_POINT('',(228.6,-80.05,2.25));
#2685 = VECTOR('',#2686,1.);
#2686 = DIRECTION('',(-7.905967522351E-34,0.524097425664,0.851658316705)
  );
#2687 = ORIENTED_EDGE('',*,*,#818,.F.);
#2688 = PLANE('',#2689);
#2689 = AXIS2_PLACEMENT_3D('',#2690,#2691,#2692);
#2690 = CARTESIAN_POINT('',(0.,-80.05,2.25));
#2691 = DIRECTION('',(-4.061813943197E-17,-0.851658316705,0.524097425664
    ));
#2692 = DIRECTION('',(1.,-3.45927762563E-17,2.128786231157E-17));
#2693 = ADVANCED_FACE('',(#2694),#2700,.T.);
#2694 = FACE_BOUND('',#2695,.T.);
#2695 = EDGE_LOOP('',(#2696,#2697,#2698,#2699));
#2696 = ORIENTED_EDGE('',*,*,#2563,.F.);
#2697 = ORIENTED_EDGE('',*,*,#1015,.T.);
#2698 = ORIENTED_EDGE('',*,*,#2675,.T.);
#2699 = ORIENTED_EDGE('',*,*,#854,.F.);
#2700 = CONICAL_SURFACE('',#2701,5.85,0.551654982529);
#2701 = AXIS2_PLACEMENT_3D('',#2702,#2703,#2704);
#2702 = CARTESIAN_POINT('',(0.,-76.2,-1.));
#2703 = DIRECTION('',(-0.,-0.,-1.));
#2704 = DIRECTION('',(-1.,0.,0.));
#2705 = ADVANCED_FACE('',(#2706),#2712,.T.);
#2706 = FACE_BOUND('',#2707,.T.);
#2707 = EDGE_LOOP('',(#2708,#2709,#2710,#2711));
#2708 = ORIENTED_EDGE('',*,*,#2682,.F.);
#2709 = ORIENTED_EDGE('',*,*,#973,.T.);
#2710 = ORIENTED_EDGE('',*,*,#2658,.T.);
#2711 = ORIENTED_EDGE('',*,*,#828,.F.);
#2712 = CONICAL_SURFACE('',#2713,5.85,0.551654982529);
#2713 = AXIS2_PLACEMENT_3D('',#2714,#2715,#2716);
#2714 = CARTESIAN_POINT('',(228.6,-76.2,-1.));
#2715 = DIRECTION('',(-0.,-0.,-1.));
#2716 = DIRECTION('',(0.,-1.,0.));
#2717 = ADVANCED_FACE('',(#2718),#2744,.F.);
#2718 = FACE_BOUND('',#2719,.T.);
#2719 = EDGE_LOOP('',(#2720,#2728,#2729,#2737));
#2720 = ORIENTED_EDGE('',*,*,#2721,.T.);
#2721 = EDGE_CURVE('',#2722,#864,#2724,.T.);
#2722 = VERTEX_POINT('',#2723);
#2723 = CARTESIAN_POINT('',(228.8,-0.8,4.));
#2724 = LINE('',#2725,#2726);
#2725 = CARTESIAN_POINT('',(228.8,-0.8,4.));
#2726 = VECTOR('',#2727,1.);
#2727 = DIRECTION('',(0.,0.,1.));
#2728 = ORIENTED_EDGE('',*,*,#863,.T.);
#2729 = ORIENTED_EDGE('',*,*,#2730,.F.);
#2730 = EDGE_CURVE('',#2731,#866,#2733,.T.);
#2731 = VERTEX_POINT('',#2732);
#2732 = CARTESIAN_POINT('',(227.8,0.2,4.));
#2733 = LINE('',#2734,#2735);
#2734 = CARTESIAN_POINT('',(227.8,0.2,4.));
#2735 = VECTOR('',#2736,1.);
#2736 = DIRECTION('',(0.,0.,1.));
#2737 = ORIENTED_EDGE('',*,*,#2738,.F.);
#2738 = EDGE_CURVE('',#2722,#2731,#2739,.T.);
#2739 = CIRCLE('',#2740,1.);
#2740 = AXIS2_PLACEMENT_3D('',#2741,#2742,#2743);
#2741 = CARTESIAN_POINT('',(227.8,-0.8,4.));
#2742 = DIRECTION('',(0.,0.,1.));
#2743 = DIRECTION('',(1.,0.,0.));
#2744 = CYLINDRICAL_SURFACE('',#2745,1.);
#2745 = AXIS2_PLACEMENT_3D('',#2746,#2747,#2748);
#2746 = CARTESIAN_POINT('',(227.8,-0.8,4.));
#2747 = DIRECTION('',(-0.,-0.,-1.));
#2748 = DIRECTION('',(1.,0.,0.));
#2749 = ADVANCED_FACE('',(#2750),#2768,.T.);
#2750 = FACE_BOUND('',#2751,.T.);
#2751 = EDGE_LOOP('',(#2752,#2753,#2754,#2762));
#2752 = ORIENTED_EDGE('',*,*,#2730,.T.);
#2753 = ORIENTED_EDGE('',*,*,#874,.T.);
#2754 = ORIENTED_EDGE('',*,*,#2755,.F.);
#2755 = EDGE_CURVE('',#2756,#875,#2758,.T.);
#2756 = VERTEX_POINT('',#2757);
#2757 = CARTESIAN_POINT('',(0.8,0.2,4.));
#2758 = LINE('',#2759,#2760);
#2759 = CARTESIAN_POINT('',(0.8,0.2,4.));
#2760 = VECTOR('',#2761,1.);
#2761 = DIRECTION('',(0.,0.,1.));
#2762 = ORIENTED_EDGE('',*,*,#2763,.F.);
#2763 = EDGE_CURVE('',#2731,#2756,#2764,.T.);
#2764 = LINE('',#2765,#2766);
#2765 = CARTESIAN_POINT('',(227.8,0.2,4.));
#2766 = VECTOR('',#2767,1.);
#2767 = DIRECTION('',(-1.,0.,0.));
#2768 = PLANE('',#2769);
#2769 = AXIS2_PLACEMENT_3D('',#2770,#2771,#2772);
#2770 = CARTESIAN_POINT('',(227.8,0.2,4.));
#2771 = DIRECTION('',(0.,-1.,0.));
#2772 = DIRECTION('',(-1.,0.,0.));
#2773 = ADVANCED_FACE('',(#2774),#2793,.F.);
#2774 = FACE_BOUND('',#2775,.T.);
#2775 = EDGE_LOOP('',(#2776,#2777,#2778,#2786));
#2776 = ORIENTED_EDGE('',*,*,#2755,.T.);
#2777 = ORIENTED_EDGE('',*,*,#882,.T.);
#2778 = ORIENTED_EDGE('',*,*,#2779,.F.);
#2779 = EDGE_CURVE('',#2780,#883,#2782,.T.);
#2780 = VERTEX_POINT('',#2781);
#2781 = CARTESIAN_POINT('',(-0.2,-0.8,4.));
#2782 = LINE('',#2783,#2784);
#2783 = CARTESIAN_POINT('',(-0.2,-0.8,4.));
#2784 = VECTOR('',#2785,1.);
#2785 = DIRECTION('',(0.,0.,1.));
#2786 = ORIENTED_EDGE('',*,*,#2787,.F.);
#2787 = EDGE_CURVE('',#2756,#2780,#2788,.T.);
#2788 = CIRCLE('',#2789,1.);
#2789 = AXIS2_PLACEMENT_3D('',#2790,#2791,#2792);
#2790 = CARTESIAN_POINT('',(0.8,-0.8,4.));
#2791 = DIRECTION('',(0.,0.,1.));
#2792 = DIRECTION('',(1.,0.,0.));
#2793 = CYLINDRICAL_SURFACE('',#2794,1.);
#2794 = AXIS2_PLACEMENT_3D('',#2795,#2796,#2797);
#2795 = CARTESIAN_POINT('',(0.8,-0.8,4.));
#2796 = DIRECTION('',(-0.,-0.,-1.));
#2797 = DIRECTION('',(1.,0.,0.));
#2798 = ADVANCED_FACE('',(#2799),#2817,.T.);
#2799 = FACE_BOUND('',#2800,.T.);
#2800 = EDGE_LOOP('',(#2801,#2802,#2803,#2811));
#2801 = ORIENTED_EDGE('',*,*,#2779,.T.);
#2802 = ORIENTED_EDGE('',*,*,#891,.T.);
#2803 = ORIENTED_EDGE('',*,*,#2804,.F.);
#2804 = EDGE_CURVE('',#2805,#892,#2807,.T.);
#2805 = VERTEX_POINT('',#2806);
#2806 = CARTESIAN_POINT('',(-0.2,-75.4,4.));
#2807 = LINE('',#2808,#2809);
#2808 = CARTESIAN_POINT('',(-0.2,-75.4,4.));
#2809 = VECTOR('',#2810,1.);
#2810 = DIRECTION('',(0.,0.,1.));
#2811 = ORIENTED_EDGE('',*,*,#2812,.F.);
#2812 = EDGE_CURVE('',#2780,#2805,#2813,.T.);
#2813 = LINE('',#2814,#2815);
#2814 = CARTESIAN_POINT('',(-0.2,-0.8,4.));
#2815 = VECTOR('',#2816,1.);
#2816 = DIRECTION('',(0.,-1.,0.));
#2817 = PLANE('',#2818);
#2818 = AXIS2_PLACEMENT_3D('',#2819,#2820,#2821);
#2819 = CARTESIAN_POINT('',(-0.2,-0.8,4.));
#2820 = DIRECTION('',(1.,0.,0.));
#2821 = DIRECTION('',(0.,-1.,0.));
#2822 = ADVANCED_FACE('',(#2823),#2842,.F.);
#2823 = FACE_BOUND('',#2824,.T.);
#2824 = EDGE_LOOP('',(#2825,#2826,#2827,#2835));
#2825 = ORIENTED_EDGE('',*,*,#2804,.T.);
#2826 = ORIENTED_EDGE('',*,*,#899,.T.);
#2827 = ORIENTED_EDGE('',*,*,#2828,.F.);
#2828 = EDGE_CURVE('',#2829,#900,#2831,.T.);
#2829 = VERTEX_POINT('',#2830);
#2830 = CARTESIAN_POINT('',(0.8,-76.4,4.));
#2831 = LINE('',#2832,#2833);
#2832 = CARTESIAN_POINT('',(0.8,-76.4,4.));
#2833 = VECTOR('',#2834,1.);
#2834 = DIRECTION('',(0.,0.,1.));
#2835 = ORIENTED_EDGE('',*,*,#2836,.F.);
#2836 = EDGE_CURVE('',#2805,#2829,#2837,.T.);
#2837 = CIRCLE('',#2838,1.);
#2838 = AXIS2_PLACEMENT_3D('',#2839,#2840,#2841);
#2839 = CARTESIAN_POINT('',(0.8,-75.4,4.));
#2840 = DIRECTION('',(0.,0.,1.));
#2841 = DIRECTION('',(1.,0.,0.));
#2842 = CYLINDRICAL_SURFACE('',#2843,1.);
#2843 = AXIS2_PLACEMENT_3D('',#2844,#2845,#2846);
#2844 = CARTESIAN_POINT('',(0.8,-75.4,4.));
#2845 = DIRECTION('',(-0.,-0.,-1.));
#2846 = DIRECTION('',(1.,0.,0.));
#2847 = ADVANCED_FACE('',(#2848),#2866,.T.);
#2848 = FACE_BOUND('',#2849,.T.);
#2849 = EDGE_LOOP('',(#2850,#2851,#2852,#2860));
#2850 = ORIENTED_EDGE('',*,*,#2828,.T.);
#2851 = ORIENTED_EDGE('',*,*,#908,.T.);
#2852 = ORIENTED_EDGE('',*,*,#2853,.F.);
#2853 = EDGE_CURVE('',#2854,#909,#2856,.T.);
#2854 = VERTEX_POINT('',#2855);
#2855 = CARTESIAN_POINT('',(227.8,-76.4,4.));
#2856 = LINE('',#2857,#2858);
#2857 = CARTESIAN_POINT('',(227.8,-76.4,4.));
#2858 = VECTOR('',#2859,1.);
#2859 = DIRECTION('',(0.,0.,1.));
#2860 = ORIENTED_EDGE('',*,*,#2861,.F.);
#2861 = EDGE_CURVE('',#2829,#2854,#2862,.T.);
#2862 = LINE('',#2863,#2864);
#2863 = CARTESIAN_POINT('',(0.8,-76.4,4.));
#2864 = VECTOR('',#2865,1.);
#2865 = DIRECTION('',(1.,0.,0.));
#2866 = PLANE('',#2867);
#2867 = AXIS2_PLACEMENT_3D('',#2868,#2869,#2870);
#2868 = CARTESIAN_POINT('',(0.8,-76.4,4.));
#2869 = DIRECTION('',(0.,1.,0.));
#2870 = DIRECTION('',(1.,0.,0.));
#2871 = ADVANCED_FACE('',(#2872),#2891,.F.);
#2872 = FACE_BOUND('',#2873,.T.);
#2873 = EDGE_LOOP('',(#2874,#2875,#2876,#2884));
#2874 = ORIENTED_EDGE('',*,*,#2853,.T.);
#2875 = ORIENTED_EDGE('',*,*,#916,.T.);
#2876 = ORIENTED_EDGE('',*,*,#2877,.F.);
#2877 = EDGE_CURVE('',#2878,#917,#2880,.T.);
#2878 = VERTEX_POINT('',#2879);
#2879 = CARTESIAN_POINT('',(228.8,-75.4,4.));
#2880 = LINE('',#2881,#2882);
#2881 = CARTESIAN_POINT('',(228.8,-75.4,4.));
#2882 = VECTOR('',#2883,1.);
#2883 = DIRECTION('',(0.,0.,1.));
#2884 = ORIENTED_EDGE('',*,*,#2885,.F.);
#2885 = EDGE_CURVE('',#2854,#2878,#2886,.T.);
#2886 = CIRCLE('',#2887,1.);
#2887 = AXIS2_PLACEMENT_3D('',#2888,#2889,#2890);
#2888 = CARTESIAN_POINT('',(227.8,-75.4,4.));
#2889 = DIRECTION('',(0.,0.,1.));
#2890 = DIRECTION('',(1.,0.,0.));
#2891 = CYLINDRICAL_SURFACE('',#2892,1.);
#2892 = AXIS2_PLACEMENT_3D('',#2893,#2894,#2895);
#2893 = CARTESIAN_POINT('',(227.8,-75.4,4.));
#2894 = DIRECTION('',(-0.,-0.,-1.));
#2895 = DIRECTION('',(1.,0.,0.));
#2896 = ADVANCED_FACE('',(#2897),#2908,.T.);
#2897 = FACE_BOUND('',#2898,.T.);
#2898 = EDGE_LOOP('',(#2899,#2900,#2901,#2902));
#2899 = ORIENTED_EDGE('',*,*,#2877,.T.);
#2900 = ORIENTED_EDGE('',*,*,#925,.T.);
#2901 = ORIENTED_EDGE('',*,*,#2721,.F.);
#2902 = ORIENTED_EDGE('',*,*,#2903,.F.);
#2903 = EDGE_CURVE('',#2878,#2722,#2904,.T.);
#2904 = LINE('',#2905,#2906);
#2905 = CARTESIAN_POINT('',(228.8,-75.4,4.));
#2906 = VECTOR('',#2907,1.);
#2907 = DIRECTION('',(0.,1.,0.));
#2908 = PLANE('',#2909);
#2909 = AXIS2_PLACEMENT_3D('',#2910,#2911,#2912);
#2910 = CARTESIAN_POINT('',(228.8,-75.4,4.));
#2911 = DIRECTION('',(-1.,0.,0.));
#2912 = DIRECTION('',(0.,1.,0.));
#2913 = ADVANCED_FACE('',(#2914,#2945),#2981,.F.);
#2914 = FACE_BOUND('',#2915,.F.);
#2915 = EDGE_LOOP('',(#2916,#2926,#2933,#2934,#2935,#2936,#2937,#2938));
#2916 = ORIENTED_EDGE('',*,*,#2917,.T.);
#2917 = EDGE_CURVE('',#2918,#2920,#2922,.T.);
#2918 = VERTEX_POINT('',#2919);
#2919 = CARTESIAN_POINT('',(-1.6,-66.57090524861,0.));
#2920 = VERTEX_POINT('',#2921);
#2921 = CARTESIAN_POINT('',(-1.6,-9.629094751387,0.));
#2922 = LINE('',#2923,#2924);
#2923 = CARTESIAN_POINT('',(-1.6,-76.2,0.));
#2924 = VECTOR('',#2925,1.);
#2925 = DIRECTION('',(0.,1.,0.));
#2926 = ORIENTED_EDGE('',*,*,#2927,.F.);
#2927 = EDGE_CURVE('',#2314,#2920,#2928,.T.);
#2928 = CIRCLE('',#2929,0.2);
#2929 = AXIS2_PLACEMENT_3D('',#2930,#2931,#2932);
#2930 = CARTESIAN_POINT('',(-1.8,-9.629094751387,0.));
#2931 = DIRECTION('',(0.,0.,1.));
#2932 = DIRECTION('',(1.,0.,0.));
#2933 = ORIENTED_EDGE('',*,*,#2311,.F.);
#2934 = ORIENTED_EDGE('',*,*,#2354,.T.);
#2935 = ORIENTED_EDGE('',*,*,#1054,.F.);
#2936 = ORIENTED_EDGE('',*,*,#1146,.T.);
#2937 = ORIENTED_EDGE('',*,*,#1161,.F.);
#2938 = ORIENTED_EDGE('',*,*,#2939,.F.);
#2939 = EDGE_CURVE('',#2918,#1162,#2940,.T.);
#2940 = CIRCLE('',#2941,0.2);
#2941 = AXIS2_PLACEMENT_3D('',#2942,#2943,#2944);
#2942 = CARTESIAN_POINT('',(-1.8,-66.57090524861,0.));
#2943 = DIRECTION('',(0.,0.,1.));
#2944 = DIRECTION('',(1.,0.,0.));
#2945 = FACE_BOUND('',#2946,.F.);
#2946 = EDGE_LOOP('',(#2947,#2958,#2966,#2975));
#2947 = ORIENTED_EDGE('',*,*,#2948,.F.);
#2948 = EDGE_CURVE('',#2949,#2951,#2953,.T.);
#2949 = VERTEX_POINT('',#2950);
#2950 = CARTESIAN_POINT('',(-2.125,-13.1,0.));
#2951 = VERTEX_POINT('',#2952);
#2952 = CARTESIAN_POINT('',(-4.125,-13.1,0.));
#2953 = CIRCLE('',#2954,1.);
#2954 = AXIS2_PLACEMENT_3D('',#2955,#2956,#2957);
#2955 = CARTESIAN_POINT('',(-3.125,-13.1,0.));
#2956 = DIRECTION('',(0.,0.,1.));
#2957 = DIRECTION('',(1.,0.,0.));
#2958 = ORIENTED_EDGE('',*,*,#2959,.T.);
#2959 = EDGE_CURVE('',#2949,#2960,#2962,.T.);
#2960 = VERTEX_POINT('',#2961);
#2961 = CARTESIAN_POINT('',(-2.125,-63.1,0.));
#2962 = LINE('',#2963,#2964);
#2963 = CARTESIAN_POINT('',(-2.125,-13.1,0.));
#2964 = VECTOR('',#2965,1.);
#2965 = DIRECTION('',(-1.172395514004E-15,-1.,0.));
#2966 = ORIENTED_EDGE('',*,*,#2967,.F.);
#2967 = EDGE_CURVE('',#2968,#2960,#2970,.T.);
#2968 = VERTEX_POINT('',#2969);
#2969 = CARTESIAN_POINT('',(-4.125,-63.1,0.));
#2970 = CIRCLE('',#2971,1.);
#2971 = AXIS2_PLACEMENT_3D('',#2972,#2973,#2974);
#2972 = CARTESIAN_POINT('',(-3.125,-63.1,0.));
#2973 = DIRECTION('',(0.,0.,1.));
#2974 = DIRECTION('',(1.,0.,0.));
#2975 = ORIENTED_EDGE('',*,*,#2976,.F.);
#2976 = EDGE_CURVE('',#2951,#2968,#2977,.T.);
#2977 = LINE('',#2978,#2979);
#2978 = CARTESIAN_POINT('',(-4.125,-13.1,0.));
#2979 = VECTOR('',#2980,1.);
#2980 = DIRECTION('',(-1.172395514004E-15,-1.,0.));
#2981 = PLANE('',#2982);
#2982 = AXIS2_PLACEMENT_3D('',#2983,#2984,#2985);
#2983 = CARTESIAN_POINT('',(114.3,-38.1,0.));
#2984 = DIRECTION('',(0.,0.,1.));
#2985 = DIRECTION('',(1.,0.,0.));
#2986 = ADVANCED_FACE('',(#2987),#3035,.F.);
#2987 = FACE_BOUND('',#2988,.F.);
#2988 = EDGE_LOOP('',(#2989,#2990,#2991,#2992,#2993,#2994,#3003,#3011,
    #3020,#3028));
#2989 = ORIENTED_EDGE('',*,*,#1177,.F.);
#2990 = ORIENTED_EDGE('',*,*,#1203,.T.);
#2991 = ORIENTED_EDGE('',*,*,#1226,.T.);
#2992 = ORIENTED_EDGE('',*,*,#1252,.T.);
#2993 = ORIENTED_EDGE('',*,*,#1292,.F.);
#2994 = ORIENTED_EDGE('',*,*,#2995,.T.);
#2995 = EDGE_CURVE('',#1293,#2996,#2998,.T.);
#2996 = VERTEX_POINT('',#2997);
#2997 = CARTESIAN_POINT('',(9.629094751387,-77.8,-4.3));
#2998 = CIRCLE('',#2999,0.2);
#2999 = AXIS2_PLACEMENT_3D('',#3000,#3001,#3002);
#3000 = CARTESIAN_POINT('',(9.629094751387,-78.,-4.3));
#3001 = DIRECTION('',(0.,0.,1.));
#3002 = DIRECTION('',(1.,0.,0.));
#3003 = ORIENTED_EDGE('',*,*,#3004,.F.);
#3004 = EDGE_CURVE('',#3005,#2996,#3007,.T.);
#3005 = VERTEX_POINT('',#3006);
#3006 = CARTESIAN_POINT('',(-1.469576097369E-16,-77.8,-4.3));
#3007 = LINE('',#3008,#3009);
#3008 = CARTESIAN_POINT('',(-6.615292887875E-25,-77.8,-4.3));
#3009 = VECTOR('',#3010,1.);
#3010 = DIRECTION('',(1.,0.,0.));
#3011 = ORIENTED_EDGE('',*,*,#3012,.F.);
#3012 = EDGE_CURVE('',#3013,#3005,#3015,.T.);
#3013 = VERTEX_POINT('',#3014);
#3014 = CARTESIAN_POINT('',(-1.6,-76.2,-4.3));
#3015 = CIRCLE('',#3016,1.6);
#3016 = AXIS2_PLACEMENT_3D('',#3017,#3018,#3019);
#3017 = CARTESIAN_POINT('',(1.105769785982E-25,-76.2,-4.3));
#3018 = DIRECTION('',(0.,0.,1.));
#3019 = DIRECTION('',(1.,0.,0.));
#3020 = ORIENTED_EDGE('',*,*,#3021,.F.);
#3021 = EDGE_CURVE('',#3022,#3013,#3024,.T.);
#3022 = VERTEX_POINT('',#3023);
#3023 = CARTESIAN_POINT('',(-1.6,-66.57090524861,-4.3));
#3024 = LINE('',#3025,#3026);
#3025 = CARTESIAN_POINT('',(-1.6,3.557906802533E-25,-4.3));
#3026 = VECTOR('',#3027,1.);
#3027 = DIRECTION('',(0.,-1.,0.));
#3028 = ORIENTED_EDGE('',*,*,#3029,.T.);
#3029 = EDGE_CURVE('',#3022,#1170,#3030,.T.);
#3030 = CIRCLE('',#3031,0.2);
#3031 = AXIS2_PLACEMENT_3D('',#3032,#3033,#3034);
#3032 = CARTESIAN_POINT('',(-1.8,-66.57090524861,-4.3));
#3033 = DIRECTION('',(0.,0.,1.));
#3034 = DIRECTION('',(1.,0.,0.));
#3035 = PLANE('',#3036);
#3036 = AXIS2_PLACEMENT_3D('',#3037,#3038,#3039);
#3037 = CARTESIAN_POINT('',(114.3,-38.1,-4.3));
#3038 = DIRECTION('',(0.,0.,1.));
#3039 = DIRECTION('',(1.,0.,0.));
#3040 = ADVANCED_FACE('',(#3041),#3052,.T.);
#3041 = FACE_BOUND('',#3042,.T.);
#3042 = EDGE_LOOP('',(#3043,#3044,#3050,#3051));
#3043 = ORIENTED_EDGE('',*,*,#2939,.F.);
#3044 = ORIENTED_EDGE('',*,*,#3045,.T.);
#3045 = EDGE_CURVE('',#2918,#3022,#3046,.T.);
#3046 = LINE('',#3047,#3048);
#3047 = CARTESIAN_POINT('',(-1.6,-66.57090524861,0.));
#3048 = VECTOR('',#3049,1.);
#3049 = DIRECTION('',(-0.,-0.,-1.));
#3050 = ORIENTED_EDGE('',*,*,#3029,.T.);
#3051 = ORIENTED_EDGE('',*,*,#1169,.F.);
#3052 = CYLINDRICAL_SURFACE('',#3053,0.2);
#3053 = AXIS2_PLACEMENT_3D('',#3054,#3055,#3056);
#3054 = CARTESIAN_POINT('',(-1.8,-66.57090524861,0.));
#3055 = DIRECTION('',(0.,0.,1.));
#3056 = DIRECTION('',(1.,0.,0.));
#3057 = ADVANCED_FACE('',(#3058,#3089),#3125,.F.);
#3058 = FACE_BOUND('',#3059,.F.);
#3059 = EDGE_LOOP('',(#3060,#3070,#3077,#3078,#3079,#3080,#3081,#3082));
#3060 = ORIENTED_EDGE('',*,*,#3061,.T.);
#3061 = EDGE_CURVE('',#3062,#3064,#3066,.T.);
#3062 = VERTEX_POINT('',#3063);
#3063 = CARTESIAN_POINT('',(104.67090524861,-77.8,0.));
#3064 = VERTEX_POINT('',#3065);
#3065 = CARTESIAN_POINT('',(9.629094751387,-77.8,0.));
#3066 = LINE('',#3067,#3068);
#3067 = CARTESIAN_POINT('',(228.6,-77.8,0.));
#3068 = VECTOR('',#3069,1.);
#3069 = DIRECTION('',(-1.,-6.216471878916E-17,0.));
#3070 = ORIENTED_EDGE('',*,*,#3071,.F.);
#3071 = EDGE_CURVE('',#1277,#3064,#3072,.T.);
#3072 = CIRCLE('',#3073,0.2);
#3073 = AXIS2_PLACEMENT_3D('',#3074,#3075,#3076);
#3074 = CARTESIAN_POINT('',(9.629094751387,-78.,0.));
#3075 = DIRECTION('',(0.,0.,1.));
#3076 = DIRECTION('',(1.,0.,0.));
#3077 = ORIENTED_EDGE('',*,*,#1274,.F.);
#3078 = ORIENTED_EDGE('',*,*,#1324,.T.);
#3079 = ORIENTED_EDGE('',*,*,#1349,.F.);
#3080 = ORIENTED_EDGE('',*,*,#1373,.T.);
#3081 = ORIENTED_EDGE('',*,*,#1388,.F.);
#3082 = ORIENTED_EDGE('',*,*,#3083,.F.);
#3083 = EDGE_CURVE('',#3062,#1389,#3084,.T.);
#3084 = CIRCLE('',#3085,0.2);
#3085 = AXIS2_PLACEMENT_3D('',#3086,#3087,#3088);
#3086 = CARTESIAN_POINT('',(104.67090524861,-78.,0.));
#3087 = DIRECTION('',(0.,0.,1.));
#3088 = DIRECTION('',(1.,0.,0.));
#3089 = FACE_BOUND('',#3090,.F.);
#3090 = EDGE_LOOP('',(#3091,#3102,#3110,#3119));
#3091 = ORIENTED_EDGE('',*,*,#3092,.F.);
#3092 = EDGE_CURVE('',#3093,#3095,#3097,.T.);
#3093 = VERTEX_POINT('',#3094);
#3094 = CARTESIAN_POINT('',(13.15,-78.325,0.));
#3095 = VERTEX_POINT('',#3096);
#3096 = CARTESIAN_POINT('',(13.15,-80.325,0.));
#3097 = CIRCLE('',#3098,1.);
#3098 = AXIS2_PLACEMENT_3D('',#3099,#3100,#3101);
#3099 = CARTESIAN_POINT('',(13.15,-79.325,0.));
#3100 = DIRECTION('',(0.,0.,1.));
#3101 = DIRECTION('',(1.,0.,0.));
#3102 = ORIENTED_EDGE('',*,*,#3103,.T.);
#3103 = EDGE_CURVE('',#3093,#3104,#3106,.T.);
#3104 = VERTEX_POINT('',#3105);
#3105 = CARTESIAN_POINT('',(101.15,-78.325,0.));
#3106 = LINE('',#3107,#3108);
#3107 = CARTESIAN_POINT('',(13.15,-78.325,0.));
#3108 = VECTOR('',#3109,1.);
#3109 = DIRECTION('',(1.,-2.422304781E-15,0.));
#3110 = ORIENTED_EDGE('',*,*,#3111,.F.);
#3111 = EDGE_CURVE('',#3112,#3104,#3114,.T.);
#3112 = VERTEX_POINT('',#3113);
#3113 = CARTESIAN_POINT('',(101.15,-80.325,0.));
#3114 = CIRCLE('',#3115,1.);
#3115 = AXIS2_PLACEMENT_3D('',#3116,#3117,#3118);
#3116 = CARTESIAN_POINT('',(101.15,-79.325,0.));
#3117 = DIRECTION('',(0.,0.,1.));
#3118 = DIRECTION('',(1.,0.,0.));
#3119 = ORIENTED_EDGE('',*,*,#3120,.F.);
#3120 = EDGE_CURVE('',#3095,#3112,#3121,.T.);
#3121 = LINE('',#3122,#3123);
#3122 = CARTESIAN_POINT('',(13.15,-80.325,0.));
#3123 = VECTOR('',#3124,1.);
#3124 = DIRECTION('',(1.,-2.422304781E-15,0.));
#3125 = PLANE('',#3126);
#3126 = AXIS2_PLACEMENT_3D('',#3127,#3128,#3129);
#3127 = CARTESIAN_POINT('',(114.3,-38.1,0.));
#3128 = DIRECTION('',(0.,0.,1.));
#3129 = DIRECTION('',(1.,0.,0.));
#3130 = ADVANCED_FACE('',(#3131),#3142,.T.);
#3131 = FACE_BOUND('',#3132,.T.);
#3132 = EDGE_LOOP('',(#3133,#3134,#3135,#3136));
#3133 = ORIENTED_EDGE('',*,*,#3071,.F.);
#3134 = ORIENTED_EDGE('',*,*,#1300,.T.);
#3135 = ORIENTED_EDGE('',*,*,#2995,.T.);
#3136 = ORIENTED_EDGE('',*,*,#3137,.F.);
#3137 = EDGE_CURVE('',#3064,#2996,#3138,.T.);
#3138 = LINE('',#3139,#3140);
#3139 = CARTESIAN_POINT('',(9.629094751387,-77.8,0.));
#3140 = VECTOR('',#3141,1.);
#3141 = DIRECTION('',(-0.,-0.,-1.));
#3142 = CYLINDRICAL_SURFACE('',#3143,0.2);
#3143 = AXIS2_PLACEMENT_3D('',#3144,#3145,#3146);
#3144 = CARTESIAN_POINT('',(9.629094751387,-78.,0.));
#3145 = DIRECTION('',(0.,0.,1.));
#3146 = DIRECTION('',(1.,0.,0.));
#3147 = ADVANCED_FACE('',(#3148),#3177,.F.);
#3148 = FACE_BOUND('',#3149,.F.);
#3149 = EDGE_LOOP('',(#3150,#3151,#3152,#3161,#3169,#3176));
#3150 = ORIENTED_EDGE('',*,*,#1430,.T.);
#3151 = ORIENTED_EDGE('',*,*,#1470,.F.);
#3152 = ORIENTED_EDGE('',*,*,#3153,.T.);
#3153 = EDGE_CURVE('',#1471,#3154,#3156,.T.);
#3154 = VERTEX_POINT('',#3155);
#3155 = CARTESIAN_POINT('',(123.92909475138,-77.8,-4.3));
#3156 = CIRCLE('',#3157,0.2);
#3157 = AXIS2_PLACEMENT_3D('',#3158,#3159,#3160);
#3158 = CARTESIAN_POINT('',(123.92909475138,-78.,-4.3));
#3159 = DIRECTION('',(0.,0.,1.));
#3160 = DIRECTION('',(1.,0.,0.));
#3161 = ORIENTED_EDGE('',*,*,#3162,.F.);
#3162 = EDGE_CURVE('',#3163,#3154,#3165,.T.);
#3163 = VERTEX_POINT('',#3164);
#3164 = CARTESIAN_POINT('',(104.67090524861,-77.8,-4.3));
#3165 = LINE('',#3166,#3167);
#3166 = CARTESIAN_POINT('',(-6.615292887875E-25,-77.8,-4.3));
#3167 = VECTOR('',#3168,1.);
#3168 = DIRECTION('',(1.,0.,0.));
#3169 = ORIENTED_EDGE('',*,*,#3170,.T.);
#3170 = EDGE_CURVE('',#3163,#1397,#3171,.T.);
#3171 = CIRCLE('',#3172,0.2);
#3172 = AXIS2_PLACEMENT_3D('',#3173,#3174,#3175);
#3173 = CARTESIAN_POINT('',(104.67090524861,-78.,-4.3));
#3174 = DIRECTION('',(0.,0.,1.));
#3175 = DIRECTION('',(1.,0.,0.));
#3176 = ORIENTED_EDGE('',*,*,#1404,.F.);
#3177 = PLANE('',#3178);
#3178 = AXIS2_PLACEMENT_3D('',#3179,#3180,#3181);
#3179 = CARTESIAN_POINT('',(114.3,-38.1,-4.3));
#3180 = DIRECTION('',(0.,0.,1.));
#3181 = DIRECTION('',(1.,0.,0.));
#3182 = ADVANCED_FACE('',(#3183),#3194,.T.);
#3183 = FACE_BOUND('',#3184,.T.);
#3184 = EDGE_LOOP('',(#3185,#3186,#3192,#3193));
#3185 = ORIENTED_EDGE('',*,*,#3083,.F.);
#3186 = ORIENTED_EDGE('',*,*,#3187,.T.);
#3187 = EDGE_CURVE('',#3062,#3163,#3188,.T.);
#3188 = LINE('',#3189,#3190);
#3189 = CARTESIAN_POINT('',(104.67090524861,-77.8,0.));
#3190 = VECTOR('',#3191,1.);
#3191 = DIRECTION('',(-0.,-0.,-1.));
#3192 = ORIENTED_EDGE('',*,*,#3170,.T.);
#3193 = ORIENTED_EDGE('',*,*,#1396,.F.);
#3194 = CYLINDRICAL_SURFACE('',#3195,0.2);
#3195 = AXIS2_PLACEMENT_3D('',#3196,#3197,#3198);
#3196 = CARTESIAN_POINT('',(104.67090524861,-78.,0.));
#3197 = DIRECTION('',(0.,0.,1.));
#3198 = DIRECTION('',(1.,0.,0.));
#3199 = ADVANCED_FACE('',(#3200,#3231),#3267,.F.);
#3200 = FACE_BOUND('',#3201,.F.);
#3201 = EDGE_LOOP('',(#3202,#3212,#3219,#3220,#3221,#3222,#3223,#3224));
#3202 = ORIENTED_EDGE('',*,*,#3203,.T.);
#3203 = EDGE_CURVE('',#3204,#3206,#3208,.T.);
#3204 = VERTEX_POINT('',#3205);
#3205 = CARTESIAN_POINT('',(218.97090524861,-77.8,0.));
#3206 = VERTEX_POINT('',#3207);
#3207 = CARTESIAN_POINT('',(123.92909475138,-77.8,0.));
#3208 = LINE('',#3209,#3210);
#3209 = CARTESIAN_POINT('',(228.6,-77.8,0.));
#3210 = VECTOR('',#3211,1.);
#3211 = DIRECTION('',(-1.,-6.216471878916E-17,0.));
#3212 = ORIENTED_EDGE('',*,*,#3213,.F.);
#3213 = EDGE_CURVE('',#1455,#3206,#3214,.T.);
#3214 = CIRCLE('',#3215,0.2);
#3215 = AXIS2_PLACEMENT_3D('',#3216,#3217,#3218);
#3216 = CARTESIAN_POINT('',(123.92909475138,-78.,0.));
#3217 = DIRECTION('',(0.,0.,1.));
#3218 = DIRECTION('',(1.,0.,0.));
#3219 = ORIENTED_EDGE('',*,*,#1452,.F.);
#3220 = ORIENTED_EDGE('',*,*,#1502,.T.);
#3221 = ORIENTED_EDGE('',*,*,#1527,.F.);
#3222 = ORIENTED_EDGE('',*,*,#1551,.T.);
#3223 = ORIENTED_EDGE('',*,*,#1566,.F.);
#3224 = ORIENTED_EDGE('',*,*,#3225,.F.);
#3225 = EDGE_CURVE('',#3204,#1567,#3226,.T.);
#3226 = CIRCLE('',#3227,0.2);
#3227 = AXIS2_PLACEMENT_3D('',#3228,#3229,#3230);
#3228 = CARTESIAN_POINT('',(218.97090524861,-78.,0.));
#3229 = DIRECTION('',(0.,0.,1.));
#3230 = DIRECTION('',(1.,0.,0.));
#3231 = FACE_BOUND('',#3232,.F.);
#3232 = EDGE_LOOP('',(#3233,#3244,#3252,#3261));
#3233 = ORIENTED_EDGE('',*,*,#3234,.F.);
#3234 = EDGE_CURVE('',#3235,#3237,#3239,.T.);
#3235 = VERTEX_POINT('',#3236);
#3236 = CARTESIAN_POINT('',(127.45,-78.325,0.));
#3237 = VERTEX_POINT('',#3238);
#3238 = CARTESIAN_POINT('',(127.45,-80.325,0.));
#3239 = CIRCLE('',#3240,1.);
#3240 = AXIS2_PLACEMENT_3D('',#3241,#3242,#3243);
#3241 = CARTESIAN_POINT('',(127.45,-79.325,0.));
#3242 = DIRECTION('',(0.,0.,1.));
#3243 = DIRECTION('',(1.,0.,0.));
#3244 = ORIENTED_EDGE('',*,*,#3245,.T.);
#3245 = EDGE_CURVE('',#3235,#3246,#3248,.T.);
#3246 = VERTEX_POINT('',#3247);
#3247 = CARTESIAN_POINT('',(215.45,-78.325,0.));
#3248 = LINE('',#3249,#3250);
#3249 = CARTESIAN_POINT('',(127.45,-78.325,0.));
#3250 = VECTOR('',#3251,1.);
#3251 = DIRECTION('',(1.,0.,0.));
#3252 = ORIENTED_EDGE('',*,*,#3253,.F.);
#3253 = EDGE_CURVE('',#3254,#3246,#3256,.T.);
#3254 = VERTEX_POINT('',#3255);
#3255 = CARTESIAN_POINT('',(215.45,-80.325,0.));
#3256 = CIRCLE('',#3257,1.);
#3257 = AXIS2_PLACEMENT_3D('',#3258,#3259,#3260);
#3258 = CARTESIAN_POINT('',(215.45,-79.325,0.));
#3259 = DIRECTION('',(0.,0.,1.));
#3260 = DIRECTION('',(1.,0.,0.));
#3261 = ORIENTED_EDGE('',*,*,#3262,.F.);
#3262 = EDGE_CURVE('',#3237,#3254,#3263,.T.);
#3263 = LINE('',#3264,#3265);
#3264 = CARTESIAN_POINT('',(127.45,-80.325,0.));
#3265 = VECTOR('',#3266,1.);
#3266 = DIRECTION('',(1.,0.,0.));
#3267 = PLANE('',#3268);
#3268 = AXIS2_PLACEMENT_3D('',#3269,#3270,#3271);
#3269 = CARTESIAN_POINT('',(114.3,-38.1,0.));
#3270 = DIRECTION('',(0.,0.,1.));
#3271 = DIRECTION('',(1.,0.,0.));
#3272 = ADVANCED_FACE('',(#3273),#3284,.T.);
#3273 = FACE_BOUND('',#3274,.T.);
#3274 = EDGE_LOOP('',(#3275,#3276,#3277,#3278));
#3275 = ORIENTED_EDGE('',*,*,#3213,.F.);
#3276 = ORIENTED_EDGE('',*,*,#1478,.T.);
#3277 = ORIENTED_EDGE('',*,*,#3153,.T.);
#3278 = ORIENTED_EDGE('',*,*,#3279,.F.);
#3279 = EDGE_CURVE('',#3206,#3154,#3280,.T.);
#3280 = LINE('',#3281,#3282);
#3281 = CARTESIAN_POINT('',(123.92909475138,-77.8,0.));
#3282 = VECTOR('',#3283,1.);
#3283 = DIRECTION('',(-0.,-0.,-1.));
#3284 = CYLINDRICAL_SURFACE('',#3285,0.2);
#3285 = AXIS2_PLACEMENT_3D('',#3286,#3287,#3288);
#3286 = CARTESIAN_POINT('',(123.92909475138,-78.,0.));
#3287 = DIRECTION('',(0.,0.,1.));
#3288 = DIRECTION('',(1.,0.,0.));
#3289 = ADVANCED_FACE('',(#3290),#3338,.F.);
#3290 = FACE_BOUND('',#3291,.F.);
#3291 = EDGE_LOOP('',(#3292,#3293,#3294,#3303,#3311,#3320,#3328,#3335,
    #3336,#3337));
#3292 = ORIENTED_EDGE('',*,*,#1657,.T.);
#3293 = ORIENTED_EDGE('',*,*,#1697,.F.);
#3294 = ORIENTED_EDGE('',*,*,#3295,.T.);
#3295 = EDGE_CURVE('',#1698,#3296,#3298,.T.);
#3296 = VERTEX_POINT('',#3297);
#3297 = CARTESIAN_POINT('',(230.2,-66.57090524861,-4.3));
#3298 = CIRCLE('',#3299,0.2);
#3299 = AXIS2_PLACEMENT_3D('',#3300,#3301,#3302);
#3300 = CARTESIAN_POINT('',(230.4,-66.57090524861,-4.3));
#3301 = DIRECTION('',(0.,0.,1.));
#3302 = DIRECTION('',(1.,0.,0.));
#3303 = ORIENTED_EDGE('',*,*,#3304,.F.);
#3304 = EDGE_CURVE('',#3305,#3296,#3307,.T.);
#3305 = VERTEX_POINT('',#3306);
#3306 = CARTESIAN_POINT('',(230.2,-76.2,-4.3));
#3307 = LINE('',#3308,#3309);
#3308 = CARTESIAN_POINT('',(230.2,-76.2,-4.3));
#3309 = VECTOR('',#3310,1.);
#3310 = DIRECTION('',(0.,1.,0.));
#3311 = ORIENTED_EDGE('',*,*,#3312,.F.);
#3312 = EDGE_CURVE('',#3313,#3305,#3315,.T.);
#3313 = VERTEX_POINT('',#3314);
#3314 = CARTESIAN_POINT('',(228.6,-77.8,-4.3));
#3315 = CIRCLE('',#3316,1.6);
#3316 = AXIS2_PLACEMENT_3D('',#3317,#3318,#3319);
#3317 = CARTESIAN_POINT('',(228.6,-76.2,-4.3));
#3318 = DIRECTION('',(0.,-0.,1.));
#3319 = DIRECTION('',(1.110223024625E-16,1.,0.));
#3320 = ORIENTED_EDGE('',*,*,#3321,.F.);
#3321 = EDGE_CURVE('',#3322,#3313,#3324,.T.);
#3322 = VERTEX_POINT('',#3323);
#3323 = CARTESIAN_POINT('',(218.97090524861,-77.8,-4.3));
#3324 = LINE('',#3325,#3326);
#3325 = CARTESIAN_POINT('',(-6.615292887875E-25,-77.8,-4.3));
#3326 = VECTOR('',#3327,1.);
#3327 = DIRECTION('',(1.,0.,0.));
#3328 = ORIENTED_EDGE('',*,*,#3329,.T.);
#3329 = EDGE_CURVE('',#3322,#1575,#3330,.T.);
#3330 = CIRCLE('',#3331,0.2);
#3331 = AXIS2_PLACEMENT_3D('',#3332,#3333,#3334);
#3332 = CARTESIAN_POINT('',(218.97090524861,-78.,-4.3));
#3333 = DIRECTION('',(0.,0.,1.));
#3334 = DIRECTION('',(1.,0.,0.));
#3335 = ORIENTED_EDGE('',*,*,#1582,.F.);
#3336 = ORIENTED_EDGE('',*,*,#1608,.T.);
#3337 = ORIENTED_EDGE('',*,*,#1631,.T.);
#3338 = PLANE('',#3339);
#3339 = AXIS2_PLACEMENT_3D('',#3340,#3341,#3342);
#3340 = CARTESIAN_POINT('',(114.3,-38.1,-4.3));
#3341 = DIRECTION('',(0.,0.,1.));
#3342 = DIRECTION('',(1.,0.,0.));
#3343 = ADVANCED_FACE('',(#3344),#3355,.T.);
#3344 = FACE_BOUND('',#3345,.T.);
#3345 = EDGE_LOOP('',(#3346,#3347,#3353,#3354));
#3346 = ORIENTED_EDGE('',*,*,#3225,.F.);
#3347 = ORIENTED_EDGE('',*,*,#3348,.T.);
#3348 = EDGE_CURVE('',#3204,#3322,#3349,.T.);
#3349 = LINE('',#3350,#3351);
#3350 = CARTESIAN_POINT('',(218.97090524861,-77.8,0.));
#3351 = VECTOR('',#3352,1.);
#3352 = DIRECTION('',(-0.,-0.,-1.));
#3353 = ORIENTED_EDGE('',*,*,#3329,.T.);
#3354 = ORIENTED_EDGE('',*,*,#1574,.F.);
#3355 = CYLINDRICAL_SURFACE('',#3356,0.2);
#3356 = AXIS2_PLACEMENT_3D('',#3357,#3358,#3359);
#3357 = CARTESIAN_POINT('',(218.97090524861,-78.,0.));
#3358 = DIRECTION('',(0.,0.,1.));
#3359 = DIRECTION('',(1.,0.,0.));
#3360 = ADVANCED_FACE('',(#3361,#3392),#3428,.F.);
#3361 = FACE_BOUND('',#3362,.F.);
#3362 = EDGE_LOOP('',(#3363,#3372,#3380,#3387,#3388,#3389,#3390,#3391));
#3363 = ORIENTED_EDGE('',*,*,#3364,.F.);
#3364 = EDGE_CURVE('',#3365,#1794,#3367,.T.);
#3365 = VERTEX_POINT('',#3366);
#3366 = CARTESIAN_POINT('',(230.2,-9.629094751387,0.));
#3367 = CIRCLE('',#3368,0.2);
#3368 = AXIS2_PLACEMENT_3D('',#3369,#3370,#3371);
#3369 = CARTESIAN_POINT('',(230.4,-9.629094751387,0.));
#3370 = DIRECTION('',(0.,0.,1.));
#3371 = DIRECTION('',(1.,0.,0.));
#3372 = ORIENTED_EDGE('',*,*,#3373,.T.);
#3373 = EDGE_CURVE('',#3365,#3374,#3376,.T.);
#3374 = VERTEX_POINT('',#3375);
#3375 = CARTESIAN_POINT('',(230.2,-66.57090524861,0.));
#3376 = LINE('',#3377,#3378);
#3377 = CARTESIAN_POINT('',(230.2,0.,0.));
#3378 = VECTOR('',#3379,1.);
#3379 = DIRECTION('',(0.,-1.,0.));
#3380 = ORIENTED_EDGE('',*,*,#3381,.F.);
#3381 = EDGE_CURVE('',#1682,#3374,#3382,.T.);
#3382 = CIRCLE('',#3383,0.2);
#3383 = AXIS2_PLACEMENT_3D('',#3384,#3385,#3386);
#3384 = CARTESIAN_POINT('',(230.4,-66.57090524861,0.));
#3385 = DIRECTION('',(0.,0.,1.));
#3386 = DIRECTION('',(1.,0.,0.));
#3387 = ORIENTED_EDGE('',*,*,#1679,.F.);
#3388 = ORIENTED_EDGE('',*,*,#1729,.T.);
#3389 = ORIENTED_EDGE('',*,*,#1754,.F.);
#3390 = ORIENTED_EDGE('',*,*,#1778,.T.);
#3391 = ORIENTED_EDGE('',*,*,#1793,.F.);
#3392 = FACE_BOUND('',#3393,.F.);
#3393 = EDGE_LOOP('',(#3394,#3405,#3413,#3422));
#3394 = ORIENTED_EDGE('',*,*,#3395,.F.);
#3395 = EDGE_CURVE('',#3396,#3398,#3400,.T.);
#3396 = VERTEX_POINT('',#3397);
#3397 = CARTESIAN_POINT('',(232.725,-13.1,0.));
#3398 = VERTEX_POINT('',#3399);
#3399 = CARTESIAN_POINT('',(230.725,-13.1,0.));
#3400 = CIRCLE('',#3401,1.);
#3401 = AXIS2_PLACEMENT_3D('',#3402,#3403,#3404);
#3402 = CARTESIAN_POINT('',(231.725,-13.1,0.));
#3403 = DIRECTION('',(0.,0.,1.));
#3404 = DIRECTION('',(1.,0.,0.));
#3405 = ORIENTED_EDGE('',*,*,#3406,.T.);
#3406 = EDGE_CURVE('',#3396,#3407,#3409,.T.);
#3407 = VERTEX_POINT('',#3408);
#3408 = CARTESIAN_POINT('',(232.725,-63.1,0.));
#3409 = LINE('',#3410,#3411);
#3410 = CARTESIAN_POINT('',(232.725,-13.1,0.));
#3411 = VECTOR('',#3412,1.);
#3412 = DIRECTION('',(1.080024958355E-14,-1.,0.));
#3413 = ORIENTED_EDGE('',*,*,#3414,.F.);
#3414 = EDGE_CURVE('',#3415,#3407,#3417,.T.);
#3415 = VERTEX_POINT('',#3416);
#3416 = CARTESIAN_POINT('',(230.725,-63.1,0.));
#3417 = CIRCLE('',#3418,1.);
#3418 = AXIS2_PLACEMENT_3D('',#3419,#3420,#3421);
#3419 = CARTESIAN_POINT('',(231.725,-63.1,0.));
#3420 = DIRECTION('',(0.,0.,1.));
#3421 = DIRECTION('',(1.,0.,0.));
#3422 = ORIENTED_EDGE('',*,*,#3423,.F.);
#3423 = EDGE_CURVE('',#3398,#3415,#3424,.T.);
#3424 = LINE('',#3425,#3426);
#3425 = CARTESIAN_POINT('',(230.725,-13.1,0.));
#3426 = VECTOR('',#3427,1.);
#3427 = DIRECTION('',(1.080024958355E-14,-1.,0.));
#3428 = PLANE('',#3429);
#3429 = AXIS2_PLACEMENT_3D('',#3430,#3431,#3432);
#3430 = CARTESIAN_POINT('',(114.3,-38.1,0.));
#3431 = DIRECTION('',(0.,0.,1.));
#3432 = DIRECTION('',(1.,0.,0.));
#3433 = ADVANCED_FACE('',(#3434),#3445,.T.);
#3434 = FACE_BOUND('',#3435,.T.);
#3435 = EDGE_LOOP('',(#3436,#3437,#3438,#3439));
#3436 = ORIENTED_EDGE('',*,*,#3381,.F.);
#3437 = ORIENTED_EDGE('',*,*,#1705,.T.);
#3438 = ORIENTED_EDGE('',*,*,#3295,.T.);
#3439 = ORIENTED_EDGE('',*,*,#3440,.F.);
#3440 = EDGE_CURVE('',#3374,#3296,#3441,.T.);
#3441 = LINE('',#3442,#3443);
#3442 = CARTESIAN_POINT('',(230.2,-66.57090524861,0.));
#3443 = VECTOR('',#3444,1.);
#3444 = DIRECTION('',(-0.,-0.,-1.));
#3445 = CYLINDRICAL_SURFACE('',#3446,0.2);
#3446 = AXIS2_PLACEMENT_3D('',#3447,#3448,#3449);
#3447 = CARTESIAN_POINT('',(230.4,-66.57090524861,0.));
#3448 = DIRECTION('',(0.,0.,1.));
#3449 = DIRECTION('',(1.,0.,0.));
#3450 = ADVANCED_FACE('',(#3451),#3499,.F.);
#3451 = FACE_BOUND('',#3452,.F.);
#3452 = EDGE_LOOP('',(#3453,#3454,#3455,#3456,#3465,#3473,#3482,#3490,
    #3497,#3498));
#3453 = ORIENTED_EDGE('',*,*,#1858,.T.);
#3454 = ORIENTED_EDGE('',*,*,#1884,.T.);
#3455 = ORIENTED_EDGE('',*,*,#1924,.F.);
#3456 = ORIENTED_EDGE('',*,*,#3457,.T.);
#3457 = EDGE_CURVE('',#1925,#3458,#3460,.T.);
#3458 = VERTEX_POINT('',#3459);
#3459 = CARTESIAN_POINT('',(218.97090524861,1.6,-4.3));
#3460 = CIRCLE('',#3461,0.2);
#3461 = AXIS2_PLACEMENT_3D('',#3462,#3463,#3464);
#3462 = CARTESIAN_POINT('',(218.97090524861,1.8,-4.3));
#3463 = DIRECTION('',(0.,0.,1.));
#3464 = DIRECTION('',(1.,0.,0.));
#3465 = ORIENTED_EDGE('',*,*,#3466,.F.);
#3466 = EDGE_CURVE('',#3467,#3458,#3469,.T.);
#3467 = VERTEX_POINT('',#3468);
#3468 = CARTESIAN_POINT('',(228.6,1.6,-4.3));
#3469 = LINE('',#3470,#3471);
#3470 = CARTESIAN_POINT('',(228.6,1.6,-4.3));
#3471 = VECTOR('',#3472,1.);
#3472 = DIRECTION('',(-1.,3.302500685674E-17,0.));
#3473 = ORIENTED_EDGE('',*,*,#3474,.F.);
#3474 = EDGE_CURVE('',#3475,#3467,#3477,.T.);
#3475 = VERTEX_POINT('',#3476);
#3476 = CARTESIAN_POINT('',(230.2,0.,-4.3));
#3477 = CIRCLE('',#3478,1.6);
#3478 = AXIS2_PLACEMENT_3D('',#3479,#3480,#3481);
#3479 = CARTESIAN_POINT('',(228.6,8.574321872125E-25,-4.3));
#3480 = DIRECTION('',(0.,0.,1.));
#3481 = DIRECTION('',(-1.,-1.224646799147E-16,0.));
#3482 = ORIENTED_EDGE('',*,*,#3483,.F.);
#3483 = EDGE_CURVE('',#3484,#3475,#3486,.T.);
#3484 = VERTEX_POINT('',#3485);
#3485 = CARTESIAN_POINT('',(230.2,-9.629094751387,-4.3));
#3486 = LINE('',#3487,#3488);
#3487 = CARTESIAN_POINT('',(230.2,-76.2,-4.3));
#3488 = VECTOR('',#3489,1.);
#3489 = DIRECTION('',(0.,1.,0.));
#3490 = ORIENTED_EDGE('',*,*,#3491,.T.);
#3491 = EDGE_CURVE('',#3484,#1802,#3492,.T.);
#3492 = CIRCLE('',#3493,0.2);
#3493 = AXIS2_PLACEMENT_3D('',#3494,#3495,#3496);
#3494 = CARTESIAN_POINT('',(230.4,-9.629094751387,-4.3));
#3495 = DIRECTION('',(0.,0.,1.));
#3496 = DIRECTION('',(1.,0.,0.));
#3497 = ORIENTED_EDGE('',*,*,#1809,.F.);
#3498 = ORIENTED_EDGE('',*,*,#1835,.T.);
#3499 = PLANE('',#3500);
#3500 = AXIS2_PLACEMENT_3D('',#3501,#3502,#3503);
#3501 = CARTESIAN_POINT('',(114.3,-38.1,-4.3));
#3502 = DIRECTION('',(0.,0.,1.));
#3503 = DIRECTION('',(1.,0.,0.));
#3504 = ADVANCED_FACE('',(#3505),#3516,.T.);
#3505 = FACE_BOUND('',#3506,.T.);
#3506 = EDGE_LOOP('',(#3507,#3508,#3514,#3515));
#3507 = ORIENTED_EDGE('',*,*,#3364,.F.);
#3508 = ORIENTED_EDGE('',*,*,#3509,.T.);
#3509 = EDGE_CURVE('',#3365,#3484,#3510,.T.);
#3510 = LINE('',#3511,#3512);
#3511 = CARTESIAN_POINT('',(230.2,-9.629094751387,0.));
#3512 = VECTOR('',#3513,1.);
#3513 = DIRECTION('',(-0.,-0.,-1.));
#3514 = ORIENTED_EDGE('',*,*,#3491,.T.);
#3515 = ORIENTED_EDGE('',*,*,#1801,.F.);
#3516 = CYLINDRICAL_SURFACE('',#3517,0.2);
#3517 = AXIS2_PLACEMENT_3D('',#3518,#3519,#3520);
#3518 = CARTESIAN_POINT('',(230.4,-9.629094751387,0.));
#3519 = DIRECTION('',(0.,0.,1.));
#3520 = DIRECTION('',(1.,0.,0.));
#3521 = ADVANCED_FACE('',(#3522,#3553),#3589,.F.);
#3522 = FACE_BOUND('',#3523,.F.);
#3523 = EDGE_LOOP('',(#3524,#3533,#3541,#3548,#3549,#3550,#3551,#3552));
#3524 = ORIENTED_EDGE('',*,*,#3525,.F.);
#3525 = EDGE_CURVE('',#3526,#2021,#3528,.T.);
#3526 = VERTEX_POINT('',#3527);
#3527 = CARTESIAN_POINT('',(133.92909475138,1.6,0.));
#3528 = CIRCLE('',#3529,0.2);
#3529 = AXIS2_PLACEMENT_3D('',#3530,#3531,#3532);
#3530 = CARTESIAN_POINT('',(133.92909475138,1.8,0.));
#3531 = DIRECTION('',(0.,0.,1.));
#3532 = DIRECTION('',(1.,0.,0.));
#3533 = ORIENTED_EDGE('',*,*,#3534,.T.);
#3534 = EDGE_CURVE('',#3526,#3535,#3537,.T.);
#3535 = VERTEX_POINT('',#3536);
#3536 = CARTESIAN_POINT('',(218.97090524861,1.6,0.));
#3537 = LINE('',#3538,#3539);
#3538 = CARTESIAN_POINT('',(0.,1.6,0.));
#3539 = VECTOR('',#3540,1.);
#3540 = DIRECTION('',(1.,-7.479192729321E-17,0.));
#3541 = ORIENTED_EDGE('',*,*,#3542,.F.);
#3542 = EDGE_CURVE('',#1909,#3535,#3543,.T.);
#3543 = CIRCLE('',#3544,0.2);
#3544 = AXIS2_PLACEMENT_3D('',#3545,#3546,#3547);
#3545 = CARTESIAN_POINT('',(218.97090524861,1.8,0.));
#3546 = DIRECTION('',(0.,0.,1.));
#3547 = DIRECTION('',(1.,0.,0.));
#3548 = ORIENTED_EDGE('',*,*,#1906,.F.);
#3549 = ORIENTED_EDGE('',*,*,#1956,.T.);
#3550 = ORIENTED_EDGE('',*,*,#1981,.F.);
#3551 = ORIENTED_EDGE('',*,*,#2005,.T.);
#3552 = ORIENTED_EDGE('',*,*,#2020,.F.);
#3553 = FACE_BOUND('',#3554,.F.);
#3554 = EDGE_LOOP('',(#3555,#3566,#3574,#3583));
#3555 = ORIENTED_EDGE('',*,*,#3556,.F.);
#3556 = EDGE_CURVE('',#3557,#3559,#3561,.T.);
#3557 = VERTEX_POINT('',#3558);
#3558 = CARTESIAN_POINT('',(137.45,4.125,0.));
#3559 = VERTEX_POINT('',#3560);
#3560 = CARTESIAN_POINT('',(137.45,2.125,0.));
#3561 = CIRCLE('',#3562,1.);
#3562 = AXIS2_PLACEMENT_3D('',#3563,#3564,#3565);
#3563 = CARTESIAN_POINT('',(137.45,3.125,0.));
#3564 = DIRECTION('',(0.,0.,1.));
#3565 = DIRECTION('',(1.,0.,0.));
#3566 = ORIENTED_EDGE('',*,*,#3567,.T.);
#3567 = EDGE_CURVE('',#3557,#3568,#3570,.T.);
#3568 = VERTEX_POINT('',#3569);
#3569 = CARTESIAN_POINT('',(215.45,4.125,0.));
#3570 = LINE('',#3571,#3572);
#3571 = CARTESIAN_POINT('',(137.45,4.125,0.));
#3572 = VECTOR('',#3573,1.);
#3573 = DIRECTION('',(1.,0.,0.));
#3574 = ORIENTED_EDGE('',*,*,#3575,.F.);
#3575 = EDGE_CURVE('',#3576,#3568,#3578,.T.);
#3576 = VERTEX_POINT('',#3577);
#3577 = CARTESIAN_POINT('',(215.45,2.125,0.));
#3578 = CIRCLE('',#3579,1.);
#3579 = AXIS2_PLACEMENT_3D('',#3580,#3581,#3582);
#3580 = CARTESIAN_POINT('',(215.45,3.125,0.));
#3581 = DIRECTION('',(0.,0.,1.));
#3582 = DIRECTION('',(1.,0.,0.));
#3583 = ORIENTED_EDGE('',*,*,#3584,.F.);
#3584 = EDGE_CURVE('',#3559,#3576,#3585,.T.);
#3585 = LINE('',#3586,#3587);
#3586 = CARTESIAN_POINT('',(137.45,2.125,0.));
#3587 = VECTOR('',#3588,1.);
#3588 = DIRECTION('',(1.,0.,0.));
#3589 = PLANE('',#3590);
#3590 = AXIS2_PLACEMENT_3D('',#3591,#3592,#3593);
#3591 = CARTESIAN_POINT('',(114.3,-38.1,0.));
#3592 = DIRECTION('',(0.,0.,1.));
#3593 = DIRECTION('',(1.,0.,0.));
#3594 = ADVANCED_FACE('',(#3595),#3606,.T.);
#3595 = FACE_BOUND('',#3596,.T.);
#3596 = EDGE_LOOP('',(#3597,#3598,#3599,#3600));
#3597 = ORIENTED_EDGE('',*,*,#3542,.F.);
#3598 = ORIENTED_EDGE('',*,*,#1932,.T.);
#3599 = ORIENTED_EDGE('',*,*,#3457,.T.);
#3600 = ORIENTED_EDGE('',*,*,#3601,.F.);
#3601 = EDGE_CURVE('',#3535,#3458,#3602,.T.);
#3602 = LINE('',#3603,#3604);
#3603 = CARTESIAN_POINT('',(218.97090524861,1.6,0.));
#3604 = VECTOR('',#3605,1.);
#3605 = DIRECTION('',(-0.,-0.,-1.));
#3606 = CYLINDRICAL_SURFACE('',#3607,0.2);
#3607 = AXIS2_PLACEMENT_3D('',#3608,#3609,#3610);
#3608 = CARTESIAN_POINT('',(218.97090524861,1.8,0.));
#3609 = DIRECTION('',(0.,0.,1.));
#3610 = DIRECTION('',(1.,0.,0.));
#3611 = ADVANCED_FACE('',(#3612),#3641,.F.);
#3612 = FACE_BOUND('',#3613,.F.);
#3613 = EDGE_LOOP('',(#3614,#3615,#3616,#3617,#3626,#3634));
#3614 = ORIENTED_EDGE('',*,*,#2036,.F.);
#3615 = ORIENTED_EDGE('',*,*,#2062,.T.);
#3616 = ORIENTED_EDGE('',*,*,#2102,.F.);
#3617 = ORIENTED_EDGE('',*,*,#3618,.T.);
#3618 = EDGE_CURVE('',#2103,#3619,#3621,.T.);
#3619 = VERTEX_POINT('',#3620);
#3620 = CARTESIAN_POINT('',(94.670905248613,1.6,-4.3));
#3621 = CIRCLE('',#3622,0.2);
#3622 = AXIS2_PLACEMENT_3D('',#3623,#3624,#3625);
#3623 = CARTESIAN_POINT('',(94.670905248613,1.8,-4.3));
#3624 = DIRECTION('',(0.,0.,1.));
#3625 = DIRECTION('',(1.,0.,0.));
#3626 = ORIENTED_EDGE('',*,*,#3627,.F.);
#3627 = EDGE_CURVE('',#3628,#3619,#3630,.T.);
#3628 = VERTEX_POINT('',#3629);
#3629 = CARTESIAN_POINT('',(133.92909475138,1.6,-4.3));
#3630 = LINE('',#3631,#3632);
#3631 = CARTESIAN_POINT('',(228.6,1.6,-4.3));
#3632 = VECTOR('',#3633,1.);
#3633 = DIRECTION('',(-1.,3.302500685674E-17,0.));
#3634 = ORIENTED_EDGE('',*,*,#3635,.T.);
#3635 = EDGE_CURVE('',#3628,#2029,#3636,.T.);
#3636 = CIRCLE('',#3637,0.2);
#3637 = AXIS2_PLACEMENT_3D('',#3638,#3639,#3640);
#3638 = CARTESIAN_POINT('',(133.92909475138,1.8,-4.3));
#3639 = DIRECTION('',(0.,0.,1.));
#3640 = DIRECTION('',(1.,0.,0.));
#3641 = PLANE('',#3642);
#3642 = AXIS2_PLACEMENT_3D('',#3643,#3644,#3645);
#3643 = CARTESIAN_POINT('',(114.3,-38.1,-4.3));
#3644 = DIRECTION('',(0.,0.,1.));
#3645 = DIRECTION('',(1.,0.,0.));
#3646 = ADVANCED_FACE('',(#3647),#3658,.T.);
#3647 = FACE_BOUND('',#3648,.T.);
#3648 = EDGE_LOOP('',(#3649,#3650,#3656,#3657));
#3649 = ORIENTED_EDGE('',*,*,#3525,.F.);
#3650 = ORIENTED_EDGE('',*,*,#3651,.T.);
#3651 = EDGE_CURVE('',#3526,#3628,#3652,.T.);
#3652 = LINE('',#3653,#3654);
#3653 = CARTESIAN_POINT('',(133.92909475138,1.6,0.));
#3654 = VECTOR('',#3655,1.);
#3655 = DIRECTION('',(-0.,-0.,-1.));
#3656 = ORIENTED_EDGE('',*,*,#3635,.T.);
#3657 = ORIENTED_EDGE('',*,*,#2028,.F.);
#3658 = CYLINDRICAL_SURFACE('',#3659,0.2);
#3659 = AXIS2_PLACEMENT_3D('',#3660,#3661,#3662);
#3660 = CARTESIAN_POINT('',(133.92909475138,1.8,0.));
#3661 = DIRECTION('',(0.,0.,1.));
#3662 = DIRECTION('',(1.,0.,0.));
#3663 = ADVANCED_FACE('',(#3664,#3695),#3731,.F.);
#3664 = FACE_BOUND('',#3665,.F.);
#3665 = EDGE_LOOP('',(#3666,#3675,#3683,#3690,#3691,#3692,#3693,#3694));
#3666 = ORIENTED_EDGE('',*,*,#3667,.F.);
#3667 = EDGE_CURVE('',#3668,#2199,#3670,.T.);
#3668 = VERTEX_POINT('',#3669);
#3669 = CARTESIAN_POINT('',(9.629094751387,1.6,0.));
#3670 = CIRCLE('',#3671,0.2);
#3671 = AXIS2_PLACEMENT_3D('',#3672,#3673,#3674);
#3672 = CARTESIAN_POINT('',(9.629094751387,1.8,0.));
#3673 = DIRECTION('',(0.,0.,1.));
#3674 = DIRECTION('',(1.,0.,0.));
#3675 = ORIENTED_EDGE('',*,*,#3676,.T.);
#3676 = EDGE_CURVE('',#3668,#3677,#3679,.T.);
#3677 = VERTEX_POINT('',#3678);
#3678 = CARTESIAN_POINT('',(94.670905248613,1.6,0.));
#3679 = LINE('',#3680,#3681);
#3680 = CARTESIAN_POINT('',(0.,1.6,0.));
#3681 = VECTOR('',#3682,1.);
#3682 = DIRECTION('',(1.,-7.479192729321E-17,0.));
#3683 = ORIENTED_EDGE('',*,*,#3684,.F.);
#3684 = EDGE_CURVE('',#2087,#3677,#3685,.T.);
#3685 = CIRCLE('',#3686,0.2);
#3686 = AXIS2_PLACEMENT_3D('',#3687,#3688,#3689);
#3687 = CARTESIAN_POINT('',(94.670905248613,1.8,0.));
#3688 = DIRECTION('',(0.,0.,1.));
#3689 = DIRECTION('',(1.,0.,0.));
#3690 = ORIENTED_EDGE('',*,*,#2084,.F.);
#3691 = ORIENTED_EDGE('',*,*,#2134,.T.);
#3692 = ORIENTED_EDGE('',*,*,#2159,.F.);
#3693 = ORIENTED_EDGE('',*,*,#2183,.T.);
#3694 = ORIENTED_EDGE('',*,*,#2198,.F.);
#3695 = FACE_BOUND('',#3696,.F.);
#3696 = EDGE_LOOP('',(#3697,#3708,#3716,#3725));
#3697 = ORIENTED_EDGE('',*,*,#3698,.F.);
#3698 = EDGE_CURVE('',#3699,#3701,#3703,.T.);
#3699 = VERTEX_POINT('',#3700);
#3700 = CARTESIAN_POINT('',(13.15,4.125,0.));
#3701 = VERTEX_POINT('',#3702);
#3702 = CARTESIAN_POINT('',(13.15,2.125,0.));
#3703 = CIRCLE('',#3704,1.);
#3704 = AXIS2_PLACEMENT_3D('',#3705,#3706,#3707);
#3705 = CARTESIAN_POINT('',(13.15,3.125,0.));
#3706 = DIRECTION('',(0.,0.,1.));
#3707 = DIRECTION('',(1.,0.,0.));
#3708 = ORIENTED_EDGE('',*,*,#3709,.T.);
#3709 = EDGE_CURVE('',#3699,#3710,#3712,.T.);
#3710 = VERTEX_POINT('',#3711);
#3711 = CARTESIAN_POINT('',(91.15,4.125,0.));
#3712 = LINE('',#3713,#3714);
#3713 = CARTESIAN_POINT('',(13.15,4.125,0.));
#3714 = VECTOR('',#3715,1.);
#3715 = DIRECTION('',(1.,0.,0.));
#3716 = ORIENTED_EDGE('',*,*,#3717,.F.);
#3717 = EDGE_CURVE('',#3718,#3710,#3720,.T.);
#3718 = VERTEX_POINT('',#3719);
#3719 = CARTESIAN_POINT('',(91.15,2.125,0.));
#3720 = CIRCLE('',#3721,1.);
#3721 = AXIS2_PLACEMENT_3D('',#3722,#3723,#3724);
#3722 = CARTESIAN_POINT('',(91.15,3.125,0.));
#3723 = DIRECTION('',(0.,0.,1.));
#3724 = DIRECTION('',(1.,0.,0.));
#3725 = ORIENTED_EDGE('',*,*,#3726,.F.);
#3726 = EDGE_CURVE('',#3701,#3718,#3727,.T.);
#3727 = LINE('',#3728,#3729);
#3728 = CARTESIAN_POINT('',(13.15,2.125,0.));
#3729 = VECTOR('',#3730,1.);
#3730 = DIRECTION('',(1.,0.,0.));
#3731 = PLANE('',#3732);
#3732 = AXIS2_PLACEMENT_3D('',#3733,#3734,#3735);
#3733 = CARTESIAN_POINT('',(114.3,-38.1,0.));
#3734 = DIRECTION('',(0.,0.,1.));
#3735 = DIRECTION('',(1.,0.,0.));
#3736 = ADVANCED_FACE('',(#3737),#3748,.T.);
#3737 = FACE_BOUND('',#3738,.T.);
#3738 = EDGE_LOOP('',(#3739,#3740,#3741,#3742));
#3739 = ORIENTED_EDGE('',*,*,#3684,.F.);
#3740 = ORIENTED_EDGE('',*,*,#2110,.T.);
#3741 = ORIENTED_EDGE('',*,*,#3618,.T.);
#3742 = ORIENTED_EDGE('',*,*,#3743,.F.);
#3743 = EDGE_CURVE('',#3677,#3619,#3744,.T.);
#3744 = LINE('',#3745,#3746);
#3745 = CARTESIAN_POINT('',(94.670905248613,1.6,0.));
#3746 = VECTOR('',#3747,1.);
#3747 = DIRECTION('',(-0.,-0.,-1.));
#3748 = CYLINDRICAL_SURFACE('',#3749,0.2);
#3749 = AXIS2_PLACEMENT_3D('',#3750,#3751,#3752);
#3750 = CARTESIAN_POINT('',(94.670905248613,1.8,0.));
#3751 = DIRECTION('',(0.,0.,1.));
#3752 = DIRECTION('',(1.,0.,0.));
#3753 = ADVANCED_FACE('',(#3754),#3802,.F.);
#3754 = FACE_BOUND('',#3755,.F.);
#3755 = EDGE_LOOP('',(#3756,#3757,#3758,#3759,#3760,#3761,#3770,#3778,
    #3787,#3795));
#3756 = ORIENTED_EDGE('',*,*,#2214,.F.);
#3757 = ORIENTED_EDGE('',*,*,#2240,.T.);
#3758 = ORIENTED_EDGE('',*,*,#2263,.T.);
#3759 = ORIENTED_EDGE('',*,*,#2289,.T.);
#3760 = ORIENTED_EDGE('',*,*,#2329,.F.);
#3761 = ORIENTED_EDGE('',*,*,#3762,.T.);
#3762 = EDGE_CURVE('',#2330,#3763,#3765,.T.);
#3763 = VERTEX_POINT('',#3764);
#3764 = CARTESIAN_POINT('',(-1.6,-9.629094751387,-4.3));
#3765 = CIRCLE('',#3766,0.2);
#3766 = AXIS2_PLACEMENT_3D('',#3767,#3768,#3769);
#3767 = CARTESIAN_POINT('',(-1.8,-9.629094751387,-4.3));
#3768 = DIRECTION('',(0.,0.,1.));
#3769 = DIRECTION('',(1.,0.,0.));
#3770 = ORIENTED_EDGE('',*,*,#3771,.F.);
#3771 = EDGE_CURVE('',#3772,#3763,#3774,.T.);
#3772 = VERTEX_POINT('',#3773);
#3773 = CARTESIAN_POINT('',(-1.6,5.813977275506E-17,-4.3));
#3774 = LINE('',#3775,#3776);
#3775 = CARTESIAN_POINT('',(-1.6,3.557906802533E-25,-4.3));
#3776 = VECTOR('',#3777,1.);
#3777 = DIRECTION('',(0.,-1.,0.));
#3778 = ORIENTED_EDGE('',*,*,#3779,.F.);
#3779 = EDGE_CURVE('',#3780,#3772,#3782,.T.);
#3780 = VERTEX_POINT('',#3781);
#3781 = CARTESIAN_POINT('',(9.153905738262E-18,1.6,-4.3));
#3782 = CIRCLE('',#3783,1.6);
#3783 = AXIS2_PLACEMENT_3D('',#3784,#3785,#3786);
#3784 = CARTESIAN_POINT('',(1.105769785982E-25,8.574321872125E-25,-4.3)
  );
#3785 = DIRECTION('',(-0.,0.,1.));
#3786 = DIRECTION('',(1.110223024625E-16,-1.,0.));
#3787 = ORIENTED_EDGE('',*,*,#3788,.F.);
#3788 = EDGE_CURVE('',#3789,#3780,#3791,.T.);
#3789 = VERTEX_POINT('',#3790);
#3790 = CARTESIAN_POINT('',(9.629094751387,1.6,-4.3));
#3791 = LINE('',#3792,#3793);
#3792 = CARTESIAN_POINT('',(228.6,1.6,-4.3));
#3793 = VECTOR('',#3794,1.);
#3794 = DIRECTION('',(-1.,3.302500685674E-17,0.));
#3795 = ORIENTED_EDGE('',*,*,#3796,.T.);
#3796 = EDGE_CURVE('',#3789,#2207,#3797,.T.);
#3797 = CIRCLE('',#3798,0.2);
#3798 = AXIS2_PLACEMENT_3D('',#3799,#3800,#3801);
#3799 = CARTESIAN_POINT('',(9.629094751387,1.8,-4.3));
#3800 = DIRECTION('',(0.,0.,1.));
#3801 = DIRECTION('',(1.,0.,0.));
#3802 = PLANE('',#3803);
#3803 = AXIS2_PLACEMENT_3D('',#3804,#3805,#3806);
#3804 = CARTESIAN_POINT('',(114.3,-38.1,-4.3));
#3805 = DIRECTION('',(0.,0.,1.));
#3806 = DIRECTION('',(1.,0.,0.));
#3807 = ADVANCED_FACE('',(#3808),#3819,.T.);
#3808 = FACE_BOUND('',#3809,.T.);
#3809 = EDGE_LOOP('',(#3810,#3811,#3817,#3818));
#3810 = ORIENTED_EDGE('',*,*,#3667,.F.);
#3811 = ORIENTED_EDGE('',*,*,#3812,.T.);
#3812 = EDGE_CURVE('',#3668,#3789,#3813,.T.);
#3813 = LINE('',#3814,#3815);
#3814 = CARTESIAN_POINT('',(9.629094751387,1.6,0.));
#3815 = VECTOR('',#3816,1.);
#3816 = DIRECTION('',(-0.,-0.,-1.));
#3817 = ORIENTED_EDGE('',*,*,#3796,.T.);
#3818 = ORIENTED_EDGE('',*,*,#2206,.F.);
#3819 = CYLINDRICAL_SURFACE('',#3820,0.2);
#3820 = AXIS2_PLACEMENT_3D('',#3821,#3822,#3823);
#3821 = CARTESIAN_POINT('',(9.629094751387,1.8,0.));
#3822 = DIRECTION('',(0.,0.,1.));
#3823 = DIRECTION('',(1.,0.,0.));
#3824 = ADVANCED_FACE('',(#3825),#3836,.T.);
#3825 = FACE_BOUND('',#3826,.T.);
#3826 = EDGE_LOOP('',(#3827,#3828,#3829,#3830));
#3827 = ORIENTED_EDGE('',*,*,#2927,.F.);
#3828 = ORIENTED_EDGE('',*,*,#2337,.T.);
#3829 = ORIENTED_EDGE('',*,*,#3762,.T.);
#3830 = ORIENTED_EDGE('',*,*,#3831,.F.);
#3831 = EDGE_CURVE('',#2920,#3763,#3832,.T.);
#3832 = LINE('',#3833,#3834);
#3833 = CARTESIAN_POINT('',(-1.6,-9.629094751387,0.));
#3834 = VECTOR('',#3835,1.);
#3835 = DIRECTION('',(-0.,-0.,-1.));
#3836 = CYLINDRICAL_SURFACE('',#3837,0.2);
#3837 = AXIS2_PLACEMENT_3D('',#3838,#3839,#3840);
#3838 = CARTESIAN_POINT('',(-1.8,-9.629094751387,0.));
#3839 = DIRECTION('',(0.,0.,1.));
#3840 = DIRECTION('',(1.,0.,0.));
#3841 = ADVANCED_FACE('',(#3842),#3845,.F.);
#3842 = FACE_BOUND('',#3843,.F.);
#3843 = EDGE_LOOP('',(#3844));
#3844 = ORIENTED_EDGE('',*,*,#2394,.T.);
#3845 = PLANE('',#3846);
#3846 = AXIS2_PLACEMENT_3D('',#3847,#3848,#3849);
#3847 = CARTESIAN_POINT('',(114.3,-32.125,0.));
#3848 = DIRECTION('',(0.,0.,1.));
#3849 = DIRECTION('',(1.,0.,0.));
#3850 = ADVANCED_FACE('',(#3851),#3854,.F.);
#3851 = FACE_BOUND('',#3852,.F.);
#3852 = EDGE_LOOP('',(#3853));
#3853 = ORIENTED_EDGE('',*,*,#2419,.T.);
#3854 = PLANE('',#3855);
#3855 = AXIS2_PLACEMENT_3D('',#3856,#3857,#3858);
#3856 = CARTESIAN_POINT('',(114.3,-32.125,0.));
#3857 = DIRECTION('',(0.,0.,1.));
#3858 = DIRECTION('',(1.,0.,0.));
#3859 = ADVANCED_FACE('',(#3860),#3863,.F.);
#3860 = FACE_BOUND('',#3861,.F.);
#3861 = EDGE_LOOP('',(#3862));
#3862 = ORIENTED_EDGE('',*,*,#2444,.T.);
#3863 = PLANE('',#3864);
#3864 = AXIS2_PLACEMENT_3D('',#3865,#3866,#3867);
#3865 = CARTESIAN_POINT('',(114.3,-32.125,0.));
#3866 = DIRECTION('',(0.,0.,1.));
#3867 = DIRECTION('',(1.,0.,0.));
#3868 = ADVANCED_FACE('',(#3869),#3872,.F.);
#3869 = FACE_BOUND('',#3870,.F.);
#3870 = EDGE_LOOP('',(#3871));
#3871 = ORIENTED_EDGE('',*,*,#2469,.T.);
#3872 = PLANE('',#3873);
#3873 = AXIS2_PLACEMENT_3D('',#3874,#3875,#3876);
#3874 = CARTESIAN_POINT('',(114.3,-32.125,0.));
#3875 = DIRECTION('',(0.,0.,1.));
#3876 = DIRECTION('',(1.,0.,0.));
#3877 = ADVANCED_FACE('',(#3878),#3881,.F.);
#3878 = FACE_BOUND('',#3879,.F.);
#3879 = EDGE_LOOP('',(#3880));
#3880 = ORIENTED_EDGE('',*,*,#2494,.T.);
#3881 = PLANE('',#3882);
#3882 = AXIS2_PLACEMENT_3D('',#3883,#3884,#3885);
#3883 = CARTESIAN_POINT('',(114.3,-32.125,0.));
#3884 = DIRECTION('',(0.,0.,1.));
#3885 = DIRECTION('',(1.,0.,0.));
#3886 = ADVANCED_FACE('',(#3887),#3890,.F.);
#3887 = FACE_BOUND('',#3888,.F.);
#3888 = EDGE_LOOP('',(#3889));
#3889 = ORIENTED_EDGE('',*,*,#2519,.T.);
#3890 = PLANE('',#3891);
#3891 = AXIS2_PLACEMENT_3D('',#3892,#3893,#3894);
#3892 = CARTESIAN_POINT('',(114.3,-32.125,0.));
#3893 = DIRECTION('',(0.,0.,1.));
#3894 = DIRECTION('',(1.,0.,0.));
#3895 = ADVANCED_FACE('',(#3896),#3899,.F.);
#3896 = FACE_BOUND('',#3897,.F.);
#3897 = EDGE_LOOP('',(#3898));
#3898 = ORIENTED_EDGE('',*,*,#2544,.T.);
#3899 = PLANE('',#3900);
#3900 = AXIS2_PLACEMENT_3D('',#3901,#3902,#3903);
#3901 = CARTESIAN_POINT('',(114.3,-32.125,0.));
#3902 = DIRECTION('',(0.,0.,1.));
#3903 = DIRECTION('',(1.,0.,0.));
#3904 = ADVANCED_FACE('',(#3905,#3975),#3985,.F.);
#3905 = FACE_BOUND('',#3906,.F.);
#3906 = EDGE_LOOP('',(#3907,#3917,#3926,#3934,#3943,#3951,#3960,#3968));
#3907 = ORIENTED_EDGE('',*,*,#3908,.F.);
#3908 = EDGE_CURVE('',#3909,#3911,#3913,.T.);
#3909 = VERTEX_POINT('',#3910);
#3910 = CARTESIAN_POINT('',(9.15390201976E-18,1.6,4.));
#3911 = VERTEX_POINT('',#3912);
#3912 = CARTESIAN_POINT('',(228.6,1.6,4.));
#3913 = LINE('',#3914,#3915);
#3914 = CARTESIAN_POINT('',(0.,1.6,4.));
#3915 = VECTOR('',#3916,1.);
#3916 = DIRECTION('',(1.,-7.479192729321E-17,0.));
#3917 = ORIENTED_EDGE('',*,*,#3918,.T.);
#3918 = EDGE_CURVE('',#3909,#3919,#3921,.T.);
#3919 = VERTEX_POINT('',#3920);
#3920 = CARTESIAN_POINT('',(-1.6,5.813977431136E-17,4.));
#3921 = CIRCLE('',#3922,1.6);
#3922 = AXIS2_PLACEMENT_3D('',#3923,#3924,#3925);
#3923 = CARTESIAN_POINT('',(1.105769785982E-25,8.574321872125E-25,4.));
#3924 = DIRECTION('',(-0.,0.,1.));
#3925 = DIRECTION('',(1.110223024625E-16,-1.,0.));
#3926 = ORIENTED_EDGE('',*,*,#3927,.F.);
#3927 = EDGE_CURVE('',#3928,#3919,#3930,.T.);
#3928 = VERTEX_POINT('',#3929);
#3929 = CARTESIAN_POINT('',(-1.6,-76.2,4.));
#3930 = LINE('',#3931,#3932);
#3931 = CARTESIAN_POINT('',(-1.6,-76.2,4.));
#3932 = VECTOR('',#3933,1.);
#3933 = DIRECTION('',(0.,1.,0.));
#3934 = ORIENTED_EDGE('',*,*,#3935,.T.);
#3935 = EDGE_CURVE('',#3928,#3936,#3938,.T.);
#3936 = VERTEX_POINT('',#3937);
#3937 = CARTESIAN_POINT('',(-1.469576093746E-16,-77.8,4.));
#3938 = CIRCLE('',#3939,1.6);
#3939 = AXIS2_PLACEMENT_3D('',#3940,#3941,#3942);
#3940 = CARTESIAN_POINT('',(1.105769785982E-25,-76.2,4.));
#3941 = DIRECTION('',(0.,0.,1.));
#3942 = DIRECTION('',(1.,0.,0.));
#3943 = ORIENTED_EDGE('',*,*,#3944,.F.);
#3944 = EDGE_CURVE('',#3945,#3936,#3947,.T.);
#3945 = VERTEX_POINT('',#3946);
#3946 = CARTESIAN_POINT('',(228.6,-77.8,4.));
#3947 = LINE('',#3948,#3949);
#3948 = CARTESIAN_POINT('',(228.6,-77.8,4.));
#3949 = VECTOR('',#3950,1.);
#3950 = DIRECTION('',(-1.,-6.216471878916E-17,0.));
#3951 = ORIENTED_EDGE('',*,*,#3952,.T.);
#3952 = EDGE_CURVE('',#3945,#3953,#3955,.T.);
#3953 = VERTEX_POINT('',#3954);
#3954 = CARTESIAN_POINT('',(230.2,-76.2,4.));
#3955 = CIRCLE('',#3956,1.6);
#3956 = AXIS2_PLACEMENT_3D('',#3957,#3958,#3959);
#3957 = CARTESIAN_POINT('',(228.6,-76.2,4.));
#3958 = DIRECTION('',(0.,-0.,1.));
#3959 = DIRECTION('',(1.110223024625E-16,1.,0.));
#3960 = ORIENTED_EDGE('',*,*,#3961,.F.);
#3961 = EDGE_CURVE('',#3962,#3953,#3964,.T.);
#3962 = VERTEX_POINT('',#3963);
#3963 = CARTESIAN_POINT('',(230.2,8.574321882288E-25,4.));
#3964 = LINE('',#3965,#3966);
#3965 = CARTESIAN_POINT('',(230.2,0.,4.));
#3966 = VECTOR('',#3967,1.);
#3967 = DIRECTION('',(0.,-1.,0.));
#3968 = ORIENTED_EDGE('',*,*,#3969,.T.);
#3969 = EDGE_CURVE('',#3962,#3911,#3970,.T.);
#3970 = CIRCLE('',#3971,1.6);
#3971 = AXIS2_PLACEMENT_3D('',#3972,#3973,#3974);
#3972 = CARTESIAN_POINT('',(228.6,8.574321872125E-25,4.));
#3973 = DIRECTION('',(0.,0.,1.));
#3974 = DIRECTION('',(-1.,-1.224646799147E-16,0.));
#3975 = FACE_BOUND('',#3976,.F.);
#3976 = EDGE_LOOP('',(#3977,#3978,#3979,#3980,#3981,#3982,#3983,#3984));
#3977 = ORIENTED_EDGE('',*,*,#2738,.F.);
#3978 = ORIENTED_EDGE('',*,*,#2903,.F.);
#3979 = ORIENTED_EDGE('',*,*,#2885,.F.);
#3980 = ORIENTED_EDGE('',*,*,#2861,.F.);
#3981 = ORIENTED_EDGE('',*,*,#2836,.F.);
#3982 = ORIENTED_EDGE('',*,*,#2812,.F.);
#3983 = ORIENTED_EDGE('',*,*,#2787,.F.);
#3984 = ORIENTED_EDGE('',*,*,#2763,.F.);
#3985 = PLANE('',#3986);
#3986 = AXIS2_PLACEMENT_3D('',#3987,#3988,#3989);
#3987 = CARTESIAN_POINT('',(114.3,-38.1,4.));
#3988 = DIRECTION('',(0.,0.,1.));
#3989 = DIRECTION('',(1.,0.,0.));
#3990 = ADVANCED_FACE('',(#3991),#4011,.T.);
#3991 = FACE_BOUND('',#3992,.T.);
#3992 = EDGE_LOOP('',(#3993,#3999,#4000,#4001,#4002,#4003,#4004,#4010));
#3993 = ORIENTED_EDGE('',*,*,#3994,.F.);
#3994 = EDGE_CURVE('',#3013,#3928,#3995,.T.);
#3995 = LINE('',#3996,#3997);
#3996 = CARTESIAN_POINT('',(-1.6,-76.2,0.));
#3997 = VECTOR('',#3998,1.);
#3998 = DIRECTION('',(0.,0.,1.));
#3999 = ORIENTED_EDGE('',*,*,#3021,.F.);
#4000 = ORIENTED_EDGE('',*,*,#3045,.F.);
#4001 = ORIENTED_EDGE('',*,*,#2917,.T.);
#4002 = ORIENTED_EDGE('',*,*,#3831,.T.);
#4003 = ORIENTED_EDGE('',*,*,#3771,.F.);
#4004 = ORIENTED_EDGE('',*,*,#4005,.F.);
#4005 = EDGE_CURVE('',#3919,#3772,#4006,.T.);
#4006 = LINE('',#4007,#4008);
#4007 = CARTESIAN_POINT('',(-1.6,5.81397763135E-17,0.));
#4008 = VECTOR('',#4009,1.);
#4009 = DIRECTION('',(-0.,-0.,-1.));
#4010 = ORIENTED_EDGE('',*,*,#3927,.F.);
#4011 = PLANE('',#4012);
#4012 = AXIS2_PLACEMENT_3D('',#4013,#4014,#4015);
#4013 = CARTESIAN_POINT('',(-1.6,-38.1,1.131811853255));
#4014 = DIRECTION('',(1.,0.,-3.246481570868E-16));
#4015 = DIRECTION('',(3.246481570868E-16,0.,1.));
#4016 = ADVANCED_FACE('',(#4017),#4043,.F.);
#4017 = FACE_BOUND('',#4018,.T.);
#4018 = EDGE_LOOP('',(#4019,#4027,#4036,#4042));
#4019 = ORIENTED_EDGE('',*,*,#4020,.T.);
#4020 = EDGE_CURVE('',#2949,#4021,#4023,.T.);
#4021 = VERTEX_POINT('',#4022);
#4022 = CARTESIAN_POINT('',(-2.125,-13.1,0.5));
#4023 = LINE('',#4024,#4025);
#4024 = CARTESIAN_POINT('',(-2.125,-13.1,0.));
#4025 = VECTOR('',#4026,1.);
#4026 = DIRECTION('',(0.,0.,1.));
#4027 = ORIENTED_EDGE('',*,*,#4028,.T.);
#4028 = EDGE_CURVE('',#4021,#4029,#4031,.T.);
#4029 = VERTEX_POINT('',#4030);
#4030 = CARTESIAN_POINT('',(-4.125,-13.1,0.5));
#4031 = CIRCLE('',#4032,1.);
#4032 = AXIS2_PLACEMENT_3D('',#4033,#4034,#4035);
#4033 = CARTESIAN_POINT('',(-3.125,-13.1,0.5));
#4034 = DIRECTION('',(0.,0.,1.));
#4035 = DIRECTION('',(1.,0.,0.));
#4036 = ORIENTED_EDGE('',*,*,#4037,.F.);
#4037 = EDGE_CURVE('',#2951,#4029,#4038,.T.);
#4038 = LINE('',#4039,#4040);
#4039 = CARTESIAN_POINT('',(-4.125,-13.1,0.));
#4040 = VECTOR('',#4041,1.);
#4041 = DIRECTION('',(0.,0.,1.));
#4042 = ORIENTED_EDGE('',*,*,#2948,.F.);
#4043 = CYLINDRICAL_SURFACE('',#4044,1.);
#4044 = AXIS2_PLACEMENT_3D('',#4045,#4046,#4047);
#4045 = CARTESIAN_POINT('',(-3.125,-13.1,0.));
#4046 = DIRECTION('',(-0.,-0.,-1.));
#4047 = DIRECTION('',(1.,0.,0.));
#4048 = ADVANCED_FACE('',(#4049),#4067,.T.);
#4049 = FACE_BOUND('',#4050,.T.);
#4050 = EDGE_LOOP('',(#4051,#4052,#4060,#4066));
#4051 = ORIENTED_EDGE('',*,*,#4037,.T.);
#4052 = ORIENTED_EDGE('',*,*,#4053,.T.);
#4053 = EDGE_CURVE('',#4029,#4054,#4056,.T.);
#4054 = VERTEX_POINT('',#4055);
#4055 = CARTESIAN_POINT('',(-4.125,-63.1,0.5));
#4056 = LINE('',#4057,#4058);
#4057 = CARTESIAN_POINT('',(-4.125,-13.1,0.5));
#4058 = VECTOR('',#4059,1.);
#4059 = DIRECTION('',(-1.172395514004E-15,-1.,0.));
#4060 = ORIENTED_EDGE('',*,*,#4061,.F.);
#4061 = EDGE_CURVE('',#2968,#4054,#4062,.T.);
#4062 = LINE('',#4063,#4064);
#4063 = CARTESIAN_POINT('',(-4.125,-63.1,0.));
#4064 = VECTOR('',#4065,1.);
#4065 = DIRECTION('',(0.,0.,1.));
#4066 = ORIENTED_EDGE('',*,*,#2976,.F.);
#4067 = PLANE('',#4068);
#4068 = AXIS2_PLACEMENT_3D('',#4069,#4070,#4071);
#4069 = CARTESIAN_POINT('',(-4.125,-13.1,0.));
#4070 = DIRECTION('',(1.,-1.172395514004E-15,0.));
#4071 = DIRECTION('',(-1.172395514004E-15,-1.,0.));
#4072 = ADVANCED_FACE('',(#4073),#4092,.F.);
#4073 = FACE_BOUND('',#4074,.T.);
#4074 = EDGE_LOOP('',(#4075,#4076,#4085,#4091));
#4075 = ORIENTED_EDGE('',*,*,#4061,.T.);
#4076 = ORIENTED_EDGE('',*,*,#4077,.T.);
#4077 = EDGE_CURVE('',#4054,#4078,#4080,.T.);
#4078 = VERTEX_POINT('',#4079);
#4079 = CARTESIAN_POINT('',(-2.125,-63.1,0.5));
#4080 = CIRCLE('',#4081,1.);
#4081 = AXIS2_PLACEMENT_3D('',#4082,#4083,#4084);
#4082 = CARTESIAN_POINT('',(-3.125,-63.1,0.5));
#4083 = DIRECTION('',(0.,0.,1.));
#4084 = DIRECTION('',(1.,0.,0.));
#4085 = ORIENTED_EDGE('',*,*,#4086,.F.);
#4086 = EDGE_CURVE('',#2960,#4078,#4087,.T.);
#4087 = LINE('',#4088,#4089);
#4088 = CARTESIAN_POINT('',(-2.125,-63.1,0.));
#4089 = VECTOR('',#4090,1.);
#4090 = DIRECTION('',(0.,0.,1.));
#4091 = ORIENTED_EDGE('',*,*,#2967,.F.);
#4092 = CYLINDRICAL_SURFACE('',#4093,1.);
#4093 = AXIS2_PLACEMENT_3D('',#4094,#4095,#4096);
#4094 = CARTESIAN_POINT('',(-3.125,-63.1,0.));
#4095 = DIRECTION('',(-0.,-0.,-1.));
#4096 = DIRECTION('',(1.,0.,0.));
#4097 = ADVANCED_FACE('',(#4098),#4109,.F.);
#4098 = FACE_BOUND('',#4099,.F.);
#4099 = EDGE_LOOP('',(#4100,#4101,#4107,#4108));
#4100 = ORIENTED_EDGE('',*,*,#4020,.T.);
#4101 = ORIENTED_EDGE('',*,*,#4102,.T.);
#4102 = EDGE_CURVE('',#4021,#4078,#4103,.T.);
#4103 = LINE('',#4104,#4105);
#4104 = CARTESIAN_POINT('',(-2.125,-13.1,0.5));
#4105 = VECTOR('',#4106,1.);
#4106 = DIRECTION('',(-1.172395514004E-15,-1.,0.));
#4107 = ORIENTED_EDGE('',*,*,#4086,.F.);
#4108 = ORIENTED_EDGE('',*,*,#2959,.F.);
#4109 = PLANE('',#4110);
#4110 = AXIS2_PLACEMENT_3D('',#4111,#4112,#4113);
#4111 = CARTESIAN_POINT('',(-2.125,-13.1,0.));
#4112 = DIRECTION('',(1.,-1.172395514004E-15,0.));
#4113 = DIRECTION('',(-1.172395514004E-15,-1.,0.));
#4114 = ADVANCED_FACE('',(#4115),#4126,.F.);
#4115 = FACE_BOUND('',#4116,.T.);
#4116 = EDGE_LOOP('',(#4117,#4118,#4119,#4125));
#4117 = ORIENTED_EDGE('',*,*,#3994,.T.);
#4118 = ORIENTED_EDGE('',*,*,#3935,.T.);
#4119 = ORIENTED_EDGE('',*,*,#4120,.T.);
#4120 = EDGE_CURVE('',#3936,#3005,#4121,.T.);
#4121 = LINE('',#4122,#4123);
#4122 = CARTESIAN_POINT('',(-1.469576093746E-16,-77.8,0.));
#4123 = VECTOR('',#4124,1.);
#4124 = DIRECTION('',(-0.,-0.,-1.));
#4125 = ORIENTED_EDGE('',*,*,#3012,.F.);
#4126 = CYLINDRICAL_SURFACE('',#4127,1.6);
#4127 = AXIS2_PLACEMENT_3D('',#4128,#4129,#4130);
#4128 = CARTESIAN_POINT('',(1.105769785982E-25,-76.2,0.));
#4129 = DIRECTION('',(-0.,-0.,-1.));
#4130 = DIRECTION('',(1.,0.,0.));
#4131 = ADVANCED_FACE('',(#4132),#4151,.T.);
#4132 = FACE_BOUND('',#4133,.T.);
#4133 = EDGE_LOOP('',(#4134,#4140,#4141,#4142,#4143,#4144,#4145,#4146,
    #4147,#4148,#4149,#4150));
#4134 = ORIENTED_EDGE('',*,*,#4135,.F.);
#4135 = EDGE_CURVE('',#3313,#3945,#4136,.T.);
#4136 = LINE('',#4137,#4138);
#4137 = CARTESIAN_POINT('',(228.6,-77.8,0.));
#4138 = VECTOR('',#4139,1.);
#4139 = DIRECTION('',(0.,0.,1.));
#4140 = ORIENTED_EDGE('',*,*,#3321,.F.);
#4141 = ORIENTED_EDGE('',*,*,#3348,.F.);
#4142 = ORIENTED_EDGE('',*,*,#3203,.T.);
#4143 = ORIENTED_EDGE('',*,*,#3279,.T.);
#4144 = ORIENTED_EDGE('',*,*,#3162,.F.);
#4145 = ORIENTED_EDGE('',*,*,#3187,.F.);
#4146 = ORIENTED_EDGE('',*,*,#3061,.T.);
#4147 = ORIENTED_EDGE('',*,*,#3137,.T.);
#4148 = ORIENTED_EDGE('',*,*,#3004,.F.);
#4149 = ORIENTED_EDGE('',*,*,#4120,.F.);
#4150 = ORIENTED_EDGE('',*,*,#3944,.F.);
#4151 = PLANE('',#4152);
#4152 = AXIS2_PLACEMENT_3D('',#4153,#4154,#4155);
#4153 = CARTESIAN_POINT('',(114.3,-77.8,1.444622342721));
#4154 = DIRECTION('',(0.,1.,0.));
#4155 = DIRECTION('',(0.,0.,1.));
#4156 = ADVANCED_FACE('',(#4157),#4183,.F.);
#4157 = FACE_BOUND('',#4158,.T.);
#4158 = EDGE_LOOP('',(#4159,#4167,#4176,#4182));
#4159 = ORIENTED_EDGE('',*,*,#4160,.T.);
#4160 = EDGE_CURVE('',#3093,#4161,#4163,.T.);
#4161 = VERTEX_POINT('',#4162);
#4162 = CARTESIAN_POINT('',(13.15,-78.325,0.5));
#4163 = LINE('',#4164,#4165);
#4164 = CARTESIAN_POINT('',(13.15,-78.325,0.));
#4165 = VECTOR('',#4166,1.);
#4166 = DIRECTION('',(0.,0.,1.));
#4167 = ORIENTED_EDGE('',*,*,#4168,.T.);
#4168 = EDGE_CURVE('',#4161,#4169,#4171,.T.);
#4169 = VERTEX_POINT('',#4170);
#4170 = CARTESIAN_POINT('',(13.15,-80.325,0.5));
#4171 = CIRCLE('',#4172,1.);
#4172 = AXIS2_PLACEMENT_3D('',#4173,#4174,#4175);
#4173 = CARTESIAN_POINT('',(13.15,-79.325,0.5));
#4174 = DIRECTION('',(0.,0.,1.));
#4175 = DIRECTION('',(1.,0.,0.));
#4176 = ORIENTED_EDGE('',*,*,#4177,.F.);
#4177 = EDGE_CURVE('',#3095,#4169,#4178,.T.);
#4178 = LINE('',#4179,#4180);
#4179 = CARTESIAN_POINT('',(13.15,-80.325,0.));
#4180 = VECTOR('',#4181,1.);
#4181 = DIRECTION('',(0.,0.,1.));
#4182 = ORIENTED_EDGE('',*,*,#3092,.F.);
#4183 = CYLINDRICAL_SURFACE('',#4184,1.);
#4184 = AXIS2_PLACEMENT_3D('',#4185,#4186,#4187);
#4185 = CARTESIAN_POINT('',(13.15,-79.325,0.));
#4186 = DIRECTION('',(-0.,-0.,-1.));
#4187 = DIRECTION('',(1.,0.,0.));
#4188 = ADVANCED_FACE('',(#4189),#4207,.T.);
#4189 = FACE_BOUND('',#4190,.T.);
#4190 = EDGE_LOOP('',(#4191,#4192,#4200,#4206));
#4191 = ORIENTED_EDGE('',*,*,#4177,.T.);
#4192 = ORIENTED_EDGE('',*,*,#4193,.T.);
#4193 = EDGE_CURVE('',#4169,#4194,#4196,.T.);
#4194 = VERTEX_POINT('',#4195);
#4195 = CARTESIAN_POINT('',(101.15,-80.325,0.5));
#4196 = LINE('',#4197,#4198);
#4197 = CARTESIAN_POINT('',(13.15,-80.325,0.5));
#4198 = VECTOR('',#4199,1.);
#4199 = DIRECTION('',(1.,-2.422304781E-15,0.));
#4200 = ORIENTED_EDGE('',*,*,#4201,.F.);
#4201 = EDGE_CURVE('',#3112,#4194,#4202,.T.);
#4202 = LINE('',#4203,#4204);
#4203 = CARTESIAN_POINT('',(101.15,-80.325,0.));
#4204 = VECTOR('',#4205,1.);
#4205 = DIRECTION('',(0.,0.,1.));
#4206 = ORIENTED_EDGE('',*,*,#3120,.F.);
#4207 = PLANE('',#4208);
#4208 = AXIS2_PLACEMENT_3D('',#4209,#4210,#4211);
#4209 = CARTESIAN_POINT('',(13.15,-80.325,0.));
#4210 = DIRECTION('',(2.422304781E-15,1.,0.));
#4211 = DIRECTION('',(1.,-2.422304781E-15,0.));
#4212 = ADVANCED_FACE('',(#4213),#4232,.F.);
#4213 = FACE_BOUND('',#4214,.T.);
#4214 = EDGE_LOOP('',(#4215,#4216,#4225,#4231));
#4215 = ORIENTED_EDGE('',*,*,#4201,.T.);
#4216 = ORIENTED_EDGE('',*,*,#4217,.T.);
#4217 = EDGE_CURVE('',#4194,#4218,#4220,.T.);
#4218 = VERTEX_POINT('',#4219);
#4219 = CARTESIAN_POINT('',(101.15,-78.325,0.5));
#4220 = CIRCLE('',#4221,1.);
#4221 = AXIS2_PLACEMENT_3D('',#4222,#4223,#4224);
#4222 = CARTESIAN_POINT('',(101.15,-79.325,0.5));
#4223 = DIRECTION('',(0.,0.,1.));
#4224 = DIRECTION('',(1.,0.,0.));
#4225 = ORIENTED_EDGE('',*,*,#4226,.F.);
#4226 = EDGE_CURVE('',#3104,#4218,#4227,.T.);
#4227 = LINE('',#4228,#4229);
#4228 = CARTESIAN_POINT('',(101.15,-78.325,0.));
#4229 = VECTOR('',#4230,1.);
#4230 = DIRECTION('',(0.,0.,1.));
#4231 = ORIENTED_EDGE('',*,*,#3111,.F.);
#4232 = CYLINDRICAL_SURFACE('',#4233,1.);
#4233 = AXIS2_PLACEMENT_3D('',#4234,#4235,#4236);
#4234 = CARTESIAN_POINT('',(101.15,-79.325,0.));
#4235 = DIRECTION('',(-0.,-0.,-1.));
#4236 = DIRECTION('',(1.,0.,0.));
#4237 = ADVANCED_FACE('',(#4238),#4249,.F.);
#4238 = FACE_BOUND('',#4239,.F.);
#4239 = EDGE_LOOP('',(#4240,#4241,#4247,#4248));
#4240 = ORIENTED_EDGE('',*,*,#4160,.T.);
#4241 = ORIENTED_EDGE('',*,*,#4242,.T.);
#4242 = EDGE_CURVE('',#4161,#4218,#4243,.T.);
#4243 = LINE('',#4244,#4245);
#4244 = CARTESIAN_POINT('',(13.15,-78.325,0.5));
#4245 = VECTOR('',#4246,1.);
#4246 = DIRECTION('',(1.,-2.422304781E-15,0.));
#4247 = ORIENTED_EDGE('',*,*,#4226,.F.);
#4248 = ORIENTED_EDGE('',*,*,#3103,.F.);
#4249 = PLANE('',#4250);
#4250 = AXIS2_PLACEMENT_3D('',#4251,#4252,#4253);
#4251 = CARTESIAN_POINT('',(13.15,-78.325,0.));
#4252 = DIRECTION('',(2.422304781E-15,1.,0.));
#4253 = DIRECTION('',(1.,-2.422304781E-15,0.));
#4254 = ADVANCED_FACE('',(#4255),#4281,.F.);
#4255 = FACE_BOUND('',#4256,.T.);
#4256 = EDGE_LOOP('',(#4257,#4265,#4274,#4280));
#4257 = ORIENTED_EDGE('',*,*,#4258,.T.);
#4258 = EDGE_CURVE('',#3235,#4259,#4261,.T.);
#4259 = VERTEX_POINT('',#4260);
#4260 = CARTESIAN_POINT('',(127.45,-78.325,0.5));
#4261 = LINE('',#4262,#4263);
#4262 = CARTESIAN_POINT('',(127.45,-78.325,0.));
#4263 = VECTOR('',#4264,1.);
#4264 = DIRECTION('',(0.,0.,1.));
#4265 = ORIENTED_EDGE('',*,*,#4266,.T.);
#4266 = EDGE_CURVE('',#4259,#4267,#4269,.T.);
#4267 = VERTEX_POINT('',#4268);
#4268 = CARTESIAN_POINT('',(127.45,-80.325,0.5));
#4269 = CIRCLE('',#4270,1.);
#4270 = AXIS2_PLACEMENT_3D('',#4271,#4272,#4273);
#4271 = CARTESIAN_POINT('',(127.45,-79.325,0.5));
#4272 = DIRECTION('',(0.,0.,1.));
#4273 = DIRECTION('',(1.,0.,0.));
#4274 = ORIENTED_EDGE('',*,*,#4275,.F.);
#4275 = EDGE_CURVE('',#3237,#4267,#4276,.T.);
#4276 = LINE('',#4277,#4278);
#4277 = CARTESIAN_POINT('',(127.45,-80.325,0.));
#4278 = VECTOR('',#4279,1.);
#4279 = DIRECTION('',(0.,0.,1.));
#4280 = ORIENTED_EDGE('',*,*,#3234,.F.);
#4281 = CYLINDRICAL_SURFACE('',#4282,1.);
#4282 = AXIS2_PLACEMENT_3D('',#4283,#4284,#4285);
#4283 = CARTESIAN_POINT('',(127.45,-79.325,0.));
#4284 = DIRECTION('',(-0.,-0.,-1.));
#4285 = DIRECTION('',(1.,0.,0.));
#4286 = ADVANCED_FACE('',(#4287),#4305,.T.);
#4287 = FACE_BOUND('',#4288,.T.);
#4288 = EDGE_LOOP('',(#4289,#4290,#4298,#4304));
#4289 = ORIENTED_EDGE('',*,*,#4275,.T.);
#4290 = ORIENTED_EDGE('',*,*,#4291,.T.);
#4291 = EDGE_CURVE('',#4267,#4292,#4294,.T.);
#4292 = VERTEX_POINT('',#4293);
#4293 = CARTESIAN_POINT('',(215.45,-80.325,0.5));
#4294 = LINE('',#4295,#4296);
#4295 = CARTESIAN_POINT('',(127.45,-80.325,0.5));
#4296 = VECTOR('',#4297,1.);
#4297 = DIRECTION('',(1.,0.,0.));
#4298 = ORIENTED_EDGE('',*,*,#4299,.F.);
#4299 = EDGE_CURVE('',#3254,#4292,#4300,.T.);
#4300 = LINE('',#4301,#4302);
#4301 = CARTESIAN_POINT('',(215.45,-80.325,0.));
#4302 = VECTOR('',#4303,1.);
#4303 = DIRECTION('',(0.,0.,1.));
#4304 = ORIENTED_EDGE('',*,*,#3262,.F.);
#4305 = PLANE('',#4306);
#4306 = AXIS2_PLACEMENT_3D('',#4307,#4308,#4309);
#4307 = CARTESIAN_POINT('',(127.45,-80.325,0.));
#4308 = DIRECTION('',(0.,1.,0.));
#4309 = DIRECTION('',(1.,0.,0.));
#4310 = ADVANCED_FACE('',(#4311),#4330,.F.);
#4311 = FACE_BOUND('',#4312,.T.);
#4312 = EDGE_LOOP('',(#4313,#4314,#4323,#4329));
#4313 = ORIENTED_EDGE('',*,*,#4299,.T.);
#4314 = ORIENTED_EDGE('',*,*,#4315,.T.);
#4315 = EDGE_CURVE('',#4292,#4316,#4318,.T.);
#4316 = VERTEX_POINT('',#4317);
#4317 = CARTESIAN_POINT('',(215.45,-78.325,0.5));
#4318 = CIRCLE('',#4319,1.);
#4319 = AXIS2_PLACEMENT_3D('',#4320,#4321,#4322);
#4320 = CARTESIAN_POINT('',(215.45,-79.325,0.5));
#4321 = DIRECTION('',(0.,0.,1.));
#4322 = DIRECTION('',(1.,0.,0.));
#4323 = ORIENTED_EDGE('',*,*,#4324,.F.);
#4324 = EDGE_CURVE('',#3246,#4316,#4325,.T.);
#4325 = LINE('',#4326,#4327);
#4326 = CARTESIAN_POINT('',(215.45,-78.325,0.));
#4327 = VECTOR('',#4328,1.);
#4328 = DIRECTION('',(0.,0.,1.));
#4329 = ORIENTED_EDGE('',*,*,#3253,.F.);
#4330 = CYLINDRICAL_SURFACE('',#4331,1.);
#4331 = AXIS2_PLACEMENT_3D('',#4332,#4333,#4334);
#4332 = CARTESIAN_POINT('',(215.45,-79.325,0.));
#4333 = DIRECTION('',(-0.,-0.,-1.));
#4334 = DIRECTION('',(1.,0.,0.));
#4335 = ADVANCED_FACE('',(#4336),#4347,.F.);
#4336 = FACE_BOUND('',#4337,.F.);
#4337 = EDGE_LOOP('',(#4338,#4339,#4345,#4346));
#4338 = ORIENTED_EDGE('',*,*,#4258,.T.);
#4339 = ORIENTED_EDGE('',*,*,#4340,.T.);
#4340 = EDGE_CURVE('',#4259,#4316,#4341,.T.);
#4341 = LINE('',#4342,#4343);
#4342 = CARTESIAN_POINT('',(127.45,-78.325,0.5));
#4343 = VECTOR('',#4344,1.);
#4344 = DIRECTION('',(1.,0.,0.));
#4345 = ORIENTED_EDGE('',*,*,#4324,.F.);
#4346 = ORIENTED_EDGE('',*,*,#3245,.F.);
#4347 = PLANE('',#4348);
#4348 = AXIS2_PLACEMENT_3D('',#4349,#4350,#4351);
#4349 = CARTESIAN_POINT('',(127.45,-78.325,0.));
#4350 = DIRECTION('',(0.,1.,0.));
#4351 = DIRECTION('',(1.,0.,0.));
#4352 = ADVANCED_FACE('',(#4353),#4364,.F.);
#4353 = FACE_BOUND('',#4354,.T.);
#4354 = EDGE_LOOP('',(#4355,#4356,#4357,#4363));
#4355 = ORIENTED_EDGE('',*,*,#4135,.T.);
#4356 = ORIENTED_EDGE('',*,*,#3952,.T.);
#4357 = ORIENTED_EDGE('',*,*,#4358,.T.);
#4358 = EDGE_CURVE('',#3953,#3305,#4359,.T.);
#4359 = LINE('',#4360,#4361);
#4360 = CARTESIAN_POINT('',(230.2,-76.2,0.));
#4361 = VECTOR('',#4362,1.);
#4362 = DIRECTION('',(-0.,-0.,-1.));
#4363 = ORIENTED_EDGE('',*,*,#3312,.F.);
#4364 = CYLINDRICAL_SURFACE('',#4365,1.6);
#4365 = AXIS2_PLACEMENT_3D('',#4366,#4367,#4368);
#4366 = CARTESIAN_POINT('',(228.6,-76.2,0.));
#4367 = DIRECTION('',(0.,0.,-1.));
#4368 = DIRECTION('',(1.110223024625E-16,1.,0.));
#4369 = ADVANCED_FACE('',(#4370),#4385,.T.);
#4370 = FACE_BOUND('',#4371,.T.);
#4371 = EDGE_LOOP('',(#4372,#4378,#4379,#4380,#4381,#4382,#4383,#4384));
#4372 = ORIENTED_EDGE('',*,*,#4373,.F.);
#4373 = EDGE_CURVE('',#3475,#3962,#4374,.T.);
#4374 = LINE('',#4375,#4376);
#4375 = CARTESIAN_POINT('',(230.2,8.574321882288E-25,0.));
#4376 = VECTOR('',#4377,1.);
#4377 = DIRECTION('',(0.,0.,1.));
#4378 = ORIENTED_EDGE('',*,*,#3483,.F.);
#4379 = ORIENTED_EDGE('',*,*,#3509,.F.);
#4380 = ORIENTED_EDGE('',*,*,#3373,.T.);
#4381 = ORIENTED_EDGE('',*,*,#3440,.T.);
#4382 = ORIENTED_EDGE('',*,*,#3304,.F.);
#4383 = ORIENTED_EDGE('',*,*,#4358,.F.);
#4384 = ORIENTED_EDGE('',*,*,#3961,.F.);
#4385 = PLANE('',#4386);
#4386 = AXIS2_PLACEMENT_3D('',#4387,#4388,#4389);
#4387 = CARTESIAN_POINT('',(230.2,-38.1,1.131811853255));
#4388 = DIRECTION('',(-1.,-0.,-5.106736630819E-16));
#4389 = DIRECTION('',(5.106736630819E-16,0.,-1.));
#4390 = ADVANCED_FACE('',(#4391),#4417,.F.);
#4391 = FACE_BOUND('',#4392,.T.);
#4392 = EDGE_LOOP('',(#4393,#4401,#4410,#4416));
#4393 = ORIENTED_EDGE('',*,*,#4394,.T.);
#4394 = EDGE_CURVE('',#3396,#4395,#4397,.T.);
#4395 = VERTEX_POINT('',#4396);
#4396 = CARTESIAN_POINT('',(232.725,-13.1,0.5));
#4397 = LINE('',#4398,#4399);
#4398 = CARTESIAN_POINT('',(232.725,-13.1,0.));
#4399 = VECTOR('',#4400,1.);
#4400 = DIRECTION('',(0.,0.,1.));
#4401 = ORIENTED_EDGE('',*,*,#4402,.T.);
#4402 = EDGE_CURVE('',#4395,#4403,#4405,.T.);
#4403 = VERTEX_POINT('',#4404);
#4404 = CARTESIAN_POINT('',(230.725,-13.1,0.5));
#4405 = CIRCLE('',#4406,1.);
#4406 = AXIS2_PLACEMENT_3D('',#4407,#4408,#4409);
#4407 = CARTESIAN_POINT('',(231.725,-13.1,0.5));
#4408 = DIRECTION('',(0.,0.,1.));
#4409 = DIRECTION('',(1.,0.,0.));
#4410 = ORIENTED_EDGE('',*,*,#4411,.F.);
#4411 = EDGE_CURVE('',#3398,#4403,#4412,.T.);
#4412 = LINE('',#4413,#4414);
#4413 = CARTESIAN_POINT('',(230.725,-13.1,0.));
#4414 = VECTOR('',#4415,1.);
#4415 = DIRECTION('',(0.,0.,1.));
#4416 = ORIENTED_EDGE('',*,*,#3395,.F.);
#4417 = CYLINDRICAL_SURFACE('',#4418,1.);
#4418 = AXIS2_PLACEMENT_3D('',#4419,#4420,#4421);
#4419 = CARTESIAN_POINT('',(231.725,-13.1,0.));
#4420 = DIRECTION('',(-0.,-0.,-1.));
#4421 = DIRECTION('',(1.,0.,0.));
#4422 = ADVANCED_FACE('',(#4423),#4441,.T.);
#4423 = FACE_BOUND('',#4424,.T.);
#4424 = EDGE_LOOP('',(#4425,#4426,#4434,#4440));
#4425 = ORIENTED_EDGE('',*,*,#4411,.T.);
#4426 = ORIENTED_EDGE('',*,*,#4427,.T.);
#4427 = EDGE_CURVE('',#4403,#4428,#4430,.T.);
#4428 = VERTEX_POINT('',#4429);
#4429 = CARTESIAN_POINT('',(230.725,-63.1,0.5));
#4430 = LINE('',#4431,#4432);
#4431 = CARTESIAN_POINT('',(230.725,-13.1,0.5));
#4432 = VECTOR('',#4433,1.);
#4433 = DIRECTION('',(1.080024958355E-14,-1.,0.));
#4434 = ORIENTED_EDGE('',*,*,#4435,.F.);
#4435 = EDGE_CURVE('',#3415,#4428,#4436,.T.);
#4436 = LINE('',#4437,#4438);
#4437 = CARTESIAN_POINT('',(230.725,-63.1,0.));
#4438 = VECTOR('',#4439,1.);
#4439 = DIRECTION('',(0.,0.,1.));
#4440 = ORIENTED_EDGE('',*,*,#3423,.F.);
#4441 = PLANE('',#4442);
#4442 = AXIS2_PLACEMENT_3D('',#4443,#4444,#4445);
#4443 = CARTESIAN_POINT('',(230.725,-13.1,0.));
#4444 = DIRECTION('',(1.,1.080024958355E-14,0.));
#4445 = DIRECTION('',(1.080024958355E-14,-1.,0.));
#4446 = ADVANCED_FACE('',(#4447),#4466,.F.);
#4447 = FACE_BOUND('',#4448,.T.);
#4448 = EDGE_LOOP('',(#4449,#4450,#4459,#4465));
#4449 = ORIENTED_EDGE('',*,*,#4435,.T.);
#4450 = ORIENTED_EDGE('',*,*,#4451,.T.);
#4451 = EDGE_CURVE('',#4428,#4452,#4454,.T.);
#4452 = VERTEX_POINT('',#4453);
#4453 = CARTESIAN_POINT('',(232.725,-63.1,0.5));
#4454 = CIRCLE('',#4455,1.);
#4455 = AXIS2_PLACEMENT_3D('',#4456,#4457,#4458);
#4456 = CARTESIAN_POINT('',(231.725,-63.1,0.5));
#4457 = DIRECTION('',(0.,0.,1.));
#4458 = DIRECTION('',(1.,0.,0.));
#4459 = ORIENTED_EDGE('',*,*,#4460,.F.);
#4460 = EDGE_CURVE('',#3407,#4452,#4461,.T.);
#4461 = LINE('',#4462,#4463);
#4462 = CARTESIAN_POINT('',(232.725,-63.1,0.));
#4463 = VECTOR('',#4464,1.);
#4464 = DIRECTION('',(0.,0.,1.));
#4465 = ORIENTED_EDGE('',*,*,#3414,.F.);
#4466 = CYLINDRICAL_SURFACE('',#4467,1.);
#4467 = AXIS2_PLACEMENT_3D('',#4468,#4469,#4470);
#4468 = CARTESIAN_POINT('',(231.725,-63.1,0.));
#4469 = DIRECTION('',(-0.,-0.,-1.));
#4470 = DIRECTION('',(1.,0.,0.));
#4471 = ADVANCED_FACE('',(#4472),#4483,.F.);
#4472 = FACE_BOUND('',#4473,.F.);
#4473 = EDGE_LOOP('',(#4474,#4475,#4481,#4482));
#4474 = ORIENTED_EDGE('',*,*,#4394,.T.);
#4475 = ORIENTED_EDGE('',*,*,#4476,.T.);
#4476 = EDGE_CURVE('',#4395,#4452,#4477,.T.);
#4477 = LINE('',#4478,#4479);
#4478 = CARTESIAN_POINT('',(232.725,-13.1,0.5));
#4479 = VECTOR('',#4480,1.);
#4480 = DIRECTION('',(1.080024958355E-14,-1.,0.));
#4481 = ORIENTED_EDGE('',*,*,#4460,.F.);
#4482 = ORIENTED_EDGE('',*,*,#3406,.F.);
#4483 = PLANE('',#4484);
#4484 = AXIS2_PLACEMENT_3D('',#4485,#4486,#4487);
#4485 = CARTESIAN_POINT('',(232.725,-13.1,0.));
#4486 = DIRECTION('',(1.,1.080024958355E-14,0.));
#4487 = DIRECTION('',(1.080024958355E-14,-1.,0.));
#4488 = ADVANCED_FACE('',(#4489),#4500,.F.);
#4489 = FACE_BOUND('',#4490,.T.);
#4490 = EDGE_LOOP('',(#4491,#4492,#4493,#4499));
#4491 = ORIENTED_EDGE('',*,*,#4373,.T.);
#4492 = ORIENTED_EDGE('',*,*,#3969,.T.);
#4493 = ORIENTED_EDGE('',*,*,#4494,.T.);
#4494 = EDGE_CURVE('',#3911,#3467,#4495,.T.);
#4495 = LINE('',#4496,#4497);
#4496 = CARTESIAN_POINT('',(228.6,1.6,0.));
#4497 = VECTOR('',#4498,1.);
#4498 = DIRECTION('',(-0.,-0.,-1.));
#4499 = ORIENTED_EDGE('',*,*,#3474,.F.);
#4500 = CYLINDRICAL_SURFACE('',#4501,1.6);
#4501 = AXIS2_PLACEMENT_3D('',#4502,#4503,#4504);
#4502 = CARTESIAN_POINT('',(228.6,8.574321872125E-25,0.));
#4503 = DIRECTION('',(-0.,-0.,-1.));
#4504 = DIRECTION('',(-1.,-1.224646799147E-16,0.));
#4505 = ADVANCED_FACE('',(#4506),#4525,.T.);
#4506 = FACE_BOUND('',#4507,.T.);
#4507 = EDGE_LOOP('',(#4508,#4514,#4515,#4516,#4517,#4518,#4519,#4520,
    #4521,#4522,#4523,#4524));
#4508 = ORIENTED_EDGE('',*,*,#4509,.F.);
#4509 = EDGE_CURVE('',#3780,#3909,#4510,.T.);
#4510 = LINE('',#4511,#4512);
#4511 = CARTESIAN_POINT('',(9.15390201976E-18,1.6,0.));
#4512 = VECTOR('',#4513,1.);
#4513 = DIRECTION('',(0.,0.,1.));
#4514 = ORIENTED_EDGE('',*,*,#3788,.F.);
#4515 = ORIENTED_EDGE('',*,*,#3812,.F.);
#4516 = ORIENTED_EDGE('',*,*,#3676,.T.);
#4517 = ORIENTED_EDGE('',*,*,#3743,.T.);
#4518 = ORIENTED_EDGE('',*,*,#3627,.F.);
#4519 = ORIENTED_EDGE('',*,*,#3651,.F.);
#4520 = ORIENTED_EDGE('',*,*,#3534,.T.);
#4521 = ORIENTED_EDGE('',*,*,#3601,.T.);
#4522 = ORIENTED_EDGE('',*,*,#3466,.F.);
#4523 = ORIENTED_EDGE('',*,*,#4494,.F.);
#4524 = ORIENTED_EDGE('',*,*,#3908,.F.);
#4525 = PLANE('',#4526);
#4526 = AXIS2_PLACEMENT_3D('',#4527,#4528,#4529);
#4527 = CARTESIAN_POINT('',(114.3,1.6,1.26946959323));
#4528 = DIRECTION('',(0.,-1.,4.718730241871E-16));
#4529 = DIRECTION('',(0.,-4.718730241871E-16,-1.));
#4530 = ADVANCED_FACE('',(#4531),#4557,.F.);
#4531 = FACE_BOUND('',#4532,.T.);
#4532 = EDGE_LOOP('',(#4533,#4541,#4550,#4556));
#4533 = ORIENTED_EDGE('',*,*,#4534,.T.);
#4534 = EDGE_CURVE('',#3557,#4535,#4537,.T.);
#4535 = VERTEX_POINT('',#4536);
#4536 = CARTESIAN_POINT('',(137.45,4.125,0.5));
#4537 = LINE('',#4538,#4539);
#4538 = CARTESIAN_POINT('',(137.45,4.125,0.));
#4539 = VECTOR('',#4540,1.);
#4540 = DIRECTION('',(0.,0.,1.));
#4541 = ORIENTED_EDGE('',*,*,#4542,.T.);
#4542 = EDGE_CURVE('',#4535,#4543,#4545,.T.);
#4543 = VERTEX_POINT('',#4544);
#4544 = CARTESIAN_POINT('',(137.45,2.125,0.5));
#4545 = CIRCLE('',#4546,1.);
#4546 = AXIS2_PLACEMENT_3D('',#4547,#4548,#4549);
#4547 = CARTESIAN_POINT('',(137.45,3.125,0.5));
#4548 = DIRECTION('',(0.,0.,1.));
#4549 = DIRECTION('',(1.,0.,0.));
#4550 = ORIENTED_EDGE('',*,*,#4551,.F.);
#4551 = EDGE_CURVE('',#3559,#4543,#4552,.T.);
#4552 = LINE('',#4553,#4554);
#4553 = CARTESIAN_POINT('',(137.45,2.125,0.));
#4554 = VECTOR('',#4555,1.);
#4555 = DIRECTION('',(0.,0.,1.));
#4556 = ORIENTED_EDGE('',*,*,#3556,.F.);
#4557 = CYLINDRICAL_SURFACE('',#4558,1.);
#4558 = AXIS2_PLACEMENT_3D('',#4559,#4560,#4561);
#4559 = CARTESIAN_POINT('',(137.45,3.125,0.));
#4560 = DIRECTION('',(-0.,-0.,-1.));
#4561 = DIRECTION('',(1.,0.,0.));
#4562 = ADVANCED_FACE('',(#4563),#4581,.T.);
#4563 = FACE_BOUND('',#4564,.T.);
#4564 = EDGE_LOOP('',(#4565,#4566,#4574,#4580));
#4565 = ORIENTED_EDGE('',*,*,#4551,.T.);
#4566 = ORIENTED_EDGE('',*,*,#4567,.T.);
#4567 = EDGE_CURVE('',#4543,#4568,#4570,.T.);
#4568 = VERTEX_POINT('',#4569);
#4569 = CARTESIAN_POINT('',(215.45,2.125,0.5));
#4570 = LINE('',#4571,#4572);
#4571 = CARTESIAN_POINT('',(137.45,2.125,0.5));
#4572 = VECTOR('',#4573,1.);
#4573 = DIRECTION('',(1.,0.,0.));
#4574 = ORIENTED_EDGE('',*,*,#4575,.F.);
#4575 = EDGE_CURVE('',#3576,#4568,#4576,.T.);
#4576 = LINE('',#4577,#4578);
#4577 = CARTESIAN_POINT('',(215.45,2.125,0.));
#4578 = VECTOR('',#4579,1.);
#4579 = DIRECTION('',(0.,0.,1.));
#4580 = ORIENTED_EDGE('',*,*,#3584,.F.);
#4581 = PLANE('',#4582);
#4582 = AXIS2_PLACEMENT_3D('',#4583,#4584,#4585);
#4583 = CARTESIAN_POINT('',(137.45,2.125,0.));
#4584 = DIRECTION('',(0.,1.,0.));
#4585 = DIRECTION('',(1.,0.,0.));
#4586 = ADVANCED_FACE('',(#4587),#4606,.F.);
#4587 = FACE_BOUND('',#4588,.T.);
#4588 = EDGE_LOOP('',(#4589,#4590,#4599,#4605));
#4589 = ORIENTED_EDGE('',*,*,#4575,.T.);
#4590 = ORIENTED_EDGE('',*,*,#4591,.T.);
#4591 = EDGE_CURVE('',#4568,#4592,#4594,.T.);
#4592 = VERTEX_POINT('',#4593);
#4593 = CARTESIAN_POINT('',(215.45,4.125,0.5));
#4594 = CIRCLE('',#4595,1.);
#4595 = AXIS2_PLACEMENT_3D('',#4596,#4597,#4598);
#4596 = CARTESIAN_POINT('',(215.45,3.125,0.5));
#4597 = DIRECTION('',(0.,0.,1.));
#4598 = DIRECTION('',(1.,0.,0.));
#4599 = ORIENTED_EDGE('',*,*,#4600,.F.);
#4600 = EDGE_CURVE('',#3568,#4592,#4601,.T.);
#4601 = LINE('',#4602,#4603);
#4602 = CARTESIAN_POINT('',(215.45,4.125,0.));
#4603 = VECTOR('',#4604,1.);
#4604 = DIRECTION('',(0.,0.,1.));
#4605 = ORIENTED_EDGE('',*,*,#3575,.F.);
#4606 = CYLINDRICAL_SURFACE('',#4607,1.);
#4607 = AXIS2_PLACEMENT_3D('',#4608,#4609,#4610);
#4608 = CARTESIAN_POINT('',(215.45,3.125,0.));
#4609 = DIRECTION('',(-0.,-0.,-1.));
#4610 = DIRECTION('',(1.,0.,0.));
#4611 = ADVANCED_FACE('',(#4612),#4623,.F.);
#4612 = FACE_BOUND('',#4613,.F.);
#4613 = EDGE_LOOP('',(#4614,#4615,#4621,#4622));
#4614 = ORIENTED_EDGE('',*,*,#4534,.T.);
#4615 = ORIENTED_EDGE('',*,*,#4616,.T.);
#4616 = EDGE_CURVE('',#4535,#4592,#4617,.T.);
#4617 = LINE('',#4618,#4619);
#4618 = CARTESIAN_POINT('',(137.45,4.125,0.5));
#4619 = VECTOR('',#4620,1.);
#4620 = DIRECTION('',(1.,0.,0.));
#4621 = ORIENTED_EDGE('',*,*,#4600,.F.);
#4622 = ORIENTED_EDGE('',*,*,#3567,.F.);
#4623 = PLANE('',#4624);
#4624 = AXIS2_PLACEMENT_3D('',#4625,#4626,#4627);
#4625 = CARTESIAN_POINT('',(137.45,4.125,0.));
#4626 = DIRECTION('',(0.,1.,0.));
#4627 = DIRECTION('',(1.,0.,0.));
#4628 = ADVANCED_FACE('',(#4629),#4655,.F.);
#4629 = FACE_BOUND('',#4630,.T.);
#4630 = EDGE_LOOP('',(#4631,#4639,#4648,#4654));
#4631 = ORIENTED_EDGE('',*,*,#4632,.T.);
#4632 = EDGE_CURVE('',#3699,#4633,#4635,.T.);
#4633 = VERTEX_POINT('',#4634);
#4634 = CARTESIAN_POINT('',(13.15,4.125,0.5));
#4635 = LINE('',#4636,#4637);
#4636 = CARTESIAN_POINT('',(13.15,4.125,0.));
#4637 = VECTOR('',#4638,1.);
#4638 = DIRECTION('',(0.,0.,1.));
#4639 = ORIENTED_EDGE('',*,*,#4640,.T.);
#4640 = EDGE_CURVE('',#4633,#4641,#4643,.T.);
#4641 = VERTEX_POINT('',#4642);
#4642 = CARTESIAN_POINT('',(13.15,2.125,0.5));
#4643 = CIRCLE('',#4644,1.);
#4644 = AXIS2_PLACEMENT_3D('',#4645,#4646,#4647);
#4645 = CARTESIAN_POINT('',(13.15,3.125,0.5));
#4646 = DIRECTION('',(0.,0.,1.));
#4647 = DIRECTION('',(1.,0.,0.));
#4648 = ORIENTED_EDGE('',*,*,#4649,.F.);
#4649 = EDGE_CURVE('',#3701,#4641,#4650,.T.);
#4650 = LINE('',#4651,#4652);
#4651 = CARTESIAN_POINT('',(13.15,2.125,0.));
#4652 = VECTOR('',#4653,1.);
#4653 = DIRECTION('',(0.,0.,1.));
#4654 = ORIENTED_EDGE('',*,*,#3698,.F.);
#4655 = CYLINDRICAL_SURFACE('',#4656,1.);
#4656 = AXIS2_PLACEMENT_3D('',#4657,#4658,#4659);
#4657 = CARTESIAN_POINT('',(13.15,3.125,0.));
#4658 = DIRECTION('',(-0.,-0.,-1.));
#4659 = DIRECTION('',(1.,0.,0.));
#4660 = ADVANCED_FACE('',(#4661),#4679,.T.);
#4661 = FACE_BOUND('',#4662,.T.);
#4662 = EDGE_LOOP('',(#4663,#4664,#4672,#4678));
#4663 = ORIENTED_EDGE('',*,*,#4649,.T.);
#4664 = ORIENTED_EDGE('',*,*,#4665,.T.);
#4665 = EDGE_CURVE('',#4641,#4666,#4668,.T.);
#4666 = VERTEX_POINT('',#4667);
#4667 = CARTESIAN_POINT('',(91.15,2.125,0.5));
#4668 = LINE('',#4669,#4670);
#4669 = CARTESIAN_POINT('',(13.15,2.125,0.5));
#4670 = VECTOR('',#4671,1.);
#4671 = DIRECTION('',(1.,0.,0.));
#4672 = ORIENTED_EDGE('',*,*,#4673,.F.);
#4673 = EDGE_CURVE('',#3718,#4666,#4674,.T.);
#4674 = LINE('',#4675,#4676);
#4675 = CARTESIAN_POINT('',(91.15,2.125,0.));
#4676 = VECTOR('',#4677,1.);
#4677 = DIRECTION('',(0.,0.,1.));
#4678 = ORIENTED_EDGE('',*,*,#3726,.F.);
#4679 = PLANE('',#4680);
#4680 = AXIS2_PLACEMENT_3D('',#4681,#4682,#4683);
#4681 = CARTESIAN_POINT('',(13.15,2.125,0.));
#4682 = DIRECTION('',(0.,1.,0.));
#4683 = DIRECTION('',(1.,0.,0.));
#4684 = ADVANCED_FACE('',(#4685),#4704,.F.);
#4685 = FACE_BOUND('',#4686,.T.);
#4686 = EDGE_LOOP('',(#4687,#4688,#4697,#4703));
#4687 = ORIENTED_EDGE('',*,*,#4673,.T.);
#4688 = ORIENTED_EDGE('',*,*,#4689,.T.);
#4689 = EDGE_CURVE('',#4666,#4690,#4692,.T.);
#4690 = VERTEX_POINT('',#4691);
#4691 = CARTESIAN_POINT('',(91.15,4.125,0.5));
#4692 = CIRCLE('',#4693,1.);
#4693 = AXIS2_PLACEMENT_3D('',#4694,#4695,#4696);
#4694 = CARTESIAN_POINT('',(91.15,3.125,0.5));
#4695 = DIRECTION('',(0.,0.,1.));
#4696 = DIRECTION('',(1.,0.,0.));
#4697 = ORIENTED_EDGE('',*,*,#4698,.F.);
#4698 = EDGE_CURVE('',#3710,#4690,#4699,.T.);
#4699 = LINE('',#4700,#4701);
#4700 = CARTESIAN_POINT('',(91.15,4.125,0.));
#4701 = VECTOR('',#4702,1.);
#4702 = DIRECTION('',(0.,0.,1.));
#4703 = ORIENTED_EDGE('',*,*,#3717,.F.);
#4704 = CYLINDRICAL_SURFACE('',#4705,1.);
#4705 = AXIS2_PLACEMENT_3D('',#4706,#4707,#4708);
#4706 = CARTESIAN_POINT('',(91.15,3.125,0.));
#4707 = DIRECTION('',(-0.,-0.,-1.));
#4708 = DIRECTION('',(1.,0.,0.));
#4709 = ADVANCED_FACE('',(#4710),#4721,.F.);
#4710 = FACE_BOUND('',#4711,.F.);
#4711 = EDGE_LOOP('',(#4712,#4713,#4719,#4720));
#4712 = ORIENTED_EDGE('',*,*,#4632,.T.);
#4713 = ORIENTED_EDGE('',*,*,#4714,.T.);
#4714 = EDGE_CURVE('',#4633,#4690,#4715,.T.);
#4715 = LINE('',#4716,#4717);
#4716 = CARTESIAN_POINT('',(13.15,4.125,0.5));
#4717 = VECTOR('',#4718,1.);
#4718 = DIRECTION('',(1.,0.,0.));
#4719 = ORIENTED_EDGE('',*,*,#4698,.F.);
#4720 = ORIENTED_EDGE('',*,*,#3709,.F.);
#4721 = PLANE('',#4722);
#4722 = AXIS2_PLACEMENT_3D('',#4723,#4724,#4725);
#4723 = CARTESIAN_POINT('',(13.15,4.125,0.));
#4724 = DIRECTION('',(0.,1.,0.));
#4725 = DIRECTION('',(1.,0.,0.));
#4726 = ADVANCED_FACE('',(#4727),#4733,.F.);
#4727 = FACE_BOUND('',#4728,.T.);
#4728 = EDGE_LOOP('',(#4729,#4730,#4731,#4732));
#4729 = ORIENTED_EDGE('',*,*,#4509,.T.);
#4730 = ORIENTED_EDGE('',*,*,#3918,.T.);
#4731 = ORIENTED_EDGE('',*,*,#4005,.T.);
#4732 = ORIENTED_EDGE('',*,*,#3779,.F.);
#4733 = CYLINDRICAL_SURFACE('',#4734,1.6);
#4734 = AXIS2_PLACEMENT_3D('',#4735,#4736,#4737);
#4735 = CARTESIAN_POINT('',(1.105769785982E-25,8.574321872125E-25,0.));
#4736 = DIRECTION('',(0.,0.,-1.));
#4737 = DIRECTION('',(1.110223024625E-16,-1.,0.));
#4738 = ADVANCED_FACE('',(#4739),#4745,.F.);
#4739 = FACE_BOUND('',#4740,.F.);
#4740 = EDGE_LOOP('',(#4741,#4742,#4743,#4744));
#4741 = ORIENTED_EDGE('',*,*,#4028,.T.);
#4742 = ORIENTED_EDGE('',*,*,#4053,.T.);
#4743 = ORIENTED_EDGE('',*,*,#4077,.T.);
#4744 = ORIENTED_EDGE('',*,*,#4102,.F.);
#4745 = PLANE('',#4746);
#4746 = AXIS2_PLACEMENT_3D('',#4747,#4748,#4749);
#4747 = CARTESIAN_POINT('',(114.3,-39.93222222222,0.5));
#4748 = DIRECTION('',(0.,0.,1.));
#4749 = DIRECTION('',(1.,0.,0.));
#4750 = ADVANCED_FACE('',(#4751),#4757,.F.);
#4751 = FACE_BOUND('',#4752,.F.);
#4752 = EDGE_LOOP('',(#4753,#4754,#4755,#4756));
#4753 = ORIENTED_EDGE('',*,*,#4168,.T.);
#4754 = ORIENTED_EDGE('',*,*,#4193,.T.);
#4755 = ORIENTED_EDGE('',*,*,#4217,.T.);
#4756 = ORIENTED_EDGE('',*,*,#4242,.F.);
#4757 = PLANE('',#4758);
#4758 = AXIS2_PLACEMENT_3D('',#4759,#4760,#4761);
#4759 = CARTESIAN_POINT('',(114.3,-39.93222222222,0.5));
#4760 = DIRECTION('',(0.,0.,1.));
#4761 = DIRECTION('',(1.,0.,0.));
#4762 = ADVANCED_FACE('',(#4763),#4769,.F.);
#4763 = FACE_BOUND('',#4764,.F.);
#4764 = EDGE_LOOP('',(#4765,#4766,#4767,#4768));
#4765 = ORIENTED_EDGE('',*,*,#4266,.T.);
#4766 = ORIENTED_EDGE('',*,*,#4291,.T.);
#4767 = ORIENTED_EDGE('',*,*,#4315,.T.);
#4768 = ORIENTED_EDGE('',*,*,#4340,.F.);
#4769 = PLANE('',#4770);
#4770 = AXIS2_PLACEMENT_3D('',#4771,#4772,#4773);
#4771 = CARTESIAN_POINT('',(114.3,-39.93222222222,0.5));
#4772 = DIRECTION('',(0.,0.,1.));
#4773 = DIRECTION('',(1.,0.,0.));
#4774 = ADVANCED_FACE('',(#4775),#4781,.F.);
#4775 = FACE_BOUND('',#4776,.F.);
#4776 = EDGE_LOOP('',(#4777,#4778,#4779,#4780));
#4777 = ORIENTED_EDGE('',*,*,#4402,.T.);
#4778 = ORIENTED_EDGE('',*,*,#4427,.T.);
#4779 = ORIENTED_EDGE('',*,*,#4451,.T.);
#4780 = ORIENTED_EDGE('',*,*,#4476,.F.);
#4781 = PLANE('',#4782);
#4782 = AXIS2_PLACEMENT_3D('',#4783,#4784,#4785);
#4783 = CARTESIAN_POINT('',(114.3,-39.93222222222,0.5));
#4784 = DIRECTION('',(0.,0.,1.));
#4785 = DIRECTION('',(1.,0.,0.));
#4786 = ADVANCED_FACE('',(#4787),#4793,.F.);
#4787 = FACE_BOUND('',#4788,.F.);
#4788 = EDGE_LOOP('',(#4789,#4790,#4791,#4792));
#4789 = ORIENTED_EDGE('',*,*,#4542,.T.);
#4790 = ORIENTED_EDGE('',*,*,#4567,.T.);
#4791 = ORIENTED_EDGE('',*,*,#4591,.T.);
#4792 = ORIENTED_EDGE('',*,*,#4616,.F.);
#4793 = PLANE('',#4794);
#4794 = AXIS2_PLACEMENT_3D('',#4795,#4796,#4797);
#4795 = CARTESIAN_POINT('',(114.3,-39.93222222222,0.5));
#4796 = DIRECTION('',(0.,0.,1.));
#4797 = DIRECTION('',(1.,0.,0.));
#4798 = ADVANCED_FACE('',(#4799),#4805,.F.);
#4799 = FACE_BOUND('',#4800,.F.);
#4800 = EDGE_LOOP('',(#4801,#4802,#4803,#4804));
#4801 = ORIENTED_EDGE('',*,*,#4640,.T.);
#4802 = ORIENTED_EDGE('',*,*,#4665,.T.);
#4803 = ORIENTED_EDGE('',*,*,#4689,.T.);
#4804 = ORIENTED_EDGE('',*,*,#4714,.F.);
#4805 = PLANE('',#4806);
#4806 = AXIS2_PLACEMENT_3D('',#4807,#4808,#4809);
#4807 = CARTESIAN_POINT('',(114.3,-39.93222222222,0.5));
#4808 = DIRECTION('',(0.,0.,1.));
#4809 = DIRECTION('',(1.,0.,0.));
#4810 = ( GEOMETRIC_REPRESENTATION_CONTEXT(3) 
GLOBAL_UNCERTAINTY_ASSIGNED_CONTEXT((#4814)) 
GLOBAL_UNIT_ASSIGNED_CONTEXT((#4811,#4812,#4813)) REPRESENTATION_CONTEXT
('Context #1','3D Context with UNIT and UNCERTAINTY') );
#4811 = ( LENGTH_UNIT() NAMED_UNIT(*) SI_UNIT(.MILLI.,.METRE.) );
#4812 = ( NAMED_UNIT(*) PLANE_ANGLE_UNIT() SI_UNIT($,.RADIAN.) );
#4813 = ( NAMED_UNIT(*) SI_UNIT($,.STERADIAN.) SOLID_ANGLE_UNIT() );
#4814 = UNCERTAINTY_MEASURE_WITH_UNIT(LENGTH_MEASURE(2.E-05),#4811,
  'distance_accuracy_value','confusion accuracy');
#4815 = PRODUCT_RELATED_PRODUCT_CATEGORY('part',$,(#7));
#4816 = MECHANICAL_DESIGN_GEOMETRIC_PRESENTATION_REPRESENTATION('',(
    #4817),#4810);
#4817 = STYLED_ITEM('color',(#4818),#15);
#4818 = PRESENTATION_STYLE_ASSIGNMENT((#4819,#4825));
#4819 = SURFACE_STYLE_USAGE(.BOTH.,#4820);
#4820 = SURFACE_SIDE_STYLE('',(#4821));
#4821 = SURFACE_STYLE_FILL_AREA(#4822);
#4822 = FILL_AREA_STYLE('',(#4823));
#4823 = FILL_AREA_STYLE_COLOUR('',#4824);
#4824 = COLOUR_RGB('',0.301960791261,0.301960791261,0.301960791261);
#4825 = CURVE_STYLE('',#4826,POSITIVE_LENGTH_MEASURE(0.1),#4827);
#4826 = DRAUGHTING_PRE_DEFINED_CURVE_FONT('continuous');
#4827 = COLOUR_RGB('',8.235294228292E-02,8.235294228292E-02,
  8.627451068925E-02);
ENDSEC;
END-ISO-10303-21;
