ISO-10303-21;
HEADER;
FILE_DESCRIPTION(('FreeCAD Model'),'2;1');
FILE_NAME('Open CASCADE Shape Model','2026-06-07T21:39:22',(''),(''),
  'Open CASCADE STEP processor 7.8','FreeCAD','Unknown');
FILE_SCHEMA(('AUTOMOTIVE_DESIGN { 1 0 10303 214 1 1 1 1 }'));
ENDSEC;
DATA;
#1 = APPLICATION_PROTOCOL_DEFINITION('international standard',
  'automotive_design',2000,#2);
#2 = APPLICATION_CONTEXT(
  'core data for automotive mechanical design processes');
#3 = SHAPE_DEFINITION_REPRESENTATION(#4,#10);
#4 = PRODUCT_DEFINITION_SHAPE('','',#5);
#5 = PRODUCT_DEFINITION('design','',#6,#9);
#6 = PRODUCT_DEFINITION_FORMATION('','',#7);
#7 = PRODUCT('bottom-plate','bottom-plate','',(#8));
#8 = PRODUCT_CONTEXT('',#2,'mechanical');
#9 = PRODUCT_DEFINITION_CONTEXT('part definition',#2,'design');
#10 = ADVANCED_BREP_SHAPE_REPRESENTATION('',(#11,#15),#3083);
#11 = AXIS2_PLACEMENT_3D('',#12,#13,#14);
#12 = CARTESIAN_POINT('',(0.,0.,0.));
#13 = DIRECTION('',(0.,0.,1.));
#14 = DIRECTION('',(1.,0.,-0.));
#15 = MANIFOLD_SOLID_BREP('',#16);
#16 = CLOSED_SHELL('',(#17,#59,#90,#123,#154,#187,#218,#251,#273,#359,
    #422,#447,#567,#592,#648,#673,#793,#811,#861,#885,#945,#969,#1012,
    #1062,#1086,#1146,#1170,#1194,#1218,#1278,#1302,#1326,#1350,#1410,
    #1427,#1477,#1501,#1561,#1578,#1602,#1662,#1686,#1710,#1734,#1794,
    #1818,#1842,#1866,#1926,#1943,#1978,#2003,#2039,#2071,#2095,#2120,
    #2137,#2180,#2198,#2233,#2251,#2283,#2307,#2332,#2349,#2381,#2405,
    #2430,#2447,#2479,#2503,#2528,#2545,#2563,#2595,#2619,#2644,#2661,
    #2693,#2717,#2742,#2759,#2791,#2815,#2840,#2857,#2889,#2913,#2938,
    #2955,#2971,#2983,#2995,#3007,#3019,#3031,#3043,#3055,#3067));
#17 = ADVANCED_FACE('',(#18),#54,.T.);
#18 = FACE_BOUND('',#19,.T.);
#19 = EDGE_LOOP('',(#20,#30,#39,#47));
#20 = ORIENTED_EDGE('',*,*,#21,.T.);
#21 = EDGE_CURVE('',#22,#24,#26,.T.);
#22 = VERTEX_POINT('',#23);
#23 = CARTESIAN_POINT('',(234.6,1.500000000016,-1.83697019874E-16));
#24 = VERTEX_POINT('',#25);
#25 = CARTESIAN_POINT('',(234.6,1.500000000016,6.334593406996));
#26 = LINE('',#27,#28);
#27 = CARTESIAN_POINT('',(234.6,1.500000000016,-1.83697019874E-16));
#28 = VECTOR('',#29,1.);
#29 = DIRECTION('',(0.,1.224646799147E-16,1.));
#30 = ORIENTED_EDGE('',*,*,#31,.T.);
#31 = EDGE_CURVE('',#24,#32,#34,.T.);
#32 = VERTEX_POINT('',#33);
#33 = CARTESIAN_POINT('',(241.10000000001,-5.,6.05079727809));
#34 = ELLIPSE('',#35,6.506192453577,6.500000000016);
#35 = AXIS2_PLACEMENT_3D('',#36,#37,#38);
#36 = CARTESIAN_POINT('',(234.6,-5.,6.05079727809));
#37 = DIRECTION('',(2.699776901633E-18,4.361938736534E-02,
    -0.999048221582));
#38 = DIRECTION('',(-6.183505718807E-17,-0.999048221582,
    -4.361938736534E-02));
#39 = ORIENTED_EDGE('',*,*,#40,.F.);
#40 = EDGE_CURVE('',#41,#32,#43,.T.);
#41 = VERTEX_POINT('',#42);
#42 = CARTESIAN_POINT('',(241.10000000001,-5.,6.123233995737E-16));
#43 = LINE('',#44,#45);
#44 = CARTESIAN_POINT('',(241.10000000001,-5.,6.123233995737E-16));
#45 = VECTOR('',#46,1.);
#46 = DIRECTION('',(0.,1.224646799147E-16,1.));
#47 = ORIENTED_EDGE('',*,*,#48,.F.);
#48 = EDGE_CURVE('',#22,#41,#49,.T.);
#49 = CIRCLE('',#50,6.500000000016);
#50 = AXIS2_PLACEMENT_3D('',#51,#52,#53);
#51 = CARTESIAN_POINT('',(234.6,-5.,6.123233995737E-16));
#52 = DIRECTION('',(0.,-1.224646799147E-16,-1.));
#53 = DIRECTION('',(1.,0.,0.));
#54 = CYLINDRICAL_SURFACE('',#55,6.500000000016);
#55 = AXIS2_PLACEMENT_3D('',#56,#57,#58);
#56 = CARTESIAN_POINT('',(234.6,-5.,6.123233995737E-16));
#57 = DIRECTION('',(0.,-1.224646799147E-16,-1.));
#58 = DIRECTION('',(1.,0.,0.));
#59 = ADVANCED_FACE('',(#60),#85,.T.);
#60 = FACE_BOUND('',#61,.T.);
#61 = EDGE_LOOP('',(#62,#63,#71,#79));
#62 = ORIENTED_EDGE('',*,*,#40,.T.);
#63 = ORIENTED_EDGE('',*,*,#64,.T.);
#64 = EDGE_CURVE('',#32,#65,#67,.T.);
#65 = VERTEX_POINT('',#66);
#66 = CARTESIAN_POINT('',(241.10000000001,-82.1170049222,2.683796128906)
  );
#67 = LINE('',#68,#69);
#68 = CARTESIAN_POINT('',(241.10000000001,-24.43253451839,5.202354497914
    ));
#69 = VECTOR('',#70,1.);
#70 = DIRECTION('',(0.,-0.999048221582,-4.361938736534E-02));
#71 = ORIENTED_EDGE('',*,*,#72,.F.);
#72 = EDGE_CURVE('',#73,#65,#75,.T.);
#73 = VERTEX_POINT('',#74);
#74 = CARTESIAN_POINT('',(241.10000000001,-82.1170049222,
    1.005643272335E-14));
#75 = LINE('',#76,#77);
#76 = CARTESIAN_POINT('',(241.10000000001,-82.1170049222,
    1.005643272335E-14));
#77 = VECTOR('',#78,1.);
#78 = DIRECTION('',(0.,1.224646799147E-16,1.));
#79 = ORIENTED_EDGE('',*,*,#80,.F.);
#80 = EDGE_CURVE('',#41,#73,#81,.T.);
#81 = LINE('',#82,#83);
#82 = CARTESIAN_POINT('',(241.10000000001,-5.,6.123233995737E-16));
#83 = VECTOR('',#84,1.);
#84 = DIRECTION('',(0.,-1.,1.224646799147E-16));
#85 = PLANE('',#86);
#86 = AXIS2_PLACEMENT_3D('',#87,#88,#89);
#87 = CARTESIAN_POINT('',(241.10000000001,-5.,6.123233995737E-16));
#88 = DIRECTION('',(1.,0.,0.));
#89 = DIRECTION('',(0.,-1.,1.224646799147E-16));
#90 = ADVANCED_FACE('',(#91),#118,.T.);
#91 = FACE_BOUND('',#92,.T.);
#92 = EDGE_LOOP('',(#93,#94,#103,#111));
#93 = ORIENTED_EDGE('',*,*,#72,.T.);
#94 = ORIENTED_EDGE('',*,*,#95,.T.);
#95 = EDGE_CURVE('',#65,#96,#98,.T.);
#96 = VERTEX_POINT('',#97);
#97 = CARTESIAN_POINT('',(234.6,-88.61700492222,2.4));
#98 = ELLIPSE('',#99,6.506192453577,6.500000000016);
#99 = AXIS2_PLACEMENT_3D('',#100,#101,#102);
#100 = CARTESIAN_POINT('',(234.6,-82.1170049222,2.683796128906));
#101 = DIRECTION('',(2.699776901633E-18,4.361938736534E-02,
    -0.999048221582));
#102 = DIRECTION('',(-6.183505718807E-17,-0.999048221582,
    -4.361938736534E-02));
#103 = ORIENTED_EDGE('',*,*,#104,.F.);
#104 = EDGE_CURVE('',#105,#96,#107,.T.);
#105 = VERTEX_POINT('',#106);
#106 = CARTESIAN_POINT('',(234.6,-88.61700492222,1.08524531428E-14));
#107 = LINE('',#108,#109);
#108 = CARTESIAN_POINT('',(234.6,-88.61700492222,1.08524531428E-14));
#109 = VECTOR('',#110,1.);
#110 = DIRECTION('',(0.,1.224646799147E-16,1.));
#111 = ORIENTED_EDGE('',*,*,#112,.F.);
#112 = EDGE_CURVE('',#73,#105,#113,.T.);
#113 = CIRCLE('',#114,6.500000000016);
#114 = AXIS2_PLACEMENT_3D('',#115,#116,#117);
#115 = CARTESIAN_POINT('',(234.6,-82.1170049222,1.005643272335E-14));
#116 = DIRECTION('',(0.,-1.224646799147E-16,-1.));
#117 = DIRECTION('',(1.,0.,0.));
#118 = CYLINDRICAL_SURFACE('',#119,6.500000000016);
#119 = AXIS2_PLACEMENT_3D('',#120,#121,#122);
#120 = CARTESIAN_POINT('',(234.6,-82.1170049222,1.005643272335E-14));
#121 = DIRECTION('',(0.,-1.224646799147E-16,-1.));
#122 = DIRECTION('',(1.,0.,0.));
#123 = ADVANCED_FACE('',(#124),#149,.T.);
#124 = FACE_BOUND('',#125,.T.);
#125 = EDGE_LOOP('',(#126,#127,#135,#143));
#126 = ORIENTED_EDGE('',*,*,#104,.T.);
#127 = ORIENTED_EDGE('',*,*,#128,.T.);
#128 = EDGE_CURVE('',#96,#129,#131,.T.);
#129 = VERTEX_POINT('',#130);
#130 = CARTESIAN_POINT('',(5.,-88.61700492222,2.4));
#131 = LINE('',#132,#133);
#132 = CARTESIAN_POINT('',(177.2,-88.61700492222,2.4));
#133 = VECTOR('',#134,1.);
#134 = DIRECTION('',(-1.,6.189396652963E-17,0.));
#135 = ORIENTED_EDGE('',*,*,#136,.F.);
#136 = EDGE_CURVE('',#137,#129,#139,.T.);
#137 = VERTEX_POINT('',#138);
#138 = CARTESIAN_POINT('',(5.,-88.61700492222,1.08524531428E-14));
#139 = LINE('',#140,#141);
#140 = CARTESIAN_POINT('',(5.,-88.61700492222,1.08524531428E-14));
#141 = VECTOR('',#142,1.);
#142 = DIRECTION('',(0.,1.224646799147E-16,1.));
#143 = ORIENTED_EDGE('',*,*,#144,.F.);
#144 = EDGE_CURVE('',#105,#137,#145,.T.);
#145 = LINE('',#146,#147);
#146 = CARTESIAN_POINT('',(234.6,-88.61700492222,1.08524531428E-14));
#147 = VECTOR('',#148,1.);
#148 = DIRECTION('',(-1.,6.189396652963E-17,-7.579824799704E-33));
#149 = PLANE('',#150);
#150 = AXIS2_PLACEMENT_3D('',#151,#152,#153);
#151 = CARTESIAN_POINT('',(234.6,-88.61700492222,1.08524531428E-14));
#152 = DIRECTION('',(-6.189396652963E-17,-1.,1.224646799147E-16));
#153 = DIRECTION('',(-1.,6.189396652963E-17,-7.579824799704E-33));
#154 = ADVANCED_FACE('',(#155),#182,.T.);
#155 = FACE_BOUND('',#156,.T.);
#156 = EDGE_LOOP('',(#157,#158,#167,#175));
#157 = ORIENTED_EDGE('',*,*,#136,.T.);
#158 = ORIENTED_EDGE('',*,*,#159,.T.);
#159 = EDGE_CURVE('',#129,#160,#162,.T.);
#160 = VERTEX_POINT('',#161);
#161 = CARTESIAN_POINT('',(-1.500000000016,-82.1170049222,2.683796128906
    ));
#162 = ELLIPSE('',#163,6.506192453577,6.500000000016);
#163 = AXIS2_PLACEMENT_3D('',#164,#165,#166);
#164 = CARTESIAN_POINT('',(5.,-82.1170049222,2.683796128906));
#165 = DIRECTION('',(2.699776901633E-18,4.361938736534E-02,
    -0.999048221582));
#166 = DIRECTION('',(-6.183505718807E-17,-0.999048221582,
    -4.361938736534E-02));
#167 = ORIENTED_EDGE('',*,*,#168,.F.);
#168 = EDGE_CURVE('',#169,#160,#171,.T.);
#169 = VERTEX_POINT('',#170);
#170 = CARTESIAN_POINT('',(-1.500000000016,-82.1170049222,
    1.005643272335E-14));
#171 = LINE('',#172,#173);
#172 = CARTESIAN_POINT('',(-1.500000000016,-82.1170049222,
    1.005643272335E-14));
#173 = VECTOR('',#174,1.);
#174 = DIRECTION('',(0.,1.224646799147E-16,1.));
#175 = ORIENTED_EDGE('',*,*,#176,.F.);
#176 = EDGE_CURVE('',#137,#169,#177,.T.);
#177 = CIRCLE('',#178,6.500000000016);
#178 = AXIS2_PLACEMENT_3D('',#179,#180,#181);
#179 = CARTESIAN_POINT('',(5.,-82.1170049222,1.005643272335E-14));
#180 = DIRECTION('',(0.,-1.224646799147E-16,-1.));
#181 = DIRECTION('',(1.,0.,0.));
#182 = CYLINDRICAL_SURFACE('',#183,6.500000000016);
#183 = AXIS2_PLACEMENT_3D('',#184,#185,#186);
#184 = CARTESIAN_POINT('',(5.,-82.1170049222,1.005643272335E-14));
#185 = DIRECTION('',(0.,-1.224646799147E-16,-1.));
#186 = DIRECTION('',(1.,0.,0.));
#187 = ADVANCED_FACE('',(#188),#213,.T.);
#188 = FACE_BOUND('',#189,.T.);
#189 = EDGE_LOOP('',(#190,#191,#199,#207));
#190 = ORIENTED_EDGE('',*,*,#168,.T.);
#191 = ORIENTED_EDGE('',*,*,#192,.T.);
#192 = EDGE_CURVE('',#160,#193,#195,.T.);
#193 = VERTEX_POINT('',#194);
#194 = CARTESIAN_POINT('',(-1.5,-4.999999999999,6.05079727809));
#195 = LINE('',#196,#197);
#196 = CARTESIAN_POINT('',(-1.500000000012,-62.91767360799,
    3.522057037298));
#197 = VECTOR('',#198,1.);
#198 = DIRECTION('',(2.034950532219E-13,0.999048221582,
    4.361938736534E-02));
#199 = ORIENTED_EDGE('',*,*,#200,.F.);
#200 = EDGE_CURVE('',#201,#193,#203,.T.);
#201 = VERTEX_POINT('',#202);
#202 = CARTESIAN_POINT('',(-1.5,-4.999999999999,6.123233995736E-16));
#203 = LINE('',#204,#205);
#204 = CARTESIAN_POINT('',(-1.5,-4.999999999999,6.123233995736E-16));
#205 = VECTOR('',#206,1.);
#206 = DIRECTION('',(0.,1.224646799147E-16,1.));
#207 = ORIENTED_EDGE('',*,*,#208,.F.);
#208 = EDGE_CURVE('',#169,#201,#209,.T.);
#209 = LINE('',#210,#211);
#210 = CARTESIAN_POINT('',(-1.500000000016,-82.1170049222,
    1.005643272335E-14));
#211 = VECTOR('',#212,1.);
#212 = DIRECTION('',(2.036889199399E-13,1.,-1.224646799147E-16));
#213 = PLANE('',#214);
#214 = AXIS2_PLACEMENT_3D('',#215,#216,#217);
#215 = CARTESIAN_POINT('',(-1.500000000016,-82.1170049222,
    1.005643272335E-14));
#216 = DIRECTION('',(-1.,2.036889199399E-13,-2.494469838262E-29));
#217 = DIRECTION('',(2.036889199399E-13,1.,-1.224646799147E-16));
#218 = ADVANCED_FACE('',(#219),#246,.T.);
#219 = FACE_BOUND('',#220,.T.);
#220 = EDGE_LOOP('',(#221,#222,#231,#239));
#221 = ORIENTED_EDGE('',*,*,#200,.T.);
#222 = ORIENTED_EDGE('',*,*,#223,.T.);
#223 = EDGE_CURVE('',#193,#224,#226,.T.);
#224 = VERTEX_POINT('',#225);
#225 = CARTESIAN_POINT('',(5.000000000006,1.499999999999,6.334593406995)
  );
#226 = ELLIPSE('',#227,6.506192453562,6.5);
#227 = AXIS2_PLACEMENT_3D('',#228,#229,#230);
#228 = CARTESIAN_POINT('',(5.,-5.000000000001,6.05079727809));
#229 = DIRECTION('',(2.699776901633E-18,4.361938736534E-02,
    -0.999048221582));
#230 = DIRECTION('',(-6.183505718807E-17,-0.999048221582,
    -4.361938736534E-02));
#231 = ORIENTED_EDGE('',*,*,#232,.F.);
#232 = EDGE_CURVE('',#233,#224,#235,.T.);
#233 = VERTEX_POINT('',#234);
#234 = CARTESIAN_POINT('',(5.000000000006,1.499999999999,
    -1.83697019872E-16));
#235 = LINE('',#236,#237);
#236 = CARTESIAN_POINT('',(5.000000000006,1.499999999999,
    -1.83697019872E-16));
#237 = VECTOR('',#238,1.);
#238 = DIRECTION('',(0.,1.224646799147E-16,1.));
#239 = ORIENTED_EDGE('',*,*,#240,.F.);
#240 = EDGE_CURVE('',#201,#233,#241,.T.);
#241 = CIRCLE('',#242,6.5);
#242 = AXIS2_PLACEMENT_3D('',#243,#244,#245);
#243 = CARTESIAN_POINT('',(5.,-5.000000000001,6.123233995738E-16));
#244 = DIRECTION('',(0.,-1.224646799147E-16,-1.));
#245 = DIRECTION('',(1.,0.,0.));
#246 = CYLINDRICAL_SURFACE('',#247,6.5);
#247 = AXIS2_PLACEMENT_3D('',#248,#249,#250);
#248 = CARTESIAN_POINT('',(5.,-5.000000000001,6.123233995738E-16));
#249 = DIRECTION('',(0.,-1.224646799147E-16,-1.));
#250 = DIRECTION('',(1.,0.,0.));
#251 = ADVANCED_FACE('',(#252),#268,.T.);
#252 = FACE_BOUND('',#253,.T.);
#253 = EDGE_LOOP('',(#254,#255,#261,#262));
#254 = ORIENTED_EDGE('',*,*,#232,.T.);
#255 = ORIENTED_EDGE('',*,*,#256,.T.);
#256 = EDGE_CURVE('',#224,#24,#257,.T.);
#257 = LINE('',#258,#259);
#258 = CARTESIAN_POINT('',(62.400000000003,1.500000000003,6.334593406995
    ));
#259 = VECTOR('',#260,1.);
#260 = DIRECTION('',(1.,7.181924431859E-14,3.138398274865E-15));
#261 = ORIENTED_EDGE('',*,*,#21,.F.);
#262 = ORIENTED_EDGE('',*,*,#263,.F.);
#263 = EDGE_CURVE('',#233,#22,#264,.T.);
#264 = LINE('',#265,#266);
#265 = CARTESIAN_POINT('',(5.000000000006,1.499999999999,
    -1.83697019872E-16));
#266 = VECTOR('',#267,1.);
#267 = DIRECTION('',(1.,7.181924431859E-14,-8.795320767194E-30));
#268 = PLANE('',#269);
#269 = AXIS2_PLACEMENT_3D('',#270,#271,#272);
#270 = CARTESIAN_POINT('',(5.000000000006,1.499999999999,
    -1.83697019872E-16));
#271 = DIRECTION('',(-7.181924431859E-14,1.,-1.224646799147E-16));
#272 = DIRECTION('',(1.,7.181924431859E-14,-8.795320767194E-30));
#273 = ADVANCED_FACE('',(#274,#284),#354,.T.);
#274 = FACE_BOUND('',#275,.F.);
#275 = EDGE_LOOP('',(#276,#277,#278,#279,#280,#281,#282,#283));
#276 = ORIENTED_EDGE('',*,*,#31,.T.);
#277 = ORIENTED_EDGE('',*,*,#64,.T.);
#278 = ORIENTED_EDGE('',*,*,#95,.T.);
#279 = ORIENTED_EDGE('',*,*,#128,.T.);
#280 = ORIENTED_EDGE('',*,*,#159,.T.);
#281 = ORIENTED_EDGE('',*,*,#192,.T.);
#282 = ORIENTED_EDGE('',*,*,#223,.T.);
#283 = ORIENTED_EDGE('',*,*,#256,.T.);
#284 = FACE_BOUND('',#285,.T.);
#285 = EDGE_LOOP('',(#286,#296,#305,#313,#322,#330,#339,#347));
#286 = ORIENTED_EDGE('',*,*,#287,.T.);
#287 = EDGE_CURVE('',#288,#290,#292,.T.);
#288 = VERTEX_POINT('',#289);
#289 = CARTESIAN_POINT('',(-1.330047183501E-14,-82.1170049222,
    2.683796128906));
#290 = VERTEX_POINT('',#291);
#291 = CARTESIAN_POINT('',(-1.330047183501E-14,-5.000000000001,
    6.05079727809));
#292 = LINE('',#293,#294);
#293 = CARTESIAN_POINT('',(-1.330047183501E-14,-43.14084510613,
    4.385532017429));
#294 = VECTOR('',#295,1.);
#295 = DIRECTION('',(0.,0.999048221582,4.361938736534E-02));
#296 = ORIENTED_EDGE('',*,*,#297,.T.);
#297 = EDGE_CURVE('',#290,#298,#300,.T.);
#298 = VERTEX_POINT('',#299);
#299 = CARTESIAN_POINT('',(5.000041122835,-1.69904978975E-10,
    6.269101992625));
#300 = ELLIPSE('',#301,5.004763425817,5.);
#301 = AXIS2_PLACEMENT_3D('',#302,#303,#304);
#302 = CARTESIAN_POINT('',(5.,-5.000000000001,6.05079727809));
#303 = DIRECTION('',(2.699776901633E-18,4.361938736534E-02,
    -0.999048221582));
#304 = DIRECTION('',(-6.183505718807E-17,-0.999048221582,
    -4.361938736534E-02));
#305 = ORIENTED_EDGE('',*,*,#306,.T.);
#306 = EDGE_CURVE('',#298,#307,#309,.T.);
#307 = VERTEX_POINT('',#308);
#308 = CARTESIAN_POINT('',(234.6,3.801576726317E-15,6.269101992633));
#309 = LINE('',#310,#311);
#310 = CARTESIAN_POINT('',(59.900000000002,3.801576726317E-15,
    6.269101992633));
#311 = VECTOR('',#312,1.);
#312 = DIRECTION('',(1.,7.427503884131E-34,2.702348939031E-18));
#313 = ORIENTED_EDGE('',*,*,#314,.T.);
#314 = EDGE_CURVE('',#307,#315,#317,.T.);
#315 = VERTEX_POINT('',#316);
#316 = CARTESIAN_POINT('',(239.6,-5.000000609856,6.050797251463));
#317 = ELLIPSE('',#318,5.004763425817,5.);
#318 = AXIS2_PLACEMENT_3D('',#319,#320,#321);
#319 = CARTESIAN_POINT('',(234.6,-5.,6.05079727809));
#320 = DIRECTION('',(2.699776901633E-18,4.361938736534E-02,
    -0.999048221582));
#321 = DIRECTION('',(-6.183505718807E-17,-0.999048221582,
    -4.361938736534E-02));
#322 = ORIENTED_EDGE('',*,*,#323,.T.);
#323 = EDGE_CURVE('',#315,#324,#326,.T.);
#324 = VERTEX_POINT('',#325);
#325 = CARTESIAN_POINT('',(239.6,-82.1170049222,2.683796128906));
#326 = LINE('',#327,#328);
#327 = CARTESIAN_POINT('',(239.6,-43.14084510613,4.385532017429));
#328 = VECTOR('',#329,1.);
#329 = DIRECTION('',(0.,-0.999048221582,-4.361938736534E-02));
#330 = ORIENTED_EDGE('',*,*,#331,.T.);
#331 = EDGE_CURVE('',#324,#332,#334,.T.);
#332 = VERTEX_POINT('',#333);
#333 = CARTESIAN_POINT('',(234.59999987095,-87.1170049222,2.465491414363
    ));
#334 = ELLIPSE('',#335,5.004763425817,5.);
#335 = AXIS2_PLACEMENT_3D('',#336,#337,#338);
#336 = CARTESIAN_POINT('',(234.6,-82.1170049222,2.683796128906));
#337 = DIRECTION('',(2.699776901633E-18,4.361938736534E-02,
    -0.999048221582));
#338 = DIRECTION('',(-6.183505718807E-17,-0.999048221582,
    -4.361938736534E-02));
#339 = ORIENTED_EDGE('',*,*,#340,.T.);
#340 = EDGE_CURVE('',#332,#341,#343,.T.);
#341 = VERTEX_POINT('',#342);
#342 = CARTESIAN_POINT('',(5.,-87.1170049222,2.465491414363));
#343 = LINE('',#344,#345);
#344 = CARTESIAN_POINT('',(59.900000000002,-87.1170049222,2.465491414363
    ));
#345 = VECTOR('',#346,1.);
#346 = DIRECTION('',(-1.,-0.,-2.702348939031E-18));
#347 = ORIENTED_EDGE('',*,*,#348,.T.);
#348 = EDGE_CURVE('',#341,#288,#349,.T.);
#349 = ELLIPSE('',#350,5.004763425817,5.);
#350 = AXIS2_PLACEMENT_3D('',#351,#352,#353);
#351 = CARTESIAN_POINT('',(5.,-82.1170049222,2.683796128906));
#352 = DIRECTION('',(2.699776901633E-18,4.361938736534E-02,
    -0.999048221582));
#353 = DIRECTION('',(-6.183505718807E-17,-0.999048221582,
    -4.361938736534E-02));
#354 = PLANE('',#355);
#355 = AXIS2_PLACEMENT_3D('',#356,#357,#358);
#356 = CARTESIAN_POINT('',(119.8,-43.6013881713,4.365424272953));
#357 = DIRECTION('',(-2.699776901633E-18,-4.361938736534E-02,
    0.999048221582));
#358 = DIRECTION('',(1.,-5.890934155611E-20,2.699776901633E-18));
#359 = ADVANCED_FACE('',(#360),#417,.F.);
#360 = FACE_BOUND('',#361,.F.);
#361 = EDGE_LOOP('',(#362,#363,#371,#379,#387,#395,#403,#411));
#362 = ORIENTED_EDGE('',*,*,#287,.T.);
#363 = ORIENTED_EDGE('',*,*,#364,.T.);
#364 = EDGE_CURVE('',#290,#365,#367,.T.);
#365 = VERTEX_POINT('',#366);
#366 = CARTESIAN_POINT('',(0.,-5.,11.585305858698));
#367 = LINE('',#368,#369);
#368 = CARTESIAN_POINT('',(0.,-5.,3.749399456655E-32));
#369 = VECTOR('',#370,1.);
#370 = DIRECTION('',(0.,0.,1.));
#371 = ORIENTED_EDGE('',*,*,#372,.F.);
#372 = EDGE_CURVE('',#373,#365,#375,.T.);
#373 = VERTEX_POINT('',#374);
#374 = CARTESIAN_POINT('',(0.,-13.28081897307,11.223757494786));
#375 = LINE('',#376,#377);
#376 = CARTESIAN_POINT('',(0.,-87.1170049222,8.));
#377 = VECTOR('',#378,1.);
#378 = DIRECTION('',(0.,0.999048221585,4.361938730428E-02));
#379 = ORIENTED_EDGE('',*,*,#380,.T.);
#380 = EDGE_CURVE('',#373,#381,#383,.T.);
#381 = VERTEX_POINT('',#382);
#382 = CARTESIAN_POINT('',(0.,-13.19358019847,9.225661051617));
#383 = LINE('',#384,#385);
#384 = CARTESIAN_POINT('',(0.,-13.28081897307,11.223757494786));
#385 = VECTOR('',#386,1.);
#386 = DIRECTION('',(0.,4.361938730428E-02,-0.999048221585));
#387 = ORIENTED_EDGE('',*,*,#388,.T.);
#388 = EDGE_CURVE('',#381,#389,#391,.T.);
#389 = VERTEX_POINT('',#390);
#390 = CARTESIAN_POINT('',(0.,-73.74894717258,6.581756635064));
#391 = LINE('',#392,#393);
#392 = CARTESIAN_POINT('',(0.,-13.19358019847,9.225661051617));
#393 = VECTOR('',#394,1.);
#394 = DIRECTION('',(0.,-0.999048221585,-4.361938730428E-02));
#395 = ORIENTED_EDGE('',*,*,#396,.F.);
#396 = EDGE_CURVE('',#397,#389,#399,.T.);
#397 = VERTEX_POINT('',#398);
#398 = CARTESIAN_POINT('',(0.,-73.83618594718,8.579853078233));
#399 = LINE('',#400,#401);
#400 = CARTESIAN_POINT('',(0.,-73.83618594718,8.579853078233));
#401 = VECTOR('',#402,1.);
#402 = DIRECTION('',(0.,4.361938730428E-02,-0.999048221585));
#403 = ORIENTED_EDGE('',*,*,#404,.F.);
#404 = EDGE_CURVE('',#405,#397,#407,.T.);
#405 = VERTEX_POINT('',#406);
#406 = CARTESIAN_POINT('',(0.,-82.1170049222,8.218304714236));
#407 = LINE('',#408,#409);
#408 = CARTESIAN_POINT('',(0.,-87.1170049222,8.));
#409 = VECTOR('',#410,1.);
#410 = DIRECTION('',(0.,0.999048221585,4.361938730428E-02));
#411 = ORIENTED_EDGE('',*,*,#412,.F.);
#412 = EDGE_CURVE('',#288,#405,#413,.T.);
#413 = LINE('',#414,#415);
#414 = CARTESIAN_POINT('',(0.,-82.1170049222,0.));
#415 = VECTOR('',#416,1.);
#416 = DIRECTION('',(0.,0.,1.));
#417 = PLANE('',#418);
#418 = AXIS2_PLACEMENT_3D('',#419,#420,#421);
#419 = CARTESIAN_POINT('',(0.,-42.70501464333,4.971651412691));
#420 = DIRECTION('',(1.,0.,0.));
#421 = DIRECTION('',(0.,0.,1.));
#422 = ADVANCED_FACE('',(#423),#442,.T.);
#423 = FACE_BOUND('',#424,.T.);
#424 = EDGE_LOOP('',(#425,#426,#427,#436));
#425 = ORIENTED_EDGE('',*,*,#297,.F.);
#426 = ORIENTED_EDGE('',*,*,#364,.T.);
#427 = ORIENTED_EDGE('',*,*,#428,.F.);
#428 = EDGE_CURVE('',#429,#365,#431,.T.);
#429 = VERTEX_POINT('',#430);
#430 = CARTESIAN_POINT('',(5.,-1.975268780715E-13,11.803610572934));
#431 = ELLIPSE('',#432,5.004763425803,5.);
#432 = AXIS2_PLACEMENT_3D('',#433,#434,#435);
#433 = CARTESIAN_POINT('',(5.,-5.000000000001,11.585305858698));
#434 = DIRECTION('',(0.,-4.361938730428E-02,0.999048221585));
#435 = DIRECTION('',(0.,-0.999048221585,-4.361938730428E-02));
#436 = ORIENTED_EDGE('',*,*,#437,.F.);
#437 = EDGE_CURVE('',#298,#429,#438,.T.);
#438 = LINE('',#439,#440);
#439 = CARTESIAN_POINT('',(5.,-3.982980212382E-13,-3.061616997889E-16));
#440 = VECTOR('',#441,1.);
#441 = DIRECTION('',(0.,0.,1.));
#442 = CYLINDRICAL_SURFACE('',#443,5.);
#443 = AXIS2_PLACEMENT_3D('',#444,#445,#446);
#444 = CARTESIAN_POINT('',(5.,-5.000000000001,0.));
#445 = DIRECTION('',(0.,-1.224646799147E-16,-1.));
#446 = DIRECTION('',(1.,0.,0.));
#447 = ADVANCED_FACE('',(#448),#562,.T.);
#448 = FACE_BOUND('',#449,.T.);
#449 = EDGE_LOOP('',(#450,#451,#452,#460,#468,#476,#484,#492,#500,#508,
    #516,#524,#532,#540,#548,#556));
#450 = ORIENTED_EDGE('',*,*,#306,.F.);
#451 = ORIENTED_EDGE('',*,*,#437,.T.);
#452 = ORIENTED_EDGE('',*,*,#453,.T.);
#453 = EDGE_CURVE('',#429,#454,#456,.T.);
#454 = VERTEX_POINT('',#455);
#455 = CARTESIAN_POINT('',(13.293471413027,1.554312234475E-15,
    11.803610572934));
#456 = LINE('',#457,#458);
#457 = CARTESIAN_POINT('',(0.,3.244265095116E-15,11.803610572934));
#458 = VECTOR('',#459,1.);
#459 = DIRECTION('',(1.,0.,0.));
#460 = ORIENTED_EDGE('',*,*,#461,.F.);
#461 = EDGE_CURVE('',#462,#454,#464,.T.);
#462 = VERTEX_POINT('',#463);
#463 = CARTESIAN_POINT('',(13.278074208572,2.692691458127E-15,
    9.801705202613));
#464 = LINE('',#465,#466);
#465 = CARTESIAN_POINT('',(13.293078243922,3.230214894887E-15,
    11.75249172564));
#466 = VECTOR('',#467,1.);
#467 = DIRECTION('',(7.691047382448E-03,2.748454907866E-16,
    0.999970423458));
#468 = ORIENTED_EDGE('',*,*,#469,.T.);
#469 = EDGE_CURVE('',#462,#470,#472,.T.);
#470 = VERTEX_POINT('',#471);
#471 = CARTESIAN_POINT('',(73.255259124761,2.688454154607E-15,
    9.801705202613));
#472 = LINE('',#473,#474);
#473 = CARTESIAN_POINT('',(59.899999999999,4.493896345845E-15,
    9.801705202613));
#474 = VECTOR('',#475,1.);
#475 = DIRECTION('',(1.,0.,0.));
#476 = ORIENTED_EDGE('',*,*,#477,.T.);
#477 = EDGE_CURVE('',#470,#478,#480,.T.);
#478 = VERTEX_POINT('',#479);
#479 = CARTESIAN_POINT('',(73.239861920307,1.554312234475E-15,
    11.803610572934));
#480 = LINE('',#481,#482);
#481 = CARTESIAN_POINT('',(73.237695770466,3.321674124915E-15,
    12.085247866984));
#482 = VECTOR('',#483,1.);
#483 = DIRECTION('',(-7.691047382351E-03,2.748454907866E-16,
    0.999970423458));
#484 = ORIENTED_EDGE('',*,*,#485,.T.);
#485 = EDGE_CURVE('',#478,#486,#488,.T.);
#486 = VERTEX_POINT('',#487);
#487 = CARTESIAN_POINT('',(89.826804746363,1.887379141863E-15,
    11.803610572934));
#488 = LINE('',#489,#490);
#489 = CARTESIAN_POINT('',(0.,3.244265095116E-15,11.803610572934));
#490 = VECTOR('',#491,1.);
#491 = DIRECTION('',(1.,0.,0.));
#492 = ORIENTED_EDGE('',*,*,#493,.T.);
#493 = EDGE_CURVE('',#486,#494,#496,.T.);
#494 = VERTEX_POINT('',#495);
#495 = CARTESIAN_POINT('',(89.811407541909,3.08170820899E-15,
    9.801705202613));
#496 = LINE('',#497,#498);
#497 = CARTESIAN_POINT('',(89.82336974665,3.495358452575E-15,
    11.357000644963));
#498 = VECTOR('',#499,1.);
#499 = DIRECTION('',(-7.69104738238E-03,-2.748454907866E-16,
    -0.999970423458));
#500 = ORIENTED_EDGE('',*,*,#501,.T.);
#501 = EDGE_CURVE('',#494,#502,#504,.T.);
#502 = VERTEX_POINT('',#503);
#503 = CARTESIAN_POINT('',(149.78859245809,2.696122873927E-15,
    9.801705202613));
#504 = LINE('',#505,#506);
#505 = CARTESIAN_POINT('',(59.899999999999,4.493896345845E-15,
    9.801705202613));
#506 = VECTOR('',#507,1.);
#507 = DIRECTION('',(1.,0.,0.));
#508 = ORIENTED_EDGE('',*,*,#509,.T.);
#509 = EDGE_CURVE('',#502,#510,#512,.T.);
#510 = VERTEX_POINT('',#511);
#511 = CARTESIAN_POINT('',(149.77319525363,1.554312234475E-15,
    11.803610572934));
#512 = LINE('',#513,#514);
#513 = CARTESIAN_POINT('',(149.7687655459,3.402564106481E-15,
    12.379549908792));
#514 = VECTOR('',#515,1.);
#515 = DIRECTION('',(-7.691047382419E-03,2.748454907866E-16,
    0.999970423458));
#516 = ORIENTED_EDGE('',*,*,#517,.T.);
#517 = EDGE_CURVE('',#510,#518,#520,.T.);
#518 = VERTEX_POINT('',#519);
#519 = CARTESIAN_POINT('',(166.36013807968,1.221245327088E-15,
    11.803610572934));
#520 = LINE('',#521,#522);
#521 = CARTESIAN_POINT('',(0.,3.244265095116E-15,11.803610572934));
#522 = VECTOR('',#523,1.);
#523 = DIRECTION('',(1.,0.,0.));
#524 = ORIENTED_EDGE('',*,*,#525,.T.);
#525 = EDGE_CURVE('',#518,#526,#528,.T.);
#526 = VERTEX_POINT('',#527);
#527 = CARTESIAN_POINT('',(166.34474087523,2.644072497503E-15,
    9.801705202613));
#528 = LINE('',#529,#530);
#529 = CARTESIAN_POINT('',(166.35443952208,3.676713934487E-15,
    11.062698603159));
#530 = VECTOR('',#531,1.);
#531 = DIRECTION('',(-7.69104738238E-03,-2.748454907866E-16,
    -0.999970423458));
#532 = ORIENTED_EDGE('',*,*,#533,.T.);
#533 = EDGE_CURVE('',#526,#534,#536,.T.);
#534 = VERTEX_POINT('',#535);
#535 = CARTESIAN_POINT('',(226.32192579143,2.699292682055E-15,
    9.801705202613));
#536 = LINE('',#537,#538);
#537 = CARTESIAN_POINT('',(59.899999999999,4.493896345845E-15,
    9.801705202613));
#538 = VECTOR('',#539,1.);
#539 = DIRECTION('',(1.,0.,0.));
#540 = ORIENTED_EDGE('',*,*,#541,.T.);
#541 = EDGE_CURVE('',#534,#542,#544,.T.);
#542 = VERTEX_POINT('',#543);
#543 = CARTESIAN_POINT('',(226.30652858697,1.554312234475E-15,
    11.803610572934));
#544 = LINE('',#545,#546);
#545 = CARTESIAN_POINT('',(226.29983532134,3.483454088047E-15,
    12.673851950599));
#546 = VECTOR('',#547,1.);
#547 = DIRECTION('',(-7.691047382419E-03,2.748454907866E-16,
    0.999970423458));
#548 = ORIENTED_EDGE('',*,*,#549,.T.);
#549 = EDGE_CURVE('',#542,#550,#552,.T.);
#550 = VERTEX_POINT('',#551);
#551 = CARTESIAN_POINT('',(234.6,1.622132547558E-15,11.803610572934));
#552 = LINE('',#553,#554);
#553 = CARTESIAN_POINT('',(0.,3.244265095116E-15,11.803610572934));
#554 = VECTOR('',#555,1.);
#555 = DIRECTION('',(1.,0.,0.));
#556 = ORIENTED_EDGE('',*,*,#557,.F.);
#557 = EDGE_CURVE('',#307,#550,#558,.T.);
#558 = LINE('',#559,#560);
#559 = CARTESIAN_POINT('',(234.6,0.,-3.061616996623E-16));
#560 = VECTOR('',#561,1.);
#561 = DIRECTION('',(0.,0.,1.));
#562 = PLANE('',#563);
#563 = AXIS2_PLACEMENT_3D('',#564,#565,#566);
#564 = CARTESIAN_POINT('',(0.,3.244265095116E-15,11.803610572934));
#565 = DIRECTION('',(0.,1.,-2.748536200064E-16));
#566 = DIRECTION('',(0.,-2.748536200064E-16,-1.));
#567 = ADVANCED_FACE('',(#568),#587,.T.);
#568 = FACE_BOUND('',#569,.T.);
#569 = EDGE_LOOP('',(#570,#571,#572,#581));
#570 = ORIENTED_EDGE('',*,*,#314,.F.);
#571 = ORIENTED_EDGE('',*,*,#557,.T.);
#572 = ORIENTED_EDGE('',*,*,#573,.F.);
#573 = EDGE_CURVE('',#574,#550,#576,.T.);
#574 = VERTEX_POINT('',#575);
#575 = CARTESIAN_POINT('',(239.6,-5.,11.585305858698));
#576 = ELLIPSE('',#577,5.004763425803,5.);
#577 = AXIS2_PLACEMENT_3D('',#578,#579,#580);
#578 = CARTESIAN_POINT('',(234.6,-5.,11.585305858698));
#579 = DIRECTION('',(0.,-4.361938730428E-02,0.999048221585));
#580 = DIRECTION('',(0.,-0.999048221585,-4.361938730428E-02));
#581 = ORIENTED_EDGE('',*,*,#582,.F.);
#582 = EDGE_CURVE('',#315,#574,#583,.T.);
#583 = LINE('',#584,#585);
#584 = CARTESIAN_POINT('',(239.6,-5.,-7.498798913309E-32));
#585 = VECTOR('',#586,1.);
#586 = DIRECTION('',(0.,0.,1.));
#587 = CYLINDRICAL_SURFACE('',#588,5.);
#588 = AXIS2_PLACEMENT_3D('',#589,#590,#591);
#589 = CARTESIAN_POINT('',(234.6,-5.,0.));
#590 = DIRECTION('',(0.,-1.224646799147E-16,-1.));
#591 = DIRECTION('',(1.,0.,0.));
#592 = ADVANCED_FACE('',(#593),#643,.T.);
#593 = FACE_BOUND('',#594,.T.);
#594 = EDGE_LOOP('',(#595,#596,#597,#605,#613,#621,#629,#637));
#595 = ORIENTED_EDGE('',*,*,#323,.F.);
#596 = ORIENTED_EDGE('',*,*,#582,.T.);
#597 = ORIENTED_EDGE('',*,*,#598,.F.);
#598 = EDGE_CURVE('',#599,#574,#601,.T.);
#599 = VERTEX_POINT('',#600);
#600 = CARTESIAN_POINT('',(239.6,-13.28081897307,11.223757494786));
#601 = LINE('',#602,#603);
#602 = CARTESIAN_POINT('',(239.6,-87.1170049222,8.));
#603 = VECTOR('',#604,1.);
#604 = DIRECTION('',(0.,0.999048221585,4.361938730428E-02));
#605 = ORIENTED_EDGE('',*,*,#606,.T.);
#606 = EDGE_CURVE('',#599,#607,#609,.T.);
#607 = VERTEX_POINT('',#608);
#608 = CARTESIAN_POINT('',(239.6,-13.19358019847,9.225661051617));
#609 = LINE('',#610,#611);
#610 = CARTESIAN_POINT('',(239.6,-13.28081897307,11.223757494786));
#611 = VECTOR('',#612,1.);
#612 = DIRECTION('',(0.,4.361938730428E-02,-0.999048221585));
#613 = ORIENTED_EDGE('',*,*,#614,.T.);
#614 = EDGE_CURVE('',#607,#615,#617,.T.);
#615 = VERTEX_POINT('',#616);
#616 = CARTESIAN_POINT('',(239.6,-73.74894717258,6.581756635064));
#617 = LINE('',#618,#619);
#618 = CARTESIAN_POINT('',(239.6,-13.19358019847,9.225661051617));
#619 = VECTOR('',#620,1.);
#620 = DIRECTION('',(-4.689040737376E-16,-0.999048221585,
    -4.361938730428E-02));
#621 = ORIENTED_EDGE('',*,*,#622,.F.);
#622 = EDGE_CURVE('',#623,#615,#625,.T.);
#623 = VERTEX_POINT('',#624);
#624 = CARTESIAN_POINT('',(239.6,-73.83618594718,8.579853078233));
#625 = LINE('',#626,#627);
#626 = CARTESIAN_POINT('',(239.6,-73.83618594718,8.579853078233));
#627 = VECTOR('',#628,1.);
#628 = DIRECTION('',(0.,4.361938730428E-02,-0.999048221585));
#629 = ORIENTED_EDGE('',*,*,#630,.F.);
#630 = EDGE_CURVE('',#631,#623,#633,.T.);
#631 = VERTEX_POINT('',#632);
#632 = CARTESIAN_POINT('',(239.6,-82.1170049222,8.218304714236));
#633 = LINE('',#634,#635);
#634 = CARTESIAN_POINT('',(239.6,-87.1170049222,8.));
#635 = VECTOR('',#636,1.);
#636 = DIRECTION('',(0.,0.999048221585,4.361938730428E-02));
#637 = ORIENTED_EDGE('',*,*,#638,.F.);
#638 = EDGE_CURVE('',#324,#631,#639,.T.);
#639 = LINE('',#640,#641);
#640 = CARTESIAN_POINT('',(239.6,-82.1170049222,0.));
#641 = VECTOR('',#642,1.);
#642 = DIRECTION('',(0.,0.,1.));
#643 = PLANE('',#644);
#644 = AXIS2_PLACEMENT_3D('',#645,#646,#647);
#645 = CARTESIAN_POINT('',(239.6,-42.70501464333,4.971651412691));
#646 = DIRECTION('',(1.,0.,0.));
#647 = DIRECTION('',(0.,0.,1.));
#648 = ADVANCED_FACE('',(#649),#668,.T.);
#649 = FACE_BOUND('',#650,.T.);
#650 = EDGE_LOOP('',(#651,#652,#653,#662));
#651 = ORIENTED_EDGE('',*,*,#331,.F.);
#652 = ORIENTED_EDGE('',*,*,#638,.T.);
#653 = ORIENTED_EDGE('',*,*,#654,.F.);
#654 = EDGE_CURVE('',#655,#631,#657,.T.);
#655 = VERTEX_POINT('',#656);
#656 = CARTESIAN_POINT('',(234.6,-87.1170049222,8.));
#657 = ELLIPSE('',#658,5.004763425803,5.);
#658 = AXIS2_PLACEMENT_3D('',#659,#660,#661);
#659 = CARTESIAN_POINT('',(234.6,-82.1170049222,8.218304714236));
#660 = DIRECTION('',(0.,-4.361938730428E-02,0.999048221585));
#661 = DIRECTION('',(0.,-0.999048221585,-4.361938730428E-02));
#662 = ORIENTED_EDGE('',*,*,#663,.F.);
#663 = EDGE_CURVE('',#332,#655,#664,.T.);
#664 = LINE('',#665,#666);
#665 = CARTESIAN_POINT('',(234.6,-87.1170049222,3.061616999087E-16));
#666 = VECTOR('',#667,1.);
#667 = DIRECTION('',(0.,0.,1.));
#668 = CYLINDRICAL_SURFACE('',#669,5.);
#669 = AXIS2_PLACEMENT_3D('',#670,#671,#672);
#670 = CARTESIAN_POINT('',(234.6,-82.1170049222,0.));
#671 = DIRECTION('',(0.,-1.224646799147E-16,-1.));
#672 = DIRECTION('',(1.,0.,0.));
#673 = ADVANCED_FACE('',(#674),#788,.T.);
#674 = FACE_BOUND('',#675,.T.);
#675 = EDGE_LOOP('',(#676,#684,#685,#686,#694,#702,#710,#718,#726,#734,
    #742,#750,#758,#766,#774,#782));
#676 = ORIENTED_EDGE('',*,*,#677,.F.);
#677 = EDGE_CURVE('',#341,#678,#680,.T.);
#678 = VERTEX_POINT('',#679);
#679 = CARTESIAN_POINT('',(5.,-87.1170049222,8.));
#680 = LINE('',#681,#682);
#681 = CARTESIAN_POINT('',(5.,-87.1170049222,3.061616993073E-16));
#682 = VECTOR('',#683,1.);
#683 = DIRECTION('',(0.,0.,1.));
#684 = ORIENTED_EDGE('',*,*,#340,.F.);
#685 = ORIENTED_EDGE('',*,*,#663,.T.);
#686 = ORIENTED_EDGE('',*,*,#687,.F.);
#687 = EDGE_CURVE('',#688,#655,#690,.T.);
#688 = VERTEX_POINT('',#689);
#689 = CARTESIAN_POINT('',(226.30652858663,-87.1170049222,8.));
#690 = LINE('',#691,#692);
#691 = CARTESIAN_POINT('',(0.,-87.1170049222,8.));
#692 = VECTOR('',#693,1.);
#693 = DIRECTION('',(1.,0.,0.));
#694 = ORIENTED_EDGE('',*,*,#695,.F.);
#695 = EDGE_CURVE('',#696,#688,#698,.T.);
#696 = VERTEX_POINT('',#697);
#697 = CARTESIAN_POINT('',(226.29113138217,-87.1170049222,5.998094629679
    ));
#698 = LINE('',#699,#700);
#699 = CARTESIAN_POINT('',(226.2653600035,-87.1170049222,2.647365508168)
  );
#700 = VECTOR('',#701,1.);
#701 = DIRECTION('',(7.6910473824E-03,0.,0.999970423458));
#702 = ORIENTED_EDGE('',*,*,#703,.T.);
#703 = EDGE_CURVE('',#696,#704,#706,.T.);
#704 = VERTEX_POINT('',#705);
#705 = CARTESIAN_POINT('',(166.37553528449,-87.1170049222,5.998094629679
    ));
#706 = LINE('',#707,#708);
#707 = CARTESIAN_POINT('',(59.899999999999,-87.1170049222,5.998094629679
    ));
#708 = VECTOR('',#709,1.);
#709 = DIRECTION('',(-1.,0.,0.));
#710 = ORIENTED_EDGE('',*,*,#711,.F.);
#711 = EDGE_CURVE('',#712,#704,#714,.T.);
#712 = VERTEX_POINT('',#713);
#713 = CARTESIAN_POINT('',(166.36013808003,-87.1170049222,8.));
#714 = LINE('',#715,#716);
#715 = CARTESIAN_POINT('',(166.38969311262,-87.1170049222,4.157329816735
    ));
#716 = VECTOR('',#717,1.);
#717 = DIRECTION('',(7.6910473824E-03,0.,-0.999970423458));
#718 = ORIENTED_EDGE('',*,*,#719,.F.);
#719 = EDGE_CURVE('',#720,#712,#722,.T.);
#720 = VERTEX_POINT('',#721);
#721 = CARTESIAN_POINT('',(149.77319525329,-87.1170049222,8.));
#722 = LINE('',#723,#724);
#723 = CARTESIAN_POINT('',(0.,-87.1170049222,8.));
#724 = VECTOR('',#725,1.);
#725 = DIRECTION('',(1.,0.,0.));
#726 = ORIENTED_EDGE('',*,*,#727,.F.);
#727 = EDGE_CURVE('',#728,#720,#730,.T.);
#728 = VERTEX_POINT('',#729);
#729 = CARTESIAN_POINT('',(149.75779804884,-87.1170049222,5.998094629679
    ));
#730 = LINE('',#731,#732);
#731 = CARTESIAN_POINT('',(149.73429022807,-87.1170049222,2.941667549974
    ));
#732 = VECTOR('',#733,1.);
#733 = DIRECTION('',(7.6910473824E-03,0.,0.999970423458));
#734 = ORIENTED_EDGE('',*,*,#735,.T.);
#735 = EDGE_CURVE('',#728,#736,#738,.T.);
#736 = VERTEX_POINT('',#737);
#737 = CARTESIAN_POINT('',(89.842201951159,-87.1170049222,5.998094629679
    ));
#738 = LINE('',#739,#740);
#739 = CARTESIAN_POINT('',(59.899999999999,-87.1170049222,5.998094629679
    ));
#740 = VECTOR('',#741,1.);
#741 = DIRECTION('',(-1.,0.,0.));
#742 = ORIENTED_EDGE('',*,*,#743,.F.);
#743 = EDGE_CURVE('',#744,#736,#746,.T.);
#744 = VERTEX_POINT('',#745);
#745 = CARTESIAN_POINT('',(89.826804746705,-87.1170049222,8.));
#746 = LINE('',#747,#748);
#747 = CARTESIAN_POINT('',(89.858623337191,-87.1170049222,3.86302777493)
  );
#748 = VECTOR('',#749,1.);
#749 = DIRECTION('',(7.6910473824E-03,0.,-0.999970423458));
#750 = ORIENTED_EDGE('',*,*,#751,.F.);
#751 = EDGE_CURVE('',#752,#744,#754,.T.);
#752 = VERTEX_POINT('',#753);
#753 = CARTESIAN_POINT('',(73.239861919961,-87.1170049222,8.));
#754 = LINE('',#755,#756);
#755 = CARTESIAN_POINT('',(0.,-87.1170049222,8.));
#756 = VECTOR('',#757,1.);
#757 = DIRECTION('',(1.,0.,0.));
#758 = ORIENTED_EDGE('',*,*,#759,.F.);
#759 = EDGE_CURVE('',#760,#752,#762,.T.);
#760 = VERTEX_POINT('',#761);
#761 = CARTESIAN_POINT('',(73.224464715507,-87.1170049222,5.998094629679
    ));
#762 = LINE('',#763,#764);
#763 = CARTESIAN_POINT('',(73.203220452633,-87.1170049222,3.23596959178)
  );
#764 = VECTOR('',#765,1.);
#765 = DIRECTION('',(7.6910473824E-03,0.,0.999970423458));
#766 = ORIENTED_EDGE('',*,*,#767,.T.);
#767 = EDGE_CURVE('',#760,#768,#770,.T.);
#768 = VERTEX_POINT('',#769);
#769 = CARTESIAN_POINT('',(13.308868617825,-87.1170049222,5.998094629679
    ));
#770 = LINE('',#771,#772);
#771 = CARTESIAN_POINT('',(59.899999999999,-87.1170049222,5.998094629679
    ));
#772 = VECTOR('',#773,1.);
#773 = DIRECTION('',(-1.,0.,0.));
#774 = ORIENTED_EDGE('',*,*,#775,.F.);
#775 = EDGE_CURVE('',#776,#768,#778,.T.);
#776 = VERTEX_POINT('',#777);
#777 = CARTESIAN_POINT('',(13.29347141337,-87.1170049222,8.));
#778 = LINE('',#779,#780);
#779 = CARTESIAN_POINT('',(13.327553561753,-87.1170049222,3.568725733124
    ));
#780 = VECTOR('',#781,1.);
#781 = DIRECTION('',(7.6910473824E-03,0.,-0.999970423458));
#782 = ORIENTED_EDGE('',*,*,#783,.F.);
#783 = EDGE_CURVE('',#678,#776,#784,.T.);
#784 = LINE('',#785,#786);
#785 = CARTESIAN_POINT('',(0.,-87.1170049222,8.));
#786 = VECTOR('',#787,1.);
#787 = DIRECTION('',(1.,0.,0.));
#788 = PLANE('',#789);
#789 = AXIS2_PLACEMENT_3D('',#790,#791,#792);
#790 = CARTESIAN_POINT('',(0.,-87.1170049222,0.));
#791 = DIRECTION('',(0.,-1.,0.));
#792 = DIRECTION('',(0.,0.,1.));
#793 = ADVANCED_FACE('',(#794),#806,.T.);
#794 = FACE_BOUND('',#795,.T.);
#795 = EDGE_LOOP('',(#796,#797,#798,#805));
#796 = ORIENTED_EDGE('',*,*,#348,.F.);
#797 = ORIENTED_EDGE('',*,*,#677,.T.);
#798 = ORIENTED_EDGE('',*,*,#799,.F.);
#799 = EDGE_CURVE('',#405,#678,#800,.T.);
#800 = ELLIPSE('',#801,5.004763425803,5.);
#801 = AXIS2_PLACEMENT_3D('',#802,#803,#804);
#802 = CARTESIAN_POINT('',(5.,-82.1170049222,8.218304714236));
#803 = DIRECTION('',(0.,-4.361938730428E-02,0.999048221585));
#804 = DIRECTION('',(0.,-0.999048221585,-4.361938730428E-02));
#805 = ORIENTED_EDGE('',*,*,#412,.F.);
#806 = CYLINDRICAL_SURFACE('',#807,5.);
#807 = AXIS2_PLACEMENT_3D('',#808,#809,#810);
#808 = CARTESIAN_POINT('',(5.,-82.1170049222,0.));
#809 = DIRECTION('',(0.,-1.224646799147E-16,-1.));
#810 = DIRECTION('',(1.,0.,0.));
#811 = ADVANCED_FACE('',(#812),#856,.T.);
#812 = FACE_BOUND('',#813,.T.);
#813 = EDGE_LOOP('',(#814,#815,#816,#817,#825,#833,#842,#850));
#814 = ORIENTED_EDGE('',*,*,#404,.F.);
#815 = ORIENTED_EDGE('',*,*,#799,.T.);
#816 = ORIENTED_EDGE('',*,*,#783,.T.);
#817 = ORIENTED_EDGE('',*,*,#818,.F.);
#818 = EDGE_CURVE('',#819,#776,#821,.T.);
#819 = VERTEX_POINT('',#820);
#820 = CARTESIAN_POINT('',(12.499999999999,-82.62128792403,
    8.196287242915));
#821 = LINE('',#822,#823);
#822 = CARTESIAN_POINT('',(12.499999999999,-82.62128792403,
    8.196287242915));
#823 = VECTOR('',#824,1.);
#824 = DIRECTION('',(0.173648177667,-0.983870434249,-4.295671079889E-02)
  );
#825 = ORIENTED_EDGE('',*,*,#826,.F.);
#826 = EDGE_CURVE('',#827,#819,#829,.T.);
#827 = VERTEX_POINT('',#828);
#828 = CARTESIAN_POINT('',(7.499999999999,-82.62128792403,8.196287242915
    ));
#829 = LINE('',#830,#831);
#830 = CARTESIAN_POINT('',(7.499999999999,-82.62128792403,8.196287242915
    ));
#831 = VECTOR('',#832,1.);
#832 = DIRECTION('',(1.,0.,0.));
#833 = ORIENTED_EDGE('',*,*,#834,.F.);
#834 = EDGE_CURVE('',#835,#827,#837,.T.);
#835 = VERTEX_POINT('',#836);
#836 = CARTESIAN_POINT('',(4.500000000051,-79.62414325931,8.327145404826
    ));
#837 = CIRCLE('',#838,2.999999999949);
#838 = AXIS2_PLACEMENT_3D('',#839,#840,#841);
#839 = CARTESIAN_POINT('',(7.5,-79.62414325933,8.327145404825));
#840 = DIRECTION('',(0.,-4.361938730428E-02,0.999048221585));
#841 = DIRECTION('',(1.,0.,0.));
#842 = ORIENTED_EDGE('',*,*,#843,.F.);
#843 = EDGE_CURVE('',#844,#835,#846,.T.);
#844 = VERTEX_POINT('',#845);
#845 = CARTESIAN_POINT('',(4.499999999999,-74.62890215141,8.545242341347
    ));
#846 = LINE('',#847,#848);
#847 = CARTESIAN_POINT('',(4.5,-7.492861660932,11.476465168194));
#848 = VECTOR('',#849,1.);
#849 = DIRECTION('',(7.053637452521E-13,-0.999048221585,
    -4.361938730428E-02));
#850 = ORIENTED_EDGE('',*,*,#851,.F.);
#851 = EDGE_CURVE('',#397,#844,#852,.T.);
#852 = LINE('',#853,#854);
#853 = CARTESIAN_POINT('',(0.,-73.83618594718,8.579853078233));
#854 = VECTOR('',#855,1.);
#855 = DIRECTION('',(0.984807753012,-0.17348290308,-7.574427116336E-03)
  );
#856 = PLANE('',#857);
#857 = AXIS2_PLACEMENT_3D('',#858,#859,#860);
#858 = CARTESIAN_POINT('',(0.,-87.1170049222,8.));
#859 = DIRECTION('',(0.,-4.361938730428E-02,0.999048221585));
#860 = DIRECTION('',(0.,0.999048221585,4.361938730428E-02));
#861 = ADVANCED_FACE('',(#862),#880,.F.);
#862 = FACE_BOUND('',#863,.F.);
#863 = EDGE_LOOP('',(#864,#865,#873,#879));
#864 = ORIENTED_EDGE('',*,*,#396,.T.);
#865 = ORIENTED_EDGE('',*,*,#866,.T.);
#866 = EDGE_CURVE('',#389,#867,#869,.T.);
#867 = VERTEX_POINT('',#868);
#868 = CARTESIAN_POINT('',(4.499999999999,-74.5416633768,6.547145898178)
  );
#869 = LINE('',#870,#871);
#870 = CARTESIAN_POINT('',(0.,-73.74894717258,6.581756635064));
#871 = VECTOR('',#872,1.);
#872 = DIRECTION('',(0.984807753012,-0.17348290308,-7.574427116336E-03)
  );
#873 = ORIENTED_EDGE('',*,*,#874,.F.);
#874 = EDGE_CURVE('',#844,#867,#875,.T.);
#875 = LINE('',#876,#877);
#876 = CARTESIAN_POINT('',(4.499999999999,-74.62890215141,8.545242341347
    ));
#877 = VECTOR('',#878,1.);
#878 = DIRECTION('',(0.,4.361938730428E-02,-0.999048221585));
#879 = ORIENTED_EDGE('',*,*,#851,.F.);
#880 = PLANE('',#881);
#881 = AXIS2_PLACEMENT_3D('',#882,#883,#884);
#882 = CARTESIAN_POINT('',(0.,-73.83618594718,8.579853078233));
#883 = DIRECTION('',(-0.173648177667,-0.983870434249,-4.295671079889E-02
    ));
#884 = DIRECTION('',(0.984807753012,-0.17348290308,-7.574427116336E-03)
  );
#885 = ADVANCED_FACE('',(#886,#904),#940,.T.);
#886 = FACE_BOUND('',#887,.T.);
#887 = EDGE_LOOP('',(#888,#896,#897,#898));
#888 = ORIENTED_EDGE('',*,*,#889,.F.);
#889 = EDGE_CURVE('',#381,#890,#892,.T.);
#890 = VERTEX_POINT('',#891);
#891 = CARTESIAN_POINT('',(4.499999999999,-12.40086399424,9.260271788503
    ));
#892 = LINE('',#893,#894);
#893 = CARTESIAN_POINT('',(0.,-13.19358019847,9.225661051617));
#894 = VECTOR('',#895,1.);
#895 = DIRECTION('',(0.984807753012,0.17348290308,7.574427116335E-03));
#896 = ORIENTED_EDGE('',*,*,#388,.T.);
#897 = ORIENTED_EDGE('',*,*,#866,.T.);
#898 = ORIENTED_EDGE('',*,*,#899,.F.);
#899 = EDGE_CURVE('',#890,#867,#900,.T.);
#900 = LINE('',#901,#902);
#901 = CARTESIAN_POINT('',(4.499999999999,-12.40086399424,9.260271788503
    ));
#902 = VECTOR('',#903,1.);
#903 = DIRECTION('',(1.427939581511E-17,-0.999048221585,
    -4.361938730428E-02));
#904 = FACE_BOUND('',#905,.T.);
#905 = EDGE_LOOP('',(#906,#917,#925,#934));
#906 = ORIENTED_EDGE('',*,*,#907,.F.);
#907 = EDGE_CURVE('',#908,#910,#912,.T.);
#908 = VERTEX_POINT('',#909);
#909 = CARTESIAN_POINT('',(3.75,-15.99743759195,9.103241994208));
#910 = VERTEX_POINT('',#911);
#911 = CARTESIAN_POINT('',(0.75,-15.99743759195,9.103241994208));
#912 = CIRCLE('',#913,1.5);
#913 = AXIS2_PLACEMENT_3D('',#914,#915,#916);
#914 = CARTESIAN_POINT('',(2.25,-15.99743759195,9.103241994208));
#915 = DIRECTION('',(0.,-4.361938730428E-02,0.999048221585));
#916 = DIRECTION('',(1.,0.,0.));
#917 = ORIENTED_EDGE('',*,*,#918,.F.);
#918 = EDGE_CURVE('',#919,#908,#921,.T.);
#919 = VERTEX_POINT('',#920);
#920 = CARTESIAN_POINT('',(3.75,-70.94508977909,6.704175692473));
#921 = LINE('',#922,#923);
#922 = CARTESIAN_POINT('',(3.75,-57.77972033983,7.278988135124));
#923 = VECTOR('',#924,1.);
#924 = DIRECTION('',(8.074349270001E-18,0.999048221585,
    4.361938730427E-02));
#925 = ORIENTED_EDGE('',*,*,#926,.F.);
#926 = EDGE_CURVE('',#927,#919,#929,.T.);
#927 = VERTEX_POINT('',#928);
#928 = CARTESIAN_POINT('',(0.75,-70.94508977909,6.704175692473));
#929 = CIRCLE('',#930,1.5);
#930 = AXIS2_PLACEMENT_3D('',#931,#932,#933);
#931 = CARTESIAN_POINT('',(2.25,-70.94508977909,6.704175692473));
#932 = DIRECTION('',(0.,-4.361938730428E-02,0.999048221585));
#933 = DIRECTION('',(1.,0.,0.));
#934 = ORIENTED_EDGE('',*,*,#935,.T.);
#935 = EDGE_CURVE('',#927,#910,#936,.T.);
#936 = LINE('',#937,#938);
#937 = CARTESIAN_POINT('',(0.75,-57.77972033983,7.278988135124));
#938 = VECTOR('',#939,1.);
#939 = DIRECTION('',(8.074349270001E-18,0.999048221585,
    4.361938730427E-02));
#940 = PLANE('',#941);
#941 = AXIS2_PLACEMENT_3D('',#942,#943,#944);
#942 = CARTESIAN_POINT('',(119.79999999999,-44.61435090056,
    7.853800577775));
#943 = DIRECTION('',(0.,-4.361938730427E-02,0.999048221585));
#944 = DIRECTION('',(0.,0.999048221585,4.361938730427E-02));
#945 = ADVANCED_FACE('',(#946),#964,.T.);
#946 = FACE_BOUND('',#947,.T.);
#947 = EDGE_LOOP('',(#948,#949,#950,#958));
#948 = ORIENTED_EDGE('',*,*,#380,.T.);
#949 = ORIENTED_EDGE('',*,*,#889,.T.);
#950 = ORIENTED_EDGE('',*,*,#951,.F.);
#951 = EDGE_CURVE('',#952,#890,#954,.T.);
#952 = VERTEX_POINT('',#953);
#953 = CARTESIAN_POINT('',(4.499999999999,-12.48810276885,
    11.258368231673));
#954 = LINE('',#955,#956);
#955 = CARTESIAN_POINT('',(4.499999999999,-12.48810276885,
    11.258368231673));
#956 = VECTOR('',#957,1.);
#957 = DIRECTION('',(0.,4.361938730428E-02,-0.999048221585));
#958 = ORIENTED_EDGE('',*,*,#959,.F.);
#959 = EDGE_CURVE('',#373,#952,#960,.T.);
#960 = LINE('',#961,#962);
#961 = CARTESIAN_POINT('',(0.,-13.28081897307,11.223757494786));
#962 = VECTOR('',#963,1.);
#963 = DIRECTION('',(0.984807753012,0.17348290308,7.574427116335E-03));
#964 = PLANE('',#965);
#965 = AXIS2_PLACEMENT_3D('',#966,#967,#968);
#966 = CARTESIAN_POINT('',(0.,-13.28081897307,11.223757494786));
#967 = DIRECTION('',(0.173648177667,-0.983870434249,-4.295671079889E-02)
  );
#968 = DIRECTION('',(0.984807753012,0.17348290308,7.574427116335E-03));
#969 = ADVANCED_FACE('',(#970),#1007,.T.);
#970 = FACE_BOUND('',#971,.T.);
#971 = EDGE_LOOP('',(#972,#973,#974,#982,#991,#999,#1005,#1006));
#972 = ORIENTED_EDGE('',*,*,#372,.F.);
#973 = ORIENTED_EDGE('',*,*,#959,.T.);
#974 = ORIENTED_EDGE('',*,*,#975,.F.);
#975 = EDGE_CURVE('',#976,#952,#978,.T.);
#976 = VERTEX_POINT('',#977);
#977 = CARTESIAN_POINT('',(4.5,-7.492861660932,11.476465168194));
#978 = LINE('',#979,#980);
#979 = CARTESIAN_POINT('',(4.5,-7.492861660932,11.476465168194));
#980 = VECTOR('',#981,1.);
#981 = DIRECTION('',(7.053637452521E-13,-0.999048221585,
    -4.361938730428E-02));
#982 = ORIENTED_EDGE('',*,*,#983,.F.);
#983 = EDGE_CURVE('',#984,#976,#986,.T.);
#984 = VERTEX_POINT('',#985);
#985 = CARTESIAN_POINT('',(7.500000000001,-4.495716996178,
    11.607323330107));
#986 = CIRCLE('',#987,3.);
#987 = AXIS2_PLACEMENT_3D('',#988,#989,#990);
#988 = CARTESIAN_POINT('',(7.5,-7.492861660932,11.476465168194));
#989 = DIRECTION('',(0.,-4.361938730428E-02,0.999048221585));
#990 = DIRECTION('',(1.,0.,0.));
#991 = ORIENTED_EDGE('',*,*,#992,.F.);
#992 = EDGE_CURVE('',#993,#984,#995,.T.);
#993 = VERTEX_POINT('',#994);
#994 = CARTESIAN_POINT('',(12.500000000001,-4.495716996181,
    11.607323330107));
#995 = LINE('',#996,#997);
#996 = CARTESIAN_POINT('',(232.1,-4.495716996276,11.607323330102));
#997 = VECTOR('',#998,1.);
#998 = DIRECTION('',(-1.,4.339596014227E-13,1.894708535574E-14));
#999 = ORIENTED_EDGE('',*,*,#1000,.F.);
#1000 = EDGE_CURVE('',#454,#993,#1001,.T.);
#1001 = LINE('',#1002,#1003);
#1002 = CARTESIAN_POINT('',(13.293471413027,1.554312234475E-15,
    11.803610572934));
#1003 = VECTOR('',#1004,1.);
#1004 = DIRECTION('',(-0.173648177668,-0.983870434249,
    -4.295671079888E-02));
#1005 = ORIENTED_EDGE('',*,*,#453,.F.);
#1006 = ORIENTED_EDGE('',*,*,#428,.T.);
#1007 = PLANE('',#1008);
#1008 = AXIS2_PLACEMENT_3D('',#1009,#1010,#1011);
#1009 = CARTESIAN_POINT('',(0.,-87.1170049222,8.));
#1010 = DIRECTION('',(0.,-4.361938730428E-02,0.999048221585));
#1011 = DIRECTION('',(0.,0.999048221585,4.361938730428E-02));
#1012 = ADVANCED_FACE('',(#1013),#1057,.T.);
#1013 = FACE_BOUND('',#1014,.T.);
#1014 = EDGE_LOOP('',(#1015,#1023,#1024,#1025,#1026,#1034,#1042,#1051));
#1015 = ORIENTED_EDGE('',*,*,#1016,.F.);
#1016 = EDGE_CURVE('',#599,#1017,#1019,.T.);
#1017 = VERTEX_POINT('',#1018);
#1018 = CARTESIAN_POINT('',(235.1,-12.48810276885,11.258368231673));
#1019 = LINE('',#1020,#1021);
#1020 = CARTESIAN_POINT('',(239.6,-13.28081897307,11.223757494786));
#1021 = VECTOR('',#1022,1.);
#1022 = DIRECTION('',(-0.984807753012,0.17348290308,7.574427116335E-03)
  );
#1023 = ORIENTED_EDGE('',*,*,#598,.T.);
#1024 = ORIENTED_EDGE('',*,*,#573,.T.);
#1025 = ORIENTED_EDGE('',*,*,#549,.F.);
#1026 = ORIENTED_EDGE('',*,*,#1027,.T.);
#1027 = EDGE_CURVE('',#542,#1028,#1030,.T.);
#1028 = VERTEX_POINT('',#1029);
#1029 = CARTESIAN_POINT('',(227.09999999999,-4.495716996181,
    11.607323330107));
#1030 = LINE('',#1031,#1032);
#1031 = CARTESIAN_POINT('',(226.30652858697,1.554312234475E-15,
    11.803610572934));
#1032 = VECTOR('',#1033,1.);
#1033 = DIRECTION('',(0.173648177667,-0.983870434249,-4.295671079889E-02
    ));
#1034 = ORIENTED_EDGE('',*,*,#1035,.F.);
#1035 = EDGE_CURVE('',#1036,#1028,#1038,.T.);
#1036 = VERTEX_POINT('',#1037);
#1037 = CARTESIAN_POINT('',(232.1,-4.495716996276,11.607323330102));
#1038 = LINE('',#1039,#1040);
#1039 = CARTESIAN_POINT('',(232.1,-4.495716996276,11.607323330102));
#1040 = VECTOR('',#1041,1.);
#1041 = DIRECTION('',(-1.,4.339596014227E-13,1.894708535574E-14));
#1042 = ORIENTED_EDGE('',*,*,#1043,.F.);
#1043 = EDGE_CURVE('',#1044,#1036,#1046,.T.);
#1044 = VERTEX_POINT('',#1045);
#1045 = CARTESIAN_POINT('',(235.0999999999,-7.492861660969,
    11.476465168192));
#1046 = CIRCLE('',#1047,2.999999999902);
#1047 = AXIS2_PLACEMENT_3D('',#1048,#1049,#1050);
#1048 = CARTESIAN_POINT('',(232.1,-7.492861660932,11.476465168194));
#1049 = DIRECTION('',(0.,-4.361938730428E-02,0.999048221585));
#1050 = DIRECTION('',(1.,0.,0.));
#1051 = ORIENTED_EDGE('',*,*,#1052,.F.);
#1052 = EDGE_CURVE('',#1017,#1044,#1053,.T.);
#1053 = LINE('',#1054,#1055);
#1054 = CARTESIAN_POINT('',(235.09999999994,-79.62414325931,
    8.327145404826));
#1055 = VECTOR('',#1056,1.);
#1056 = DIRECTION('',(-6.459837281902E-13,0.999048221585,
    4.361938730428E-02));
#1057 = PLANE('',#1058);
#1058 = AXIS2_PLACEMENT_3D('',#1059,#1060,#1061);
#1059 = CARTESIAN_POINT('',(0.,-87.1170049222,8.));
#1060 = DIRECTION('',(0.,-4.361938730428E-02,0.999048221585));
#1061 = DIRECTION('',(0.,0.999048221585,4.361938730428E-02));
#1062 = ADVANCED_FACE('',(#1063),#1081,.T.);
#1063 = FACE_BOUND('',#1064,.T.);
#1064 = EDGE_LOOP('',(#1065,#1066,#1067,#1075));
#1065 = ORIENTED_EDGE('',*,*,#1027,.F.);
#1066 = ORIENTED_EDGE('',*,*,#541,.F.);
#1067 = ORIENTED_EDGE('',*,*,#1068,.T.);
#1068 = EDGE_CURVE('',#534,#1069,#1071,.T.);
#1069 = VERTEX_POINT('',#1070);
#1070 = CARTESIAN_POINT('',(227.09999999999,-4.408478221572,
    9.609226886938));
#1071 = LINE('',#1072,#1073);
#1072 = CARTESIAN_POINT('',(226.30652858697,8.723877460855E-02,
    9.805514129765));
#1073 = VECTOR('',#1074,1.);
#1074 = DIRECTION('',(0.173648177667,-0.983870434249,-4.295671079889E-02
    ));
#1075 = ORIENTED_EDGE('',*,*,#1076,.F.);
#1076 = EDGE_CURVE('',#1028,#1069,#1077,.T.);
#1077 = LINE('',#1078,#1079);
#1078 = CARTESIAN_POINT('',(227.09999999999,-4.495716996181,
    11.607323330107));
#1079 = VECTOR('',#1080,1.);
#1080 = DIRECTION('',(0.,4.361938730428E-02,-0.999048221585));
#1081 = PLANE('',#1082);
#1082 = AXIS2_PLACEMENT_3D('',#1083,#1084,#1085);
#1083 = CARTESIAN_POINT('',(226.30652858697,1.554312234475E-15,
    11.803610572934));
#1084 = DIRECTION('',(-0.984807753012,-0.17348290308,-7.574427116354E-03
    ));
#1085 = DIRECTION('',(0.173648177667,-0.983870434249,-4.295671079889E-02
    ));
#1086 = ADVANCED_FACE('',(#1087,#1105),#1141,.T.);
#1087 = FACE_BOUND('',#1088,.T.);
#1088 = EDGE_LOOP('',(#1089,#1090,#1091,#1099));
#1089 = ORIENTED_EDGE('',*,*,#1068,.F.);
#1090 = ORIENTED_EDGE('',*,*,#533,.F.);
#1091 = ORIENTED_EDGE('',*,*,#1092,.F.);
#1092 = EDGE_CURVE('',#1093,#526,#1095,.T.);
#1093 = VERTEX_POINT('',#1094);
#1094 = CARTESIAN_POINT('',(165.56666666666,-4.408478221599,
    9.609226886936));
#1095 = LINE('',#1096,#1097);
#1096 = CARTESIAN_POINT('',(165.56666666666,-4.408478221599,
    9.609226886936));
#1097 = VECTOR('',#1098,1.);
#1098 = DIRECTION('',(0.173648177667,0.98387043425,4.29567107989E-02));
#1099 = ORIENTED_EDGE('',*,*,#1100,.T.);
#1100 = EDGE_CURVE('',#1093,#1069,#1101,.T.);
#1101 = LINE('',#1102,#1103);
#1102 = CARTESIAN_POINT('',(165.56666666666,-4.408478221599,
    9.609226886936));
#1103 = VECTOR('',#1104,1.);
#1104 = DIRECTION('',(1.,4.339507575001E-13,1.897559492838E-14));
#1105 = FACE_BOUND('',#1106,.T.);
#1106 = EDGE_LOOP('',(#1107,#1118,#1126,#1135));
#1107 = ORIENTED_EDGE('',*,*,#1108,.F.);
#1108 = EDGE_CURVE('',#1109,#1111,#1113,.T.);
#1109 = VERTEX_POINT('',#1110);
#1110 = CARTESIAN_POINT('',(223.83333333333,-3.659192055859,
    9.641941427395));
#1111 = VERTEX_POINT('',#1112);
#1112 = CARTESIAN_POINT('',(223.83333333333,-0.662047391106,
    9.772799589308));
#1113 = CIRCLE('',#1114,1.5);
#1114 = AXIS2_PLACEMENT_3D('',#1115,#1116,#1117);
#1115 = CARTESIAN_POINT('',(223.83333333333,-2.160619723482,
    9.707370508351));
#1116 = DIRECTION('',(0.,-4.361938730428E-02,0.999048221585));
#1117 = DIRECTION('',(1.,0.,0.));
#1118 = ORIENTED_EDGE('',*,*,#1119,.F.);
#1119 = EDGE_CURVE('',#1120,#1109,#1122,.T.);
#1120 = VERTEX_POINT('',#1121);
#1121 = CARTESIAN_POINT('',(168.83333333333,-3.659192055871,
    9.641941427395));
#1122 = LINE('',#1123,#1124);
#1123 = CARTESIAN_POINT('',(144.31666666666,-3.659192055877,
    9.641941427394));
#1124 = VECTOR('',#1125,1.);
#1125 = DIRECTION('',(1.,2.197520682789E-13,9.594582493696E-15));
#1126 = ORIENTED_EDGE('',*,*,#1127,.F.);
#1127 = EDGE_CURVE('',#1128,#1120,#1130,.T.);
#1128 = VERTEX_POINT('',#1129);
#1129 = CARTESIAN_POINT('',(168.83333333333,-0.662047391118,
    9.772799589307));
#1130 = CIRCLE('',#1131,1.5);
#1131 = AXIS2_PLACEMENT_3D('',#1132,#1133,#1134);
#1132 = CARTESIAN_POINT('',(168.83333333333,-2.160619723494,
    9.707370508351));
#1133 = DIRECTION('',(0.,-4.361938730428E-02,0.999048221585));
#1134 = DIRECTION('',(1.,0.,0.));
#1135 = ORIENTED_EDGE('',*,*,#1136,.T.);
#1136 = EDGE_CURVE('',#1128,#1111,#1137,.T.);
#1137 = LINE('',#1138,#1139);
#1138 = CARTESIAN_POINT('',(144.31666666666,-0.662047391123,
    9.772799589307));
#1139 = VECTOR('',#1140,1.);
#1140 = DIRECTION('',(1.,2.197465224472E-13,9.594340357455E-15));
#1141 = PLANE('',#1142);
#1142 = AXIS2_PLACEMENT_3D('',#1143,#1144,#1145);
#1143 = CARTESIAN_POINT('',(119.79999999999,-44.61435090056,
    7.853800577775));
#1144 = DIRECTION('',(0.,-4.361938730427E-02,0.999048221585));
#1145 = DIRECTION('',(0.,0.999048221585,4.361938730427E-02));
#1146 = ADVANCED_FACE('',(#1147),#1165,.T.);
#1147 = FACE_BOUND('',#1148,.T.);
#1148 = EDGE_LOOP('',(#1149,#1157,#1163,#1164));
#1149 = ORIENTED_EDGE('',*,*,#1150,.F.);
#1150 = EDGE_CURVE('',#1151,#518,#1153,.T.);
#1151 = VERTEX_POINT('',#1152);
#1152 = CARTESIAN_POINT('',(165.56666666666,-4.495716996207,
    11.607323330105));
#1153 = LINE('',#1154,#1155);
#1154 = CARTESIAN_POINT('',(165.56666666666,-4.495716996207,
    11.607323330105));
#1155 = VECTOR('',#1156,1.);
#1156 = DIRECTION('',(0.173648177667,0.98387043425,4.29567107989E-02));
#1157 = ORIENTED_EDGE('',*,*,#1158,.T.);
#1158 = EDGE_CURVE('',#1151,#1093,#1159,.T.);
#1159 = LINE('',#1160,#1161);
#1160 = CARTESIAN_POINT('',(165.56666666666,-4.495716996207,
    11.607323330105));
#1161 = VECTOR('',#1162,1.);
#1162 = DIRECTION('',(0.,4.361938730428E-02,-0.999048221585));
#1163 = ORIENTED_EDGE('',*,*,#1092,.T.);
#1164 = ORIENTED_EDGE('',*,*,#525,.F.);
#1165 = PLANE('',#1166);
#1166 = AXIS2_PLACEMENT_3D('',#1167,#1168,#1169);
#1167 = CARTESIAN_POINT('',(165.56666666666,-4.495716996207,
    11.607323330105));
#1168 = DIRECTION('',(0.984807753012,-0.173482903079,-7.574427116317E-03
    ));
#1169 = DIRECTION('',(0.173648177667,0.98387043425,4.29567107989E-02));
#1170 = ADVANCED_FACE('',(#1171),#1189,.T.);
#1171 = FACE_BOUND('',#1172,.T.);
#1172 = EDGE_LOOP('',(#1173,#1174,#1182,#1188));
#1173 = ORIENTED_EDGE('',*,*,#517,.F.);
#1174 = ORIENTED_EDGE('',*,*,#1175,.T.);
#1175 = EDGE_CURVE('',#510,#1176,#1178,.T.);
#1176 = VERTEX_POINT('',#1177);
#1177 = CARTESIAN_POINT('',(150.56666666666,-4.495716996214,
    11.607323330105));
#1178 = LINE('',#1179,#1180);
#1179 = CARTESIAN_POINT('',(149.77319525363,1.554312234475E-15,
    11.803610572934));
#1180 = VECTOR('',#1181,1.);
#1181 = DIRECTION('',(0.173648177667,-0.983870434249,-4.295671079889E-02
    ));
#1182 = ORIENTED_EDGE('',*,*,#1183,.F.);
#1183 = EDGE_CURVE('',#1151,#1176,#1184,.T.);
#1184 = LINE('',#1185,#1186);
#1185 = CARTESIAN_POINT('',(232.1,-4.495716996276,11.607323330102));
#1186 = VECTOR('',#1187,1.);
#1187 = DIRECTION('',(-1.,4.339596014227E-13,1.894708535574E-14));
#1188 = ORIENTED_EDGE('',*,*,#1150,.T.);
#1189 = PLANE('',#1190);
#1190 = AXIS2_PLACEMENT_3D('',#1191,#1192,#1193);
#1191 = CARTESIAN_POINT('',(0.,-87.1170049222,8.));
#1192 = DIRECTION('',(0.,-4.361938730428E-02,0.999048221585));
#1193 = DIRECTION('',(0.,0.999048221585,4.361938730428E-02));
#1194 = ADVANCED_FACE('',(#1195),#1213,.T.);
#1195 = FACE_BOUND('',#1196,.T.);
#1196 = EDGE_LOOP('',(#1197,#1198,#1199,#1207));
#1197 = ORIENTED_EDGE('',*,*,#1175,.F.);
#1198 = ORIENTED_EDGE('',*,*,#509,.F.);
#1199 = ORIENTED_EDGE('',*,*,#1200,.T.);
#1200 = EDGE_CURVE('',#502,#1201,#1203,.T.);
#1201 = VERTEX_POINT('',#1202);
#1202 = CARTESIAN_POINT('',(150.56666666666,-4.408478221605,
    9.609226886936));
#1203 = LINE('',#1204,#1205);
#1204 = CARTESIAN_POINT('',(149.77319525363,8.723877460855E-02,
    9.805514129765));
#1205 = VECTOR('',#1206,1.);
#1206 = DIRECTION('',(0.173648177667,-0.983870434249,-4.295671079889E-02
    ));
#1207 = ORIENTED_EDGE('',*,*,#1208,.F.);
#1208 = EDGE_CURVE('',#1176,#1201,#1209,.T.);
#1209 = LINE('',#1210,#1211);
#1210 = CARTESIAN_POINT('',(150.56666666666,-4.495716996214,
    11.607323330105));
#1211 = VECTOR('',#1212,1.);
#1212 = DIRECTION('',(0.,4.361938730428E-02,-0.999048221585));
#1213 = PLANE('',#1214);
#1214 = AXIS2_PLACEMENT_3D('',#1215,#1216,#1217);
#1215 = CARTESIAN_POINT('',(149.77319525363,1.554312234475E-15,
    11.803610572934));
#1216 = DIRECTION('',(-0.984807753012,-0.17348290308,-7.574427116354E-03
    ));
#1217 = DIRECTION('',(0.173648177667,-0.983870434249,-4.295671079889E-02
    ));
#1218 = ADVANCED_FACE('',(#1219,#1237),#1273,.T.);
#1219 = FACE_BOUND('',#1220,.T.);
#1220 = EDGE_LOOP('',(#1221,#1229,#1235,#1236));
#1221 = ORIENTED_EDGE('',*,*,#1222,.F.);
#1222 = EDGE_CURVE('',#1223,#494,#1225,.T.);
#1223 = VERTEX_POINT('',#1224);
#1224 = CARTESIAN_POINT('',(89.033333333334,-4.408478221632,
    9.609226886935));
#1225 = LINE('',#1226,#1227);
#1226 = CARTESIAN_POINT('',(89.033333333334,-4.408478221632,
    9.609226886935));
#1227 = VECTOR('',#1228,1.);
#1228 = DIRECTION('',(0.173648177667,0.98387043425,4.29567107989E-02));
#1229 = ORIENTED_EDGE('',*,*,#1230,.T.);
#1230 = EDGE_CURVE('',#1223,#1201,#1231,.T.);
#1231 = LINE('',#1232,#1233);
#1232 = CARTESIAN_POINT('',(89.033333333334,-4.408478221632,
    9.609226886935));
#1233 = VECTOR('',#1234,1.);
#1234 = DIRECTION('',(1.,4.339749064731E-13,1.891885788204E-14));
#1235 = ORIENTED_EDGE('',*,*,#1200,.F.);
#1236 = ORIENTED_EDGE('',*,*,#501,.F.);
#1237 = FACE_BOUND('',#1238,.T.);
#1238 = EDGE_LOOP('',(#1239,#1250,#1258,#1267));
#1239 = ORIENTED_EDGE('',*,*,#1240,.F.);
#1240 = EDGE_CURVE('',#1241,#1243,#1245,.T.);
#1241 = VERTEX_POINT('',#1242);
#1242 = CARTESIAN_POINT('',(147.3,-3.659192055876,9.641941427394));
#1243 = VERTEX_POINT('',#1244);
#1244 = CARTESIAN_POINT('',(147.3,-0.662047391122,9.772799589307));
#1245 = CIRCLE('',#1246,1.5);
#1246 = AXIS2_PLACEMENT_3D('',#1247,#1248,#1249);
#1247 = CARTESIAN_POINT('',(147.3,-2.160619723499,9.707370508351));
#1248 = DIRECTION('',(0.,-4.361938730428E-02,0.999048221585));
#1249 = DIRECTION('',(1.,0.,0.));
#1250 = ORIENTED_EDGE('',*,*,#1251,.F.);
#1251 = EDGE_CURVE('',#1252,#1241,#1254,.T.);
#1252 = VERTEX_POINT('',#1253);
#1253 = CARTESIAN_POINT('',(92.300000000001,-3.659192055888,
    9.641941427394));
#1254 = LINE('',#1255,#1256);
#1255 = CARTESIAN_POINT('',(106.04999999999,-3.659192055885,
    9.641941427394));
#1256 = VECTOR('',#1257,1.);
#1257 = DIRECTION('',(1.,2.19784334936E-13,9.595991286368E-15));
#1258 = ORIENTED_EDGE('',*,*,#1259,.F.);
#1259 = EDGE_CURVE('',#1260,#1252,#1262,.T.);
#1260 = VERTEX_POINT('',#1261);
#1261 = CARTESIAN_POINT('',(92.3,-0.662047391134,9.772799589307));
#1262 = CIRCLE('',#1263,1.5);
#1263 = AXIS2_PLACEMENT_3D('',#1264,#1265,#1266);
#1264 = CARTESIAN_POINT('',(92.3,-2.160619723511,9.70737050835));
#1265 = DIRECTION('',(0.,-4.361938730428E-02,0.999048221585));
#1266 = DIRECTION('',(1.,0.,0.));
#1267 = ORIENTED_EDGE('',*,*,#1268,.T.);
#1268 = EDGE_CURVE('',#1260,#1243,#1269,.T.);
#1269 = LINE('',#1270,#1271);
#1270 = CARTESIAN_POINT('',(106.04999999999,-0.662047391131,
    9.772799589307));
#1271 = VECTOR('',#1272,1.);
#1272 = DIRECTION('',(1.,2.197868557686E-13,9.596101348295E-15));
#1273 = PLANE('',#1274);
#1274 = AXIS2_PLACEMENT_3D('',#1275,#1276,#1277);
#1275 = CARTESIAN_POINT('',(119.79999999999,-44.61435090056,
    7.853800577775));
#1276 = DIRECTION('',(0.,-4.361938730427E-02,0.999048221585));
#1277 = DIRECTION('',(0.,0.999048221585,4.361938730427E-02));
#1278 = ADVANCED_FACE('',(#1279),#1297,.T.);
#1279 = FACE_BOUND('',#1280,.T.);
#1280 = EDGE_LOOP('',(#1281,#1289,#1295,#1296));
#1281 = ORIENTED_EDGE('',*,*,#1282,.F.);
#1282 = EDGE_CURVE('',#1283,#486,#1285,.T.);
#1283 = VERTEX_POINT('',#1284);
#1284 = CARTESIAN_POINT('',(89.033333333334,-4.49571699624,
    11.607323330104));
#1285 = LINE('',#1286,#1287);
#1286 = CARTESIAN_POINT('',(89.033333333334,-4.49571699624,
    11.607323330104));
#1287 = VECTOR('',#1288,1.);
#1288 = DIRECTION('',(0.173648177667,0.98387043425,4.29567107989E-02));
#1289 = ORIENTED_EDGE('',*,*,#1290,.T.);
#1290 = EDGE_CURVE('',#1283,#1223,#1291,.T.);
#1291 = LINE('',#1292,#1293);
#1292 = CARTESIAN_POINT('',(89.033333333334,-4.49571699624,
    11.607323330104));
#1293 = VECTOR('',#1294,1.);
#1294 = DIRECTION('',(0.,4.361938730428E-02,-0.999048221585));
#1295 = ORIENTED_EDGE('',*,*,#1222,.T.);
#1296 = ORIENTED_EDGE('',*,*,#493,.F.);
#1297 = PLANE('',#1298);
#1298 = AXIS2_PLACEMENT_3D('',#1299,#1300,#1301);
#1299 = CARTESIAN_POINT('',(89.033333333334,-4.49571699624,
    11.607323330104));
#1300 = DIRECTION('',(0.984807753012,-0.173482903079,-7.574427116317E-03
    ));
#1301 = DIRECTION('',(0.173648177667,0.98387043425,4.29567107989E-02));
#1302 = ADVANCED_FACE('',(#1303),#1321,.T.);
#1303 = FACE_BOUND('',#1304,.T.);
#1304 = EDGE_LOOP('',(#1305,#1306,#1314,#1320));
#1305 = ORIENTED_EDGE('',*,*,#485,.F.);
#1306 = ORIENTED_EDGE('',*,*,#1307,.T.);
#1307 = EDGE_CURVE('',#478,#1308,#1310,.T.);
#1308 = VERTEX_POINT('',#1309);
#1309 = CARTESIAN_POINT('',(74.033333333334,-4.495716996247,
    11.607323330104));
#1310 = LINE('',#1311,#1312);
#1311 = CARTESIAN_POINT('',(73.239861920307,1.554312234475E-15,
    11.803610572934));
#1312 = VECTOR('',#1313,1.);
#1313 = DIRECTION('',(0.173648177666,-0.98387043425,-4.29567107989E-02)
  );
#1314 = ORIENTED_EDGE('',*,*,#1315,.F.);
#1315 = EDGE_CURVE('',#1283,#1308,#1316,.T.);
#1316 = LINE('',#1317,#1318);
#1317 = CARTESIAN_POINT('',(232.1,-4.495716996276,11.607323330102));
#1318 = VECTOR('',#1319,1.);
#1319 = DIRECTION('',(-1.,4.339596014227E-13,1.894708535574E-14));
#1320 = ORIENTED_EDGE('',*,*,#1282,.T.);
#1321 = PLANE('',#1322);
#1322 = AXIS2_PLACEMENT_3D('',#1323,#1324,#1325);
#1323 = CARTESIAN_POINT('',(0.,-87.1170049222,8.));
#1324 = DIRECTION('',(0.,-4.361938730428E-02,0.999048221585));
#1325 = DIRECTION('',(0.,0.999048221585,4.361938730428E-02));
#1326 = ADVANCED_FACE('',(#1327),#1345,.T.);
#1327 = FACE_BOUND('',#1328,.T.);
#1328 = EDGE_LOOP('',(#1329,#1330,#1331,#1339));
#1329 = ORIENTED_EDGE('',*,*,#1307,.F.);
#1330 = ORIENTED_EDGE('',*,*,#477,.F.);
#1331 = ORIENTED_EDGE('',*,*,#1332,.T.);
#1332 = EDGE_CURVE('',#470,#1333,#1335,.T.);
#1333 = VERTEX_POINT('',#1334);
#1334 = CARTESIAN_POINT('',(74.033333333334,-4.408478221638,
    9.609226886935));
#1335 = LINE('',#1336,#1337);
#1336 = CARTESIAN_POINT('',(73.239861920307,8.723877460855E-02,
    9.805514129765));
#1337 = VECTOR('',#1338,1.);
#1338 = DIRECTION('',(0.173648177666,-0.98387043425,-4.29567107989E-02)
  );
#1339 = ORIENTED_EDGE('',*,*,#1340,.F.);
#1340 = EDGE_CURVE('',#1308,#1333,#1341,.T.);
#1341 = LINE('',#1342,#1343);
#1342 = CARTESIAN_POINT('',(74.033333333334,-4.495716996247,
    11.607323330104));
#1343 = VECTOR('',#1344,1.);
#1344 = DIRECTION('',(0.,4.361938730428E-02,-0.999048221585));
#1345 = PLANE('',#1346);
#1346 = AXIS2_PLACEMENT_3D('',#1347,#1348,#1349);
#1347 = CARTESIAN_POINT('',(73.239861920307,1.554312234475E-15,
    11.803610572934));
#1348 = DIRECTION('',(-0.984807753012,-0.173482903078,
    -7.574427116289E-03));
#1349 = DIRECTION('',(0.173648177666,-0.98387043425,-4.29567107989E-02)
  );
#1350 = ADVANCED_FACE('',(#1351,#1369),#1405,.T.);
#1351 = FACE_BOUND('',#1352,.T.);
#1352 = EDGE_LOOP('',(#1353,#1354,#1355,#1363));
#1353 = ORIENTED_EDGE('',*,*,#1332,.F.);
#1354 = ORIENTED_EDGE('',*,*,#469,.F.);
#1355 = ORIENTED_EDGE('',*,*,#1356,.T.);
#1356 = EDGE_CURVE('',#462,#1357,#1359,.T.);
#1357 = VERTEX_POINT('',#1358);
#1358 = CARTESIAN_POINT('',(12.500000000001,-4.408478221572,
    9.609226886938));
#1359 = LINE('',#1360,#1361);
#1360 = CARTESIAN_POINT('',(13.293471413027,8.723877460855E-02,
    9.805514129765));
#1361 = VECTOR('',#1362,1.);
#1362 = DIRECTION('',(-0.173648177668,-0.983870434249,
    -4.295671079888E-02));
#1363 = ORIENTED_EDGE('',*,*,#1364,.T.);
#1364 = EDGE_CURVE('',#1357,#1333,#1365,.T.);
#1365 = LINE('',#1366,#1367);
#1366 = CARTESIAN_POINT('',(12.500000000001,-4.408478221572,
    9.609226886938));
#1367 = VECTOR('',#1368,1.);
#1368 = DIRECTION('',(1.,-1.079494035794E-12,-4.713172740079E-14));
#1369 = FACE_BOUND('',#1370,.T.);
#1370 = EDGE_LOOP('',(#1371,#1382,#1390,#1399));
#1371 = ORIENTED_EDGE('',*,*,#1372,.F.);
#1372 = EDGE_CURVE('',#1373,#1375,#1377,.T.);
#1373 = VERTEX_POINT('',#1374);
#1374 = CARTESIAN_POINT('',(70.766666666666,-3.65919205589,
    9.641941427394));
#1375 = VERTEX_POINT('',#1376);
#1376 = CARTESIAN_POINT('',(70.766666666668,-0.662047391137,
    9.772799589307));
#1377 = CIRCLE('',#1378,1.5);
#1378 = AXIS2_PLACEMENT_3D('',#1379,#1380,#1381);
#1379 = CARTESIAN_POINT('',(70.766666666667,-2.160619723513,
    9.70737050835));
#1380 = DIRECTION('',(0.,-4.361938730428E-02,0.999048221585));
#1381 = DIRECTION('',(1.,0.,0.));
#1382 = ORIENTED_EDGE('',*,*,#1383,.F.);
#1383 = EDGE_CURVE('',#1384,#1373,#1386,.T.);
#1384 = VERTEX_POINT('',#1385);
#1385 = CARTESIAN_POINT('',(15.766666666666,-3.65919205586,
    9.641941427395));
#1386 = LINE('',#1387,#1388);
#1387 = CARTESIAN_POINT('',(67.783333333343,-3.659192055888,
    9.641941427394));
#1388 = VECTOR('',#1389,1.);
#1389 = DIRECTION('',(1.,-5.467746381352E-13,-2.387269622596E-14));
#1390 = ORIENTED_EDGE('',*,*,#1391,.F.);
#1391 = EDGE_CURVE('',#1392,#1384,#1394,.T.);
#1392 = VERTEX_POINT('',#1393);
#1393 = CARTESIAN_POINT('',(15.766666666668,-0.662047391106,
    9.772799589308));
#1394 = CIRCLE('',#1395,1.5);
#1395 = AXIS2_PLACEMENT_3D('',#1396,#1397,#1398);
#1396 = CARTESIAN_POINT('',(15.766666666667,-2.160619723483,
    9.707370508351));
#1397 = DIRECTION('',(0.,-4.361938730428E-02,0.999048221585));
#1398 = DIRECTION('',(1.,0.,0.));
#1399 = ORIENTED_EDGE('',*,*,#1400,.T.);
#1400 = EDGE_CURVE('',#1392,#1375,#1401,.T.);
#1401 = LINE('',#1402,#1403);
#1402 = CARTESIAN_POINT('',(67.783333333345,-0.662047391135,
    9.772799589307));
#1403 = VECTOR('',#1404,1.);
#1404 = DIRECTION('',(1.,-5.467701006366E-13,-2.387249811449E-14));
#1405 = PLANE('',#1406);
#1406 = AXIS2_PLACEMENT_3D('',#1407,#1408,#1409);
#1407 = CARTESIAN_POINT('',(119.79999999999,-44.61435090056,
    7.853800577775));
#1408 = DIRECTION('',(0.,-4.361938730427E-02,0.999048221585));
#1409 = DIRECTION('',(0.,0.999048221585,4.361938730427E-02));
#1410 = ADVANCED_FACE('',(#1411),#1422,.F.);
#1411 = FACE_BOUND('',#1412,.F.);
#1412 = EDGE_LOOP('',(#1413,#1414,#1415,#1416));
#1413 = ORIENTED_EDGE('',*,*,#1000,.F.);
#1414 = ORIENTED_EDGE('',*,*,#461,.F.);
#1415 = ORIENTED_EDGE('',*,*,#1356,.T.);
#1416 = ORIENTED_EDGE('',*,*,#1417,.F.);
#1417 = EDGE_CURVE('',#993,#1357,#1418,.T.);
#1418 = LINE('',#1419,#1420);
#1419 = CARTESIAN_POINT('',(12.500000000001,-4.495716996181,
    11.607323330107));
#1420 = VECTOR('',#1421,1.);
#1421 = DIRECTION('',(0.,4.361938730428E-02,-0.999048221585));
#1422 = PLANE('',#1423);
#1423 = AXIS2_PLACEMENT_3D('',#1424,#1425,#1426);
#1424 = CARTESIAN_POINT('',(13.293471413027,1.554312234475E-15,
    11.803610572934));
#1425 = DIRECTION('',(-0.984807753012,0.173482903081,7.574427116382E-03)
  );
#1426 = DIRECTION('',(-0.173648177668,-0.983870434249,
    -4.295671079888E-02));
#1427 = ADVANCED_FACE('',(#1428),#1472,.T.);
#1428 = FACE_BOUND('',#1429,.T.);
#1429 = EDGE_LOOP('',(#1430,#1438,#1439,#1440,#1441,#1449,#1457,#1466));
#1430 = ORIENTED_EDGE('',*,*,#1431,.F.);
#1431 = EDGE_CURVE('',#688,#1432,#1434,.T.);
#1432 = VERTEX_POINT('',#1433);
#1433 = CARTESIAN_POINT('',(227.1,-82.62128792403,8.196287242915));
#1434 = LINE('',#1435,#1436);
#1435 = CARTESIAN_POINT('',(225.7775476445,-90.11414958696,
    7.869141838087));
#1436 = VECTOR('',#1437,1.);
#1437 = DIRECTION('',(0.173648177667,0.983870434249,4.295671079889E-02)
  );
#1438 = ORIENTED_EDGE('',*,*,#687,.T.);
#1439 = ORIENTED_EDGE('',*,*,#654,.T.);
#1440 = ORIENTED_EDGE('',*,*,#630,.T.);
#1441 = ORIENTED_EDGE('',*,*,#1442,.T.);
#1442 = EDGE_CURVE('',#623,#1443,#1445,.T.);
#1443 = VERTEX_POINT('',#1444);
#1444 = CARTESIAN_POINT('',(235.1,-74.62890215141,8.545242341347));
#1445 = LINE('',#1446,#1447);
#1446 = CARTESIAN_POINT('',(239.6,-73.83618594718,8.579853078233));
#1447 = VECTOR('',#1448,1.);
#1448 = DIRECTION('',(-0.984807753012,-0.17348290308,-7.574427116336E-03
    ));
#1449 = ORIENTED_EDGE('',*,*,#1450,.F.);
#1450 = EDGE_CURVE('',#1451,#1443,#1453,.T.);
#1451 = VERTEX_POINT('',#1452);
#1452 = CARTESIAN_POINT('',(235.09999999994,-79.62414325931,
    8.327145404826));
#1453 = LINE('',#1454,#1455);
#1454 = CARTESIAN_POINT('',(235.09999999994,-79.62414325931,
    8.327145404826));
#1455 = VECTOR('',#1456,1.);
#1456 = DIRECTION('',(-6.459837281902E-13,0.999048221585,
    4.361938730428E-02));
#1457 = ORIENTED_EDGE('',*,*,#1458,.F.);
#1458 = EDGE_CURVE('',#1459,#1451,#1461,.T.);
#1459 = VERTEX_POINT('',#1460);
#1460 = CARTESIAN_POINT('',(232.1,-82.62128792403,8.196287242915));
#1461 = CIRCLE('',#1462,2.999999999949);
#1462 = AXIS2_PLACEMENT_3D('',#1463,#1464,#1465);
#1463 = CARTESIAN_POINT('',(232.1,-79.62414325933,8.327145404825));
#1464 = DIRECTION('',(0.,-4.361938730428E-02,0.999048221585));
#1465 = DIRECTION('',(1.,0.,0.));
#1466 = ORIENTED_EDGE('',*,*,#1467,.F.);
#1467 = EDGE_CURVE('',#1432,#1459,#1468,.T.);
#1468 = LINE('',#1469,#1470);
#1469 = CARTESIAN_POINT('',(7.499999999999,-82.62128792403,
    8.196287242915));
#1470 = VECTOR('',#1471,1.);
#1471 = DIRECTION('',(1.,0.,0.));
#1472 = PLANE('',#1473);
#1473 = AXIS2_PLACEMENT_3D('',#1474,#1475,#1476);
#1474 = CARTESIAN_POINT('',(0.,-87.1170049222,8.));
#1475 = DIRECTION('',(0.,-4.361938730428E-02,0.999048221585));
#1476 = DIRECTION('',(0.,0.999048221585,4.361938730428E-02));
#1477 = ADVANCED_FACE('',(#1478),#1496,.T.);
#1478 = FACE_BOUND('',#1479,.T.);
#1479 = EDGE_LOOP('',(#1480,#1481,#1489,#1495));
#1480 = ORIENTED_EDGE('',*,*,#622,.T.);
#1481 = ORIENTED_EDGE('',*,*,#1482,.T.);
#1482 = EDGE_CURVE('',#615,#1483,#1485,.T.);
#1483 = VERTEX_POINT('',#1484);
#1484 = CARTESIAN_POINT('',(235.1,-74.5416633768,6.547145898178));
#1485 = LINE('',#1486,#1487);
#1486 = CARTESIAN_POINT('',(239.6,-73.74894717258,6.581756635064));
#1487 = VECTOR('',#1488,1.);
#1488 = DIRECTION('',(-0.984807753012,-0.17348290308,-7.574427116336E-03
    ));
#1489 = ORIENTED_EDGE('',*,*,#1490,.F.);
#1490 = EDGE_CURVE('',#1443,#1483,#1491,.T.);
#1491 = LINE('',#1492,#1493);
#1492 = CARTESIAN_POINT('',(235.1,-74.62890215141,8.545242341347));
#1493 = VECTOR('',#1494,1.);
#1494 = DIRECTION('',(0.,4.361938730428E-02,-0.999048221585));
#1495 = ORIENTED_EDGE('',*,*,#1442,.F.);
#1496 = PLANE('',#1497);
#1497 = AXIS2_PLACEMENT_3D('',#1498,#1499,#1500);
#1498 = CARTESIAN_POINT('',(239.6,-73.83618594718,8.579853078233));
#1499 = DIRECTION('',(-0.173648177667,0.983870434249,4.295671079889E-02)
  );
#1500 = DIRECTION('',(-0.984807753012,-0.17348290308,-7.574427116336E-03
    ));
#1501 = ADVANCED_FACE('',(#1502,#1520),#1556,.T.);
#1502 = FACE_BOUND('',#1503,.T.);
#1503 = EDGE_LOOP('',(#1504,#1505,#1506,#1514));
#1504 = ORIENTED_EDGE('',*,*,#1482,.F.);
#1505 = ORIENTED_EDGE('',*,*,#614,.F.);
#1506 = ORIENTED_EDGE('',*,*,#1507,.T.);
#1507 = EDGE_CURVE('',#607,#1508,#1510,.T.);
#1508 = VERTEX_POINT('',#1509);
#1509 = CARTESIAN_POINT('',(235.1,-12.40086399424,9.260271788503));
#1510 = LINE('',#1511,#1512);
#1511 = CARTESIAN_POINT('',(239.6,-13.19358019847,9.225661051617));
#1512 = VECTOR('',#1513,1.);
#1513 = DIRECTION('',(-0.984807753012,0.17348290308,7.574427116335E-03)
  );
#1514 = ORIENTED_EDGE('',*,*,#1515,.T.);
#1515 = EDGE_CURVE('',#1508,#1483,#1516,.T.);
#1516 = LINE('',#1517,#1518);
#1517 = CARTESIAN_POINT('',(235.1,-12.40086399424,9.260271788503));
#1518 = VECTOR('',#1519,1.);
#1519 = DIRECTION('',(0.,-0.999048221585,-4.361938730428E-02));
#1520 = FACE_BOUND('',#1521,.T.);
#1521 = EDGE_LOOP('',(#1522,#1533,#1541,#1550));
#1522 = ORIENTED_EDGE('',*,*,#1523,.F.);
#1523 = EDGE_CURVE('',#1524,#1526,#1528,.T.);
#1524 = VERTEX_POINT('',#1525);
#1525 = CARTESIAN_POINT('',(235.85000000001,-70.94508977909,
    6.704175692473));
#1526 = VERTEX_POINT('',#1527);
#1527 = CARTESIAN_POINT('',(238.84999999998,-70.94508977909,
    6.704175692473));
#1528 = CIRCLE('',#1529,1.5);
#1529 = AXIS2_PLACEMENT_3D('',#1530,#1531,#1532);
#1530 = CARTESIAN_POINT('',(237.35,-70.9450814782,6.704176054898));
#1531 = DIRECTION('',(0.,-4.361938730428E-02,0.999048221585));
#1532 = DIRECTION('',(1.,0.,0.));
#1533 = ORIENTED_EDGE('',*,*,#1534,.T.);
#1534 = EDGE_CURVE('',#1524,#1535,#1537,.T.);
#1535 = VERTEX_POINT('',#1536);
#1536 = CARTESIAN_POINT('',(235.85000000004,-15.99743759195,
    9.103241994208));
#1537 = LINE('',#1538,#1539);
#1538 = CARTESIAN_POINT('',(235.85,-57.77972033983,7.278988135124));
#1539 = VECTOR('',#1540,1.);
#1540 = DIRECTION('',(5.167583532801E-16,0.999048221585,
    4.361938730427E-02));
#1541 = ORIENTED_EDGE('',*,*,#1542,.F.);
#1542 = EDGE_CURVE('',#1543,#1535,#1545,.T.);
#1543 = VERTEX_POINT('',#1544);
#1544 = CARTESIAN_POINT('',(238.84999999995,-15.99743759195,
    9.103241994208));
#1545 = CIRCLE('',#1546,1.5);
#1546 = AXIS2_PLACEMENT_3D('',#1547,#1548,#1549);
#1547 = CARTESIAN_POINT('',(237.35,-15.99742065093,9.103242733869));
#1548 = DIRECTION('',(0.,-4.361938730428E-02,0.999048221585));
#1549 = DIRECTION('',(1.,0.,0.));
#1550 = ORIENTED_EDGE('',*,*,#1551,.F.);
#1551 = EDGE_CURVE('',#1526,#1543,#1552,.T.);
#1552 = LINE('',#1553,#1554);
#1553 = CARTESIAN_POINT('',(238.85,-57.77972033983,7.278988135124));
#1554 = VECTOR('',#1555,1.);
#1555 = DIRECTION('',(5.167583532801E-16,0.999048221585,
    4.361938730427E-02));
#1556 = PLANE('',#1557);
#1557 = AXIS2_PLACEMENT_3D('',#1558,#1559,#1560);
#1558 = CARTESIAN_POINT('',(119.79999999999,-44.61435090056,
    7.853800577775));
#1559 = DIRECTION('',(0.,-4.361938730427E-02,0.999048221585));
#1560 = DIRECTION('',(0.,0.999048221585,4.361938730427E-02));
#1561 = ADVANCED_FACE('',(#1562),#1573,.F.);
#1562 = FACE_BOUND('',#1563,.F.);
#1563 = EDGE_LOOP('',(#1564,#1565,#1566,#1572));
#1564 = ORIENTED_EDGE('',*,*,#606,.T.);
#1565 = ORIENTED_EDGE('',*,*,#1507,.T.);
#1566 = ORIENTED_EDGE('',*,*,#1567,.F.);
#1567 = EDGE_CURVE('',#1017,#1508,#1568,.T.);
#1568 = LINE('',#1569,#1570);
#1569 = CARTESIAN_POINT('',(235.1,-12.48810276885,11.258368231673));
#1570 = VECTOR('',#1571,1.);
#1571 = DIRECTION('',(0.,4.361938730428E-02,-0.999048221585));
#1572 = ORIENTED_EDGE('',*,*,#1016,.F.);
#1573 = PLANE('',#1574);
#1574 = AXIS2_PLACEMENT_3D('',#1575,#1576,#1577);
#1575 = CARTESIAN_POINT('',(239.6,-13.28081897307,11.223757494786));
#1576 = DIRECTION('',(0.173648177667,0.983870434249,4.295671079889E-02)
  );
#1577 = DIRECTION('',(-0.984807753012,0.17348290308,7.574427116335E-03)
  );
#1578 = ADVANCED_FACE('',(#1579),#1597,.F.);
#1579 = FACE_BOUND('',#1580,.F.);
#1580 = EDGE_LOOP('',(#1581,#1582,#1583,#1591));
#1581 = ORIENTED_EDGE('',*,*,#775,.F.);
#1582 = ORIENTED_EDGE('',*,*,#818,.F.);
#1583 = ORIENTED_EDGE('',*,*,#1584,.T.);
#1584 = EDGE_CURVE('',#819,#1585,#1587,.T.);
#1585 = VERTEX_POINT('',#1586);
#1586 = CARTESIAN_POINT('',(12.499999999999,-82.53404914942,
    6.198190799746));
#1587 = LINE('',#1588,#1589);
#1588 = CARTESIAN_POINT('',(12.499999999999,-82.62128792403,
    8.196287242915));
#1589 = VECTOR('',#1590,1.);
#1590 = DIRECTION('',(0.,4.361938730428E-02,-0.999048221585));
#1591 = ORIENTED_EDGE('',*,*,#1592,.T.);
#1592 = EDGE_CURVE('',#1585,#768,#1593,.T.);
#1593 = LINE('',#1594,#1595);
#1594 = CARTESIAN_POINT('',(13.29347141337,-87.02976614759,
    6.001903556831));
#1595 = VECTOR('',#1596,1.);
#1596 = DIRECTION('',(0.173648177667,-0.983870434249,-4.295671079889E-02
    ));
#1597 = PLANE('',#1598);
#1598 = AXIS2_PLACEMENT_3D('',#1599,#1600,#1601);
#1599 = CARTESIAN_POINT('',(13.161226177747,-86.32409936819,
    7.033666318916));
#1600 = DIRECTION('',(-0.984807753012,-0.17348290308,-7.574427116335E-03
    ));
#1601 = DIRECTION('',(0.17348787982,-0.984836004397,-1.807022329305E-19)
  );
#1602 = ADVANCED_FACE('',(#1603,#1621),#1657,.T.);
#1603 = FACE_BOUND('',#1604,.T.);
#1604 = EDGE_LOOP('',(#1605,#1613,#1614,#1615));
#1605 = ORIENTED_EDGE('',*,*,#1606,.T.);
#1606 = EDGE_CURVE('',#1607,#1585,#1609,.T.);
#1607 = VERTEX_POINT('',#1608);
#1608 = CARTESIAN_POINT('',(74.033333333333,-82.53404914942,
    6.198190799746));
#1609 = LINE('',#1610,#1611);
#1610 = CARTESIAN_POINT('',(74.033333333333,-82.53404914942,
    6.198190799746));
#1611 = VECTOR('',#1612,1.);
#1612 = DIRECTION('',(-1.,0.,0.));
#1613 = ORIENTED_EDGE('',*,*,#1592,.T.);
#1614 = ORIENTED_EDGE('',*,*,#767,.F.);
#1615 = ORIENTED_EDGE('',*,*,#1616,.T.);
#1616 = EDGE_CURVE('',#760,#1607,#1617,.T.);
#1617 = LINE('',#1618,#1619);
#1618 = CARTESIAN_POINT('',(73.239861919961,-87.02976614759,
    6.001903556831));
#1619 = VECTOR('',#1620,1.);
#1620 = DIRECTION('',(0.173648177667,0.983870434249,4.295671079889E-02)
  );
#1621 = FACE_BOUND('',#1622,.T.);
#1622 = EDGE_LOOP('',(#1623,#1634,#1642,#1651));
#1623 = ORIENTED_EDGE('',*,*,#1624,.F.);
#1624 = EDGE_CURVE('',#1625,#1627,#1629,.T.);
#1625 = VERTEX_POINT('',#1626);
#1626 = CARTESIAN_POINT('',(15.766666666666,-83.28333531613,
    6.165476259245));
#1627 = VERTEX_POINT('',#1628);
#1628 = CARTESIAN_POINT('',(15.766666666666,-86.28047998089,
    6.034618097332));
#1629 = CIRCLE('',#1630,1.5);
#1630 = AXIS2_PLACEMENT_3D('',#1631,#1632,#1633);
#1631 = CARTESIAN_POINT('',(15.766666666666,-84.78190764851,
    6.100047178288));
#1632 = DIRECTION('',(0.,-4.361938730428E-02,0.999048221585));
#1633 = DIRECTION('',(1.,0.,0.));
#1634 = ORIENTED_EDGE('',*,*,#1635,.T.);
#1635 = EDGE_CURVE('',#1625,#1636,#1638,.T.);
#1636 = VERTEX_POINT('',#1637);
#1637 = CARTESIAN_POINT('',(70.766666666666,-83.28333531613,
    6.165476259245));
#1638 = LINE('',#1639,#1640);
#1639 = CARTESIAN_POINT('',(67.783333333332,-83.28333531613,
    6.165476259245));
#1640 = VECTOR('',#1641,1.);
#1641 = DIRECTION('',(1.,7.743997707501E-16,3.381102413166E-17));
#1642 = ORIENTED_EDGE('',*,*,#1643,.F.);
#1643 = EDGE_CURVE('',#1644,#1636,#1646,.T.);
#1644 = VERTEX_POINT('',#1645);
#1645 = CARTESIAN_POINT('',(70.766666666666,-86.28047998089,
    6.034618097332));
#1646 = CIRCLE('',#1647,1.5);
#1647 = AXIS2_PLACEMENT_3D('',#1648,#1649,#1650);
#1648 = CARTESIAN_POINT('',(70.766666666666,-84.78190764851,
    6.100047178288));
#1649 = DIRECTION('',(0.,-4.361938730428E-02,0.999048221585));
#1650 = DIRECTION('',(1.,0.,0.));
#1651 = ORIENTED_EDGE('',*,*,#1652,.F.);
#1652 = EDGE_CURVE('',#1627,#1644,#1653,.T.);
#1653 = LINE('',#1654,#1655);
#1654 = CARTESIAN_POINT('',(67.783333333332,-86.28047998089,
    6.034618097332));
#1655 = VECTOR('',#1656,1.);
#1656 = DIRECTION('',(1.,7.743997707501E-16,3.381102413166E-17));
#1657 = PLANE('',#1658);
#1658 = AXIS2_PLACEMENT_3D('',#1659,#1660,#1661);
#1659 = CARTESIAN_POINT('',(119.79999999999,-44.61435090056,
    7.853800577775));
#1660 = DIRECTION('',(0.,-4.361938730427E-02,0.999048221585));
#1661 = DIRECTION('',(0.,0.999048221585,4.361938730427E-02));
#1662 = ADVANCED_FACE('',(#1663),#1681,.F.);
#1663 = FACE_BOUND('',#1664,.F.);
#1664 = EDGE_LOOP('',(#1665,#1673,#1674,#1675));
#1665 = ORIENTED_EDGE('',*,*,#1666,.F.);
#1666 = EDGE_CURVE('',#752,#1667,#1669,.T.);
#1667 = VERTEX_POINT('',#1668);
#1668 = CARTESIAN_POINT('',(74.033333333333,-82.62128792403,
    8.196287242915));
#1669 = LINE('',#1670,#1671);
#1670 = CARTESIAN_POINT('',(72.710880977836,-90.11414958696,
    7.869141838087));
#1671 = VECTOR('',#1672,1.);
#1672 = DIRECTION('',(0.173648177667,0.983870434249,4.295671079889E-02)
  );
#1673 = ORIENTED_EDGE('',*,*,#759,.F.);
#1674 = ORIENTED_EDGE('',*,*,#1616,.T.);
#1675 = ORIENTED_EDGE('',*,*,#1676,.F.);
#1676 = EDGE_CURVE('',#1667,#1607,#1677,.T.);
#1677 = LINE('',#1678,#1679);
#1678 = CARTESIAN_POINT('',(74.033333333333,-82.62128792403,
    8.196287242915));
#1679 = VECTOR('',#1680,1.);
#1680 = DIRECTION('',(0.,4.361938730428E-02,-0.999048221585));
#1681 = PLANE('',#1682);
#1682 = AXIS2_PLACEMENT_3D('',#1683,#1684,#1685);
#1683 = CARTESIAN_POINT('',(73.372107155584,-86.32409936819,
    7.033666318916));
#1684 = DIRECTION('',(0.984807753012,-0.17348290308,-7.574427116335E-03)
  );
#1685 = DIRECTION('',(0.17348787982,0.984836004397,2.825815212667E-19));
#1686 = ADVANCED_FACE('',(#1687),#1705,.T.);
#1687 = FACE_BOUND('',#1688,.T.);
#1688 = EDGE_LOOP('',(#1689,#1690,#1691,#1699));
#1689 = ORIENTED_EDGE('',*,*,#1666,.F.);
#1690 = ORIENTED_EDGE('',*,*,#751,.T.);
#1691 = ORIENTED_EDGE('',*,*,#1692,.F.);
#1692 = EDGE_CURVE('',#1693,#744,#1695,.T.);
#1693 = VERTEX_POINT('',#1694);
#1694 = CARTESIAN_POINT('',(89.033333333333,-82.62128792403,
    8.196287242915));
#1695 = LINE('',#1696,#1697);
#1696 = CARTESIAN_POINT('',(89.033333333333,-82.62128792403,
    8.196287242915));
#1697 = VECTOR('',#1698,1.);
#1698 = DIRECTION('',(0.173648177667,-0.983870434249,-4.295671079889E-02
    ));
#1699 = ORIENTED_EDGE('',*,*,#1700,.F.);
#1700 = EDGE_CURVE('',#1667,#1693,#1701,.T.);
#1701 = LINE('',#1702,#1703);
#1702 = CARTESIAN_POINT('',(7.499999999999,-82.62128792403,
    8.196287242915));
#1703 = VECTOR('',#1704,1.);
#1704 = DIRECTION('',(1.,0.,0.));
#1705 = PLANE('',#1706);
#1706 = AXIS2_PLACEMENT_3D('',#1707,#1708,#1709);
#1707 = CARTESIAN_POINT('',(0.,-87.1170049222,8.));
#1708 = DIRECTION('',(0.,-4.361938730428E-02,0.999048221585));
#1709 = DIRECTION('',(0.,0.999048221585,4.361938730428E-02));
#1710 = ADVANCED_FACE('',(#1711),#1729,.F.);
#1711 = FACE_BOUND('',#1712,.F.);
#1712 = EDGE_LOOP('',(#1713,#1714,#1722,#1728));
#1713 = ORIENTED_EDGE('',*,*,#1692,.F.);
#1714 = ORIENTED_EDGE('',*,*,#1715,.T.);
#1715 = EDGE_CURVE('',#1693,#1716,#1718,.T.);
#1716 = VERTEX_POINT('',#1717);
#1717 = CARTESIAN_POINT('',(89.033333333333,-82.53404914942,
    6.198190799746));
#1718 = LINE('',#1719,#1720);
#1719 = CARTESIAN_POINT('',(89.033333333333,-82.62128792403,
    8.196287242915));
#1720 = VECTOR('',#1721,1.);
#1721 = DIRECTION('',(0.,4.361938730428E-02,-0.999048221585));
#1722 = ORIENTED_EDGE('',*,*,#1723,.T.);
#1723 = EDGE_CURVE('',#1716,#736,#1724,.T.);
#1724 = LINE('',#1725,#1726);
#1725 = CARTESIAN_POINT('',(89.826804746705,-87.02976614759,
    6.001903556831));
#1726 = VECTOR('',#1727,1.);
#1727 = DIRECTION('',(0.173648177667,-0.983870434249,-4.295671079889E-02
    ));
#1728 = ORIENTED_EDGE('',*,*,#743,.F.);
#1729 = PLANE('',#1730);
#1730 = AXIS2_PLACEMENT_3D('',#1731,#1732,#1733);
#1731 = CARTESIAN_POINT('',(89.694559511081,-86.32409936819,
    7.033666318916));
#1732 = DIRECTION('',(-0.984807753012,-0.17348290308,-7.574427116336E-03
    ));
#1733 = DIRECTION('',(0.17348787982,-0.984836004397,-1.446231843861E-20)
  );
#1734 = ADVANCED_FACE('',(#1735,#1753),#1789,.T.);
#1735 = FACE_BOUND('',#1736,.T.);
#1736 = EDGE_LOOP('',(#1737,#1745,#1746,#1747));
#1737 = ORIENTED_EDGE('',*,*,#1738,.T.);
#1738 = EDGE_CURVE('',#1739,#1716,#1741,.T.);
#1739 = VERTEX_POINT('',#1740);
#1740 = CARTESIAN_POINT('',(150.56666666666,-82.53404914942,
    6.198190799746));
#1741 = LINE('',#1742,#1743);
#1742 = CARTESIAN_POINT('',(150.56666666666,-82.53404914942,
    6.198190799746));
#1743 = VECTOR('',#1744,1.);
#1744 = DIRECTION('',(-1.,0.,0.));
#1745 = ORIENTED_EDGE('',*,*,#1723,.T.);
#1746 = ORIENTED_EDGE('',*,*,#735,.F.);
#1747 = ORIENTED_EDGE('',*,*,#1748,.T.);
#1748 = EDGE_CURVE('',#728,#1739,#1749,.T.);
#1749 = LINE('',#1750,#1751);
#1750 = CARTESIAN_POINT('',(149.77319525329,-87.02976614759,
    6.001903556831));
#1751 = VECTOR('',#1752,1.);
#1752 = DIRECTION('',(0.173648177667,0.983870434249,4.295671079889E-02)
  );
#1753 = FACE_BOUND('',#1754,.T.);
#1754 = EDGE_LOOP('',(#1755,#1766,#1774,#1783));
#1755 = ORIENTED_EDGE('',*,*,#1756,.F.);
#1756 = EDGE_CURVE('',#1757,#1759,#1761,.T.);
#1757 = VERTEX_POINT('',#1758);
#1758 = CARTESIAN_POINT('',(92.3,-83.28333531613,6.165476259245));
#1759 = VERTEX_POINT('',#1760);
#1760 = CARTESIAN_POINT('',(92.3,-86.28047998089,6.034618097332));
#1761 = CIRCLE('',#1762,1.5);
#1762 = AXIS2_PLACEMENT_3D('',#1763,#1764,#1765);
#1763 = CARTESIAN_POINT('',(92.3,-84.78190764851,6.100047178288));
#1764 = DIRECTION('',(0.,-4.361938730428E-02,0.999048221585));
#1765 = DIRECTION('',(1.,0.,0.));
#1766 = ORIENTED_EDGE('',*,*,#1767,.T.);
#1767 = EDGE_CURVE('',#1757,#1768,#1770,.T.);
#1768 = VERTEX_POINT('',#1769);
#1769 = CARTESIAN_POINT('',(147.3,-83.28333531613,6.165476259245));
#1770 = LINE('',#1771,#1772);
#1771 = CARTESIAN_POINT('',(106.04999999999,-83.28333531613,
    6.165476259245));
#1772 = VECTOR('',#1773,1.);
#1773 = DIRECTION('',(1.,-5.162665138334E-16,-2.254068275444E-17));
#1774 = ORIENTED_EDGE('',*,*,#1775,.F.);
#1775 = EDGE_CURVE('',#1776,#1768,#1778,.T.);
#1776 = VERTEX_POINT('',#1777);
#1777 = CARTESIAN_POINT('',(147.3,-86.28047998089,6.034618097332));
#1778 = CIRCLE('',#1779,1.5);
#1779 = AXIS2_PLACEMENT_3D('',#1780,#1781,#1782);
#1780 = CARTESIAN_POINT('',(147.3,-84.78190764851,6.100047178288));
#1781 = DIRECTION('',(0.,-4.361938730428E-02,0.999048221585));
#1782 = DIRECTION('',(1.,0.,0.));
#1783 = ORIENTED_EDGE('',*,*,#1784,.F.);
#1784 = EDGE_CURVE('',#1759,#1776,#1785,.T.);
#1785 = LINE('',#1786,#1787);
#1786 = CARTESIAN_POINT('',(106.04999999999,-86.28047998089,
    6.034618097332));
#1787 = VECTOR('',#1788,1.);
#1788 = DIRECTION('',(1.,-5.162665138334E-16,-2.254068275444E-17));
#1789 = PLANE('',#1790);
#1790 = AXIS2_PLACEMENT_3D('',#1791,#1792,#1793);
#1791 = CARTESIAN_POINT('',(119.79999999999,-44.61435090056,
    7.853800577775));
#1792 = DIRECTION('',(0.,-4.361938730427E-02,0.999048221585));
#1793 = DIRECTION('',(0.,0.999048221585,4.361938730427E-02));
#1794 = ADVANCED_FACE('',(#1795),#1813,.F.);
#1795 = FACE_BOUND('',#1796,.F.);
#1796 = EDGE_LOOP('',(#1797,#1805,#1806,#1807));
#1797 = ORIENTED_EDGE('',*,*,#1798,.F.);
#1798 = EDGE_CURVE('',#720,#1799,#1801,.T.);
#1799 = VERTEX_POINT('',#1800);
#1800 = CARTESIAN_POINT('',(150.56666666666,-82.62128792403,
    8.196287242915));
#1801 = LINE('',#1802,#1803);
#1802 = CARTESIAN_POINT('',(149.24421431117,-90.11414958696,
    7.869141838087));
#1803 = VECTOR('',#1804,1.);
#1804 = DIRECTION('',(0.173648177667,0.983870434249,4.295671079889E-02)
  );
#1805 = ORIENTED_EDGE('',*,*,#727,.F.);
#1806 = ORIENTED_EDGE('',*,*,#1748,.T.);
#1807 = ORIENTED_EDGE('',*,*,#1808,.F.);
#1808 = EDGE_CURVE('',#1799,#1739,#1809,.T.);
#1809 = LINE('',#1810,#1811);
#1810 = CARTESIAN_POINT('',(150.56666666666,-82.62128792403,
    8.196287242915));
#1811 = VECTOR('',#1812,1.);
#1812 = DIRECTION('',(0.,4.361938730428E-02,-0.999048221585));
#1813 = PLANE('',#1814);
#1814 = AXIS2_PLACEMENT_3D('',#1815,#1816,#1817);
#1815 = CARTESIAN_POINT('',(149.90544048891,-86.32409936819,
    7.033666318916));
#1816 = DIRECTION('',(0.984807753012,-0.17348290308,-7.574427116335E-03)
  );
#1817 = DIRECTION('',(0.17348787982,0.984836004397,1.872908198061E-19));
#1818 = ADVANCED_FACE('',(#1819),#1837,.T.);
#1819 = FACE_BOUND('',#1820,.T.);
#1820 = EDGE_LOOP('',(#1821,#1822,#1823,#1831));
#1821 = ORIENTED_EDGE('',*,*,#1798,.F.);
#1822 = ORIENTED_EDGE('',*,*,#719,.T.);
#1823 = ORIENTED_EDGE('',*,*,#1824,.F.);
#1824 = EDGE_CURVE('',#1825,#712,#1827,.T.);
#1825 = VERTEX_POINT('',#1826);
#1826 = CARTESIAN_POINT('',(165.56666666666,-82.62128792403,
    8.196287242915));
#1827 = LINE('',#1828,#1829);
#1828 = CARTESIAN_POINT('',(165.56666666666,-82.62128792403,
    8.196287242915));
#1829 = VECTOR('',#1830,1.);
#1830 = DIRECTION('',(0.173648177667,-0.983870434249,-4.295671079889E-02
    ));
#1831 = ORIENTED_EDGE('',*,*,#1832,.F.);
#1832 = EDGE_CURVE('',#1799,#1825,#1833,.T.);
#1833 = LINE('',#1834,#1835);
#1834 = CARTESIAN_POINT('',(7.499999999999,-82.62128792403,
    8.196287242915));
#1835 = VECTOR('',#1836,1.);
#1836 = DIRECTION('',(1.,0.,0.));
#1837 = PLANE('',#1838);
#1838 = AXIS2_PLACEMENT_3D('',#1839,#1840,#1841);
#1839 = CARTESIAN_POINT('',(0.,-87.1170049222,8.));
#1840 = DIRECTION('',(0.,-4.361938730428E-02,0.999048221585));
#1841 = DIRECTION('',(0.,0.999048221585,4.361938730428E-02));
#1842 = ADVANCED_FACE('',(#1843),#1861,.F.);
#1843 = FACE_BOUND('',#1844,.F.);
#1844 = EDGE_LOOP('',(#1845,#1846,#1854,#1860));
#1845 = ORIENTED_EDGE('',*,*,#1824,.F.);
#1846 = ORIENTED_EDGE('',*,*,#1847,.T.);
#1847 = EDGE_CURVE('',#1825,#1848,#1850,.T.);
#1848 = VERTEX_POINT('',#1849);
#1849 = CARTESIAN_POINT('',(165.56666666666,-82.53404914942,
    6.198190799746));
#1850 = LINE('',#1851,#1852);
#1851 = CARTESIAN_POINT('',(165.56666666666,-82.62128792403,
    8.196287242915));
#1852 = VECTOR('',#1853,1.);
#1853 = DIRECTION('',(0.,4.361938730428E-02,-0.999048221585));
#1854 = ORIENTED_EDGE('',*,*,#1855,.T.);
#1855 = EDGE_CURVE('',#1848,#704,#1856,.T.);
#1856 = LINE('',#1857,#1858);
#1857 = CARTESIAN_POINT('',(166.36013808003,-87.02976614759,
    6.001903556831));
#1858 = VECTOR('',#1859,1.);
#1859 = DIRECTION('',(0.173648177667,-0.983870434249,-4.295671079889E-02
    ));
#1860 = ORIENTED_EDGE('',*,*,#711,.F.);
#1861 = PLANE('',#1862);
#1862 = AXIS2_PLACEMENT_3D('',#1863,#1864,#1865);
#1863 = CARTESIAN_POINT('',(166.22789284441,-86.32409936819,
    7.033666318916));
#1864 = DIRECTION('',(-0.984807753012,-0.17348290308,-7.574427116335E-03
    ));
#1865 = DIRECTION('',(0.17348787982,-0.984836004397,5.260966875574E-20)
  );
#1866 = ADVANCED_FACE('',(#1867,#1885),#1921,.T.);
#1867 = FACE_BOUND('',#1868,.T.);
#1868 = EDGE_LOOP('',(#1869,#1877,#1878,#1879));
#1869 = ORIENTED_EDGE('',*,*,#1870,.T.);
#1870 = EDGE_CURVE('',#1871,#1848,#1873,.T.);
#1871 = VERTEX_POINT('',#1872);
#1872 = CARTESIAN_POINT('',(227.1,-82.53404914942,6.198190799746));
#1873 = LINE('',#1874,#1875);
#1874 = CARTESIAN_POINT('',(227.1,-82.53404914942,6.198190799746));
#1875 = VECTOR('',#1876,1.);
#1876 = DIRECTION('',(-1.,0.,0.));
#1877 = ORIENTED_EDGE('',*,*,#1855,.T.);
#1878 = ORIENTED_EDGE('',*,*,#703,.F.);
#1879 = ORIENTED_EDGE('',*,*,#1880,.T.);
#1880 = EDGE_CURVE('',#696,#1871,#1881,.T.);
#1881 = LINE('',#1882,#1883);
#1882 = CARTESIAN_POINT('',(226.30652858663,-87.02976614759,
    6.001903556831));
#1883 = VECTOR('',#1884,1.);
#1884 = DIRECTION('',(0.173648177667,0.983870434249,4.295671079889E-02)
  );
#1885 = FACE_BOUND('',#1886,.T.);
#1886 = EDGE_LOOP('',(#1887,#1898,#1906,#1915));
#1887 = ORIENTED_EDGE('',*,*,#1888,.F.);
#1888 = EDGE_CURVE('',#1889,#1891,#1893,.T.);
#1889 = VERTEX_POINT('',#1890);
#1890 = CARTESIAN_POINT('',(168.83333333333,-83.28333531613,
    6.165476259245));
#1891 = VERTEX_POINT('',#1892);
#1892 = CARTESIAN_POINT('',(168.83333333333,-86.28047998089,
    6.034618097332));
#1893 = CIRCLE('',#1894,1.5);
#1894 = AXIS2_PLACEMENT_3D('',#1895,#1896,#1897);
#1895 = CARTESIAN_POINT('',(168.83333333333,-84.78190764851,
    6.100047178288));
#1896 = DIRECTION('',(0.,-4.361938730428E-02,0.999048221585));
#1897 = DIRECTION('',(1.,0.,0.));
#1898 = ORIENTED_EDGE('',*,*,#1899,.T.);
#1899 = EDGE_CURVE('',#1889,#1900,#1902,.T.);
#1900 = VERTEX_POINT('',#1901);
#1901 = CARTESIAN_POINT('',(223.83333333333,-83.28333531613,
    6.165476259245));
#1902 = LINE('',#1903,#1904);
#1903 = CARTESIAN_POINT('',(144.31666666666,-83.28333531613,
    6.165476259245));
#1904 = VECTOR('',#1905,1.);
#1905 = DIRECTION('',(1.,-2.581332569167E-16,-1.127034137722E-17));
#1906 = ORIENTED_EDGE('',*,*,#1907,.F.);
#1907 = EDGE_CURVE('',#1908,#1900,#1910,.T.);
#1908 = VERTEX_POINT('',#1909);
#1909 = CARTESIAN_POINT('',(223.83333333333,-86.28047998089,
    6.034618097332));
#1910 = CIRCLE('',#1911,1.5);
#1911 = AXIS2_PLACEMENT_3D('',#1912,#1913,#1914);
#1912 = CARTESIAN_POINT('',(223.83333333333,-84.78190764851,
    6.100047178288));
#1913 = DIRECTION('',(0.,-4.361938730428E-02,0.999048221585));
#1914 = DIRECTION('',(1.,0.,0.));
#1915 = ORIENTED_EDGE('',*,*,#1916,.F.);
#1916 = EDGE_CURVE('',#1891,#1908,#1917,.T.);
#1917 = LINE('',#1918,#1919);
#1918 = CARTESIAN_POINT('',(144.31666666666,-86.28047998089,
    6.034618097332));
#1919 = VECTOR('',#1920,1.);
#1920 = DIRECTION('',(1.,-2.581332569167E-16,-1.127034137722E-17));
#1921 = PLANE('',#1922);
#1922 = AXIS2_PLACEMENT_3D('',#1923,#1924,#1925);
#1923 = CARTESIAN_POINT('',(119.79999999999,-44.61435090056,
    7.853800577775));
#1924 = DIRECTION('',(0.,-4.361938730427E-02,0.999048221585));
#1925 = DIRECTION('',(0.,0.999048221585,4.361938730427E-02));
#1926 = ADVANCED_FACE('',(#1927),#1938,.F.);
#1927 = FACE_BOUND('',#1928,.F.);
#1928 = EDGE_LOOP('',(#1929,#1930,#1931,#1932));
#1929 = ORIENTED_EDGE('',*,*,#1431,.F.);
#1930 = ORIENTED_EDGE('',*,*,#695,.F.);
#1931 = ORIENTED_EDGE('',*,*,#1880,.T.);
#1932 = ORIENTED_EDGE('',*,*,#1933,.F.);
#1933 = EDGE_CURVE('',#1432,#1871,#1934,.T.);
#1934 = LINE('',#1935,#1936);
#1935 = CARTESIAN_POINT('',(227.1,-82.62128792403,8.196287242915));
#1936 = VECTOR('',#1937,1.);
#1937 = DIRECTION('',(0.,4.361938730428E-02,-0.999048221585));
#1938 = PLANE('',#1939);
#1939 = AXIS2_PLACEMENT_3D('',#1940,#1941,#1942);
#1940 = CARTESIAN_POINT('',(226.43877382225,-86.32409936819,
    7.033666318916));
#1941 = DIRECTION('',(0.984807753012,-0.17348290308,-7.574427116335E-03)
  );
#1942 = DIRECTION('',(0.17348787982,0.984836004397,1.181106576119E-19));
#1943 = ADVANCED_FACE('',(#1944),#1973,.F.);
#1944 = FACE_BOUND('',#1945,.F.);
#1945 = EDGE_LOOP('',(#1946,#1947,#1955,#1963,#1969,#1970,#1971,#1972));
#1946 = ORIENTED_EDGE('',*,*,#975,.F.);
#1947 = ORIENTED_EDGE('',*,*,#1948,.T.);
#1948 = EDGE_CURVE('',#976,#1949,#1951,.T.);
#1949 = VERTEX_POINT('',#1950);
#1950 = CARTESIAN_POINT('',(4.5,-7.231145337106,5.482175838687));
#1951 = LINE('',#1952,#1953);
#1952 = CARTESIAN_POINT('',(4.5,-7.492861660932,11.476465168194));
#1953 = VECTOR('',#1954,1.);
#1954 = DIRECTION('',(0.,4.361938730428E-02,-0.999048221585));
#1955 = ORIENTED_EDGE('',*,*,#1956,.T.);
#1956 = EDGE_CURVE('',#1949,#1957,#1959,.T.);
#1957 = VERTEX_POINT('',#1958);
#1958 = CARTESIAN_POINT('',(4.500000000051,-79.36242693548,
    2.332856075319));
#1959 = LINE('',#1960,#1961);
#1960 = CARTESIAN_POINT('',(4.5,-7.231145337106,5.482175838687));
#1961 = VECTOR('',#1962,1.);
#1962 = DIRECTION('',(7.053637452521E-13,-0.999048221585,
    -4.361938730428E-02));
#1963 = ORIENTED_EDGE('',*,*,#1964,.F.);
#1964 = EDGE_CURVE('',#835,#1957,#1965,.T.);
#1965 = LINE('',#1966,#1967);
#1966 = CARTESIAN_POINT('',(4.500000000051,-79.62414325931,
    8.327145404826));
#1967 = VECTOR('',#1968,1.);
#1968 = DIRECTION('',(0.,4.361938730428E-02,-0.999048221585));
#1969 = ORIENTED_EDGE('',*,*,#843,.F.);
#1970 = ORIENTED_EDGE('',*,*,#874,.T.);
#1971 = ORIENTED_EDGE('',*,*,#899,.F.);
#1972 = ORIENTED_EDGE('',*,*,#951,.F.);
#1973 = PLANE('',#1974);
#1974 = AXIS2_PLACEMENT_3D('',#1975,#1976,#1977);
#1975 = CARTESIAN_POINT('',(4.5,-7.492861660932,11.476465168194));
#1976 = DIRECTION('',(-1.,-7.046923952643E-13,-3.076753439454E-14));
#1977 = DIRECTION('',(7.053637452521E-13,-0.999048221585,
    -4.361938730428E-02));
#1978 = ADVANCED_FACE('',(#1979),#1998,.F.);
#1979 = FACE_BOUND('',#1980,.F.);
#1980 = EDGE_LOOP('',(#1981,#1982,#1991,#1997));
#1981 = ORIENTED_EDGE('',*,*,#1964,.T.);
#1982 = ORIENTED_EDGE('',*,*,#1983,.T.);
#1983 = EDGE_CURVE('',#1957,#1984,#1986,.T.);
#1984 = VERTEX_POINT('',#1985);
#1985 = CARTESIAN_POINT('',(7.499999999999,-82.35957160021,
    2.201997913408));
#1986 = CIRCLE('',#1987,2.999999999949);
#1987 = AXIS2_PLACEMENT_3D('',#1988,#1989,#1990);
#1988 = CARTESIAN_POINT('',(7.5,-79.3624269355,2.332856075318));
#1989 = DIRECTION('',(0.,-4.361938730428E-02,0.999048221585));
#1990 = DIRECTION('',(1.,0.,0.));
#1991 = ORIENTED_EDGE('',*,*,#1992,.F.);
#1992 = EDGE_CURVE('',#827,#1984,#1993,.T.);
#1993 = LINE('',#1994,#1995);
#1994 = CARTESIAN_POINT('',(7.499999999999,-82.62128792403,
    8.196287242915));
#1995 = VECTOR('',#1996,1.);
#1996 = DIRECTION('',(0.,4.361938730428E-02,-0.999048221585));
#1997 = ORIENTED_EDGE('',*,*,#834,.F.);
#1998 = CYLINDRICAL_SURFACE('',#1999,2.999999999949);
#1999 = AXIS2_PLACEMENT_3D('',#2000,#2001,#2002);
#2000 = CARTESIAN_POINT('',(7.5,-79.62414325933,8.327145404825));
#2001 = DIRECTION('',(0.,-4.361938730428E-02,0.999048221585));
#2002 = DIRECTION('',(1.,0.,0.));
#2003 = ADVANCED_FACE('',(#2004),#2034,.F.);
#2004 = FACE_BOUND('',#2005,.F.);
#2005 = EDGE_LOOP('',(#2006,#2007,#2008,#2016,#2022,#2023,#2024,#2025,
    #2026,#2027,#2028,#2029,#2030,#2031,#2032,#2033));
#2006 = ORIENTED_EDGE('',*,*,#826,.F.);
#2007 = ORIENTED_EDGE('',*,*,#1992,.T.);
#2008 = ORIENTED_EDGE('',*,*,#2009,.T.);
#2009 = EDGE_CURVE('',#1984,#2010,#2012,.T.);
#2010 = VERTEX_POINT('',#2011);
#2011 = CARTESIAN_POINT('',(232.1,-82.35957160021,2.201997913408));
#2012 = LINE('',#2013,#2014);
#2013 = CARTESIAN_POINT('',(7.499999999999,-82.35957160021,
    2.201997913408));
#2014 = VECTOR('',#2015,1.);
#2015 = DIRECTION('',(1.,0.,0.));
#2016 = ORIENTED_EDGE('',*,*,#2017,.F.);
#2017 = EDGE_CURVE('',#1459,#2010,#2018,.T.);
#2018 = LINE('',#2019,#2020);
#2019 = CARTESIAN_POINT('',(232.1,-82.62128792403,8.196287242915));
#2020 = VECTOR('',#2021,1.);
#2021 = DIRECTION('',(0.,4.361938730428E-02,-0.999048221585));
#2022 = ORIENTED_EDGE('',*,*,#1467,.F.);
#2023 = ORIENTED_EDGE('',*,*,#1933,.T.);
#2024 = ORIENTED_EDGE('',*,*,#1870,.T.);
#2025 = ORIENTED_EDGE('',*,*,#1847,.F.);
#2026 = ORIENTED_EDGE('',*,*,#1832,.F.);
#2027 = ORIENTED_EDGE('',*,*,#1808,.T.);
#2028 = ORIENTED_EDGE('',*,*,#1738,.T.);
#2029 = ORIENTED_EDGE('',*,*,#1715,.F.);
#2030 = ORIENTED_EDGE('',*,*,#1700,.F.);
#2031 = ORIENTED_EDGE('',*,*,#1676,.T.);
#2032 = ORIENTED_EDGE('',*,*,#1606,.T.);
#2033 = ORIENTED_EDGE('',*,*,#1584,.F.);
#2034 = PLANE('',#2035);
#2035 = AXIS2_PLACEMENT_3D('',#2036,#2037,#2038);
#2036 = CARTESIAN_POINT('',(7.499999999999,-82.62128792403,
    8.196287242915));
#2037 = DIRECTION('',(0.,-0.999048221585,-4.361938730428E-02));
#2038 = DIRECTION('',(1.,0.,0.));
#2039 = ADVANCED_FACE('',(#2040),#2066,.F.);
#2040 = FACE_BOUND('',#2041,.F.);
#2041 = EDGE_LOOP('',(#2042,#2043,#2051,#2060));
#2042 = ORIENTED_EDGE('',*,*,#907,.F.);
#2043 = ORIENTED_EDGE('',*,*,#2044,.T.);
#2044 = EDGE_CURVE('',#908,#2045,#2047,.T.);
#2045 = VERTEX_POINT('',#2046);
#2046 = CARTESIAN_POINT('',(3.75,-15.9625420821,8.30400341694));
#2047 = LINE('',#2048,#2049);
#2048 = CARTESIAN_POINT('',(3.75,-16.08467636655,11.101338437377));
#2049 = VECTOR('',#2050,1.);
#2050 = DIRECTION('',(0.,4.361938730428E-02,-0.999048221585));
#2051 = ORIENTED_EDGE('',*,*,#2052,.T.);
#2052 = EDGE_CURVE('',#2045,#2053,#2055,.T.);
#2053 = VERTEX_POINT('',#2054);
#2054 = CARTESIAN_POINT('',(0.75,-15.9625420821,8.30400341694));
#2055 = CIRCLE('',#2056,1.5);
#2056 = AXIS2_PLACEMENT_3D('',#2057,#2058,#2059);
#2057 = CARTESIAN_POINT('',(2.25,-15.9625420821,8.30400341694));
#2058 = DIRECTION('',(0.,-4.361938730428E-02,0.999048221585));
#2059 = DIRECTION('',(1.,0.,0.));
#2060 = ORIENTED_EDGE('',*,*,#2061,.F.);
#2061 = EDGE_CURVE('',#910,#2053,#2062,.T.);
#2062 = LINE('',#2063,#2064);
#2063 = CARTESIAN_POINT('',(0.75,-16.08467636655,11.101338437377));
#2064 = VECTOR('',#2065,1.);
#2065 = DIRECTION('',(0.,4.361938730428E-02,-0.999048221585));
#2066 = CYLINDRICAL_SURFACE('',#2067,1.5);
#2067 = AXIS2_PLACEMENT_3D('',#2068,#2069,#2070);
#2068 = CARTESIAN_POINT('',(2.25,-16.08467636655,11.101338437377));
#2069 = DIRECTION('',(0.,-4.361938730428E-02,0.999048221585));
#2070 = DIRECTION('',(1.,0.,0.));
#2071 = ADVANCED_FACE('',(#2072),#2090,.T.);
#2072 = FACE_BOUND('',#2073,.T.);
#2073 = EDGE_LOOP('',(#2074,#2075,#2083,#2089));
#2074 = ORIENTED_EDGE('',*,*,#935,.F.);
#2075 = ORIENTED_EDGE('',*,*,#2076,.T.);
#2076 = EDGE_CURVE('',#927,#2077,#2079,.T.);
#2077 = VERTEX_POINT('',#2078);
#2078 = CARTESIAN_POINT('',(0.75,-70.91019426925,5.904937115205));
#2079 = LINE('',#2080,#2081);
#2080 = CARTESIAN_POINT('',(0.75,-71.0323285537,8.702272135642));
#2081 = VECTOR('',#2082,1.);
#2082 = DIRECTION('',(0.,4.361938730428E-02,-0.999048221585));
#2083 = ORIENTED_EDGE('',*,*,#2084,.T.);
#2084 = EDGE_CURVE('',#2077,#2053,#2085,.T.);
#2085 = LINE('',#2086,#2087);
#2086 = CARTESIAN_POINT('',(0.75,-70.91019426925,5.904937115205));
#2087 = VECTOR('',#2088,1.);
#2088 = DIRECTION('',(8.074349270001E-18,0.999048221585,
    4.361938730428E-02));
#2089 = ORIENTED_EDGE('',*,*,#2061,.F.);
#2090 = PLANE('',#2091);
#2091 = AXIS2_PLACEMENT_3D('',#2092,#2093,#2094);
#2092 = CARTESIAN_POINT('',(0.75,-71.0323285537,8.702272135642));
#2093 = DIRECTION('',(1.,-8.066664278647E-18,-3.521981680382E-19));
#2094 = DIRECTION('',(8.074349270001E-18,0.999048221585,
    4.361938730428E-02));
#2095 = ADVANCED_FACE('',(#2096),#2115,.F.);
#2096 = FACE_BOUND('',#2097,.F.);
#2097 = EDGE_LOOP('',(#2098,#2099,#2100,#2109));
#2098 = ORIENTED_EDGE('',*,*,#926,.F.);
#2099 = ORIENTED_EDGE('',*,*,#2076,.T.);
#2100 = ORIENTED_EDGE('',*,*,#2101,.T.);
#2101 = EDGE_CURVE('',#2077,#2102,#2104,.T.);
#2102 = VERTEX_POINT('',#2103);
#2103 = CARTESIAN_POINT('',(3.75,-70.91019426925,5.904937115205));
#2104 = CIRCLE('',#2105,1.5);
#2105 = AXIS2_PLACEMENT_3D('',#2106,#2107,#2108);
#2106 = CARTESIAN_POINT('',(2.25,-70.91019426925,5.904937115205));
#2107 = DIRECTION('',(0.,-4.361938730428E-02,0.999048221585));
#2108 = DIRECTION('',(1.,0.,0.));
#2109 = ORIENTED_EDGE('',*,*,#2110,.F.);
#2110 = EDGE_CURVE('',#919,#2102,#2111,.T.);
#2111 = LINE('',#2112,#2113);
#2112 = CARTESIAN_POINT('',(3.75,-71.0323285537,8.702272135642));
#2113 = VECTOR('',#2114,1.);
#2114 = DIRECTION('',(0.,4.361938730428E-02,-0.999048221585));
#2115 = CYLINDRICAL_SURFACE('',#2116,1.5);
#2116 = AXIS2_PLACEMENT_3D('',#2117,#2118,#2119);
#2117 = CARTESIAN_POINT('',(2.25,-71.0323285537,8.702272135642));
#2118 = DIRECTION('',(0.,-4.361938730428E-02,0.999048221585));
#2119 = DIRECTION('',(1.,0.,0.));
#2120 = ADVANCED_FACE('',(#2121),#2132,.F.);
#2121 = FACE_BOUND('',#2122,.F.);
#2122 = EDGE_LOOP('',(#2123,#2124,#2125,#2131));
#2123 = ORIENTED_EDGE('',*,*,#918,.F.);
#2124 = ORIENTED_EDGE('',*,*,#2110,.T.);
#2125 = ORIENTED_EDGE('',*,*,#2126,.T.);
#2126 = EDGE_CURVE('',#2102,#2045,#2127,.T.);
#2127 = LINE('',#2128,#2129);
#2128 = CARTESIAN_POINT('',(3.75,-70.91019426925,5.904937115205));
#2129 = VECTOR('',#2130,1.);
#2130 = DIRECTION('',(8.074349270001E-18,0.999048221585,
    4.361938730428E-02));
#2131 = ORIENTED_EDGE('',*,*,#2044,.F.);
#2132 = PLANE('',#2133);
#2133 = AXIS2_PLACEMENT_3D('',#2134,#2135,#2136);
#2134 = CARTESIAN_POINT('',(3.75,-71.0323285537,8.702272135642));
#2135 = DIRECTION('',(1.,-8.066664278647E-18,-3.521981680382E-19));
#2136 = DIRECTION('',(8.074349270001E-18,0.999048221585,
    4.361938730428E-02));
#2137 = ADVANCED_FACE('',(#2138),#2175,.F.);
#2138 = FACE_BOUND('',#2139,.F.);
#2139 = EDGE_LOOP('',(#2140,#2141,#2149,#2157,#2163,#2164,#2165,#2166,
    #2167,#2168,#2169,#2170,#2171,#2172,#2173,#2174));
#2140 = ORIENTED_EDGE('',*,*,#1035,.F.);
#2141 = ORIENTED_EDGE('',*,*,#2142,.T.);
#2142 = EDGE_CURVE('',#1036,#2143,#2145,.T.);
#2143 = VERTEX_POINT('',#2144);
#2144 = CARTESIAN_POINT('',(232.1,-4.23400067245,5.613034000595));
#2145 = LINE('',#2146,#2147);
#2146 = CARTESIAN_POINT('',(232.1,-4.495716996276,11.607323330102));
#2147 = VECTOR('',#2148,1.);
#2148 = DIRECTION('',(0.,4.361938730428E-02,-0.999048221585));
#2149 = ORIENTED_EDGE('',*,*,#2150,.T.);
#2150 = EDGE_CURVE('',#2143,#2151,#2153,.T.);
#2151 = VERTEX_POINT('',#2152);
#2152 = CARTESIAN_POINT('',(7.500000000001,-4.234000672353,5.6130340006)
  );
#2153 = LINE('',#2154,#2155);
#2154 = CARTESIAN_POINT('',(232.1,-4.23400067245,5.613034000595));
#2155 = VECTOR('',#2156,1.);
#2156 = DIRECTION('',(-1.,4.339596014227E-13,1.894708535574E-14));
#2157 = ORIENTED_EDGE('',*,*,#2158,.F.);
#2158 = EDGE_CURVE('',#984,#2151,#2159,.T.);
#2159 = LINE('',#2160,#2161);
#2160 = CARTESIAN_POINT('',(7.500000000001,-4.495716996178,
    11.607323330107));
#2161 = VECTOR('',#2162,1.);
#2162 = DIRECTION('',(0.,4.361938730428E-02,-0.999048221585));
#2163 = ORIENTED_EDGE('',*,*,#992,.F.);
#2164 = ORIENTED_EDGE('',*,*,#1417,.T.);
#2165 = ORIENTED_EDGE('',*,*,#1364,.T.);
#2166 = ORIENTED_EDGE('',*,*,#1340,.F.);
#2167 = ORIENTED_EDGE('',*,*,#1315,.F.);
#2168 = ORIENTED_EDGE('',*,*,#1290,.T.);
#2169 = ORIENTED_EDGE('',*,*,#1230,.T.);
#2170 = ORIENTED_EDGE('',*,*,#1208,.F.);
#2171 = ORIENTED_EDGE('',*,*,#1183,.F.);
#2172 = ORIENTED_EDGE('',*,*,#1158,.T.);
#2173 = ORIENTED_EDGE('',*,*,#1100,.T.);
#2174 = ORIENTED_EDGE('',*,*,#1076,.F.);
#2175 = PLANE('',#2176);
#2176 = AXIS2_PLACEMENT_3D('',#2177,#2178,#2179);
#2177 = CARTESIAN_POINT('',(232.1,-4.495716996276,11.607323330102));
#2178 = DIRECTION('',(4.343730282953E-13,0.999048221585,
    4.361938730428E-02));
#2179 = DIRECTION('',(-1.,4.339596014227E-13,1.894708535574E-14));
#2180 = ADVANCED_FACE('',(#2181),#2193,.F.);
#2181 = FACE_BOUND('',#2182,.F.);
#2182 = EDGE_LOOP('',(#2183,#2184,#2191,#2192));
#2183 = ORIENTED_EDGE('',*,*,#2158,.T.);
#2184 = ORIENTED_EDGE('',*,*,#2185,.T.);
#2185 = EDGE_CURVE('',#2151,#1949,#2186,.T.);
#2186 = CIRCLE('',#2187,3.);
#2187 = AXIS2_PLACEMENT_3D('',#2188,#2189,#2190);
#2188 = CARTESIAN_POINT('',(7.5,-7.231145337106,5.482175838687));
#2189 = DIRECTION('',(0.,-4.361938730428E-02,0.999048221585));
#2190 = DIRECTION('',(1.,0.,0.));
#2191 = ORIENTED_EDGE('',*,*,#1948,.F.);
#2192 = ORIENTED_EDGE('',*,*,#983,.F.);
#2193 = CYLINDRICAL_SURFACE('',#2194,3.);
#2194 = AXIS2_PLACEMENT_3D('',#2195,#2196,#2197);
#2195 = CARTESIAN_POINT('',(7.5,-7.492861660932,11.476465168194));
#2196 = DIRECTION('',(0.,-4.361938730428E-02,0.999048221585));
#2197 = DIRECTION('',(1.,0.,0.));
#2198 = ADVANCED_FACE('',(#2199),#2228,.F.);
#2199 = FACE_BOUND('',#2200,.F.);
#2200 = EDGE_LOOP('',(#2201,#2202,#2210,#2218,#2224,#2225,#2226,#2227));
#2201 = ORIENTED_EDGE('',*,*,#1450,.F.);
#2202 = ORIENTED_EDGE('',*,*,#2203,.T.);
#2203 = EDGE_CURVE('',#1451,#2204,#2206,.T.);
#2204 = VERTEX_POINT('',#2205);
#2205 = CARTESIAN_POINT('',(235.09999999994,-79.36242693548,
    2.332856075319));
#2206 = LINE('',#2207,#2208);
#2207 = CARTESIAN_POINT('',(235.09999999994,-79.62414325931,
    8.327145404826));
#2208 = VECTOR('',#2209,1.);
#2209 = DIRECTION('',(0.,4.361938730428E-02,-0.999048221585));
#2210 = ORIENTED_EDGE('',*,*,#2211,.T.);
#2211 = EDGE_CURVE('',#2204,#2212,#2214,.T.);
#2212 = VERTEX_POINT('',#2213);
#2213 = CARTESIAN_POINT('',(235.0999999999,-7.231145337144,
    5.482175838685));
#2214 = LINE('',#2215,#2216);
#2215 = CARTESIAN_POINT('',(235.09999999994,-79.36242693548,
    2.332856075319));
#2216 = VECTOR('',#2217,1.);
#2217 = DIRECTION('',(-6.459837281902E-13,0.999048221585,
    4.361938730428E-02));
#2218 = ORIENTED_EDGE('',*,*,#2219,.F.);
#2219 = EDGE_CURVE('',#1044,#2212,#2220,.T.);
#2220 = LINE('',#2221,#2222);
#2221 = CARTESIAN_POINT('',(235.0999999999,-7.492861660969,
    11.476465168192));
#2222 = VECTOR('',#2223,1.);
#2223 = DIRECTION('',(0.,4.361938730428E-02,-0.999048221585));
#2224 = ORIENTED_EDGE('',*,*,#1052,.F.);
#2225 = ORIENTED_EDGE('',*,*,#1567,.T.);
#2226 = ORIENTED_EDGE('',*,*,#1515,.T.);
#2227 = ORIENTED_EDGE('',*,*,#1490,.F.);
#2228 = PLANE('',#2229);
#2229 = AXIS2_PLACEMENT_3D('',#2230,#2231,#2232);
#2230 = CARTESIAN_POINT('',(235.09999999994,-79.62414325931,
    8.327145404826));
#2231 = DIRECTION('',(1.,6.453688948209E-13,2.817741443219E-14));
#2232 = DIRECTION('',(-6.459837281902E-13,0.999048221585,
    4.361938730428E-02));
#2233 = ADVANCED_FACE('',(#2234),#2246,.F.);
#2234 = FACE_BOUND('',#2235,.F.);
#2235 = EDGE_LOOP('',(#2236,#2237,#2244,#2245));
#2236 = ORIENTED_EDGE('',*,*,#2219,.T.);
#2237 = ORIENTED_EDGE('',*,*,#2238,.T.);
#2238 = EDGE_CURVE('',#2212,#2143,#2239,.T.);
#2239 = CIRCLE('',#2240,2.999999999902);
#2240 = AXIS2_PLACEMENT_3D('',#2241,#2242,#2243);
#2241 = CARTESIAN_POINT('',(232.1,-7.231145337106,5.482175838687));
#2242 = DIRECTION('',(0.,-4.361938730428E-02,0.999048221585));
#2243 = DIRECTION('',(1.,0.,0.));
#2244 = ORIENTED_EDGE('',*,*,#2142,.F.);
#2245 = ORIENTED_EDGE('',*,*,#1043,.F.);
#2246 = CYLINDRICAL_SURFACE('',#2247,2.999999999902);
#2247 = AXIS2_PLACEMENT_3D('',#2248,#2249,#2250);
#2248 = CARTESIAN_POINT('',(232.1,-7.492861660932,11.476465168194));
#2249 = DIRECTION('',(0.,-4.361938730428E-02,0.999048221585));
#2250 = DIRECTION('',(1.,0.,0.));
#2251 = ADVANCED_FACE('',(#2252),#2278,.F.);
#2252 = FACE_BOUND('',#2253,.F.);
#2253 = EDGE_LOOP('',(#2254,#2255,#2263,#2272));
#2254 = ORIENTED_EDGE('',*,*,#1108,.F.);
#2255 = ORIENTED_EDGE('',*,*,#2256,.T.);
#2256 = EDGE_CURVE('',#1109,#2257,#2259,.T.);
#2257 = VERTEX_POINT('',#2258);
#2258 = CARTESIAN_POINT('',(223.83333333333,-3.624296546016,
    8.842702850127));
#2259 = LINE('',#2260,#2261);
#2260 = CARTESIAN_POINT('',(223.83333333333,-3.746430830468,
    11.640037870564));
#2261 = VECTOR('',#2262,1.);
#2262 = DIRECTION('',(0.,4.361938730428E-02,-0.999048221585));
#2263 = ORIENTED_EDGE('',*,*,#2264,.T.);
#2264 = EDGE_CURVE('',#2257,#2265,#2267,.T.);
#2265 = VERTEX_POINT('',#2266);
#2266 = CARTESIAN_POINT('',(223.83333333333,-0.627151881262,
    8.97356101204));
#2267 = CIRCLE('',#2268,1.5);
#2268 = AXIS2_PLACEMENT_3D('',#2269,#2270,#2271);
#2269 = CARTESIAN_POINT('',(223.83333333333,-2.125724213639,
    8.908131931084));
#2270 = DIRECTION('',(0.,-4.361938730428E-02,0.999048221585));
#2271 = DIRECTION('',(1.,0.,0.));
#2272 = ORIENTED_EDGE('',*,*,#2273,.F.);
#2273 = EDGE_CURVE('',#1111,#2265,#2274,.T.);
#2274 = LINE('',#2275,#2276);
#2275 = CARTESIAN_POINT('',(223.83333333333,-0.749286165714,
    11.770896032477));
#2276 = VECTOR('',#2277,1.);
#2277 = DIRECTION('',(0.,4.361938730428E-02,-0.999048221585));
#2278 = CYLINDRICAL_SURFACE('',#2279,1.5);
#2279 = AXIS2_PLACEMENT_3D('',#2280,#2281,#2282);
#2280 = CARTESIAN_POINT('',(223.83333333333,-2.247858498091,
    11.70546695152));
#2281 = DIRECTION('',(0.,-4.361938730428E-02,0.999048221585));
#2282 = DIRECTION('',(1.,0.,0.));
#2283 = ADVANCED_FACE('',(#2284),#2302,.T.);
#2284 = FACE_BOUND('',#2285,.T.);
#2285 = EDGE_LOOP('',(#2286,#2287,#2295,#2301));
#2286 = ORIENTED_EDGE('',*,*,#1136,.F.);
#2287 = ORIENTED_EDGE('',*,*,#2288,.T.);
#2288 = EDGE_CURVE('',#1128,#2289,#2291,.T.);
#2289 = VERTEX_POINT('',#2290);
#2290 = CARTESIAN_POINT('',(168.83333333333,-0.627151881274,
    8.97356101204));
#2291 = LINE('',#2292,#2293);
#2292 = CARTESIAN_POINT('',(168.83333333333,-0.749286165726,
    11.770896032476));
#2293 = VECTOR('',#2294,1.);
#2294 = DIRECTION('',(0.,4.361938730428E-02,-0.999048221585));
#2295 = ORIENTED_EDGE('',*,*,#2296,.T.);
#2296 = EDGE_CURVE('',#2289,#2265,#2297,.T.);
#2297 = LINE('',#2298,#2299);
#2298 = CARTESIAN_POINT('',(168.83333333333,-0.627151881274,
    8.97356101204));
#2299 = VECTOR('',#2300,1.);
#2300 = DIRECTION('',(1.,2.197465224472E-13,9.594340357455E-15));
#2301 = ORIENTED_EDGE('',*,*,#2273,.F.);
#2302 = PLANE('',#2303);
#2303 = AXIS2_PLACEMENT_3D('',#2304,#2305,#2306);
#2304 = CARTESIAN_POINT('',(168.83333333333,-0.749286165726,
    11.770896032476));
#2305 = DIRECTION('',(2.199558716982E-13,-0.999048221585,
    -4.361938730428E-02));
#2306 = DIRECTION('',(1.,2.197465224472E-13,9.594340357455E-15));
#2307 = ADVANCED_FACE('',(#2308),#2327,.F.);
#2308 = FACE_BOUND('',#2309,.F.);
#2309 = EDGE_LOOP('',(#2310,#2311,#2312,#2321));
#2310 = ORIENTED_EDGE('',*,*,#1127,.F.);
#2311 = ORIENTED_EDGE('',*,*,#2288,.T.);
#2312 = ORIENTED_EDGE('',*,*,#2313,.T.);
#2313 = EDGE_CURVE('',#2289,#2314,#2316,.T.);
#2314 = VERTEX_POINT('',#2315);
#2315 = CARTESIAN_POINT('',(168.83333333333,-3.624296546028,
    8.842702850127));
#2316 = CIRCLE('',#2317,1.5);
#2317 = AXIS2_PLACEMENT_3D('',#2318,#2319,#2320);
#2318 = CARTESIAN_POINT('',(168.83333333333,-2.125724213651,
    8.908131931083));
#2319 = DIRECTION('',(0.,-4.361938730428E-02,0.999048221585));
#2320 = DIRECTION('',(1.,0.,0.));
#2321 = ORIENTED_EDGE('',*,*,#2322,.F.);
#2322 = EDGE_CURVE('',#1120,#2314,#2323,.T.);
#2323 = LINE('',#2324,#2325);
#2324 = CARTESIAN_POINT('',(168.83333333333,-3.74643083048,
    11.640037870564));
#2325 = VECTOR('',#2326,1.);
#2326 = DIRECTION('',(0.,4.361938730428E-02,-0.999048221585));
#2327 = CYLINDRICAL_SURFACE('',#2328,1.5);
#2328 = AXIS2_PLACEMENT_3D('',#2329,#2330,#2331);
#2329 = CARTESIAN_POINT('',(168.83333333333,-2.247858498103,
    11.70546695152));
#2330 = DIRECTION('',(0.,-4.361938730428E-02,0.999048221585));
#2331 = DIRECTION('',(1.,0.,0.));
#2332 = ADVANCED_FACE('',(#2333),#2344,.F.);
#2333 = FACE_BOUND('',#2334,.F.);
#2334 = EDGE_LOOP('',(#2335,#2336,#2337,#2343));
#2335 = ORIENTED_EDGE('',*,*,#1119,.F.);
#2336 = ORIENTED_EDGE('',*,*,#2322,.T.);
#2337 = ORIENTED_EDGE('',*,*,#2338,.T.);
#2338 = EDGE_CURVE('',#2314,#2257,#2339,.T.);
#2339 = LINE('',#2340,#2341);
#2340 = CARTESIAN_POINT('',(168.83333333333,-3.624296546028,
    8.842702850127));
#2341 = VECTOR('',#2342,1.);
#2342 = DIRECTION('',(1.,2.197520682789E-13,9.594582493696E-15));
#2343 = ORIENTED_EDGE('',*,*,#2256,.F.);
#2344 = PLANE('',#2345);
#2345 = AXIS2_PLACEMENT_3D('',#2346,#2347,#2348);
#2346 = CARTESIAN_POINT('',(168.83333333333,-3.74643083048,
    11.640037870564));
#2347 = DIRECTION('',(2.199614228134E-13,-0.999048221585,
    -4.361938730428E-02));
#2348 = DIRECTION('',(1.,2.197520682789E-13,9.594582493696E-15));
#2349 = ADVANCED_FACE('',(#2350),#2376,.F.);
#2350 = FACE_BOUND('',#2351,.F.);
#2351 = EDGE_LOOP('',(#2352,#2353,#2361,#2370));
#2352 = ORIENTED_EDGE('',*,*,#1240,.F.);
#2353 = ORIENTED_EDGE('',*,*,#2354,.T.);
#2354 = EDGE_CURVE('',#1241,#2355,#2357,.T.);
#2355 = VERTEX_POINT('',#2356);
#2356 = CARTESIAN_POINT('',(147.3,-3.624296546032,8.842702850127));
#2357 = LINE('',#2358,#2359);
#2358 = CARTESIAN_POINT('',(147.3,-3.746430830484,11.640037870563));
#2359 = VECTOR('',#2360,1.);
#2360 = DIRECTION('',(0.,4.361938730428E-02,-0.999048221585));
#2361 = ORIENTED_EDGE('',*,*,#2362,.T.);
#2362 = EDGE_CURVE('',#2355,#2363,#2365,.T.);
#2363 = VERTEX_POINT('',#2364);
#2364 = CARTESIAN_POINT('',(147.3,-0.627151881279,8.97356101204));
#2365 = CIRCLE('',#2366,1.5);
#2366 = AXIS2_PLACEMENT_3D('',#2367,#2368,#2369);
#2367 = CARTESIAN_POINT('',(147.3,-2.125724213656,8.908131931083));
#2368 = DIRECTION('',(0.,-4.361938730428E-02,0.999048221585));
#2369 = DIRECTION('',(1.,0.,0.));
#2370 = ORIENTED_EDGE('',*,*,#2371,.F.);
#2371 = EDGE_CURVE('',#1243,#2363,#2372,.T.);
#2372 = LINE('',#2373,#2374);
#2373 = CARTESIAN_POINT('',(147.3,-0.749286165731,11.770896032476));
#2374 = VECTOR('',#2375,1.);
#2375 = DIRECTION('',(0.,4.361938730428E-02,-0.999048221585));
#2376 = CYLINDRICAL_SURFACE('',#2377,1.5);
#2377 = AXIS2_PLACEMENT_3D('',#2378,#2379,#2380);
#2378 = CARTESIAN_POINT('',(147.3,-2.247858498107,11.70546695152));
#2379 = DIRECTION('',(0.,-4.361938730428E-02,0.999048221585));
#2380 = DIRECTION('',(1.,0.,0.));
#2381 = ADVANCED_FACE('',(#2382),#2400,.T.);
#2382 = FACE_BOUND('',#2383,.T.);
#2383 = EDGE_LOOP('',(#2384,#2385,#2393,#2399));
#2384 = ORIENTED_EDGE('',*,*,#1268,.F.);
#2385 = ORIENTED_EDGE('',*,*,#2386,.T.);
#2386 = EDGE_CURVE('',#1260,#2387,#2389,.T.);
#2387 = VERTEX_POINT('',#2388);
#2388 = CARTESIAN_POINT('',(92.3,-0.627151881291,8.973561012039));
#2389 = LINE('',#2390,#2391);
#2390 = CARTESIAN_POINT('',(92.3,-0.749286165743,11.770896032476));
#2391 = VECTOR('',#2392,1.);
#2392 = DIRECTION('',(0.,4.361938730428E-02,-0.999048221585));
#2393 = ORIENTED_EDGE('',*,*,#2394,.T.);
#2394 = EDGE_CURVE('',#2387,#2363,#2395,.T.);
#2395 = LINE('',#2396,#2397);
#2396 = CARTESIAN_POINT('',(92.3,-0.627151881291,8.973561012039));
#2397 = VECTOR('',#2398,1.);
#2398 = DIRECTION('',(1.,2.197868557686E-13,9.596101348295E-15));
#2399 = ORIENTED_EDGE('',*,*,#2371,.F.);
#2400 = PLANE('',#2401);
#2401 = AXIS2_PLACEMENT_3D('',#2402,#2403,#2404);
#2402 = CARTESIAN_POINT('',(92.3,-0.749286165743,11.770896032476));
#2403 = DIRECTION('',(2.199962434446E-13,-0.999048221585,
    -4.361938730428E-02));
#2404 = DIRECTION('',(1.,2.197868557686E-13,9.596101348295E-15));
#2405 = ADVANCED_FACE('',(#2406),#2425,.F.);
#2406 = FACE_BOUND('',#2407,.F.);
#2407 = EDGE_LOOP('',(#2408,#2409,#2410,#2419));
#2408 = ORIENTED_EDGE('',*,*,#1259,.F.);
#2409 = ORIENTED_EDGE('',*,*,#2386,.T.);
#2410 = ORIENTED_EDGE('',*,*,#2411,.T.);
#2411 = EDGE_CURVE('',#2387,#2412,#2414,.T.);
#2412 = VERTEX_POINT('',#2413);
#2413 = CARTESIAN_POINT('',(92.300000000001,-3.624296546044,
    8.842702850126));
#2414 = CIRCLE('',#2415,1.5);
#2415 = AXIS2_PLACEMENT_3D('',#2416,#2417,#2418);
#2416 = CARTESIAN_POINT('',(92.3,-2.125724213668,8.908131931083));
#2417 = DIRECTION('',(0.,-4.361938730428E-02,0.999048221585));
#2418 = DIRECTION('',(1.,0.,0.));
#2419 = ORIENTED_EDGE('',*,*,#2420,.F.);
#2420 = EDGE_CURVE('',#1252,#2412,#2421,.T.);
#2421 = LINE('',#2422,#2423);
#2422 = CARTESIAN_POINT('',(92.300000000001,-3.746430830496,
    11.640037870563));
#2423 = VECTOR('',#2424,1.);
#2424 = DIRECTION('',(0.,4.361938730428E-02,-0.999048221585));
#2425 = CYLINDRICAL_SURFACE('',#2426,1.5);
#2426 = AXIS2_PLACEMENT_3D('',#2427,#2428,#2429);
#2427 = CARTESIAN_POINT('',(92.3,-2.24785849812,11.705466951519));
#2428 = DIRECTION('',(0.,-4.361938730428E-02,0.999048221585));
#2429 = DIRECTION('',(1.,0.,0.));
#2430 = ADVANCED_FACE('',(#2431),#2442,.F.);
#2431 = FACE_BOUND('',#2432,.F.);
#2432 = EDGE_LOOP('',(#2433,#2434,#2435,#2441));
#2433 = ORIENTED_EDGE('',*,*,#1251,.F.);
#2434 = ORIENTED_EDGE('',*,*,#2420,.T.);
#2435 = ORIENTED_EDGE('',*,*,#2436,.T.);
#2436 = EDGE_CURVE('',#2412,#2355,#2437,.T.);
#2437 = LINE('',#2438,#2439);
#2438 = CARTESIAN_POINT('',(92.300000000001,-3.624296546044,
    8.842702850126));
#2439 = VECTOR('',#2440,1.);
#2440 = DIRECTION('',(1.,2.197829261433E-13,9.628257943483E-15));
#2441 = ORIENTED_EDGE('',*,*,#2354,.F.);
#2442 = PLANE('',#2443);
#2443 = AXIS2_PLACEMENT_3D('',#2444,#2445,#2446);
#2444 = CARTESIAN_POINT('',(92.300000000001,-3.746430830496,
    11.640037870563));
#2445 = DIRECTION('',(2.199937202105E-13,-0.999048221585,
    -4.361938730428E-02));
#2446 = DIRECTION('',(1.,2.197829261433E-13,9.628257943483E-15));
#2447 = ADVANCED_FACE('',(#2448),#2474,.F.);
#2448 = FACE_BOUND('',#2449,.F.);
#2449 = EDGE_LOOP('',(#2450,#2451,#2459,#2468));
#2450 = ORIENTED_EDGE('',*,*,#1372,.F.);
#2451 = ORIENTED_EDGE('',*,*,#2452,.T.);
#2452 = EDGE_CURVE('',#1373,#2453,#2455,.T.);
#2453 = VERTEX_POINT('',#2454);
#2454 = CARTESIAN_POINT('',(70.766666666666,-3.624296546047,
    8.842702850126));
#2455 = LINE('',#2456,#2457);
#2456 = CARTESIAN_POINT('',(70.766666666666,-3.746430830499,
    11.640037870563));
#2457 = VECTOR('',#2458,1.);
#2458 = DIRECTION('',(0.,4.361938730428E-02,-0.999048221585));
#2459 = ORIENTED_EDGE('',*,*,#2460,.T.);
#2460 = EDGE_CURVE('',#2453,#2461,#2463,.T.);
#2461 = VERTEX_POINT('',#2462);
#2462 = CARTESIAN_POINT('',(70.766666666668,-0.627151881293,
    8.973561012039));
#2463 = CIRCLE('',#2464,1.5);
#2464 = AXIS2_PLACEMENT_3D('',#2465,#2466,#2467);
#2465 = CARTESIAN_POINT('',(70.766666666667,-2.12572421367,
    8.908131931082));
#2466 = DIRECTION('',(0.,-4.361938730428E-02,0.999048221585));
#2467 = DIRECTION('',(1.,0.,0.));
#2468 = ORIENTED_EDGE('',*,*,#2469,.F.);
#2469 = EDGE_CURVE('',#1375,#2461,#2470,.T.);
#2470 = LINE('',#2471,#2472);
#2471 = CARTESIAN_POINT('',(70.766666666668,-0.749286165745,
    11.770896032476));
#2472 = VECTOR('',#2473,1.);
#2473 = DIRECTION('',(0.,4.361938730428E-02,-0.999048221585));
#2474 = CYLINDRICAL_SURFACE('',#2475,1.5);
#2475 = AXIS2_PLACEMENT_3D('',#2476,#2477,#2478);
#2476 = CARTESIAN_POINT('',(70.766666666667,-2.247858498122,
    11.705466951519));
#2477 = DIRECTION('',(0.,-4.361938730428E-02,0.999048221585));
#2478 = DIRECTION('',(1.,0.,0.));
#2479 = ADVANCED_FACE('',(#2480),#2498,.T.);
#2480 = FACE_BOUND('',#2481,.T.);
#2481 = EDGE_LOOP('',(#2482,#2483,#2491,#2497));
#2482 = ORIENTED_EDGE('',*,*,#1400,.F.);
#2483 = ORIENTED_EDGE('',*,*,#2484,.T.);
#2484 = EDGE_CURVE('',#1392,#2485,#2487,.T.);
#2485 = VERTEX_POINT('',#2486);
#2486 = CARTESIAN_POINT('',(15.766666666668,-0.627151881263,
    8.97356101204));
#2487 = LINE('',#2488,#2489);
#2488 = CARTESIAN_POINT('',(15.766666666668,-0.749286165715,
    11.770896032477));
#2489 = VECTOR('',#2490,1.);
#2490 = DIRECTION('',(0.,4.361938730428E-02,-0.999048221585));
#2491 = ORIENTED_EDGE('',*,*,#2492,.T.);
#2492 = EDGE_CURVE('',#2485,#2461,#2493,.T.);
#2493 = LINE('',#2494,#2495);
#2494 = CARTESIAN_POINT('',(15.766666666668,-0.627151881263,
    8.97356101204));
#2495 = VECTOR('',#2496,1.);
#2496 = DIRECTION('',(1.,-5.467701006366E-13,-2.387249811449E-14));
#2497 = ORIENTED_EDGE('',*,*,#2469,.F.);
#2498 = PLANE('',#2499);
#2499 = AXIS2_PLACEMENT_3D('',#2500,#2501,#2502);
#2500 = CARTESIAN_POINT('',(15.766666666668,-0.749286165715,
    11.770896032477));
#2501 = DIRECTION('',(-5.472910003978E-13,-0.999048221585,
    -4.361938730428E-02));
#2502 = DIRECTION('',(1.,-5.467701006366E-13,-2.387249811449E-14));
#2503 = ADVANCED_FACE('',(#2504),#2523,.F.);
#2504 = FACE_BOUND('',#2505,.F.);
#2505 = EDGE_LOOP('',(#2506,#2507,#2508,#2517));
#2506 = ORIENTED_EDGE('',*,*,#1391,.F.);
#2507 = ORIENTED_EDGE('',*,*,#2484,.T.);
#2508 = ORIENTED_EDGE('',*,*,#2509,.T.);
#2509 = EDGE_CURVE('',#2485,#2510,#2512,.T.);
#2510 = VERTEX_POINT('',#2511);
#2511 = CARTESIAN_POINT('',(15.766666666666,-3.624296546017,
    8.842702850127));
#2512 = CIRCLE('',#2513,1.5);
#2513 = AXIS2_PLACEMENT_3D('',#2514,#2515,#2516);
#2514 = CARTESIAN_POINT('',(15.766666666667,-2.12572421364,
    8.908131931084));
#2515 = DIRECTION('',(0.,-4.361938730428E-02,0.999048221585));
#2516 = DIRECTION('',(1.,0.,0.));
#2517 = ORIENTED_EDGE('',*,*,#2518,.F.);
#2518 = EDGE_CURVE('',#1384,#2510,#2519,.T.);
#2519 = LINE('',#2520,#2521);
#2520 = CARTESIAN_POINT('',(15.766666666666,-3.746430830469,
    11.640037870564));
#2521 = VECTOR('',#2522,1.);
#2522 = DIRECTION('',(0.,4.361938730428E-02,-0.999048221585));
#2523 = CYLINDRICAL_SURFACE('',#2524,1.5);
#2524 = AXIS2_PLACEMENT_3D('',#2525,#2526,#2527);
#2525 = CARTESIAN_POINT('',(15.766666666667,-2.247858498092,
    11.70546695152));
#2526 = DIRECTION('',(0.,-4.361938730428E-02,0.999048221585));
#2527 = DIRECTION('',(1.,0.,0.));
#2528 = ADVANCED_FACE('',(#2529),#2540,.F.);
#2529 = FACE_BOUND('',#2530,.F.);
#2530 = EDGE_LOOP('',(#2531,#2532,#2533,#2539));
#2531 = ORIENTED_EDGE('',*,*,#1383,.F.);
#2532 = ORIENTED_EDGE('',*,*,#2518,.T.);
#2533 = ORIENTED_EDGE('',*,*,#2534,.T.);
#2534 = EDGE_CURVE('',#2510,#2453,#2535,.T.);
#2535 = LINE('',#2536,#2537);
#2536 = CARTESIAN_POINT('',(15.766666666666,-3.624296546017,
    8.842702850127));
#2537 = VECTOR('',#2538,1.);
#2538 = DIRECTION('',(1.,-5.467732293426E-13,-2.390496288308E-14));
#2539 = ORIENTED_EDGE('',*,*,#2452,.F.);
#2540 = PLANE('',#2541);
#2541 = AXIS2_PLACEMENT_3D('',#2542,#2543,#2544);
#2542 = CARTESIAN_POINT('',(15.766666666666,-3.746430830469,
    11.640037870564));
#2543 = DIRECTION('',(-5.472955422192E-13,-0.999048221585,
    -4.361938730428E-02));
#2544 = DIRECTION('',(1.,-5.467732293426E-13,-2.390496288308E-14));
#2545 = ADVANCED_FACE('',(#2546),#2558,.F.);
#2546 = FACE_BOUND('',#2547,.F.);
#2547 = EDGE_LOOP('',(#2548,#2549,#2556,#2557));
#2548 = ORIENTED_EDGE('',*,*,#2017,.T.);
#2549 = ORIENTED_EDGE('',*,*,#2550,.T.);
#2550 = EDGE_CURVE('',#2010,#2204,#2551,.T.);
#2551 = CIRCLE('',#2552,2.999999999949);
#2552 = AXIS2_PLACEMENT_3D('',#2553,#2554,#2555);
#2553 = CARTESIAN_POINT('',(232.1,-79.3624269355,2.332856075318));
#2554 = DIRECTION('',(0.,-4.361938730428E-02,0.999048221585));
#2555 = DIRECTION('',(1.,0.,0.));
#2556 = ORIENTED_EDGE('',*,*,#2203,.F.);
#2557 = ORIENTED_EDGE('',*,*,#1458,.F.);
#2558 = CYLINDRICAL_SURFACE('',#2559,2.999999999949);
#2559 = AXIS2_PLACEMENT_3D('',#2560,#2561,#2562);
#2560 = CARTESIAN_POINT('',(232.1,-79.62414325933,8.327145404825));
#2561 = DIRECTION('',(0.,-4.361938730428E-02,0.999048221585));
#2562 = DIRECTION('',(1.,0.,0.));
#2563 = ADVANCED_FACE('',(#2564),#2590,.F.);
#2564 = FACE_BOUND('',#2565,.F.);
#2565 = EDGE_LOOP('',(#2566,#2567,#2575,#2584));
#2566 = ORIENTED_EDGE('',*,*,#1523,.F.);
#2567 = ORIENTED_EDGE('',*,*,#2568,.T.);
#2568 = EDGE_CURVE('',#1524,#2569,#2571,.T.);
#2569 = VERTEX_POINT('',#2570);
#2570 = CARTESIAN_POINT('',(235.85000000001,-70.91019426925,
    5.904937115205));
#2571 = LINE('',#2572,#2573);
#2572 = CARTESIAN_POINT('',(235.85000000001,-71.0323285537,
    8.702272135642));
#2573 = VECTOR('',#2574,1.);
#2574 = DIRECTION('',(0.,4.361938730428E-02,-0.999048221585));
#2575 = ORIENTED_EDGE('',*,*,#2576,.T.);
#2576 = EDGE_CURVE('',#2569,#2577,#2579,.T.);
#2577 = VERTEX_POINT('',#2578);
#2578 = CARTESIAN_POINT('',(238.84999999998,-70.91019426925,
    5.904937115205));
#2579 = CIRCLE('',#2580,1.5);
#2580 = AXIS2_PLACEMENT_3D('',#2581,#2582,#2583);
#2581 = CARTESIAN_POINT('',(237.35,-70.91018596835,5.90493747763));
#2582 = DIRECTION('',(0.,-4.361938730428E-02,0.999048221585));
#2583 = DIRECTION('',(1.,0.,0.));
#2584 = ORIENTED_EDGE('',*,*,#2585,.F.);
#2585 = EDGE_CURVE('',#1526,#2577,#2586,.T.);
#2586 = LINE('',#2587,#2588);
#2587 = CARTESIAN_POINT('',(238.84999999998,-71.0323285537,
    8.702272135642));
#2588 = VECTOR('',#2589,1.);
#2589 = DIRECTION('',(0.,4.361938730428E-02,-0.999048221585));
#2590 = CYLINDRICAL_SURFACE('',#2591,1.5);
#2591 = AXIS2_PLACEMENT_3D('',#2592,#2593,#2594);
#2592 = CARTESIAN_POINT('',(237.35,-71.03232025281,8.702272498067));
#2593 = DIRECTION('',(0.,-4.361938730428E-02,0.999048221585));
#2594 = DIRECTION('',(1.,0.,0.));
#2595 = ADVANCED_FACE('',(#2596),#2614,.F.);
#2596 = FACE_BOUND('',#2597,.F.);
#2597 = EDGE_LOOP('',(#2598,#2599,#2600,#2608));
#2598 = ORIENTED_EDGE('',*,*,#1551,.F.);
#2599 = ORIENTED_EDGE('',*,*,#2585,.T.);
#2600 = ORIENTED_EDGE('',*,*,#2601,.T.);
#2601 = EDGE_CURVE('',#2577,#2602,#2604,.T.);
#2602 = VERTEX_POINT('',#2603);
#2603 = CARTESIAN_POINT('',(238.84999999995,-15.9625420821,8.30400341694
    ));
#2604 = LINE('',#2605,#2606);
#2605 = CARTESIAN_POINT('',(238.85,-70.91019426925,5.904937115205));
#2606 = VECTOR('',#2607,1.);
#2607 = DIRECTION('',(5.167583532801E-16,0.999048221585,
    4.361938730428E-02));
#2608 = ORIENTED_EDGE('',*,*,#2609,.F.);
#2609 = EDGE_CURVE('',#1543,#2602,#2610,.T.);
#2610 = LINE('',#2611,#2612);
#2611 = CARTESIAN_POINT('',(238.84999999995,-16.08467636655,
    11.101338437377));
#2612 = VECTOR('',#2613,1.);
#2613 = DIRECTION('',(0.,4.361938730428E-02,-0.999048221585));
#2614 = PLANE('',#2615);
#2615 = AXIS2_PLACEMENT_3D('',#2616,#2617,#2618);
#2616 = CARTESIAN_POINT('',(238.85,-71.0323285537,8.702272135642));
#2617 = DIRECTION('',(1.,-5.162665138334E-16,-2.254068275444E-17));
#2618 = DIRECTION('',(5.167583532801E-16,0.999048221585,
    4.361938730428E-02));
#2619 = ADVANCED_FACE('',(#2620),#2639,.F.);
#2620 = FACE_BOUND('',#2621,.F.);
#2621 = EDGE_LOOP('',(#2622,#2623,#2624,#2633));
#2622 = ORIENTED_EDGE('',*,*,#1542,.F.);
#2623 = ORIENTED_EDGE('',*,*,#2609,.T.);
#2624 = ORIENTED_EDGE('',*,*,#2625,.T.);
#2625 = EDGE_CURVE('',#2602,#2626,#2628,.T.);
#2626 = VERTEX_POINT('',#2627);
#2627 = CARTESIAN_POINT('',(235.85000000004,-15.9625420821,8.30400341694
    ));
#2628 = CIRCLE('',#2629,1.5);
#2629 = AXIS2_PLACEMENT_3D('',#2630,#2631,#2632);
#2630 = CARTESIAN_POINT('',(237.35,-15.96252514109,8.304004156601));
#2631 = DIRECTION('',(0.,-4.361938730428E-02,0.999048221585));
#2632 = DIRECTION('',(1.,0.,0.));
#2633 = ORIENTED_EDGE('',*,*,#2634,.F.);
#2634 = EDGE_CURVE('',#1535,#2626,#2635,.T.);
#2635 = LINE('',#2636,#2637);
#2636 = CARTESIAN_POINT('',(235.85000000004,-16.08467636655,
    11.101338437377));
#2637 = VECTOR('',#2638,1.);
#2638 = DIRECTION('',(0.,4.361938730428E-02,-0.999048221585));
#2639 = CYLINDRICAL_SURFACE('',#2640,1.5);
#2640 = AXIS2_PLACEMENT_3D('',#2641,#2642,#2643);
#2641 = CARTESIAN_POINT('',(237.35,-16.08465942554,11.101339177038));
#2642 = DIRECTION('',(0.,-4.361938730428E-02,0.999048221585));
#2643 = DIRECTION('',(1.,0.,0.));
#2644 = ADVANCED_FACE('',(#2645),#2656,.T.);
#2645 = FACE_BOUND('',#2646,.T.);
#2646 = EDGE_LOOP('',(#2647,#2648,#2649,#2655));
#2647 = ORIENTED_EDGE('',*,*,#1534,.F.);
#2648 = ORIENTED_EDGE('',*,*,#2568,.T.);
#2649 = ORIENTED_EDGE('',*,*,#2650,.T.);
#2650 = EDGE_CURVE('',#2569,#2626,#2651,.T.);
#2651 = LINE('',#2652,#2653);
#2652 = CARTESIAN_POINT('',(235.85,-70.91019426925,5.904937115205));
#2653 = VECTOR('',#2654,1.);
#2654 = DIRECTION('',(5.167583532801E-16,0.999048221585,
    4.361938730428E-02));
#2655 = ORIENTED_EDGE('',*,*,#2634,.F.);
#2656 = PLANE('',#2657);
#2657 = AXIS2_PLACEMENT_3D('',#2658,#2659,#2660);
#2658 = CARTESIAN_POINT('',(235.85,-71.0323285537,8.702272135642));
#2659 = DIRECTION('',(1.,-5.162665138334E-16,-2.254068275444E-17));
#2660 = DIRECTION('',(5.167583532801E-16,0.999048221585,
    4.361938730428E-02));
#2661 = ADVANCED_FACE('',(#2662),#2688,.F.);
#2662 = FACE_BOUND('',#2663,.F.);
#2663 = EDGE_LOOP('',(#2664,#2665,#2673,#2682));
#2664 = ORIENTED_EDGE('',*,*,#1624,.F.);
#2665 = ORIENTED_EDGE('',*,*,#2666,.T.);
#2666 = EDGE_CURVE('',#1625,#2667,#2669,.T.);
#2667 = VERTEX_POINT('',#2668);
#2668 = CARTESIAN_POINT('',(15.766666666666,-83.24843980629,
    5.366237681977));
#2669 = LINE('',#2670,#2671);
#2670 = CARTESIAN_POINT('',(15.766666666666,-83.37057409074,
    8.163572702414));
#2671 = VECTOR('',#2672,1.);
#2672 = DIRECTION('',(0.,4.361938730428E-02,-0.999048221585));
#2673 = ORIENTED_EDGE('',*,*,#2674,.T.);
#2674 = EDGE_CURVE('',#2667,#2675,#2677,.T.);
#2675 = VERTEX_POINT('',#2676);
#2676 = CARTESIAN_POINT('',(15.766666666666,-86.24558447104,
    5.235379520064));
#2677 = CIRCLE('',#2678,1.5);
#2678 = AXIS2_PLACEMENT_3D('',#2679,#2680,#2681);
#2679 = CARTESIAN_POINT('',(15.766666666666,-84.74701213867,
    5.300808601021));
#2680 = DIRECTION('',(0.,-4.361938730428E-02,0.999048221585));
#2681 = DIRECTION('',(1.,0.,0.));
#2682 = ORIENTED_EDGE('',*,*,#2683,.F.);
#2683 = EDGE_CURVE('',#1627,#2675,#2684,.T.);
#2684 = LINE('',#2685,#2686);
#2685 = CARTESIAN_POINT('',(15.766666666666,-86.36771875549,
    8.032714540501));
#2686 = VECTOR('',#2687,1.);
#2687 = DIRECTION('',(0.,4.361938730428E-02,-0.999048221585));
#2688 = CYLINDRICAL_SURFACE('',#2689,1.5);
#2689 = AXIS2_PLACEMENT_3D('',#2690,#2691,#2692);
#2690 = CARTESIAN_POINT('',(15.766666666666,-84.86914642312,
    8.098143621457));
#2691 = DIRECTION('',(0.,-4.361938730428E-02,0.999048221585));
#2692 = DIRECTION('',(1.,0.,0.));
#2693 = ADVANCED_FACE('',(#2694),#2712,.F.);
#2694 = FACE_BOUND('',#2695,.F.);
#2695 = EDGE_LOOP('',(#2696,#2697,#2698,#2706));
#2696 = ORIENTED_EDGE('',*,*,#1652,.F.);
#2697 = ORIENTED_EDGE('',*,*,#2683,.T.);
#2698 = ORIENTED_EDGE('',*,*,#2699,.T.);
#2699 = EDGE_CURVE('',#2675,#2700,#2702,.T.);
#2700 = VERTEX_POINT('',#2701);
#2701 = CARTESIAN_POINT('',(70.766666666666,-86.24558447104,
    5.235379520064));
#2702 = LINE('',#2703,#2704);
#2703 = CARTESIAN_POINT('',(15.766666666666,-86.24558447104,
    5.235379520064));
#2704 = VECTOR('',#2705,1.);
#2705 = DIRECTION('',(1.,7.743997707501E-16,3.381102413166E-17));
#2706 = ORIENTED_EDGE('',*,*,#2707,.F.);
#2707 = EDGE_CURVE('',#1644,#2700,#2708,.T.);
#2708 = LINE('',#2709,#2710);
#2709 = CARTESIAN_POINT('',(70.766666666666,-86.36771875549,
    8.032714540501));
#2710 = VECTOR('',#2711,1.);
#2711 = DIRECTION('',(0.,4.361938730428E-02,-0.999048221585));
#2712 = PLANE('',#2713);
#2713 = AXIS2_PLACEMENT_3D('',#2714,#2715,#2716);
#2714 = CARTESIAN_POINT('',(15.766666666666,-86.36771875549,
    8.032714540501));
#2715 = DIRECTION('',(7.751375299201E-16,-0.999048221585,
    -4.361938730428E-02));
#2716 = DIRECTION('',(1.,7.743997707501E-16,3.381102413166E-17));
#2717 = ADVANCED_FACE('',(#2718),#2737,.F.);
#2718 = FACE_BOUND('',#2719,.F.);
#2719 = EDGE_LOOP('',(#2720,#2721,#2722,#2731));
#2720 = ORIENTED_EDGE('',*,*,#1643,.F.);
#2721 = ORIENTED_EDGE('',*,*,#2707,.T.);
#2722 = ORIENTED_EDGE('',*,*,#2723,.T.);
#2723 = EDGE_CURVE('',#2700,#2724,#2726,.T.);
#2724 = VERTEX_POINT('',#2725);
#2725 = CARTESIAN_POINT('',(70.766666666666,-83.24843980629,
    5.366237681977));
#2726 = CIRCLE('',#2727,1.5);
#2727 = AXIS2_PLACEMENT_3D('',#2728,#2729,#2730);
#2728 = CARTESIAN_POINT('',(70.766666666666,-84.74701213867,
    5.300808601021));
#2729 = DIRECTION('',(0.,-4.361938730428E-02,0.999048221585));
#2730 = DIRECTION('',(1.,0.,0.));
#2731 = ORIENTED_EDGE('',*,*,#2732,.F.);
#2732 = EDGE_CURVE('',#1636,#2724,#2733,.T.);
#2733 = LINE('',#2734,#2735);
#2734 = CARTESIAN_POINT('',(70.766666666666,-83.37057409074,
    8.163572702414));
#2735 = VECTOR('',#2736,1.);
#2736 = DIRECTION('',(0.,4.361938730428E-02,-0.999048221585));
#2737 = CYLINDRICAL_SURFACE('',#2738,1.5);
#2738 = AXIS2_PLACEMENT_3D('',#2739,#2740,#2741);
#2739 = CARTESIAN_POINT('',(70.766666666666,-84.86914642312,
    8.098143621457));
#2740 = DIRECTION('',(0.,-4.361938730428E-02,0.999048221585));
#2741 = DIRECTION('',(1.,0.,0.));
#2742 = ADVANCED_FACE('',(#2743),#2754,.T.);
#2743 = FACE_BOUND('',#2744,.T.);
#2744 = EDGE_LOOP('',(#2745,#2746,#2747,#2753));
#2745 = ORIENTED_EDGE('',*,*,#1635,.F.);
#2746 = ORIENTED_EDGE('',*,*,#2666,.T.);
#2747 = ORIENTED_EDGE('',*,*,#2748,.T.);
#2748 = EDGE_CURVE('',#2667,#2724,#2749,.T.);
#2749 = LINE('',#2750,#2751);
#2750 = CARTESIAN_POINT('',(15.766666666666,-83.24843980629,
    5.366237681977));
#2751 = VECTOR('',#2752,1.);
#2752 = DIRECTION('',(1.,7.743997707501E-16,3.381102413166E-17));
#2753 = ORIENTED_EDGE('',*,*,#2732,.F.);
#2754 = PLANE('',#2755);
#2755 = AXIS2_PLACEMENT_3D('',#2756,#2757,#2758);
#2756 = CARTESIAN_POINT('',(15.766666666666,-83.37057409074,
    8.163572702414));
#2757 = DIRECTION('',(7.751375299201E-16,-0.999048221585,
    -4.361938730428E-02));
#2758 = DIRECTION('',(1.,7.743997707501E-16,3.381102413166E-17));
#2759 = ADVANCED_FACE('',(#2760),#2786,.F.);
#2760 = FACE_BOUND('',#2761,.F.);
#2761 = EDGE_LOOP('',(#2762,#2763,#2771,#2780));
#2762 = ORIENTED_EDGE('',*,*,#1756,.F.);
#2763 = ORIENTED_EDGE('',*,*,#2764,.T.);
#2764 = EDGE_CURVE('',#1757,#2765,#2767,.T.);
#2765 = VERTEX_POINT('',#2766);
#2766 = CARTESIAN_POINT('',(92.3,-83.24843980629,5.366237681977));
#2767 = LINE('',#2768,#2769);
#2768 = CARTESIAN_POINT('',(92.3,-83.37057409074,8.163572702414));
#2769 = VECTOR('',#2770,1.);
#2770 = DIRECTION('',(0.,4.361938730428E-02,-0.999048221585));
#2771 = ORIENTED_EDGE('',*,*,#2772,.T.);
#2772 = EDGE_CURVE('',#2765,#2773,#2775,.T.);
#2773 = VERTEX_POINT('',#2774);
#2774 = CARTESIAN_POINT('',(92.3,-86.24558447104,5.235379520064));
#2775 = CIRCLE('',#2776,1.5);
#2776 = AXIS2_PLACEMENT_3D('',#2777,#2778,#2779);
#2777 = CARTESIAN_POINT('',(92.3,-84.74701213867,5.300808601021));
#2778 = DIRECTION('',(0.,-4.361938730428E-02,0.999048221585));
#2779 = DIRECTION('',(1.,0.,0.));
#2780 = ORIENTED_EDGE('',*,*,#2781,.F.);
#2781 = EDGE_CURVE('',#1759,#2773,#2782,.T.);
#2782 = LINE('',#2783,#2784);
#2783 = CARTESIAN_POINT('',(92.3,-86.36771875549,8.032714540501));
#2784 = VECTOR('',#2785,1.);
#2785 = DIRECTION('',(0.,4.361938730428E-02,-0.999048221585));
#2786 = CYLINDRICAL_SURFACE('',#2787,1.5);
#2787 = AXIS2_PLACEMENT_3D('',#2788,#2789,#2790);
#2788 = CARTESIAN_POINT('',(92.3,-84.86914642312,8.098143621457));
#2789 = DIRECTION('',(0.,-4.361938730428E-02,0.999048221585));
#2790 = DIRECTION('',(1.,0.,0.));
#2791 = ADVANCED_FACE('',(#2792),#2810,.F.);
#2792 = FACE_BOUND('',#2793,.F.);
#2793 = EDGE_LOOP('',(#2794,#2795,#2796,#2804));
#2794 = ORIENTED_EDGE('',*,*,#1784,.F.);
#2795 = ORIENTED_EDGE('',*,*,#2781,.T.);
#2796 = ORIENTED_EDGE('',*,*,#2797,.T.);
#2797 = EDGE_CURVE('',#2773,#2798,#2800,.T.);
#2798 = VERTEX_POINT('',#2799);
#2799 = CARTESIAN_POINT('',(147.3,-86.24558447104,5.235379520064));
#2800 = LINE('',#2801,#2802);
#2801 = CARTESIAN_POINT('',(92.3,-86.24558447104,5.235379520064));
#2802 = VECTOR('',#2803,1.);
#2803 = DIRECTION('',(1.,-5.162665138334E-16,-2.254068275444E-17));
#2804 = ORIENTED_EDGE('',*,*,#2805,.F.);
#2805 = EDGE_CURVE('',#1776,#2798,#2806,.T.);
#2806 = LINE('',#2807,#2808);
#2807 = CARTESIAN_POINT('',(147.3,-86.36771875549,8.032714540501));
#2808 = VECTOR('',#2809,1.);
#2809 = DIRECTION('',(0.,4.361938730428E-02,-0.999048221585));
#2810 = PLANE('',#2811);
#2811 = AXIS2_PLACEMENT_3D('',#2812,#2813,#2814);
#2812 = CARTESIAN_POINT('',(92.3,-86.36771875549,8.032714540501));
#2813 = DIRECTION('',(-5.167583532801E-16,-0.999048221585,
    -4.361938730428E-02));
#2814 = DIRECTION('',(1.,-5.162665138334E-16,-2.254068275444E-17));
#2815 = ADVANCED_FACE('',(#2816),#2835,.F.);
#2816 = FACE_BOUND('',#2817,.F.);
#2817 = EDGE_LOOP('',(#2818,#2819,#2820,#2829));
#2818 = ORIENTED_EDGE('',*,*,#1775,.F.);
#2819 = ORIENTED_EDGE('',*,*,#2805,.T.);
#2820 = ORIENTED_EDGE('',*,*,#2821,.T.);
#2821 = EDGE_CURVE('',#2798,#2822,#2824,.T.);
#2822 = VERTEX_POINT('',#2823);
#2823 = CARTESIAN_POINT('',(147.3,-83.24843980629,5.366237681977));
#2824 = CIRCLE('',#2825,1.5);
#2825 = AXIS2_PLACEMENT_3D('',#2826,#2827,#2828);
#2826 = CARTESIAN_POINT('',(147.3,-84.74701213867,5.300808601021));
#2827 = DIRECTION('',(0.,-4.361938730428E-02,0.999048221585));
#2828 = DIRECTION('',(1.,0.,0.));
#2829 = ORIENTED_EDGE('',*,*,#2830,.F.);
#2830 = EDGE_CURVE('',#1768,#2822,#2831,.T.);
#2831 = LINE('',#2832,#2833);
#2832 = CARTESIAN_POINT('',(147.3,-83.37057409074,8.163572702414));
#2833 = VECTOR('',#2834,1.);
#2834 = DIRECTION('',(0.,4.361938730428E-02,-0.999048221585));
#2835 = CYLINDRICAL_SURFACE('',#2836,1.5);
#2836 = AXIS2_PLACEMENT_3D('',#2837,#2838,#2839);
#2837 = CARTESIAN_POINT('',(147.3,-84.86914642312,8.098143621457));
#2838 = DIRECTION('',(0.,-4.361938730428E-02,0.999048221585));
#2839 = DIRECTION('',(1.,0.,0.));
#2840 = ADVANCED_FACE('',(#2841),#2852,.T.);
#2841 = FACE_BOUND('',#2842,.T.);
#2842 = EDGE_LOOP('',(#2843,#2844,#2845,#2851));
#2843 = ORIENTED_EDGE('',*,*,#1767,.F.);
#2844 = ORIENTED_EDGE('',*,*,#2764,.T.);
#2845 = ORIENTED_EDGE('',*,*,#2846,.T.);
#2846 = EDGE_CURVE('',#2765,#2822,#2847,.T.);
#2847 = LINE('',#2848,#2849);
#2848 = CARTESIAN_POINT('',(92.3,-83.24843980629,5.366237681977));
#2849 = VECTOR('',#2850,1.);
#2850 = DIRECTION('',(1.,-5.162665138334E-16,-2.254068275444E-17));
#2851 = ORIENTED_EDGE('',*,*,#2830,.F.);
#2852 = PLANE('',#2853);
#2853 = AXIS2_PLACEMENT_3D('',#2854,#2855,#2856);
#2854 = CARTESIAN_POINT('',(92.3,-83.37057409074,8.163572702414));
#2855 = DIRECTION('',(-5.167583532801E-16,-0.999048221585,
    -4.361938730428E-02));
#2856 = DIRECTION('',(1.,-5.162665138334E-16,-2.254068275444E-17));
#2857 = ADVANCED_FACE('',(#2858),#2884,.F.);
#2858 = FACE_BOUND('',#2859,.F.);
#2859 = EDGE_LOOP('',(#2860,#2861,#2869,#2878));
#2860 = ORIENTED_EDGE('',*,*,#1888,.F.);
#2861 = ORIENTED_EDGE('',*,*,#2862,.T.);
#2862 = EDGE_CURVE('',#1889,#2863,#2865,.T.);
#2863 = VERTEX_POINT('',#2864);
#2864 = CARTESIAN_POINT('',(168.83333333333,-83.24843980629,
    5.366237681977));
#2865 = LINE('',#2866,#2867);
#2866 = CARTESIAN_POINT('',(168.83333333333,-83.37057409074,
    8.163572702414));
#2867 = VECTOR('',#2868,1.);
#2868 = DIRECTION('',(0.,4.361938730428E-02,-0.999048221585));
#2869 = ORIENTED_EDGE('',*,*,#2870,.T.);
#2870 = EDGE_CURVE('',#2863,#2871,#2873,.T.);
#2871 = VERTEX_POINT('',#2872);
#2872 = CARTESIAN_POINT('',(168.83333333333,-86.24558447104,
    5.235379520064));
#2873 = CIRCLE('',#2874,1.5);
#2874 = AXIS2_PLACEMENT_3D('',#2875,#2876,#2877);
#2875 = CARTESIAN_POINT('',(168.83333333333,-84.74701213867,
    5.300808601021));
#2876 = DIRECTION('',(0.,-4.361938730428E-02,0.999048221585));
#2877 = DIRECTION('',(1.,0.,0.));
#2878 = ORIENTED_EDGE('',*,*,#2879,.F.);
#2879 = EDGE_CURVE('',#1891,#2871,#2880,.T.);
#2880 = LINE('',#2881,#2882);
#2881 = CARTESIAN_POINT('',(168.83333333333,-86.36771875549,
    8.032714540501));
#2882 = VECTOR('',#2883,1.);
#2883 = DIRECTION('',(0.,4.361938730428E-02,-0.999048221585));
#2884 = CYLINDRICAL_SURFACE('',#2885,1.5);
#2885 = AXIS2_PLACEMENT_3D('',#2886,#2887,#2888);
#2886 = CARTESIAN_POINT('',(168.83333333333,-84.86914642312,
    8.098143621457));
#2887 = DIRECTION('',(0.,-4.361938730428E-02,0.999048221585));
#2888 = DIRECTION('',(1.,0.,0.));
#2889 = ADVANCED_FACE('',(#2890),#2908,.F.);
#2890 = FACE_BOUND('',#2891,.F.);
#2891 = EDGE_LOOP('',(#2892,#2893,#2894,#2902));
#2892 = ORIENTED_EDGE('',*,*,#1916,.F.);
#2893 = ORIENTED_EDGE('',*,*,#2879,.T.);
#2894 = ORIENTED_EDGE('',*,*,#2895,.T.);
#2895 = EDGE_CURVE('',#2871,#2896,#2898,.T.);
#2896 = VERTEX_POINT('',#2897);
#2897 = CARTESIAN_POINT('',(223.83333333333,-86.24558447104,
    5.235379520064));
#2898 = LINE('',#2899,#2900);
#2899 = CARTESIAN_POINT('',(168.83333333333,-86.24558447104,
    5.235379520064));
#2900 = VECTOR('',#2901,1.);
#2901 = DIRECTION('',(1.,-2.595420495889E-16,2.099631573737E-17));
#2902 = ORIENTED_EDGE('',*,*,#2903,.F.);
#2903 = EDGE_CURVE('',#1908,#2896,#2904,.T.);
#2904 = LINE('',#2905,#2906);
#2905 = CARTESIAN_POINT('',(223.83333333333,-86.36771875549,
    8.032714540501));
#2906 = VECTOR('',#2907,1.);
#2907 = DIRECTION('',(0.,4.361938730428E-02,-0.999048221585));
#2908 = PLANE('',#2909);
#2909 = AXIS2_PLACEMENT_3D('',#2910,#2911,#2912);
#2910 = CARTESIAN_POINT('',(168.83333333333,-86.36771875549,
    8.032714540501));
#2911 = DIRECTION('',(-2.5837917664E-16,-0.999048221585,
    -4.361938730428E-02));
#2912 = DIRECTION('',(1.,-2.595420495889E-16,2.099631573737E-17));
#2913 = ADVANCED_FACE('',(#2914),#2933,.F.);
#2914 = FACE_BOUND('',#2915,.F.);
#2915 = EDGE_LOOP('',(#2916,#2917,#2918,#2927));
#2916 = ORIENTED_EDGE('',*,*,#1907,.F.);
#2917 = ORIENTED_EDGE('',*,*,#2903,.T.);
#2918 = ORIENTED_EDGE('',*,*,#2919,.T.);
#2919 = EDGE_CURVE('',#2896,#2920,#2922,.T.);
#2920 = VERTEX_POINT('',#2921);
#2921 = CARTESIAN_POINT('',(223.83333333333,-83.24843980629,
    5.366237681977));
#2922 = CIRCLE('',#2923,1.5);
#2923 = AXIS2_PLACEMENT_3D('',#2924,#2925,#2926);
#2924 = CARTESIAN_POINT('',(223.83333333333,-84.74701213867,
    5.300808601021));
#2925 = DIRECTION('',(0.,-4.361938730428E-02,0.999048221585));
#2926 = DIRECTION('',(1.,0.,0.));
#2927 = ORIENTED_EDGE('',*,*,#2928,.F.);
#2928 = EDGE_CURVE('',#1900,#2920,#2929,.T.);
#2929 = LINE('',#2930,#2931);
#2930 = CARTESIAN_POINT('',(223.83333333333,-83.37057409074,
    8.163572702414));
#2931 = VECTOR('',#2932,1.);
#2932 = DIRECTION('',(0.,4.361938730428E-02,-0.999048221585));
#2933 = CYLINDRICAL_SURFACE('',#2934,1.5);
#2934 = AXIS2_PLACEMENT_3D('',#2935,#2936,#2937);
#2935 = CARTESIAN_POINT('',(223.83333333333,-84.86914642312,
    8.098143621457));
#2936 = DIRECTION('',(0.,-4.361938730428E-02,0.999048221585));
#2937 = DIRECTION('',(1.,0.,0.));
#2938 = ADVANCED_FACE('',(#2939),#2950,.T.);
#2939 = FACE_BOUND('',#2940,.T.);
#2940 = EDGE_LOOP('',(#2941,#2942,#2943,#2949));
#2941 = ORIENTED_EDGE('',*,*,#1899,.F.);
#2942 = ORIENTED_EDGE('',*,*,#2862,.T.);
#2943 = ORIENTED_EDGE('',*,*,#2944,.T.);
#2944 = EDGE_CURVE('',#2863,#2920,#2945,.T.);
#2945 = LINE('',#2946,#2947);
#2946 = CARTESIAN_POINT('',(168.83333333333,-83.24843980629,
    5.366237681977));
#2947 = VECTOR('',#2948,1.);
#2948 = DIRECTION('',(1.,-2.567244642445E-16,-4.353699849181E-17));
#2949 = ORIENTED_EDGE('',*,*,#2928,.F.);
#2950 = PLANE('',#2951);
#2951 = AXIS2_PLACEMENT_3D('',#2952,#2953,#2954);
#2952 = CARTESIAN_POINT('',(168.83333333333,-83.37057409074,
    8.163572702414));
#2953 = DIRECTION('',(-2.5837917664E-16,-0.999048221585,
    -4.361938730428E-02));
#2954 = DIRECTION('',(1.,-2.567244642445E-16,-4.353699849181E-17));
#2955 = ADVANCED_FACE('',(#2956),#2966,.T.);
#2956 = FACE_BOUND('',#2957,.T.);
#2957 = EDGE_LOOP('',(#2958,#2959,#2960,#2961,#2962,#2963,#2964,#2965));
#2958 = ORIENTED_EDGE('',*,*,#1983,.T.);
#2959 = ORIENTED_EDGE('',*,*,#2009,.T.);
#2960 = ORIENTED_EDGE('',*,*,#2550,.T.);
#2961 = ORIENTED_EDGE('',*,*,#2211,.T.);
#2962 = ORIENTED_EDGE('',*,*,#2238,.T.);
#2963 = ORIENTED_EDGE('',*,*,#2150,.T.);
#2964 = ORIENTED_EDGE('',*,*,#2185,.T.);
#2965 = ORIENTED_EDGE('',*,*,#1956,.T.);
#2966 = PLANE('',#2967);
#2967 = AXIS2_PLACEMENT_3D('',#2968,#2969,#2970);
#2968 = CARTESIAN_POINT('',(119.79999999996,-43.2967861363,
    3.907515957002));
#2969 = DIRECTION('',(0.,-4.361938730427E-02,0.999048221585));
#2970 = DIRECTION('',(0.,0.999048221585,4.361938730427E-02));
#2971 = ADVANCED_FACE('',(#2972),#2978,.T.);
#2972 = FACE_BOUND('',#2973,.T.);
#2973 = EDGE_LOOP('',(#2974,#2975,#2976,#2977));
#2974 = ORIENTED_EDGE('',*,*,#2052,.T.);
#2975 = ORIENTED_EDGE('',*,*,#2084,.F.);
#2976 = ORIENTED_EDGE('',*,*,#2101,.T.);
#2977 = ORIENTED_EDGE('',*,*,#2126,.T.);
#2978 = PLANE('',#2979);
#2979 = AXIS2_PLACEMENT_3D('',#2980,#2981,#2982);
#2980 = CARTESIAN_POINT('',(119.8000018496,-43.43636680705,
    7.104470325828));
#2981 = DIRECTION('',(0.,-4.361938730428E-02,0.999048221585));
#2982 = DIRECTION('',(0.,0.999048221585,4.361938730428E-02));
#2983 = ADVANCED_FACE('',(#2984),#2990,.T.);
#2984 = FACE_BOUND('',#2985,.T.);
#2985 = EDGE_LOOP('',(#2986,#2987,#2988,#2989));
#2986 = ORIENTED_EDGE('',*,*,#2264,.T.);
#2987 = ORIENTED_EDGE('',*,*,#2296,.F.);
#2988 = ORIENTED_EDGE('',*,*,#2313,.T.);
#2989 = ORIENTED_EDGE('',*,*,#2338,.T.);
#2990 = PLANE('',#2991);
#2991 = AXIS2_PLACEMENT_3D('',#2992,#2993,#2994);
#2992 = CARTESIAN_POINT('',(119.8000018496,-43.43636680705,
    7.104470325828));
#2993 = DIRECTION('',(0.,-4.361938730428E-02,0.999048221585));
#2994 = DIRECTION('',(0.,0.999048221585,4.361938730428E-02));
#2995 = ADVANCED_FACE('',(#2996),#3002,.T.);
#2996 = FACE_BOUND('',#2997,.T.);
#2997 = EDGE_LOOP('',(#2998,#2999,#3000,#3001));
#2998 = ORIENTED_EDGE('',*,*,#2362,.T.);
#2999 = ORIENTED_EDGE('',*,*,#2394,.F.);
#3000 = ORIENTED_EDGE('',*,*,#2411,.T.);
#3001 = ORIENTED_EDGE('',*,*,#2436,.T.);
#3002 = PLANE('',#3003);
#3003 = AXIS2_PLACEMENT_3D('',#3004,#3005,#3006);
#3004 = CARTESIAN_POINT('',(119.8000018496,-43.43636680705,
    7.104470325828));
#3005 = DIRECTION('',(0.,-4.361938730428E-02,0.999048221585));
#3006 = DIRECTION('',(0.,0.999048221585,4.361938730428E-02));
#3007 = ADVANCED_FACE('',(#3008),#3014,.T.);
#3008 = FACE_BOUND('',#3009,.T.);
#3009 = EDGE_LOOP('',(#3010,#3011,#3012,#3013));
#3010 = ORIENTED_EDGE('',*,*,#2460,.T.);
#3011 = ORIENTED_EDGE('',*,*,#2492,.F.);
#3012 = ORIENTED_EDGE('',*,*,#2509,.T.);
#3013 = ORIENTED_EDGE('',*,*,#2534,.T.);
#3014 = PLANE('',#3015);
#3015 = AXIS2_PLACEMENT_3D('',#3016,#3017,#3018);
#3016 = CARTESIAN_POINT('',(119.8000018496,-43.43636680705,
    7.104470325828));
#3017 = DIRECTION('',(0.,-4.361938730428E-02,0.999048221585));
#3018 = DIRECTION('',(0.,0.999048221585,4.361938730428E-02));
#3019 = ADVANCED_FACE('',(#3020),#3026,.T.);
#3020 = FACE_BOUND('',#3021,.T.);
#3021 = EDGE_LOOP('',(#3022,#3023,#3024,#3025));
#3022 = ORIENTED_EDGE('',*,*,#2576,.T.);
#3023 = ORIENTED_EDGE('',*,*,#2601,.T.);
#3024 = ORIENTED_EDGE('',*,*,#2625,.T.);
#3025 = ORIENTED_EDGE('',*,*,#2650,.F.);
#3026 = PLANE('',#3027);
#3027 = AXIS2_PLACEMENT_3D('',#3028,#3029,#3030);
#3028 = CARTESIAN_POINT('',(119.8000018496,-43.43636680705,
    7.104470325828));
#3029 = DIRECTION('',(0.,-4.361938730428E-02,0.999048221585));
#3030 = DIRECTION('',(0.,0.999048221585,4.361938730428E-02));
#3031 = ADVANCED_FACE('',(#3032),#3038,.T.);
#3032 = FACE_BOUND('',#3033,.T.);
#3033 = EDGE_LOOP('',(#3034,#3035,#3036,#3037));
#3034 = ORIENTED_EDGE('',*,*,#2674,.T.);
#3035 = ORIENTED_EDGE('',*,*,#2699,.T.);
#3036 = ORIENTED_EDGE('',*,*,#2723,.T.);
#3037 = ORIENTED_EDGE('',*,*,#2748,.F.);
#3038 = PLANE('',#3039);
#3039 = AXIS2_PLACEMENT_3D('',#3040,#3041,#3042);
#3040 = CARTESIAN_POINT('',(119.8000018496,-43.43636680705,
    7.104470325828));
#3041 = DIRECTION('',(0.,-4.361938730428E-02,0.999048221585));
#3042 = DIRECTION('',(0.,0.999048221585,4.361938730428E-02));
#3043 = ADVANCED_FACE('',(#3044),#3050,.T.);
#3044 = FACE_BOUND('',#3045,.T.);
#3045 = EDGE_LOOP('',(#3046,#3047,#3048,#3049));
#3046 = ORIENTED_EDGE('',*,*,#2772,.T.);
#3047 = ORIENTED_EDGE('',*,*,#2797,.T.);
#3048 = ORIENTED_EDGE('',*,*,#2821,.T.);
#3049 = ORIENTED_EDGE('',*,*,#2846,.F.);
#3050 = PLANE('',#3051);
#3051 = AXIS2_PLACEMENT_3D('',#3052,#3053,#3054);
#3052 = CARTESIAN_POINT('',(119.8000018496,-43.43636680705,
    7.104470325828));
#3053 = DIRECTION('',(0.,-4.361938730428E-02,0.999048221585));
#3054 = DIRECTION('',(0.,0.999048221585,4.361938730428E-02));
#3055 = ADVANCED_FACE('',(#3056),#3062,.T.);
#3056 = FACE_BOUND('',#3057,.T.);
#3057 = EDGE_LOOP('',(#3058,#3059,#3060,#3061));
#3058 = ORIENTED_EDGE('',*,*,#2870,.T.);
#3059 = ORIENTED_EDGE('',*,*,#2895,.T.);
#3060 = ORIENTED_EDGE('',*,*,#2919,.T.);
#3061 = ORIENTED_EDGE('',*,*,#2944,.F.);
#3062 = PLANE('',#3063);
#3063 = AXIS2_PLACEMENT_3D('',#3064,#3065,#3066);
#3064 = CARTESIAN_POINT('',(119.8000018496,-43.43636680705,
    7.104470325828));
#3065 = DIRECTION('',(0.,-4.361938730428E-02,0.999048221585));
#3066 = DIRECTION('',(0.,0.999048221585,4.361938730428E-02));
#3067 = ADVANCED_FACE('',(#3068),#3078,.T.);
#3068 = FACE_BOUND('',#3069,.T.);
#3069 = EDGE_LOOP('',(#3070,#3071,#3072,#3073,#3074,#3075,#3076,#3077));
#3070 = ORIENTED_EDGE('',*,*,#48,.T.);
#3071 = ORIENTED_EDGE('',*,*,#80,.T.);
#3072 = ORIENTED_EDGE('',*,*,#112,.T.);
#3073 = ORIENTED_EDGE('',*,*,#144,.T.);
#3074 = ORIENTED_EDGE('',*,*,#176,.T.);
#3075 = ORIENTED_EDGE('',*,*,#208,.T.);
#3076 = ORIENTED_EDGE('',*,*,#240,.T.);
#3077 = ORIENTED_EDGE('',*,*,#263,.T.);
#3078 = PLANE('',#3079);
#3079 = AXIS2_PLACEMENT_3D('',#3080,#3081,#3082);
#3080 = CARTESIAN_POINT('',(119.8,-43.5585024611,5.334378061465E-15));
#3081 = DIRECTION('',(-0.,-0.,-1.));
#3082 = DIRECTION('',(-1.,0.,0.));
#3083 = ( GEOMETRIC_REPRESENTATION_CONTEXT(3) 
GLOBAL_UNCERTAINTY_ASSIGNED_CONTEXT((#3087)) 
GLOBAL_UNIT_ASSIGNED_CONTEXT((#3084,#3085,#3086)) REPRESENTATION_CONTEXT
('Context #1','3D Context with UNIT and UNCERTAINTY') );
#3084 = ( LENGTH_UNIT() NAMED_UNIT(*) SI_UNIT(.MILLI.,.METRE.) );
#3085 = ( NAMED_UNIT(*) PLANE_ANGLE_UNIT() SI_UNIT($,.RADIAN.) );
#3086 = ( NAMED_UNIT(*) SI_UNIT($,.STERADIAN.) SOLID_ANGLE_UNIT() );
#3087 = UNCERTAINTY_MEASURE_WITH_UNIT(LENGTH_MEASURE(2.E-05),#3084,
  'distance_accuracy_value','confusion accuracy');
#3088 = PRODUCT_RELATED_PRODUCT_CATEGORY('part',$,(#7));
#3089 = MECHANICAL_DESIGN_GEOMETRIC_PRESENTATION_REPRESENTATION('',(
    #3090),#3083);
#3090 = STYLED_ITEM('color',(#3091),#15);
#3091 = PRESENTATION_STYLE_ASSIGNMENT((#3092,#3098));
#3092 = SURFACE_STYLE_USAGE(.BOTH.,#3093);
#3093 = SURFACE_SIDE_STYLE('',(#3094));
#3094 = SURFACE_STYLE_FILL_AREA(#3095);
#3095 = FILL_AREA_STYLE('',(#3096));
#3096 = FILL_AREA_STYLE_COLOUR('',#3097);
#3097 = COLOUR_RGB('',0.447058818107,0.474509808674,0.501960817233);
#3098 = CURVE_STYLE('',#3099,POSITIVE_LENGTH_MEASURE(0.1),#3100);
#3099 = DRAUGHTING_PRE_DEFINED_CURVE_FONT('continuous');
#3100 = COLOUR_RGB('',8.235294228292E-02,8.235294228292E-02,
  8.627451068925E-02);
ENDSEC;
END-ISO-10303-21;
