ISO-10303-21;
HEADER;
FILE_DESCRIPTION(('FreeCAD Model'),'2;1');
FILE_NAME('Open CASCADE Shape Model','2026-06-07T21:39:34',(''),(''),
  'Open CASCADE STEP processor 7.8','FreeCAD','Unknown');
FILE_SCHEMA(('AUTOMOTIVE_DESIGN { 1 0 10303 214 1 1 1 1 }'));
ENDSEC;
DATA;
#1 = APPLICATION_PROTOCOL_DEFINITION('international standard',
  'automotive_design',2000,#2);
#2 = APPLICATION_CONTEXT(
  'core data for automotive mechanical design processes');
#3 = SHAPE_DEFINITION_REPRESENTATION(#4,#10);
#4 = PRODUCT_DEFINITION_SHAPE('','',#5);
#5 = PRODUCT_DEFINITION('design','',#6,#9);
#6 = PRODUCT_DEFINITION_FORMATION('','',#7);
#7 = PRODUCT('top-plate','top-plate','',(#8));
#8 = PRODUCT_CONTEXT('',#2,'mechanical');
#9 = PRODUCT_DEFINITION_CONTEXT('part definition',#2,'design');
#10 = ADVANCED_BREP_SHAPE_REPRESENTATION('',(#11,#15),#2617);
#11 = AXIS2_PLACEMENT_3D('',#12,#13,#14);
#12 = CARTESIAN_POINT('',(0.,0.,0.));
#13 = DIRECTION('',(0.,0.,1.));
#14 = DIRECTION('',(1.,0.,-0.));
#15 = MANIFOLD_SOLID_BREP('',#16);
#16 = CLOSED_SHELL('',(#17,#57,#194,#219,#250,#275,#315,#340,#364,#389,
    #422,#453,#478,#502,#527,#551,#576,#600,#618,#639,#660,#767,#787,
    #804,#819,#1281,#1303,#1320,#1337,#1354,#1371,#1388,#1405,#1417,
    #1442,#1477,#1501,#1525,#1546,#1571,#1606,#1630,#1654,#1675,#1710,
    #1734,#1758,#1779,#1804,#1839,#1863,#1887,#1908,#1933,#1968,#1992,
    #2016,#2037,#2062,#2097,#2121,#2145,#2166,#2191,#2216,#2251,#2275,
    #2299,#2320,#2355,#2379,#2403,#2424,#2449,#2458,#2470,#2479,#2491,
    #2503,#2512,#2524,#2533,#2545,#2554,#2566,#2575,#2584,#2596,#2608));
#17 = ADVANCED_FACE('',(#18),#52,.T.);
#18 = FACE_BOUND('',#19,.T.);
#19 = EDGE_LOOP('',(#20,#30,#38,#46));
#20 = ORIENTED_EDGE('',*,*,#21,.F.);
#21 = EDGE_CURVE('',#22,#24,#26,.T.);
#22 = VERTEX_POINT('',#23);
#23 = CARTESIAN_POINT('',(5.000000000006,1.499999999999,6.834593406995)
  );
#24 = VERTEX_POINT('',#25);
#25 = CARTESIAN_POINT('',(234.6,1.500000000016,6.834593406996));
#26 = LINE('',#27,#28);
#27 = CARTESIAN_POINT('',(62.400000000003,1.500000000003,6.834593406995)
  );
#28 = VECTOR('',#29,1.);
#29 = DIRECTION('',(1.,7.181924431859E-14,3.138398274865E-15));
#30 = ORIENTED_EDGE('',*,*,#31,.T.);
#31 = EDGE_CURVE('',#22,#32,#34,.T.);
#32 = VERTEX_POINT('',#33);
#33 = CARTESIAN_POINT('',(5.000000000006,1.499999999999,12.434593406995)
  );
#34 = LINE('',#35,#36);
#35 = CARTESIAN_POINT('',(5.000000000006,1.499999999999,
    -3.980102086986E-16));
#36 = VECTOR('',#37,1.);
#37 = DIRECTION('',(0.,0.,1.));
#38 = ORIENTED_EDGE('',*,*,#39,.T.);
#39 = EDGE_CURVE('',#32,#40,#42,.T.);
#40 = VERTEX_POINT('',#41);
#41 = CARTESIAN_POINT('',(234.6,1.500000000016,12.434593406996));
#42 = LINE('',#43,#44);
#43 = CARTESIAN_POINT('',(62.400000000003,1.500000000003,12.434593406995
    ));
#44 = VECTOR('',#45,1.);
#45 = DIRECTION('',(1.,7.181924431859E-14,3.138398274865E-15));
#46 = ORIENTED_EDGE('',*,*,#47,.F.);
#47 = EDGE_CURVE('',#24,#40,#48,.T.);
#48 = LINE('',#49,#50);
#49 = CARTESIAN_POINT('',(234.6,1.500000000016,-3.98010213056E-16));
#50 = VECTOR('',#51,1.);
#51 = DIRECTION('',(0.,0.,1.));
#52 = PLANE('',#53);
#53 = AXIS2_PLACEMENT_3D('',#54,#55,#56);
#54 = CARTESIAN_POINT('',(5.000000000006,1.499999999999,0.));
#55 = DIRECTION('',(-7.181924431859E-14,1.,0.));
#56 = DIRECTION('',(1.,7.181924431859E-14,0.));
#57 = ADVANCED_FACE('',(#58,#119),#189,.F.);
#58 = FACE_BOUND('',#59,.T.);
#59 = EDGE_LOOP('',(#60,#61,#70,#78,#87,#95,#104,#112));
#60 = ORIENTED_EDGE('',*,*,#21,.T.);
#61 = ORIENTED_EDGE('',*,*,#62,.T.);
#62 = EDGE_CURVE('',#24,#63,#65,.T.);
#63 = VERTEX_POINT('',#64);
#64 = CARTESIAN_POINT('',(241.10000000001,-5.,6.55079727809));
#65 = ELLIPSE('',#66,6.506192453577,6.500000000016);
#66 = AXIS2_PLACEMENT_3D('',#67,#68,#69);
#67 = CARTESIAN_POINT('',(234.6,-5.,6.55079727809));
#68 = DIRECTION('',(2.699776901633E-18,4.361938736534E-02,
    -0.999048221582));
#69 = DIRECTION('',(-6.183505718807E-17,-0.999048221582,
    -4.361938736534E-02));
#70 = ORIENTED_EDGE('',*,*,#71,.T.);
#71 = EDGE_CURVE('',#63,#72,#74,.T.);
#72 = VERTEX_POINT('',#73);
#73 = CARTESIAN_POINT('',(241.10000000001,-82.1170049222,3.183796128906)
  );
#74 = LINE('',#75,#76);
#75 = CARTESIAN_POINT('',(241.10000000001,-24.44342898624,5.701878835176
    ));
#76 = VECTOR('',#77,1.);
#77 = DIRECTION('',(0.,-0.999048221582,-4.361938736534E-02));
#78 = ORIENTED_EDGE('',*,*,#79,.T.);
#79 = EDGE_CURVE('',#72,#80,#82,.T.);
#80 = VERTEX_POINT('',#81);
#81 = CARTESIAN_POINT('',(234.6,-88.61700492222,2.9));
#82 = ELLIPSE('',#83,6.506192453577,6.500000000016);
#83 = AXIS2_PLACEMENT_3D('',#84,#85,#86);
#84 = CARTESIAN_POINT('',(234.6,-82.1170049222,3.183796128906));
#85 = DIRECTION('',(2.699776901633E-18,4.361938736534E-02,
    -0.999048221582));
#86 = DIRECTION('',(-6.183505718807E-17,-0.999048221582,
    -4.361938736534E-02));
#87 = ORIENTED_EDGE('',*,*,#88,.T.);
#88 = EDGE_CURVE('',#80,#89,#91,.T.);
#89 = VERTEX_POINT('',#90);
#90 = CARTESIAN_POINT('',(5.,-88.61700492222,2.9));
#91 = LINE('',#92,#93);
#92 = CARTESIAN_POINT('',(177.2,-88.61700492222,2.9));
#93 = VECTOR('',#94,1.);
#94 = DIRECTION('',(-1.,6.189396652963E-17,0.));
#95 = ORIENTED_EDGE('',*,*,#96,.T.);
#96 = EDGE_CURVE('',#89,#97,#99,.T.);
#97 = VERTEX_POINT('',#98);
#98 = CARTESIAN_POINT('',(-1.500000000016,-82.1170049222,3.183796128906)
  );
#99 = ELLIPSE('',#100,6.506192453577,6.500000000016);
#100 = AXIS2_PLACEMENT_3D('',#101,#102,#103);
#101 = CARTESIAN_POINT('',(5.,-82.1170049222,3.183796128906));
#102 = DIRECTION('',(2.699776901633E-18,4.361938736534E-02,
    -0.999048221582));
#103 = DIRECTION('',(-6.183505718807E-17,-0.999048221582,
    -4.361938736534E-02));
#104 = ORIENTED_EDGE('',*,*,#105,.T.);
#105 = EDGE_CURVE('',#97,#106,#108,.T.);
#106 = VERTEX_POINT('',#107);
#107 = CARTESIAN_POINT('',(-1.5,-4.999999999999,6.55079727809));
#108 = LINE('',#109,#110);
#109 = CARTESIAN_POINT('',(-1.500000000012,-62.92856807583,
    4.021581374559));
#110 = VECTOR('',#111,1.);
#111 = DIRECTION('',(2.034950532219E-13,0.999048221582,
    4.361938736534E-02));
#112 = ORIENTED_EDGE('',*,*,#113,.T.);
#113 = EDGE_CURVE('',#106,#22,#114,.T.);
#114 = ELLIPSE('',#115,6.506192453562,6.5);
#115 = AXIS2_PLACEMENT_3D('',#116,#117,#118);
#116 = CARTESIAN_POINT('',(5.,-5.000000000001,6.55079727809));
#117 = DIRECTION('',(2.699776901633E-18,4.361938736534E-02,
    -0.999048221582));
#118 = DIRECTION('',(-6.183505718807E-17,-0.999048221582,
    -4.361938736534E-02));
#119 = FACE_BOUND('',#120,.F.);
#120 = EDGE_LOOP('',(#121,#131,#140,#148,#157,#165,#174,#182));
#121 = ORIENTED_EDGE('',*,*,#122,.T.);
#122 = EDGE_CURVE('',#123,#125,#127,.T.);
#123 = VERTEX_POINT('',#124);
#124 = CARTESIAN_POINT('',(5.,0.5,6.790932464087));
#125 = VERTEX_POINT('',#126);
#126 = CARTESIAN_POINT('',(234.6,0.5,6.790932464087));
#127 = LINE('',#128,#129);
#128 = CARTESIAN_POINT('',(62.400000000001,0.5,6.790932464087));
#129 = VECTOR('',#130,1.);
#130 = DIRECTION('',(1.,0.,2.702348939031E-18));
#131 = ORIENTED_EDGE('',*,*,#132,.F.);
#132 = EDGE_CURVE('',#133,#125,#135,.T.);
#133 = VERTEX_POINT('',#134);
#134 = CARTESIAN_POINT('',(240.1,-5.,6.55079727809));
#135 = ELLIPSE('',#136,5.505239768398,5.5);
#136 = AXIS2_PLACEMENT_3D('',#137,#138,#139);
#137 = CARTESIAN_POINT('',(234.6,-5.,6.55079727809));
#138 = DIRECTION('',(-2.699776901633E-18,-4.361938736534E-02,
    0.999048221582));
#139 = DIRECTION('',(-6.183505718807E-17,-0.999048221582,
    -4.361938736534E-02));
#140 = ORIENTED_EDGE('',*,*,#141,.T.);
#141 = EDGE_CURVE('',#133,#142,#144,.T.);
#142 = VERTEX_POINT('',#143);
#143 = CARTESIAN_POINT('',(240.1,-82.1170049222,3.183796128906));
#144 = LINE('',#145,#146);
#145 = CARTESIAN_POINT('',(240.1,-24.44342898624,5.701878835176));
#146 = VECTOR('',#147,1.);
#147 = DIRECTION('',(-3.682022958413E-16,-0.999048221582,
    -4.361938736534E-02));
#148 = ORIENTED_EDGE('',*,*,#149,.F.);
#149 = EDGE_CURVE('',#150,#142,#152,.T.);
#150 = VERTEX_POINT('',#151);
#151 = CARTESIAN_POINT('',(234.6,-87.6170049222,2.943660942909));
#152 = ELLIPSE('',#153,5.505239768398,5.5);
#153 = AXIS2_PLACEMENT_3D('',#154,#155,#156);
#154 = CARTESIAN_POINT('',(234.6,-82.1170049222,3.183796128906));
#155 = DIRECTION('',(-2.699776901633E-18,-4.361938736534E-02,
    0.999048221582));
#156 = DIRECTION('',(-6.183505718807E-17,-0.999048221582,
    -4.361938736534E-02));
#157 = ORIENTED_EDGE('',*,*,#158,.T.);
#158 = EDGE_CURVE('',#150,#159,#161,.T.);
#159 = VERTEX_POINT('',#160);
#160 = CARTESIAN_POINT('',(5.,-87.6170049222,2.943660942909));
#161 = LINE('',#162,#163);
#162 = CARTESIAN_POINT('',(177.2,-87.6170049222,2.943660942909));
#163 = VECTOR('',#164,1.);
#164 = DIRECTION('',(-1.,6.189396652963E-17,3.855529498542E-34));
#165 = ORIENTED_EDGE('',*,*,#166,.F.);
#166 = EDGE_CURVE('',#167,#159,#169,.T.);
#167 = VERTEX_POINT('',#168);
#168 = CARTESIAN_POINT('',(-0.5,-82.1170049222,3.183796128906));
#169 = ELLIPSE('',#170,5.505239768398,5.5);
#170 = AXIS2_PLACEMENT_3D('',#171,#172,#173);
#171 = CARTESIAN_POINT('',(5.,-82.1170049222,3.183796128906));
#172 = DIRECTION('',(-2.699776901633E-18,-4.361938736534E-02,
    0.999048221582));
#173 = DIRECTION('',(-6.183505718807E-17,-0.999048221582,
    -4.361938736534E-02));
#174 = ORIENTED_EDGE('',*,*,#175,.T.);
#175 = EDGE_CURVE('',#167,#176,#178,.T.);
#176 = VERTEX_POINT('',#177);
#177 = CARTESIAN_POINT('',(-0.5,-5.,6.55079727809));
#178 = LINE('',#179,#180);
#179 = CARTESIAN_POINT('',(-0.5,-62.92856807584,4.021581374559));
#180 = VECTOR('',#181,1.);
#181 = DIRECTION('',(5.75316087252E-17,0.999048221582,4.361938736534E-02
    ));
#182 = ORIENTED_EDGE('',*,*,#183,.F.);
#183 = EDGE_CURVE('',#123,#176,#184,.T.);
#184 = ELLIPSE('',#185,5.505239768398,5.5);
#185 = AXIS2_PLACEMENT_3D('',#186,#187,#188);
#186 = CARTESIAN_POINT('',(5.,-5.,6.55079727809));
#187 = DIRECTION('',(-2.699776901633E-18,-4.361938736534E-02,
    0.999048221582));
#188 = DIRECTION('',(-6.183505718807E-17,-0.999048221582,
    -4.361938736534E-02));
#189 = PLANE('',#190);
#190 = AXIS2_PLACEMENT_3D('',#191,#192,#193);
#191 = CARTESIAN_POINT('',(119.8,-43.6013881713,4.865424272953));
#192 = DIRECTION('',(-2.699776901633E-18,-4.361938736534E-02,
    0.999048221582));
#193 = DIRECTION('',(1.,-5.890934155611E-20,2.699776901633E-18));
#194 = ADVANCED_FACE('',(#195),#214,.T.);
#195 = FACE_BOUND('',#196,.T.);
#196 = EDGE_LOOP('',(#197,#198,#199,#208));
#197 = ORIENTED_EDGE('',*,*,#62,.F.);
#198 = ORIENTED_EDGE('',*,*,#47,.T.);
#199 = ORIENTED_EDGE('',*,*,#200,.T.);
#200 = EDGE_CURVE('',#40,#201,#203,.T.);
#201 = VERTEX_POINT('',#202);
#202 = CARTESIAN_POINT('',(241.10000000001,-5.,12.15079727809));
#203 = ELLIPSE('',#204,6.506192453577,6.500000000016);
#204 = AXIS2_PLACEMENT_3D('',#205,#206,#207);
#205 = CARTESIAN_POINT('',(234.6,-5.,12.15079727809));
#206 = DIRECTION('',(2.699776901633E-18,4.361938736534E-02,
    -0.999048221582));
#207 = DIRECTION('',(-6.183505718807E-17,-0.999048221582,
    -4.361938736534E-02));
#208 = ORIENTED_EDGE('',*,*,#209,.F.);
#209 = EDGE_CURVE('',#63,#201,#210,.T.);
#210 = LINE('',#211,#212);
#211 = CARTESIAN_POINT('',(241.10000000001,-5.,0.));
#212 = VECTOR('',#213,1.);
#213 = DIRECTION('',(0.,0.,1.));
#214 = CYLINDRICAL_SURFACE('',#215,6.500000000016);
#215 = AXIS2_PLACEMENT_3D('',#216,#217,#218);
#216 = CARTESIAN_POINT('',(234.6,-5.,0.));
#217 = DIRECTION('',(0.,-1.224646799147E-16,-1.));
#218 = DIRECTION('',(1.,0.,0.));
#219 = ADVANCED_FACE('',(#220),#245,.T.);
#220 = FACE_BOUND('',#221,.T.);
#221 = EDGE_LOOP('',(#222,#230,#238,#244));
#222 = ORIENTED_EDGE('',*,*,#223,.T.);
#223 = EDGE_CURVE('',#32,#224,#226,.T.);
#224 = VERTEX_POINT('',#225);
#225 = CARTESIAN_POINT('',(5.000000000006,1.369141837903,15.431738071741
    ));
#226 = LINE('',#227,#228);
#227 = CARTESIAN_POINT('',(5.000000000006,1.499999999999,12.434593406995
    ));
#228 = VECTOR('',#229,1.);
#229 = DIRECTION('',(0.,-4.361938736534E-02,0.999048221582));
#230 = ORIENTED_EDGE('',*,*,#231,.T.);
#231 = EDGE_CURVE('',#224,#232,#234,.T.);
#232 = VERTEX_POINT('',#233);
#233 = CARTESIAN_POINT('',(234.6,1.36914183792,15.431738071742));
#234 = LINE('',#235,#236);
#235 = CARTESIAN_POINT('',(5.000000000006,1.369141837903,15.431738071741
    ));
#236 = VECTOR('',#237,1.);
#237 = DIRECTION('',(1.,7.181755423287E-14,3.13562213519E-15));
#238 = ORIENTED_EDGE('',*,*,#239,.F.);
#239 = EDGE_CURVE('',#40,#232,#240,.T.);
#240 = LINE('',#241,#242);
#241 = CARTESIAN_POINT('',(234.6,1.500000000016,12.434593406996));
#242 = VECTOR('',#243,1.);
#243 = DIRECTION('',(0.,-4.361938736534E-02,0.999048221582));
#244 = ORIENTED_EDGE('',*,*,#39,.F.);
#245 = PLANE('',#246);
#246 = AXIS2_PLACEMENT_3D('',#247,#248,#249);
#247 = CARTESIAN_POINT('',(5.000000000006,1.499999999999,12.434593406995
    ));
#248 = DIRECTION('',(-7.188597375125E-14,0.999048221582,
    4.361938736534E-02));
#249 = DIRECTION('',(1.,7.181755423287E-14,3.13562213519E-15));
#250 = ADVANCED_FACE('',(#251),#270,.T.);
#251 = FACE_BOUND('',#252,.T.);
#252 = EDGE_LOOP('',(#253,#254,#262,#269));
#253 = ORIENTED_EDGE('',*,*,#113,.F.);
#254 = ORIENTED_EDGE('',*,*,#255,.T.);
#255 = EDGE_CURVE('',#106,#256,#258,.T.);
#256 = VERTEX_POINT('',#257);
#257 = CARTESIAN_POINT('',(-1.5,-4.999999999999,12.15079727809));
#258 = LINE('',#259,#260);
#259 = CARTESIAN_POINT('',(-1.5,-4.999999999999,-8.108044395964E-29));
#260 = VECTOR('',#261,1.);
#261 = DIRECTION('',(0.,0.,1.));
#262 = ORIENTED_EDGE('',*,*,#263,.T.);
#263 = EDGE_CURVE('',#256,#32,#264,.T.);
#264 = ELLIPSE('',#265,6.506192453562,6.5);
#265 = AXIS2_PLACEMENT_3D('',#266,#267,#268);
#266 = CARTESIAN_POINT('',(5.,-5.000000000001,12.15079727809));
#267 = DIRECTION('',(2.699776901633E-18,4.361938736534E-02,
    -0.999048221582));
#268 = DIRECTION('',(-6.183505718807E-17,-0.999048221582,
    -4.361938736534E-02));
#269 = ORIENTED_EDGE('',*,*,#31,.F.);
#270 = CYLINDRICAL_SURFACE('',#271,6.5);
#271 = AXIS2_PLACEMENT_3D('',#272,#273,#274);
#272 = CARTESIAN_POINT('',(5.,-5.000000000001,0.));
#273 = DIRECTION('',(0.,-1.224646799147E-16,-1.));
#274 = DIRECTION('',(1.,0.,0.));
#275 = ADVANCED_FACE('',(#276),#310,.T.);
#276 = FACE_BOUND('',#277,.T.);
#277 = EDGE_LOOP('',(#278,#279,#280,#288,#296,#304));
#278 = ORIENTED_EDGE('',*,*,#71,.F.);
#279 = ORIENTED_EDGE('',*,*,#209,.T.);
#280 = ORIENTED_EDGE('',*,*,#281,.T.);
#281 = EDGE_CURVE('',#201,#282,#284,.T.);
#282 = VERTEX_POINT('',#283);
#283 = CARTESIAN_POINT('',(241.10000000001,-5.130858162096,
    15.147941942836));
#284 = LINE('',#285,#286);
#285 = CARTESIAN_POINT('',(241.10000000001,-5.,12.15079727809));
#286 = VECTOR('',#287,1.);
#287 = DIRECTION('',(0.,-4.361938736534E-02,0.999048221582));
#288 = ORIENTED_EDGE('',*,*,#289,.T.);
#289 = EDGE_CURVE('',#282,#290,#292,.T.);
#290 = VERTEX_POINT('',#291);
#291 = CARTESIAN_POINT('',(241.10000000001,-82.2478630843,
    11.780940793652));
#292 = LINE('',#293,#294);
#293 = CARTESIAN_POINT('',(241.10000000001,-5.130858162096,
    15.147941942836));
#294 = VECTOR('',#295,1.);
#295 = DIRECTION('',(0.,-0.999048221582,-4.361938736534E-02));
#296 = ORIENTED_EDGE('',*,*,#297,.F.);
#297 = EDGE_CURVE('',#298,#290,#300,.T.);
#298 = VERTEX_POINT('',#299);
#299 = CARTESIAN_POINT('',(241.10000000001,-82.1170049222,8.783796128906
    ));
#300 = LINE('',#301,#302);
#301 = CARTESIAN_POINT('',(241.10000000001,-82.1170049222,8.783796128906
    ));
#302 = VECTOR('',#303,1.);
#303 = DIRECTION('',(0.,-4.361938736534E-02,0.999048221582));
#304 = ORIENTED_EDGE('',*,*,#305,.F.);
#305 = EDGE_CURVE('',#72,#298,#306,.T.);
#306 = LINE('',#307,#308);
#307 = CARTESIAN_POINT('',(241.10000000001,-82.1170049222,
    1.592040838895E-31));
#308 = VECTOR('',#309,1.);
#309 = DIRECTION('',(0.,0.,1.));
#310 = PLANE('',#311);
#311 = AXIS2_PLACEMENT_3D('',#312,#313,#314);
#312 = CARTESIAN_POINT('',(241.10000000001,-43.61966063839,
    9.165962227322));
#313 = DIRECTION('',(1.,0.,0.));
#314 = DIRECTION('',(0.,0.,1.));
#315 = ADVANCED_FACE('',(#316),#335,.T.);
#316 = FACE_BOUND('',#317,.T.);
#317 = EDGE_LOOP('',(#318,#319,#320,#329));
#318 = ORIENTED_EDGE('',*,*,#79,.F.);
#319 = ORIENTED_EDGE('',*,*,#305,.T.);
#320 = ORIENTED_EDGE('',*,*,#321,.T.);
#321 = EDGE_CURVE('',#298,#322,#324,.T.);
#322 = VERTEX_POINT('',#323);
#323 = CARTESIAN_POINT('',(234.6,-88.61700492222,8.5));
#324 = ELLIPSE('',#325,6.506192453577,6.500000000016);
#325 = AXIS2_PLACEMENT_3D('',#326,#327,#328);
#326 = CARTESIAN_POINT('',(234.6,-82.1170049222,8.783796128906));
#327 = DIRECTION('',(2.699776901633E-18,4.361938736534E-02,
    -0.999048221582));
#328 = DIRECTION('',(-6.183505718807E-17,-0.999048221582,
    -4.361938736534E-02));
#329 = ORIENTED_EDGE('',*,*,#330,.F.);
#330 = EDGE_CURVE('',#80,#322,#331,.T.);
#331 = LINE('',#332,#333);
#332 = CARTESIAN_POINT('',(234.6,-88.61700492222,3.980102122099E-16));
#333 = VECTOR('',#334,1.);
#334 = DIRECTION('',(0.,0.,1.));
#335 = CYLINDRICAL_SURFACE('',#336,6.500000000016);
#336 = AXIS2_PLACEMENT_3D('',#337,#338,#339);
#337 = CARTESIAN_POINT('',(234.6,-82.1170049222,0.));
#338 = DIRECTION('',(0.,-1.224646799147E-16,-1.));
#339 = DIRECTION('',(1.,0.,0.));
#340 = ADVANCED_FACE('',(#341),#359,.T.);
#341 = FACE_BOUND('',#342,.T.);
#342 = EDGE_LOOP('',(#343,#344,#345,#353));
#343 = ORIENTED_EDGE('',*,*,#88,.F.);
#344 = ORIENTED_EDGE('',*,*,#330,.T.);
#345 = ORIENTED_EDGE('',*,*,#346,.T.);
#346 = EDGE_CURVE('',#322,#347,#349,.T.);
#347 = VERTEX_POINT('',#348);
#348 = CARTESIAN_POINT('',(5.,-88.61700492222,8.5));
#349 = LINE('',#350,#351);
#350 = CARTESIAN_POINT('',(177.2,-88.61700492222,8.5));
#351 = VECTOR('',#352,1.);
#352 = DIRECTION('',(-1.,6.189396652963E-17,0.));
#353 = ORIENTED_EDGE('',*,*,#354,.F.);
#354 = EDGE_CURVE('',#89,#347,#355,.T.);
#355 = LINE('',#356,#357);
#356 = CARTESIAN_POINT('',(5.,-88.61700492222,3.98010210954E-16));
#357 = VECTOR('',#358,1.);
#358 = DIRECTION('',(0.,0.,1.));
#359 = PLANE('',#360);
#360 = AXIS2_PLACEMENT_3D('',#361,#362,#363);
#361 = CARTESIAN_POINT('',(234.6,-88.61700492222,0.));
#362 = DIRECTION('',(-6.189396652963E-17,-1.,0.));
#363 = DIRECTION('',(-1.,6.189396652963E-17,0.));
#364 = ADVANCED_FACE('',(#365),#384,.T.);
#365 = FACE_BOUND('',#366,.T.);
#366 = EDGE_LOOP('',(#367,#368,#369,#378));
#367 = ORIENTED_EDGE('',*,*,#96,.F.);
#368 = ORIENTED_EDGE('',*,*,#354,.T.);
#369 = ORIENTED_EDGE('',*,*,#370,.T.);
#370 = EDGE_CURVE('',#347,#371,#373,.T.);
#371 = VERTEX_POINT('',#372);
#372 = CARTESIAN_POINT('',(-1.500000000016,-82.1170049222,8.783796128906
    ));
#373 = ELLIPSE('',#374,6.506192453577,6.500000000016);
#374 = AXIS2_PLACEMENT_3D('',#375,#376,#377);
#375 = CARTESIAN_POINT('',(5.,-82.1170049222,8.783796128906));
#376 = DIRECTION('',(2.699776901633E-18,4.361938736534E-02,
    -0.999048221582));
#377 = DIRECTION('',(-6.183505718807E-17,-0.999048221582,
    -4.361938736534E-02));
#378 = ORIENTED_EDGE('',*,*,#379,.F.);
#379 = EDGE_CURVE('',#97,#371,#380,.T.);
#380 = LINE('',#381,#382);
#381 = CARTESIAN_POINT('',(-1.500000000016,-82.1170049222,
    -8.108044395984E-29));
#382 = VECTOR('',#383,1.);
#383 = DIRECTION('',(0.,0.,1.));
#384 = CYLINDRICAL_SURFACE('',#385,6.500000000016);
#385 = AXIS2_PLACEMENT_3D('',#386,#387,#388);
#386 = CARTESIAN_POINT('',(5.,-82.1170049222,0.));
#387 = DIRECTION('',(0.,-1.224646799147E-16,-1.));
#388 = DIRECTION('',(1.,0.,0.));
#389 = ADVANCED_FACE('',(#390),#417,.T.);
#390 = FACE_BOUND('',#391,.T.);
#391 = EDGE_LOOP('',(#392,#393,#394,#402,#410,#416));
#392 = ORIENTED_EDGE('',*,*,#105,.F.);
#393 = ORIENTED_EDGE('',*,*,#379,.T.);
#394 = ORIENTED_EDGE('',*,*,#395,.T.);
#395 = EDGE_CURVE('',#371,#396,#398,.T.);
#396 = VERTEX_POINT('',#397);
#397 = CARTESIAN_POINT('',(-1.500000000016,-82.2478630843,
    11.780940793652));
#398 = LINE('',#399,#400);
#399 = CARTESIAN_POINT('',(-1.500000000016,-82.1170049222,8.783796128906
    ));
#400 = VECTOR('',#401,1.);
#401 = DIRECTION('',(0.,-4.361938736534E-02,0.999048221582));
#402 = ORIENTED_EDGE('',*,*,#403,.T.);
#403 = EDGE_CURVE('',#396,#404,#406,.T.);
#404 = VERTEX_POINT('',#405);
#405 = CARTESIAN_POINT('',(-1.5,-5.130858162095,15.147941942836));
#406 = LINE('',#407,#408);
#407 = CARTESIAN_POINT('',(-1.500000000016,-82.2478630843,
    11.780940793652));
#408 = VECTOR('',#409,1.);
#409 = DIRECTION('',(2.034950532219E-13,0.999048221582,
    4.361938736534E-02));
#410 = ORIENTED_EDGE('',*,*,#411,.F.);
#411 = EDGE_CURVE('',#256,#404,#412,.T.);
#412 = LINE('',#413,#414);
#413 = CARTESIAN_POINT('',(-1.5,-4.999999999999,12.15079727809));
#414 = VECTOR('',#415,1.);
#415 = DIRECTION('',(0.,-4.361938736534E-02,0.999048221582));
#416 = ORIENTED_EDGE('',*,*,#255,.F.);
#417 = PLANE('',#418);
#418 = AXIS2_PLACEMENT_3D('',#419,#420,#421);
#419 = CARTESIAN_POINT('',(-1.500000000008,-43.61966063839,
    9.165962227322));
#420 = DIRECTION('',(-1.,2.035573983974E-13,3.002905639815E-15));
#421 = DIRECTION('',(-2.035573983974E-13,-1.,0.));
#422 = ADVANCED_FACE('',(#423),#448,.F.);
#423 = FACE_BOUND('',#424,.F.);
#424 = EDGE_LOOP('',(#425,#426,#434,#442));
#425 = ORIENTED_EDGE('',*,*,#122,.F.);
#426 = ORIENTED_EDGE('',*,*,#427,.T.);
#427 = EDGE_CURVE('',#123,#428,#430,.T.);
#428 = VERTEX_POINT('',#429);
#429 = CARTESIAN_POINT('',(5.,0.5,12.390932464087));
#430 = LINE('',#431,#432);
#431 = CARTESIAN_POINT('',(5.,0.5,0.));
#432 = VECTOR('',#433,1.);
#433 = DIRECTION('',(0.,0.,1.));
#434 = ORIENTED_EDGE('',*,*,#435,.T.);
#435 = EDGE_CURVE('',#428,#436,#438,.T.);
#436 = VERTEX_POINT('',#437);
#437 = CARTESIAN_POINT('',(234.6,0.5,12.390932464087));
#438 = LINE('',#439,#440);
#439 = CARTESIAN_POINT('',(62.400000000001,0.5,12.390932464087));
#440 = VECTOR('',#441,1.);
#441 = DIRECTION('',(1.,0.,2.702348939031E-18));
#442 = ORIENTED_EDGE('',*,*,#443,.F.);
#443 = EDGE_CURVE('',#125,#436,#444,.T.);
#444 = LINE('',#445,#446);
#445 = CARTESIAN_POINT('',(234.6,0.5,0.));
#446 = VECTOR('',#447,1.);
#447 = DIRECTION('',(0.,0.,1.));
#448 = PLANE('',#449);
#449 = AXIS2_PLACEMENT_3D('',#450,#451,#452);
#450 = CARTESIAN_POINT('',(5.,0.5,0.));
#451 = DIRECTION('',(0.,1.,0.));
#452 = DIRECTION('',(1.,0.,0.));
#453 = ADVANCED_FACE('',(#454),#473,.F.);
#454 = FACE_BOUND('',#455,.T.);
#455 = EDGE_LOOP('',(#456,#457,#465,#472));
#456 = ORIENTED_EDGE('',*,*,#132,.F.);
#457 = ORIENTED_EDGE('',*,*,#458,.T.);
#458 = EDGE_CURVE('',#133,#459,#461,.T.);
#459 = VERTEX_POINT('',#460);
#460 = CARTESIAN_POINT('',(240.1,-5.,12.15079727809));
#461 = LINE('',#462,#463);
#462 = CARTESIAN_POINT('',(240.1,-5.,0.));
#463 = VECTOR('',#464,1.);
#464 = DIRECTION('',(0.,0.,1.));
#465 = ORIENTED_EDGE('',*,*,#466,.T.);
#466 = EDGE_CURVE('',#459,#436,#467,.T.);
#467 = ELLIPSE('',#468,5.505239768398,5.5);
#468 = AXIS2_PLACEMENT_3D('',#469,#470,#471);
#469 = CARTESIAN_POINT('',(234.6,-5.,12.15079727809));
#470 = DIRECTION('',(-2.699776901633E-18,-4.361938736534E-02,
    0.999048221582));
#471 = DIRECTION('',(-6.183505718807E-17,-0.999048221582,
    -4.361938736534E-02));
#472 = ORIENTED_EDGE('',*,*,#443,.F.);
#473 = CYLINDRICAL_SURFACE('',#474,5.5);
#474 = AXIS2_PLACEMENT_3D('',#475,#476,#477);
#475 = CARTESIAN_POINT('',(234.6,-5.,0.));
#476 = DIRECTION('',(-0.,-0.,-1.));
#477 = DIRECTION('',(1.,0.,0.));
#478 = ADVANCED_FACE('',(#479),#497,.F.);
#479 = FACE_BOUND('',#480,.F.);
#480 = EDGE_LOOP('',(#481,#482,#483,#491));
#481 = ORIENTED_EDGE('',*,*,#141,.F.);
#482 = ORIENTED_EDGE('',*,*,#458,.T.);
#483 = ORIENTED_EDGE('',*,*,#484,.T.);
#484 = EDGE_CURVE('',#459,#485,#487,.T.);
#485 = VERTEX_POINT('',#486);
#486 = CARTESIAN_POINT('',(240.1,-82.1170049222,8.783796128906));
#487 = LINE('',#488,#489);
#488 = CARTESIAN_POINT('',(240.1,-24.56544702608,11.296551412504));
#489 = VECTOR('',#490,1.);
#490 = DIRECTION('',(-3.682022958413E-16,-0.999048221582,
    -4.361938736534E-02));
#491 = ORIENTED_EDGE('',*,*,#492,.F.);
#492 = EDGE_CURVE('',#142,#485,#493,.T.);
#493 = LINE('',#494,#495);
#494 = CARTESIAN_POINT('',(240.1,-82.1170049222,0.));
#495 = VECTOR('',#496,1.);
#496 = DIRECTION('',(0.,0.,1.));
#497 = PLANE('',#498);
#498 = AXIS2_PLACEMENT_3D('',#499,#500,#501);
#499 = CARTESIAN_POINT('',(240.1,-5.,0.));
#500 = DIRECTION('',(1.,-3.685530767056E-16,0.));
#501 = DIRECTION('',(-3.685530767056E-16,-1.,0.));
#502 = ADVANCED_FACE('',(#503),#522,.F.);
#503 = FACE_BOUND('',#504,.T.);
#504 = EDGE_LOOP('',(#505,#506,#514,#521));
#505 = ORIENTED_EDGE('',*,*,#149,.F.);
#506 = ORIENTED_EDGE('',*,*,#507,.T.);
#507 = EDGE_CURVE('',#150,#508,#510,.T.);
#508 = VERTEX_POINT('',#509);
#509 = CARTESIAN_POINT('',(234.6,-87.6170049222,8.543660942909));
#510 = LINE('',#511,#512);
#511 = CARTESIAN_POINT('',(234.6,-87.6170049222,0.));
#512 = VECTOR('',#513,1.);
#513 = DIRECTION('',(0.,0.,1.));
#514 = ORIENTED_EDGE('',*,*,#515,.T.);
#515 = EDGE_CURVE('',#508,#485,#516,.T.);
#516 = ELLIPSE('',#517,5.505239768398,5.5);
#517 = AXIS2_PLACEMENT_3D('',#518,#519,#520);
#518 = CARTESIAN_POINT('',(234.6,-82.1170049222,8.783796128906));
#519 = DIRECTION('',(-2.699776901633E-18,-4.361938736534E-02,
    0.999048221582));
#520 = DIRECTION('',(-6.183505718807E-17,-0.999048221582,
    -4.361938736534E-02));
#521 = ORIENTED_EDGE('',*,*,#492,.F.);
#522 = CYLINDRICAL_SURFACE('',#523,5.5);
#523 = AXIS2_PLACEMENT_3D('',#524,#525,#526);
#524 = CARTESIAN_POINT('',(234.6,-82.1170049222,0.));
#525 = DIRECTION('',(-0.,-0.,-1.));
#526 = DIRECTION('',(1.,0.,0.));
#527 = ADVANCED_FACE('',(#528),#546,.F.);
#528 = FACE_BOUND('',#529,.F.);
#529 = EDGE_LOOP('',(#530,#531,#532,#540));
#530 = ORIENTED_EDGE('',*,*,#158,.F.);
#531 = ORIENTED_EDGE('',*,*,#507,.T.);
#532 = ORIENTED_EDGE('',*,*,#533,.T.);
#533 = EDGE_CURVE('',#508,#534,#536,.T.);
#534 = VERTEX_POINT('',#535);
#535 = CARTESIAN_POINT('',(5.,-87.6170049222,8.543660942909));
#536 = LINE('',#537,#538);
#537 = CARTESIAN_POINT('',(177.2,-87.6170049222,8.543660942909));
#538 = VECTOR('',#539,1.);
#539 = DIRECTION('',(-1.,6.189396652963E-17,3.855529498542E-34));
#540 = ORIENTED_EDGE('',*,*,#541,.F.);
#541 = EDGE_CURVE('',#159,#534,#542,.T.);
#542 = LINE('',#543,#544);
#543 = CARTESIAN_POINT('',(5.,-87.6170049222,0.));
#544 = VECTOR('',#545,1.);
#545 = DIRECTION('',(0.,0.,1.));
#546 = PLANE('',#547);
#547 = AXIS2_PLACEMENT_3D('',#548,#549,#550);
#548 = CARTESIAN_POINT('',(234.6,-87.6170049222,0.));
#549 = DIRECTION('',(-6.189396652963E-17,-1.,0.));
#550 = DIRECTION('',(-1.,6.189396652963E-17,0.));
#551 = ADVANCED_FACE('',(#552),#571,.F.);
#552 = FACE_BOUND('',#553,.T.);
#553 = EDGE_LOOP('',(#554,#555,#563,#570));
#554 = ORIENTED_EDGE('',*,*,#166,.F.);
#555 = ORIENTED_EDGE('',*,*,#556,.T.);
#556 = EDGE_CURVE('',#167,#557,#559,.T.);
#557 = VERTEX_POINT('',#558);
#558 = CARTESIAN_POINT('',(-0.5,-82.1170049222,8.783796128906));
#559 = LINE('',#560,#561);
#560 = CARTESIAN_POINT('',(-0.5,-82.1170049222,0.));
#561 = VECTOR('',#562,1.);
#562 = DIRECTION('',(0.,0.,1.));
#563 = ORIENTED_EDGE('',*,*,#564,.T.);
#564 = EDGE_CURVE('',#557,#534,#565,.T.);
#565 = ELLIPSE('',#566,5.505239768398,5.5);
#566 = AXIS2_PLACEMENT_3D('',#567,#568,#569);
#567 = CARTESIAN_POINT('',(5.,-82.1170049222,8.783796128906));
#568 = DIRECTION('',(-2.699776901633E-18,-4.361938736534E-02,
    0.999048221582));
#569 = DIRECTION('',(-6.183505718807E-17,-0.999048221582,
    -4.361938736534E-02));
#570 = ORIENTED_EDGE('',*,*,#541,.F.);
#571 = CYLINDRICAL_SURFACE('',#572,5.5);
#572 = AXIS2_PLACEMENT_3D('',#573,#574,#575);
#573 = CARTESIAN_POINT('',(5.,-82.1170049222,0.));
#574 = DIRECTION('',(-0.,-0.,-1.));
#575 = DIRECTION('',(1.,0.,0.));
#576 = ADVANCED_FACE('',(#577),#595,.F.);
#577 = FACE_BOUND('',#578,.F.);
#578 = EDGE_LOOP('',(#579,#580,#581,#589));
#579 = ORIENTED_EDGE('',*,*,#175,.F.);
#580 = ORIENTED_EDGE('',*,*,#556,.T.);
#581 = ORIENTED_EDGE('',*,*,#582,.T.);
#582 = EDGE_CURVE('',#557,#583,#585,.T.);
#583 = VERTEX_POINT('',#584);
#584 = CARTESIAN_POINT('',(-0.5,-5.,12.15079727809));
#585 = LINE('',#586,#587);
#586 = CARTESIAN_POINT('',(-0.5,-63.05058611569,9.616253951887));
#587 = VECTOR('',#588,1.);
#588 = DIRECTION('',(5.75316087252E-17,0.999048221582,4.361938736534E-02
    ));
#589 = ORIENTED_EDGE('',*,*,#590,.F.);
#590 = EDGE_CURVE('',#176,#583,#591,.T.);
#591 = LINE('',#592,#593);
#592 = CARTESIAN_POINT('',(-0.5,-5.,0.));
#593 = VECTOR('',#594,1.);
#594 = DIRECTION('',(0.,0.,1.));
#595 = PLANE('',#596);
#596 = AXIS2_PLACEMENT_3D('',#597,#598,#599);
#597 = CARTESIAN_POINT('',(-0.5,-82.1170049222,0.));
#598 = DIRECTION('',(-1.,5.758641823526E-17,0.));
#599 = DIRECTION('',(5.758641823526E-17,1.,0.));
#600 = ADVANCED_FACE('',(#601),#613,.F.);
#601 = FACE_BOUND('',#602,.T.);
#602 = EDGE_LOOP('',(#603,#604,#605,#612));
#603 = ORIENTED_EDGE('',*,*,#183,.F.);
#604 = ORIENTED_EDGE('',*,*,#427,.T.);
#605 = ORIENTED_EDGE('',*,*,#606,.T.);
#606 = EDGE_CURVE('',#428,#583,#607,.T.);
#607 = ELLIPSE('',#608,5.505239768398,5.5);
#608 = AXIS2_PLACEMENT_3D('',#609,#610,#611);
#609 = CARTESIAN_POINT('',(5.,-5.,12.15079727809));
#610 = DIRECTION('',(-2.699776901633E-18,-4.361938736534E-02,
    0.999048221582));
#611 = DIRECTION('',(-6.183505718807E-17,-0.999048221582,
    -4.361938736534E-02));
#612 = ORIENTED_EDGE('',*,*,#590,.F.);
#613 = CYLINDRICAL_SURFACE('',#614,5.5);
#614 = AXIS2_PLACEMENT_3D('',#615,#616,#617);
#615 = CARTESIAN_POINT('',(5.,-5.,0.));
#616 = DIRECTION('',(-0.,-0.,-1.));
#617 = DIRECTION('',(1.,0.,0.));
#618 = ADVANCED_FACE('',(#619),#631,.T.);
#619 = FACE_BOUND('',#620,.T.);
#620 = EDGE_LOOP('',(#621,#622,#629,#630));
#621 = ORIENTED_EDGE('',*,*,#239,.T.);
#622 = ORIENTED_EDGE('',*,*,#623,.T.);
#623 = EDGE_CURVE('',#232,#282,#624,.T.);
#624 = ELLIPSE('',#625,6.506192453577,6.500000000016);
#625 = AXIS2_PLACEMENT_3D('',#626,#627,#628);
#626 = CARTESIAN_POINT('',(234.6,-5.130858162096,15.147941942836));
#627 = DIRECTION('',(5.800653689497E-35,4.361938736534E-02,
    -0.999048221582));
#628 = DIRECTION('',(-6.183505718808E-17,-0.999048221582,
    -4.361938736534E-02));
#629 = ORIENTED_EDGE('',*,*,#281,.F.);
#630 = ORIENTED_EDGE('',*,*,#200,.F.);
#631 = SURFACE_OF_LINEAR_EXTRUSION('',#632,#637);
#632 = ELLIPSE('',#633,6.506192453577,6.500000000016);
#633 = AXIS2_PLACEMENT_3D('',#634,#635,#636);
#634 = CARTESIAN_POINT('',(234.6,-5.,12.15079727809));
#635 = DIRECTION('',(-3.275460636937E-34,4.361938736534E-02,
    -0.999048221582));
#636 = DIRECTION('',(-6.183505718808E-17,-0.999048221582,
    -4.361938736534E-02));
#637 = VECTOR('',#638,1.);
#638 = DIRECTION('',(0.,4.361938736534E-02,-0.999048221582));
#639 = ADVANCED_FACE('',(#640),#652,.T.);
#640 = FACE_BOUND('',#641,.T.);
#641 = EDGE_LOOP('',(#642,#643,#650,#651));
#642 = ORIENTED_EDGE('',*,*,#411,.T.);
#643 = ORIENTED_EDGE('',*,*,#644,.T.);
#644 = EDGE_CURVE('',#404,#224,#645,.T.);
#645 = ELLIPSE('',#646,6.506192453562,6.5);
#646 = AXIS2_PLACEMENT_3D('',#647,#648,#649);
#647 = CARTESIAN_POINT('',(5.,-5.130858162097,15.147941942836));
#648 = DIRECTION('',(7.328130918745E-35,4.361938736534E-02,
    -0.999048221582));
#649 = DIRECTION('',(-6.183505718807E-17,-0.999048221582,
    -4.361938736534E-02));
#650 = ORIENTED_EDGE('',*,*,#223,.F.);
#651 = ORIENTED_EDGE('',*,*,#263,.F.);
#652 = SURFACE_OF_LINEAR_EXTRUSION('',#653,#658);
#653 = ELLIPSE('',#654,6.506192453562,6.5);
#654 = AXIS2_PLACEMENT_3D('',#655,#656,#657);
#655 = CARTESIAN_POINT('',(5.,-5.000000000001,12.15079727809));
#656 = DIRECTION('',(7.291469747626E-35,4.361938736534E-02,
    -0.999048221582));
#657 = DIRECTION('',(-6.183505718807E-17,-0.999048221582,
    -4.361938736534E-02));
#658 = VECTOR('',#659,1.);
#659 = DIRECTION('',(0.,4.361938736534E-02,-0.999048221582));
#660 = ADVANCED_FACE('',(#661,#692),#762,.T.);
#661 = FACE_BOUND('',#662,.F.);
#662 = EDGE_LOOP('',(#663,#664,#665,#666,#675,#683,#690,#691));
#663 = ORIENTED_EDGE('',*,*,#231,.T.);
#664 = ORIENTED_EDGE('',*,*,#623,.T.);
#665 = ORIENTED_EDGE('',*,*,#289,.T.);
#666 = ORIENTED_EDGE('',*,*,#667,.T.);
#667 = EDGE_CURVE('',#290,#668,#670,.T.);
#668 = VERTEX_POINT('',#669);
#669 = CARTESIAN_POINT('',(234.6,-88.74786308431,11.497144664746));
#670 = ELLIPSE('',#671,6.506192453577,6.500000000016);
#671 = AXIS2_PLACEMENT_3D('',#672,#673,#674);
#672 = CARTESIAN_POINT('',(234.6,-82.2478630843,11.780940793652));
#673 = DIRECTION('',(2.151600414158E-34,4.361938736534E-02,
    -0.999048221582));
#674 = DIRECTION('',(-6.183505718807E-17,-0.999048221582,
    -4.361938736534E-02));
#675 = ORIENTED_EDGE('',*,*,#676,.T.);
#676 = EDGE_CURVE('',#668,#677,#679,.T.);
#677 = VERTEX_POINT('',#678);
#678 = CARTESIAN_POINT('',(5.,-88.74786308431,11.497144664746));
#679 = LINE('',#680,#681);
#680 = CARTESIAN_POINT('',(234.6,-88.74786308431,11.497144664746));
#681 = VECTOR('',#682,1.);
#682 = DIRECTION('',(-1.,6.217252930077E-17,-5.029605246876E-18));
#683 = ORIENTED_EDGE('',*,*,#684,.T.);
#684 = EDGE_CURVE('',#677,#396,#685,.T.);
#685 = ELLIPSE('',#686,6.506192453577,6.500000000016);
#686 = AXIS2_PLACEMENT_3D('',#687,#688,#689);
#687 = CARTESIAN_POINT('',(5.,-82.2478630843,11.780940793652));
#688 = DIRECTION('',(1.26073395598E-34,4.361938736534E-02,
    -0.999048221582));
#689 = DIRECTION('',(-6.183505718807E-17,-0.999048221582,
    -4.361938736534E-02));
#690 = ORIENTED_EDGE('',*,*,#403,.T.);
#691 = ORIENTED_EDGE('',*,*,#644,.T.);
#692 = FACE_BOUND('',#693,.F.);
#693 = EDGE_LOOP('',(#694,#705,#713,#722,#730,#739,#747,#756));
#694 = ORIENTED_EDGE('',*,*,#695,.T.);
#695 = EDGE_CURVE('',#696,#698,#700,.T.);
#696 = VERTEX_POINT('',#697);
#697 = CARTESIAN_POINT('',(6.000000000051,-79.77964433357,
    11.888705551613));
#698 = VERTEX_POINT('',#699);
#699 = CARTESIAN_POINT('',(7.5,-81.27821666589,11.823276470567));
#700 = CIRCLE('',#701,1.499999999949);
#701 = AXIS2_PLACEMENT_3D('',#702,#703,#704);
#702 = CARTESIAN_POINT('',(7.5,-79.77964433356,11.888705551613));
#703 = DIRECTION('',(2.54144022489E-30,-4.361938736525E-02,
    0.999048221582));
#704 = DIRECTION('',(1.,1.109166338229E-16,4.842724816932E-18));
#705 = ORIENTED_EDGE('',*,*,#706,.T.);
#706 = EDGE_CURVE('',#698,#707,#709,.T.);
#707 = VERTEX_POINT('',#708);
#708 = CARTESIAN_POINT('',(232.1,-81.27821666589,11.823276470567));
#709 = LINE('',#710,#711);
#710 = CARTESIAN_POINT('',(7.5,-81.27821666589,11.823276470567));
#711 = VECTOR('',#712,1.);
#712 = DIRECTION('',(1.,-6.321161678709E-17,-2.759878791696E-18));
#713 = ORIENTED_EDGE('',*,*,#714,.T.);
#714 = EDGE_CURVE('',#707,#715,#717,.T.);
#715 = VERTEX_POINT('',#716);
#716 = CARTESIAN_POINT('',(233.59999999994,-79.77964433356,
    11.888705551613));
#717 = CIRCLE('',#718,1.499999999949);
#718 = AXIS2_PLACEMENT_3D('',#719,#720,#721);
#719 = CARTESIAN_POINT('',(232.1,-79.77964433356,11.888705551613));
#720 = DIRECTION('',(2.54144022489E-30,-4.361938736525E-02,
    0.999048221582));
#721 = DIRECTION('',(1.,1.109166338229E-16,4.842724816932E-18));
#722 = ORIENTED_EDGE('',*,*,#723,.T.);
#723 = EDGE_CURVE('',#715,#724,#726,.T.);
#724 = VERTEX_POINT('',#725);
#725 = CARTESIAN_POINT('',(233.5999999999,-7.648362735358,15.03802531939
    ));
#726 = LINE('',#727,#728);
#727 = CARTESIAN_POINT('',(233.59999999994,-79.77964433356,
    11.888705551613));
#728 = VECTOR('',#729,1.);
#729 = DIRECTION('',(-6.459837281897E-13,0.999048221582,
    4.361938736534E-02));
#730 = ORIENTED_EDGE('',*,*,#731,.T.);
#731 = EDGE_CURVE('',#724,#732,#734,.T.);
#732 = VERTEX_POINT('',#733);
#733 = CARTESIAN_POINT('',(232.1,-6.149790403083,15.103454400434));
#734 = CIRCLE('',#735,1.499999999902);
#735 = AXIS2_PLACEMENT_3D('',#736,#737,#738);
#736 = CARTESIAN_POINT('',(232.1,-7.648362735359,15.03802531939));
#737 = DIRECTION('',(2.54144022489E-30,-4.361938736525E-02,
    0.999048221582));
#738 = DIRECTION('',(1.,1.109166338229E-16,4.842724816932E-18));
#739 = ORIENTED_EDGE('',*,*,#740,.T.);
#740 = EDGE_CURVE('',#732,#741,#743,.T.);
#741 = VERTEX_POINT('',#742);
#742 = CARTESIAN_POINT('',(7.500000000001,-6.149790402986,
    15.103454400438));
#743 = LINE('',#744,#745);
#744 = CARTESIAN_POINT('',(232.1,-6.149790403083,15.103454400434));
#745 = VECTOR('',#746,1.);
#746 = DIRECTION('',(-1.,4.339793550518E-13,1.894794784439E-14));
#747 = ORIENTED_EDGE('',*,*,#748,.T.);
#748 = EDGE_CURVE('',#741,#749,#751,.T.);
#749 = VERTEX_POINT('',#750);
#750 = CARTESIAN_POINT('',(6.,-7.64836273536,15.03802531939));
#751 = CIRCLE('',#752,1.5);
#752 = AXIS2_PLACEMENT_3D('',#753,#754,#755);
#753 = CARTESIAN_POINT('',(7.5,-7.648362735359,15.03802531939));
#754 = DIRECTION('',(2.54144022489E-30,-4.361938736525E-02,
    0.999048221582));
#755 = DIRECTION('',(1.,1.109166338229E-16,4.842724816932E-18));
#756 = ORIENTED_EDGE('',*,*,#757,.T.);
#757 = EDGE_CURVE('',#749,#696,#758,.T.);
#758 = LINE('',#759,#760);
#759 = CARTESIAN_POINT('',(6.,-7.64836273536,15.03802531939));
#760 = VECTOR('',#761,1.);
#761 = DIRECTION('',(7.053514436117E-13,-0.999048221582,
    -4.361938736534E-02));
#762 = PLANE('',#763);
#763 = AXIS2_PLACEMENT_3D('',#764,#765,#766);
#764 = CARTESIAN_POINT('',(119.79999999998,-43.70118154743,
    13.463925255545));
#765 = DIRECTION('',(0.,-4.361938736534E-02,0.999048221582));
#766 = DIRECTION('',(0.,0.999048221582,4.361938736534E-02));
#767 = ADVANCED_FACE('',(#768),#779,.T.);
#768 = FACE_BOUND('',#769,.T.);
#769 = EDGE_LOOP('',(#770,#771,#772,#778));
#770 = ORIENTED_EDGE('',*,*,#297,.T.);
#771 = ORIENTED_EDGE('',*,*,#667,.T.);
#772 = ORIENTED_EDGE('',*,*,#773,.F.);
#773 = EDGE_CURVE('',#322,#668,#774,.T.);
#774 = LINE('',#775,#776);
#775 = CARTESIAN_POINT('',(234.6,-88.61700492222,8.5));
#776 = VECTOR('',#777,1.);
#777 = DIRECTION('',(0.,-4.361938736534E-02,0.999048221582));
#778 = ORIENTED_EDGE('',*,*,#321,.F.);
#779 = SURFACE_OF_LINEAR_EXTRUSION('',#780,#785);
#780 = ELLIPSE('',#781,6.506192453577,6.500000000016);
#781 = AXIS2_PLACEMENT_3D('',#782,#783,#784);
#782 = CARTESIAN_POINT('',(234.6,-82.1170049222,8.783796128906));
#783 = DIRECTION('',(2.144268179934E-34,4.361938736534E-02,
    -0.999048221582));
#784 = DIRECTION('',(-6.183505718807E-17,-0.999048221582,
    -4.361938736534E-02));
#785 = VECTOR('',#786,1.);
#786 = DIRECTION('',(0.,4.361938736534E-02,-0.999048221582));
#787 = ADVANCED_FACE('',(#788),#799,.T.);
#788 = FACE_BOUND('',#789,.T.);
#789 = EDGE_LOOP('',(#790,#791,#792,#798));
#790 = ORIENTED_EDGE('',*,*,#773,.T.);
#791 = ORIENTED_EDGE('',*,*,#676,.T.);
#792 = ORIENTED_EDGE('',*,*,#793,.F.);
#793 = EDGE_CURVE('',#347,#677,#794,.T.);
#794 = LINE('',#795,#796);
#795 = CARTESIAN_POINT('',(5.,-88.61700492222,8.5));
#796 = VECTOR('',#797,1.);
#797 = DIRECTION('',(0.,-4.361938736534E-02,0.999048221582));
#798 = ORIENTED_EDGE('',*,*,#346,.F.);
#799 = PLANE('',#800);
#800 = AXIS2_PLACEMENT_3D('',#801,#802,#803);
#801 = CARTESIAN_POINT('',(234.6,-88.61700492222,8.5));
#802 = DIRECTION('',(-6.189396652963E-17,-0.999048221582,
    -4.361938736534E-02));
#803 = DIRECTION('',(-1.,6.217252930077E-17,-5.029605246876E-18));
#804 = ADVANCED_FACE('',(#805),#811,.T.);
#805 = FACE_BOUND('',#806,.T.);
#806 = EDGE_LOOP('',(#807,#808,#809,#810));
#807 = ORIENTED_EDGE('',*,*,#793,.T.);
#808 = ORIENTED_EDGE('',*,*,#684,.T.);
#809 = ORIENTED_EDGE('',*,*,#395,.F.);
#810 = ORIENTED_EDGE('',*,*,#370,.F.);
#811 = SURFACE_OF_LINEAR_EXTRUSION('',#812,#817);
#812 = ELLIPSE('',#813,6.506192453577,6.500000000016);
#813 = AXIS2_PLACEMENT_3D('',#814,#815,#816);
#814 = CARTESIAN_POINT('',(5.,-82.1170049222,8.783796128906));
#815 = DIRECTION('',(1.253401721756E-34,4.361938736534E-02,
    -0.999048221582));
#816 = DIRECTION('',(-6.183505718807E-17,-0.999048221582,
    -4.361938736534E-02));
#817 = VECTOR('',#818,1.);
#818 = DIRECTION('',(0.,4.361938736534E-02,-0.999048221582));
#819 = ADVANCED_FACE('',(#820,#830,#841,#877,#888,#924,#960,#971,#1007,
    #1018,#1054,#1065,#1101,#1112,#1182,#1193,#1229,#1265),#1276,.F.);
#820 = FACE_BOUND('',#821,.F.);
#821 = EDGE_LOOP('',(#822,#823,#824,#825,#826,#827,#828,#829));
#822 = ORIENTED_EDGE('',*,*,#435,.F.);
#823 = ORIENTED_EDGE('',*,*,#606,.T.);
#824 = ORIENTED_EDGE('',*,*,#582,.F.);
#825 = ORIENTED_EDGE('',*,*,#564,.T.);
#826 = ORIENTED_EDGE('',*,*,#533,.F.);
#827 = ORIENTED_EDGE('',*,*,#515,.T.);
#828 = ORIENTED_EDGE('',*,*,#484,.F.);
#829 = ORIENTED_EDGE('',*,*,#466,.T.);
#830 = FACE_BOUND('',#831,.F.);
#831 = EDGE_LOOP('',(#832));
#832 = ORIENTED_EDGE('',*,*,#833,.T.);
#833 = EDGE_CURVE('',#834,#834,#836,.T.);
#834 = VERTEX_POINT('',#835);
#835 = CARTESIAN_POINT('',(236.98196366286,-83.71909446119,8.71384738901
    ));
#836 = CIRCLE('',#837,0.8);
#837 = AXIS2_PLACEMENT_3D('',#838,#839,#840);
#838 = CARTESIAN_POINT('',(236.18196366286,-83.71909446119,8.71384738901
    ));
#839 = DIRECTION('',(0.,4.361938730428E-02,-0.999048221585));
#840 = DIRECTION('',(1.,0.,0.));
#841 = FACE_BOUND('',#842,.F.);
#842 = EDGE_LOOP('',(#843,#854,#862,#871));
#843 = ORIENTED_EDGE('',*,*,#844,.F.);
#844 = EDGE_CURVE('',#845,#847,#849,.T.);
#845 = VERTEX_POINT('',#846);
#846 = CARTESIAN_POINT('',(168.83333333333,-83.39521700287,
    8.727988184181));
#847 = VERTEX_POINT('',#848);
#848 = CARTESIAN_POINT('',(168.83333333333,-86.39236166762,
    8.597130022177));
#849 = CIRCLE('',#850,1.5);
#850 = AXIS2_PLACEMENT_3D('',#851,#852,#853);
#851 = CARTESIAN_POINT('',(168.83333333333,-84.89378933524,
    8.662559103179));
#852 = DIRECTION('',(0.,-4.361938730428E-02,0.999048221585));
#853 = DIRECTION('',(1.,0.,0.));
#854 = ORIENTED_EDGE('',*,*,#855,.T.);
#855 = EDGE_CURVE('',#845,#856,#858,.T.);
#856 = VERTEX_POINT('',#857);
#857 = CARTESIAN_POINT('',(223.83333333333,-83.39521700287,
    8.727988184181));
#858 = LINE('',#859,#860);
#859 = CARTESIAN_POINT('',(168.83333333333,-83.39521700287,
    8.727988184227));
#860 = VECTOR('',#861,1.);
#861 = DIRECTION('',(1.,-2.58133256916E-16,-1.1270341393E-17));
#862 = ORIENTED_EDGE('',*,*,#863,.F.);
#863 = EDGE_CURVE('',#864,#856,#866,.T.);
#864 = VERTEX_POINT('',#865);
#865 = CARTESIAN_POINT('',(223.83333333333,-86.39236166762,
    8.597130022177));
#866 = CIRCLE('',#867,1.5);
#867 = AXIS2_PLACEMENT_3D('',#868,#869,#870);
#868 = CARTESIAN_POINT('',(223.83333333333,-84.89378933524,
    8.662559103179));
#869 = DIRECTION('',(0.,-4.361938730428E-02,0.999048221585));
#870 = DIRECTION('',(1.,0.,0.));
#871 = ORIENTED_EDGE('',*,*,#872,.F.);
#872 = EDGE_CURVE('',#847,#864,#873,.T.);
#873 = LINE('',#874,#875);
#874 = CARTESIAN_POINT('',(168.83333333333,-86.39236166761,
    8.597130022131));
#875 = VECTOR('',#876,1.);
#876 = DIRECTION('',(1.,-2.595420495901E-16,2.09963157215E-17));
#877 = FACE_BOUND('',#878,.F.);
#878 = EDGE_LOOP('',(#879));
#879 = ORIENTED_EDGE('',*,*,#880,.T.);
#880 = EDGE_CURVE('',#881,#881,#883,.T.);
#881 = VERTEX_POINT('',#882);
#882 = CARTESIAN_POINT('',(158.86666666666,-84.89378933521,
    8.662559103181));
#883 = CIRCLE('',#884,0.8);
#884 = AXIS2_PLACEMENT_3D('',#885,#886,#887);
#885 = CARTESIAN_POINT('',(158.06666666666,-84.89378933521,
    8.662559103181));
#886 = DIRECTION('',(0.,4.361938730428E-02,-0.999048221585));
#887 = DIRECTION('',(1.,0.,0.));
#888 = FACE_BOUND('',#889,.F.);
#889 = EDGE_LOOP('',(#890,#901,#909,#918));
#890 = ORIENTED_EDGE('',*,*,#891,.F.);
#891 = EDGE_CURVE('',#892,#894,#896,.T.);
#892 = VERTEX_POINT('',#893);
#893 = CARTESIAN_POINT('',(92.3,-83.39521700287,8.727988184181));
#894 = VERTEX_POINT('',#895);
#895 = CARTESIAN_POINT('',(92.3,-86.39236166762,8.597130022177));
#896 = CIRCLE('',#897,1.5);
#897 = AXIS2_PLACEMENT_3D('',#898,#899,#900);
#898 = CARTESIAN_POINT('',(92.3,-84.89378933524,8.662559103179));
#899 = DIRECTION('',(0.,-4.361938730428E-02,0.999048221585));
#900 = DIRECTION('',(1.,0.,0.));
#901 = ORIENTED_EDGE('',*,*,#902,.T.);
#902 = EDGE_CURVE('',#892,#903,#905,.T.);
#903 = VERTEX_POINT('',#904);
#904 = CARTESIAN_POINT('',(147.3,-83.39521700287,8.727988184181));
#905 = LINE('',#906,#907);
#906 = CARTESIAN_POINT('',(92.3,-83.39521700287,8.727988184227));
#907 = VECTOR('',#908,1.);
#908 = DIRECTION('',(1.,-5.176753065062E-16,9.725974328505E-18));
#909 = ORIENTED_EDGE('',*,*,#910,.F.);
#910 = EDGE_CURVE('',#911,#903,#913,.T.);
#911 = VERTEX_POINT('',#912);
#912 = CARTESIAN_POINT('',(147.3,-86.39236166762,8.597130022177));
#913 = CIRCLE('',#914,1.5);
#914 = AXIS2_PLACEMENT_3D('',#915,#916,#917);
#915 = CARTESIAN_POINT('',(147.3,-84.89378933524,8.662559103179));
#916 = DIRECTION('',(0.,-4.361938730428E-02,0.999048221585));
#917 = DIRECTION('',(1.,0.,0.));
#918 = ORIENTED_EDGE('',*,*,#919,.F.);
#919 = EDGE_CURVE('',#894,#911,#920,.T.);
#920 = LINE('',#921,#922);
#921 = CARTESIAN_POINT('',(92.3,-86.39236166761,8.597130022131));
#922 = VECTOR('',#923,1.);
#923 = DIRECTION('',(1.,-5.16266513832E-16,-2.2540682786E-17));
#924 = FACE_BOUND('',#925,.F.);
#925 = EDGE_LOOP('',(#926,#937,#945,#954));
#926 = ORIENTED_EDGE('',*,*,#927,.F.);
#927 = EDGE_CURVE('',#928,#930,#932,.T.);
#928 = VERTEX_POINT('',#929);
#929 = CARTESIAN_POINT('',(235.85000000001,-71.05697146586,
    9.266687618209));
#930 = VERTEX_POINT('',#931);
#931 = CARTESIAN_POINT('',(238.84999999998,-71.05697146586,
    9.266687618209));
#932 = CIRCLE('',#933,1.5);
#933 = AXIS2_PLACEMENT_3D('',#934,#935,#936);
#934 = CARTESIAN_POINT('',(237.35,-71.05696316497,9.266687980634));
#935 = DIRECTION('',(0.,-4.361938730428E-02,0.999048221585));
#936 = DIRECTION('',(1.,0.,0.));
#937 = ORIENTED_EDGE('',*,*,#938,.T.);
#938 = EDGE_CURVE('',#928,#939,#941,.T.);
#939 = VERTEX_POINT('',#940);
#940 = CARTESIAN_POINT('',(235.85000000004,-16.10931927886,
    11.665753923303));
#941 = LINE('',#942,#943);
#942 = CARTESIAN_POINT('',(235.85,-71.05697146586,9.266687618209));
#943 = VECTOR('',#944,1.);
#944 = DIRECTION('',(5.167583532801E-16,0.999048221582,
    4.361938736534E-02));
#945 = ORIENTED_EDGE('',*,*,#946,.F.);
#946 = EDGE_CURVE('',#947,#939,#949,.T.);
#947 = VERTEX_POINT('',#948);
#948 = CARTESIAN_POINT('',(238.84999999995,-16.10931927886,
    11.665753923303));
#949 = CIRCLE('',#950,1.5);
#950 = AXIS2_PLACEMENT_3D('',#951,#952,#953);
#951 = CARTESIAN_POINT('',(237.35,-16.10930233785,11.665754662964));
#952 = DIRECTION('',(0.,-4.361938730428E-02,0.999048221585));
#953 = DIRECTION('',(1.,0.,0.));
#954 = ORIENTED_EDGE('',*,*,#955,.F.);
#955 = EDGE_CURVE('',#930,#947,#956,.T.);
#956 = LINE('',#957,#958);
#957 = CARTESIAN_POINT('',(238.85,-71.05697146586,9.266687618209));
#958 = VECTOR('',#959,1.);
#959 = DIRECTION('',(5.167583532801E-16,0.999048221582,
    4.361938736534E-02));
#960 = FACE_BOUND('',#961,.F.);
#961 = EDGE_LOOP('',(#962));
#962 = ORIENTED_EDGE('',*,*,#963,.T.);
#963 = EDGE_CURVE('',#964,#964,#966,.T.);
#964 = VERTEX_POINT('',#965);
#965 = CARTESIAN_POINT('',(236.98196366395,-3.447196285566,
    12.218594152414));
#966 = CIRCLE('',#967,0.8);
#967 = AXIS2_PLACEMENT_3D('',#968,#969,#970);
#968 = CARTESIAN_POINT('',(236.18196366395,-3.447196285566,
    12.218594152414));
#969 = DIRECTION('',(0.,4.361938730428E-02,-0.999048221585));
#970 = DIRECTION('',(1.,0.,0.));
#971 = FACE_BOUND('',#972,.F.);
#972 = EDGE_LOOP('',(#973,#984,#992,#1001));
#973 = ORIENTED_EDGE('',*,*,#974,.F.);
#974 = EDGE_CURVE('',#975,#977,#979,.T.);
#975 = VERTEX_POINT('',#976);
#976 = CARTESIAN_POINT('',(168.83333333333,-0.773929078073,
    12.335311519294));
#977 = VERTEX_POINT('',#978);
#978 = CARTESIAN_POINT('',(168.83333333333,-3.771073742822,
    12.204453357289));
#979 = CIRCLE('',#980,1.5);
#980 = AXIS2_PLACEMENT_3D('',#981,#982,#983);
#981 = CARTESIAN_POINT('',(168.83333333333,-2.272501410448,
    12.269882438291));
#982 = DIRECTION('',(0.,-4.361938730428E-02,0.999048221585));
#983 = DIRECTION('',(1.,0.,0.));
#984 = ORIENTED_EDGE('',*,*,#985,.T.);
#985 = EDGE_CURVE('',#975,#986,#988,.T.);
#986 = VERTEX_POINT('',#987);
#987 = CARTESIAN_POINT('',(223.83333333333,-0.773929078061,
    12.335311519294));
#988 = LINE('',#989,#990);
#989 = CARTESIAN_POINT('',(168.83333333333,-0.773929078075,
    12.335311519339));
#990 = VECTOR('',#991,1.);
#991 = DIRECTION('',(1.,2.197446094874E-13,9.626585015615E-15));
#992 = ORIENTED_EDGE('',*,*,#993,.F.);
#993 = EDGE_CURVE('',#994,#986,#996,.T.);
#994 = VERTEX_POINT('',#995);
#995 = CARTESIAN_POINT('',(223.83333333333,-3.77107374281,12.20445335729
    ));
#996 = CIRCLE('',#997,1.5);
#997 = AXIS2_PLACEMENT_3D('',#998,#999,#1000);
#998 = CARTESIAN_POINT('',(223.83333333333,-2.272501410435,
    12.269882438292));
#999 = DIRECTION('',(0.,-4.361938730428E-02,0.999048221585));
#1000 = DIRECTION('',(1.,0.,0.));
#1001 = ORIENTED_EDGE('',*,*,#1002,.F.);
#1002 = EDGE_CURVE('',#977,#994,#1003,.T.);
#1003 = LINE('',#1004,#1005);
#1004 = CARTESIAN_POINT('',(168.83333333333,-3.77107374282,
    12.204453357243));
#1005 = VECTOR('',#1006,1.);
#1006 = DIRECTION('',(1.,2.197520682783E-13,9.594582507127E-15));
#1007 = FACE_BOUND('',#1008,.F.);
#1008 = EDGE_LOOP('',(#1009));
#1009 = ORIENTED_EDGE('',*,*,#1010,.T.);
#1010 = EDGE_CURVE('',#1011,#1011,#1013,.T.);
#1011 = VERTEX_POINT('',#1012);
#1012 = CARTESIAN_POINT('',(158.86666666666,-2.272501410415,
    12.269882438293));
#1013 = CIRCLE('',#1014,0.8);
#1014 = AXIS2_PLACEMENT_3D('',#1015,#1016,#1017);
#1015 = CARTESIAN_POINT('',(158.06666666666,-2.272501410415,
    12.269882438293));
#1016 = DIRECTION('',(0.,4.361938730428E-02,-0.999048221585));
#1017 = DIRECTION('',(1.,0.,0.));
#1018 = FACE_BOUND('',#1019,.F.);
#1019 = EDGE_LOOP('',(#1020,#1031,#1039,#1048));
#1020 = ORIENTED_EDGE('',*,*,#1021,.F.);
#1021 = EDGE_CURVE('',#1022,#1024,#1026,.T.);
#1022 = VERTEX_POINT('',#1023);
#1023 = CARTESIAN_POINT('',(92.3,-0.773929078089,12.335311519293));
#1024 = VERTEX_POINT('',#1025);
#1025 = CARTESIAN_POINT('',(92.300000000001,-3.771073742839,
    12.204453357289));
#1026 = CIRCLE('',#1027,1.5);
#1027 = AXIS2_PLACEMENT_3D('',#1028,#1029,#1030);
#1028 = CARTESIAN_POINT('',(92.3,-2.272501410464,12.269882438291));
#1029 = DIRECTION('',(0.,-4.361938730428E-02,0.999048221585));
#1030 = DIRECTION('',(1.,0.,0.));
#1031 = ORIENTED_EDGE('',*,*,#1032,.T.);
#1032 = EDGE_CURVE('',#1022,#1033,#1035,.T.);
#1033 = VERTEX_POINT('',#1034);
#1034 = CARTESIAN_POINT('',(147.3,-0.773929078077,12.335311519293));
#1035 = LINE('',#1036,#1037);
#1036 = CARTESIAN_POINT('',(92.3,-0.773929078091,12.335311519339));
#1037 = VECTOR('',#1038,1.);
#1038 = DIRECTION('',(1.,2.197882645607E-13,9.563834704614E-15));
#1039 = ORIENTED_EDGE('',*,*,#1040,.F.);
#1040 = EDGE_CURVE('',#1041,#1033,#1043,.T.);
#1041 = VERTEX_POINT('',#1042);
#1042 = CARTESIAN_POINT('',(147.3,-3.771073742827,12.204453357289));
#1043 = CIRCLE('',#1044,1.5);
#1044 = AXIS2_PLACEMENT_3D('',#1045,#1046,#1047);
#1045 = CARTESIAN_POINT('',(147.3,-2.272501410452,12.269882438291));
#1046 = DIRECTION('',(0.,-4.361938730428E-02,0.999048221585));
#1047 = DIRECTION('',(1.,0.,0.));
#1048 = ORIENTED_EDGE('',*,*,#1049,.F.);
#1049 = EDGE_CURVE('',#1024,#1041,#1050,.T.);
#1050 = LINE('',#1051,#1052);
#1051 = CARTESIAN_POINT('',(92.300000000001,-3.771073742837,
    12.204453357243));
#1052 = VECTOR('',#1053,1.);
#1053 = DIRECTION('',(1.,2.197843349354E-13,9.595991299801E-15));
#1054 = FACE_BOUND('',#1055,.F.);
#1055 = EDGE_LOOP('',(#1056));
#1056 = ORIENTED_EDGE('',*,*,#1057,.T.);
#1057 = EDGE_CURVE('',#1058,#1058,#1060,.T.);
#1058 = VERTEX_POINT('',#1059);
#1059 = CARTESIAN_POINT('',(82.333333333333,-84.89378933521,
    8.662559103181));
#1060 = CIRCLE('',#1061,0.8);
#1061 = AXIS2_PLACEMENT_3D('',#1062,#1063,#1064);
#1062 = CARTESIAN_POINT('',(81.533333333333,-84.89378933521,
    8.662559103181));
#1063 = DIRECTION('',(0.,4.361938730428E-02,-0.999048221585));
#1064 = DIRECTION('',(1.,0.,0.));
#1065 = FACE_BOUND('',#1066,.F.);
#1066 = EDGE_LOOP('',(#1067,#1078,#1086,#1095));
#1067 = ORIENTED_EDGE('',*,*,#1068,.F.);
#1068 = EDGE_CURVE('',#1069,#1071,#1073,.T.);
#1069 = VERTEX_POINT('',#1070);
#1070 = CARTESIAN_POINT('',(15.766666666666,-83.39521700287,
    8.727988184181));
#1071 = VERTEX_POINT('',#1072);
#1072 = CARTESIAN_POINT('',(15.766666666666,-86.39236166762,
    8.597130022177));
#1073 = CIRCLE('',#1074,1.5);
#1074 = AXIS2_PLACEMENT_3D('',#1075,#1076,#1077);
#1075 = CARTESIAN_POINT('',(15.766666666666,-84.89378933524,
    8.662559103179));
#1076 = DIRECTION('',(0.,-4.361938730428E-02,0.999048221585));
#1077 = DIRECTION('',(1.,0.,0.));
#1078 = ORIENTED_EDGE('',*,*,#1079,.T.);
#1079 = EDGE_CURVE('',#1069,#1080,#1082,.T.);
#1080 = VERTEX_POINT('',#1081);
#1081 = CARTESIAN_POINT('',(70.766666666666,-83.39521700287,
    8.727988184181));
#1082 = LINE('',#1083,#1084);
#1083 = CARTESIAN_POINT('',(15.766666666666,-83.39521700287,
    8.727988184227));
#1084 = VECTOR('',#1085,1.);
#1085 = DIRECTION('',(1.,7.74399770748E-16,3.3811024179E-17));
#1086 = ORIENTED_EDGE('',*,*,#1087,.F.);
#1087 = EDGE_CURVE('',#1088,#1080,#1090,.T.);
#1088 = VERTEX_POINT('',#1089);
#1089 = CARTESIAN_POINT('',(70.766666666666,-86.39236166762,
    8.597130022177));
#1090 = CIRCLE('',#1091,1.5);
#1091 = AXIS2_PLACEMENT_3D('',#1092,#1093,#1094);
#1092 = CARTESIAN_POINT('',(70.766666666666,-84.89378933524,
    8.662559103179));
#1093 = DIRECTION('',(0.,-4.361938730428E-02,0.999048221585));
#1094 = DIRECTION('',(1.,0.,0.));
#1095 = ORIENTED_EDGE('',*,*,#1096,.F.);
#1096 = EDGE_CURVE('',#1071,#1088,#1097,.T.);
#1097 = LINE('',#1098,#1099);
#1098 = CARTESIAN_POINT('',(15.766666666666,-86.39236166761,
    8.597130022131));
#1099 = VECTOR('',#1100,1.);
#1100 = DIRECTION('',(1.,7.74399770748E-16,3.3811024179E-17));
#1101 = FACE_BOUND('',#1102,.F.);
#1102 = EDGE_LOOP('',(#1103));
#1103 = ORIENTED_EDGE('',*,*,#1104,.T.);
#1104 = EDGE_CURVE('',#1105,#1105,#1107,.T.);
#1105 = VERTEX_POINT('',#1106);
#1106 = CARTESIAN_POINT('',(4.218036337132,-83.71909446119,8.71384738901
    ));
#1107 = CIRCLE('',#1108,0.8);
#1108 = AXIS2_PLACEMENT_3D('',#1109,#1110,#1111);
#1109 = CARTESIAN_POINT('',(3.418036337132,-83.71909446119,8.71384738901
    ));
#1110 = DIRECTION('',(0.,4.361938730428E-02,-0.999048221585));
#1111 = DIRECTION('',(1.,0.,0.));
#1112 = FACE_BOUND('',#1113,.F.);
#1113 = EDGE_LOOP('',(#1114,#1125,#1133,#1142,#1150,#1159,#1167,#1176));
#1114 = ORIENTED_EDGE('',*,*,#1115,.F.);
#1115 = EDGE_CURVE('',#1116,#1118,#1120,.T.);
#1116 = VERTEX_POINT('',#1117);
#1117 = CARTESIAN_POINT('',(6.000000000051,-79.64878617147,
    8.891560886868));
#1118 = VERTEX_POINT('',#1119);
#1119 = CARTESIAN_POINT('',(7.5,-81.14735850379,8.826131805822));
#1120 = CIRCLE('',#1121,1.499999999949);
#1121 = AXIS2_PLACEMENT_3D('',#1122,#1123,#1124);
#1122 = CARTESIAN_POINT('',(7.5,-79.64878617147,8.891560886868));
#1123 = DIRECTION('',(2.54144022489E-30,-4.361938736525E-02,
    0.999048221582));
#1124 = DIRECTION('',(1.,1.109166338229E-16,4.842724816932E-18));
#1125 = ORIENTED_EDGE('',*,*,#1126,.F.);
#1126 = EDGE_CURVE('',#1127,#1116,#1129,.T.);
#1127 = VERTEX_POINT('',#1128);
#1128 = CARTESIAN_POINT('',(6.,-7.517504573264,12.040880654645));
#1129 = LINE('',#1130,#1131);
#1130 = CARTESIAN_POINT('',(6.,-7.517504573264,12.040880654645));
#1131 = VECTOR('',#1132,1.);
#1132 = DIRECTION('',(7.053514436117E-13,-0.999048221582,
    -4.361938736534E-02));
#1133 = ORIENTED_EDGE('',*,*,#1134,.F.);
#1134 = EDGE_CURVE('',#1135,#1127,#1137,.T.);
#1135 = VERTEX_POINT('',#1136);
#1136 = CARTESIAN_POINT('',(7.500000000001,-6.01893224089,
    12.106309735693));
#1137 = CIRCLE('',#1138,1.5);
#1138 = AXIS2_PLACEMENT_3D('',#1139,#1140,#1141);
#1139 = CARTESIAN_POINT('',(7.5,-7.517504573263,12.040880654645));
#1140 = DIRECTION('',(2.54144022489E-30,-4.361938736525E-02,
    0.999048221582));
#1141 = DIRECTION('',(1.,1.109166338229E-16,4.842724816932E-18));
#1142 = ORIENTED_EDGE('',*,*,#1143,.F.);
#1143 = EDGE_CURVE('',#1144,#1135,#1146,.T.);
#1144 = VERTEX_POINT('',#1145);
#1145 = CARTESIAN_POINT('',(232.1,-6.018932240987,12.106309735689));
#1146 = LINE('',#1147,#1148);
#1147 = CARTESIAN_POINT('',(232.1,-6.018932240987,12.106309735689));
#1148 = VECTOR('',#1149,1.);
#1149 = DIRECTION('',(-1.,4.339793550518E-13,1.894794784439E-14));
#1150 = ORIENTED_EDGE('',*,*,#1151,.F.);
#1151 = EDGE_CURVE('',#1152,#1144,#1154,.T.);
#1152 = VERTEX_POINT('',#1153);
#1153 = CARTESIAN_POINT('',(233.5999999999,-7.517504573262,
    12.040880654645));
#1154 = CIRCLE('',#1155,1.499999999902);
#1155 = AXIS2_PLACEMENT_3D('',#1156,#1157,#1158);
#1156 = CARTESIAN_POINT('',(232.1,-7.517504573263,12.040880654645));
#1157 = DIRECTION('',(2.54144022489E-30,-4.361938736525E-02,
    0.999048221582));
#1158 = DIRECTION('',(1.,1.109166338229E-16,4.842724816932E-18));
#1159 = ORIENTED_EDGE('',*,*,#1160,.F.);
#1160 = EDGE_CURVE('',#1161,#1152,#1163,.T.);
#1161 = VERTEX_POINT('',#1162);
#1162 = CARTESIAN_POINT('',(233.59999999994,-79.64878617147,
    8.891560886868));
#1163 = LINE('',#1164,#1165);
#1164 = CARTESIAN_POINT('',(233.59999999994,-79.64878617147,
    8.891560886868));
#1165 = VECTOR('',#1166,1.);
#1166 = DIRECTION('',(-6.459837281897E-13,0.999048221582,
    4.361938736534E-02));
#1167 = ORIENTED_EDGE('',*,*,#1168,.F.);
#1168 = EDGE_CURVE('',#1169,#1161,#1171,.T.);
#1169 = VERTEX_POINT('',#1170);
#1170 = CARTESIAN_POINT('',(232.1,-81.14735850379,8.826131805822));
#1171 = CIRCLE('',#1172,1.499999999949);
#1172 = AXIS2_PLACEMENT_3D('',#1173,#1174,#1175);
#1173 = CARTESIAN_POINT('',(232.1,-79.64878617147,8.891560886868));
#1174 = DIRECTION('',(2.54144022489E-30,-4.361938736525E-02,
    0.999048221582));
#1175 = DIRECTION('',(1.,1.109166338229E-16,4.842724816932E-18));
#1176 = ORIENTED_EDGE('',*,*,#1177,.F.);
#1177 = EDGE_CURVE('',#1118,#1169,#1178,.T.);
#1178 = LINE('',#1179,#1180);
#1179 = CARTESIAN_POINT('',(7.5,-81.14735850379,8.826131805822));
#1180 = VECTOR('',#1181,1.);
#1181 = DIRECTION('',(1.,-6.321161678709E-17,-2.759878791696E-18));
#1182 = FACE_BOUND('',#1183,.F.);
#1183 = EDGE_LOOP('',(#1184));
#1184 = ORIENTED_EDGE('',*,*,#1185,.T.);
#1185 = EDGE_CURVE('',#1186,#1186,#1188,.T.);
#1186 = VERTEX_POINT('',#1187);
#1187 = CARTESIAN_POINT('',(82.333333333334,-2.272501410432,
    12.269882438292));
#1188 = CIRCLE('',#1189,0.8);
#1189 = AXIS2_PLACEMENT_3D('',#1190,#1191,#1192);
#1190 = CARTESIAN_POINT('',(81.533333333334,-2.272501410432,
    12.269882438292));
#1191 = DIRECTION('',(0.,4.361938730428E-02,-0.999048221585));
#1192 = DIRECTION('',(1.,0.,0.));
#1193 = FACE_BOUND('',#1194,.F.);
#1194 = EDGE_LOOP('',(#1195,#1206,#1214,#1223));
#1195 = ORIENTED_EDGE('',*,*,#1196,.F.);
#1196 = EDGE_CURVE('',#1197,#1199,#1201,.T.);
#1197 = VERTEX_POINT('',#1198);
#1198 = CARTESIAN_POINT('',(3.75,-16.10931927886,11.665753923303));
#1199 = VERTEX_POINT('',#1200);
#1200 = CARTESIAN_POINT('',(0.75,-16.10931927886,11.665753923303));
#1201 = CIRCLE('',#1202,1.5);
#1202 = AXIS2_PLACEMENT_3D('',#1203,#1204,#1205);
#1203 = CARTESIAN_POINT('',(2.25,-16.10931927886,11.665753923303));
#1204 = DIRECTION('',(0.,-4.361938730428E-02,0.999048221585));
#1205 = DIRECTION('',(1.,0.,0.));
#1206 = ORIENTED_EDGE('',*,*,#1207,.F.);
#1207 = EDGE_CURVE('',#1208,#1197,#1210,.T.);
#1208 = VERTEX_POINT('',#1209);
#1209 = CARTESIAN_POINT('',(3.75,-71.05697146586,9.266687618209));
#1210 = LINE('',#1211,#1212);
#1211 = CARTESIAN_POINT('',(3.75,-71.05697146586,9.266687618209));
#1212 = VECTOR('',#1213,1.);
#1213 = DIRECTION('',(8.074349270001E-18,0.999048221582,
    4.361938736534E-02));
#1214 = ORIENTED_EDGE('',*,*,#1215,.F.);
#1215 = EDGE_CURVE('',#1216,#1208,#1218,.T.);
#1216 = VERTEX_POINT('',#1217);
#1217 = CARTESIAN_POINT('',(0.75,-71.05697146586,9.266687618209));
#1218 = CIRCLE('',#1219,1.5);
#1219 = AXIS2_PLACEMENT_3D('',#1220,#1221,#1222);
#1220 = CARTESIAN_POINT('',(2.25,-71.05697146586,9.266687618209));
#1221 = DIRECTION('',(0.,-4.361938730428E-02,0.999048221585));
#1222 = DIRECTION('',(1.,0.,0.));
#1223 = ORIENTED_EDGE('',*,*,#1224,.T.);
#1224 = EDGE_CURVE('',#1216,#1199,#1225,.T.);
#1225 = LINE('',#1226,#1227);
#1226 = CARTESIAN_POINT('',(0.75,-71.05697146586,9.266687618209));
#1227 = VECTOR('',#1228,1.);
#1228 = DIRECTION('',(8.074349270001E-18,0.999048221582,
    4.361938736534E-02));
#1229 = FACE_BOUND('',#1230,.F.);
#1230 = EDGE_LOOP('',(#1231,#1242,#1250,#1259));
#1231 = ORIENTED_EDGE('',*,*,#1232,.F.);
#1232 = EDGE_CURVE('',#1233,#1235,#1237,.T.);
#1233 = VERTEX_POINT('',#1234);
#1234 = CARTESIAN_POINT('',(70.766666666666,-3.771073742841,
    12.204453357288));
#1235 = VERTEX_POINT('',#1236);
#1236 = CARTESIAN_POINT('',(70.766666666668,-0.773929078092,
    12.335311519293));
#1237 = CIRCLE('',#1238,1.5);
#1238 = AXIS2_PLACEMENT_3D('',#1239,#1240,#1241);
#1239 = CARTESIAN_POINT('',(70.766666666667,-2.272501410467,
    12.269882438291));
#1240 = DIRECTION('',(0.,-4.361938730428E-02,0.999048221585));
#1241 = DIRECTION('',(1.,0.,0.));
#1242 = ORIENTED_EDGE('',*,*,#1243,.F.);
#1243 = EDGE_CURVE('',#1244,#1233,#1246,.T.);
#1244 = VERTEX_POINT('',#1245);
#1245 = CARTESIAN_POINT('',(15.766666666666,-3.771073742811,
    12.20445335729));
#1246 = LINE('',#1247,#1248);
#1247 = CARTESIAN_POINT('',(15.766666666666,-3.771073742809,
    12.204453357244));
#1248 = VECTOR('',#1249,1.);
#1249 = DIRECTION('',(1.,-5.467746381338E-13,-2.387269625938E-14));
#1250 = ORIENTED_EDGE('',*,*,#1251,.F.);
#1251 = EDGE_CURVE('',#1252,#1244,#1254,.T.);
#1252 = VERTEX_POINT('',#1253);
#1253 = CARTESIAN_POINT('',(15.766666666668,-0.773929078062,
    12.335311519294));
#1254 = CIRCLE('',#1255,1.5);
#1255 = AXIS2_PLACEMENT_3D('',#1256,#1257,#1258);
#1256 = CARTESIAN_POINT('',(15.766666666667,-2.272501410436,
    12.269882438292));
#1257 = DIRECTION('',(0.,-4.361938730428E-02,0.999048221585));
#1258 = DIRECTION('',(1.,0.,0.));
#1259 = ORIENTED_EDGE('',*,*,#1260,.T.);
#1260 = EDGE_CURVE('',#1252,#1235,#1261,.T.);
#1261 = LINE('',#1262,#1263);
#1262 = CARTESIAN_POINT('',(15.766666666668,-0.773929078064,
    12.33531151934));
#1263 = VECTOR('',#1264,1.);
#1264 = DIRECTION('',(1.,-5.467716131347E-13,-2.387256418507E-14));
#1265 = FACE_BOUND('',#1266,.F.);
#1266 = EDGE_LOOP('',(#1267));
#1267 = ORIENTED_EDGE('',*,*,#1268,.T.);
#1268 = EDGE_CURVE('',#1269,#1269,#1271,.T.);
#1269 = VERTEX_POINT('',#1270);
#1270 = CARTESIAN_POINT('',(4.218036336013,-3.447196285532,
    12.218594152415));
#1271 = CIRCLE('',#1272,0.8);
#1272 = AXIS2_PLACEMENT_3D('',#1273,#1274,#1275);
#1273 = CARTESIAN_POINT('',(3.418036336013,-3.447196285532,
    12.218594152415));
#1274 = DIRECTION('',(0.,4.361938730428E-02,-0.999048221585));
#1275 = DIRECTION('',(1.,0.,0.));
#1276 = PLANE('',#1277);
#1277 = AXIS2_PLACEMENT_3D('',#1278,#1279,#1280);
#1278 = CARTESIAN_POINT('',(119.79999999998,-43.57032338533,
    10.4667805908));
#1279 = DIRECTION('',(0.,-4.361938736534E-02,0.999048221582));
#1280 = DIRECTION('',(0.,0.999048221582,4.361938736534E-02));
#1281 = ADVANCED_FACE('',(#1282),#1298,.F.);
#1282 = FACE_BOUND('',#1283,.T.);
#1283 = EDGE_LOOP('',(#1284,#1290,#1291,#1297));
#1284 = ORIENTED_EDGE('',*,*,#1285,.T.);
#1285 = EDGE_CURVE('',#1116,#696,#1286,.T.);
#1286 = LINE('',#1287,#1288);
#1287 = CARTESIAN_POINT('',(6.000000000051,-79.64878617147,
    8.891560886868));
#1288 = VECTOR('',#1289,1.);
#1289 = DIRECTION('',(0.,-4.361938736534E-02,0.999048221582));
#1290 = ORIENTED_EDGE('',*,*,#695,.T.);
#1291 = ORIENTED_EDGE('',*,*,#1292,.F.);
#1292 = EDGE_CURVE('',#1118,#698,#1293,.T.);
#1293 = LINE('',#1294,#1295);
#1294 = CARTESIAN_POINT('',(7.5,-81.14735850379,8.826131805822));
#1295 = VECTOR('',#1296,1.);
#1296 = DIRECTION('',(0.,-4.361938736534E-02,0.999048221582));
#1297 = ORIENTED_EDGE('',*,*,#1115,.F.);
#1298 = CYLINDRICAL_SURFACE('',#1299,1.499999999949);
#1299 = AXIS2_PLACEMENT_3D('',#1300,#1301,#1302);
#1300 = CARTESIAN_POINT('',(7.5,-79.64878617147,8.891560886868));
#1301 = DIRECTION('',(-2.541135295949E-30,4.361938736525E-02,
    -0.999048221582));
#1302 = DIRECTION('',(1.,1.109166338229E-16,4.842724816932E-18));
#1303 = ADVANCED_FACE('',(#1304),#1315,.T.);
#1304 = FACE_BOUND('',#1305,.T.);
#1305 = EDGE_LOOP('',(#1306,#1307,#1308,#1314));
#1306 = ORIENTED_EDGE('',*,*,#1292,.T.);
#1307 = ORIENTED_EDGE('',*,*,#706,.T.);
#1308 = ORIENTED_EDGE('',*,*,#1309,.F.);
#1309 = EDGE_CURVE('',#1169,#707,#1310,.T.);
#1310 = LINE('',#1311,#1312);
#1311 = CARTESIAN_POINT('',(232.1,-81.14735850379,8.826131805822));
#1312 = VECTOR('',#1313,1.);
#1313 = DIRECTION('',(0.,-4.361938736534E-02,0.999048221582));
#1314 = ORIENTED_EDGE('',*,*,#1177,.F.);
#1315 = PLANE('',#1316);
#1316 = AXIS2_PLACEMENT_3D('',#1317,#1318,#1319);
#1317 = CARTESIAN_POINT('',(7.5,-81.14735850379,8.826131805822));
#1318 = DIRECTION('',(6.327183755655E-17,0.999048221582,
    4.361938736534E-02));
#1319 = DIRECTION('',(1.,-6.321161678709E-17,-2.759878791696E-18));
#1320 = ADVANCED_FACE('',(#1321),#1332,.F.);
#1321 = FACE_BOUND('',#1322,.T.);
#1322 = EDGE_LOOP('',(#1323,#1324,#1325,#1331));
#1323 = ORIENTED_EDGE('',*,*,#1309,.T.);
#1324 = ORIENTED_EDGE('',*,*,#714,.T.);
#1325 = ORIENTED_EDGE('',*,*,#1326,.F.);
#1326 = EDGE_CURVE('',#1161,#715,#1327,.T.);
#1327 = LINE('',#1328,#1329);
#1328 = CARTESIAN_POINT('',(233.59999999994,-79.64878617147,
    8.891560886868));
#1329 = VECTOR('',#1330,1.);
#1330 = DIRECTION('',(0.,-4.361938736534E-02,0.999048221582));
#1331 = ORIENTED_EDGE('',*,*,#1168,.F.);
#1332 = CYLINDRICAL_SURFACE('',#1333,1.499999999949);
#1333 = AXIS2_PLACEMENT_3D('',#1334,#1335,#1336);
#1334 = CARTESIAN_POINT('',(232.1,-79.64878617147,8.891560886868));
#1335 = DIRECTION('',(-2.541135295949E-30,4.361938736525E-02,
    -0.999048221582));
#1336 = DIRECTION('',(1.,1.109166338229E-16,4.842724816932E-18));
#1337 = ADVANCED_FACE('',(#1338),#1349,.T.);
#1338 = FACE_BOUND('',#1339,.T.);
#1339 = EDGE_LOOP('',(#1340,#1341,#1342,#1348));
#1340 = ORIENTED_EDGE('',*,*,#1326,.T.);
#1341 = ORIENTED_EDGE('',*,*,#723,.T.);
#1342 = ORIENTED_EDGE('',*,*,#1343,.F.);
#1343 = EDGE_CURVE('',#1152,#724,#1344,.T.);
#1344 = LINE('',#1345,#1346);
#1345 = CARTESIAN_POINT('',(233.5999999999,-7.517504573262,
    12.040880654645));
#1346 = VECTOR('',#1347,1.);
#1347 = DIRECTION('',(0.,-4.361938736534E-02,0.999048221582));
#1348 = ORIENTED_EDGE('',*,*,#1160,.F.);
#1349 = PLANE('',#1350);
#1350 = AXIS2_PLACEMENT_3D('',#1351,#1352,#1353);
#1351 = CARTESIAN_POINT('',(233.59999999994,-79.64878617147,
    8.891560886868));
#1352 = DIRECTION('',(-1.,-6.453688948187E-13,-2.817741447161E-14));
#1353 = DIRECTION('',(-6.459837281897E-13,0.999048221582,
    4.361938736534E-02));
#1354 = ADVANCED_FACE('',(#1355),#1366,.F.);
#1355 = FACE_BOUND('',#1356,.T.);
#1356 = EDGE_LOOP('',(#1357,#1358,#1359,#1365));
#1357 = ORIENTED_EDGE('',*,*,#1343,.T.);
#1358 = ORIENTED_EDGE('',*,*,#731,.T.);
#1359 = ORIENTED_EDGE('',*,*,#1360,.F.);
#1360 = EDGE_CURVE('',#1144,#732,#1361,.T.);
#1361 = LINE('',#1362,#1363);
#1362 = CARTESIAN_POINT('',(232.1,-6.018932240987,12.106309735689));
#1363 = VECTOR('',#1364,1.);
#1364 = DIRECTION('',(0.,-4.361938736534E-02,0.999048221582));
#1365 = ORIENTED_EDGE('',*,*,#1151,.F.);
#1366 = CYLINDRICAL_SURFACE('',#1367,1.499999999902);
#1367 = AXIS2_PLACEMENT_3D('',#1368,#1369,#1370);
#1368 = CARTESIAN_POINT('',(232.1,-7.517504573263,12.040880654645));
#1369 = DIRECTION('',(-2.541135295949E-30,4.361938736525E-02,
    -0.999048221582));
#1370 = DIRECTION('',(1.,1.109166338229E-16,4.842724816932E-18));
#1371 = ADVANCED_FACE('',(#1372),#1383,.T.);
#1372 = FACE_BOUND('',#1373,.T.);
#1373 = EDGE_LOOP('',(#1374,#1375,#1376,#1382));
#1374 = ORIENTED_EDGE('',*,*,#1360,.T.);
#1375 = ORIENTED_EDGE('',*,*,#740,.T.);
#1376 = ORIENTED_EDGE('',*,*,#1377,.F.);
#1377 = EDGE_CURVE('',#1135,#741,#1378,.T.);
#1378 = LINE('',#1379,#1380);
#1379 = CARTESIAN_POINT('',(7.500000000001,-6.01893224089,
    12.106309735693));
#1380 = VECTOR('',#1381,1.);
#1381 = DIRECTION('',(0.,-4.361938736534E-02,0.999048221582));
#1382 = ORIENTED_EDGE('',*,*,#1143,.F.);
#1383 = PLANE('',#1384);
#1384 = AXIS2_PLACEMENT_3D('',#1385,#1386,#1387);
#1385 = CARTESIAN_POINT('',(232.1,-6.018932240987,12.106309735689));
#1386 = DIRECTION('',(-4.343928007445E-13,-0.999048221582,
    -4.361938736534E-02));
#1387 = DIRECTION('',(-1.,4.339793550518E-13,1.894794784439E-14));
#1388 = ADVANCED_FACE('',(#1389),#1400,.F.);
#1389 = FACE_BOUND('',#1390,.T.);
#1390 = EDGE_LOOP('',(#1391,#1392,#1393,#1399));
#1391 = ORIENTED_EDGE('',*,*,#1377,.T.);
#1392 = ORIENTED_EDGE('',*,*,#748,.T.);
#1393 = ORIENTED_EDGE('',*,*,#1394,.F.);
#1394 = EDGE_CURVE('',#1127,#749,#1395,.T.);
#1395 = LINE('',#1396,#1397);
#1396 = CARTESIAN_POINT('',(6.,-7.517504573264,12.040880654645));
#1397 = VECTOR('',#1398,1.);
#1398 = DIRECTION('',(0.,-4.361938736534E-02,0.999048221582));
#1399 = ORIENTED_EDGE('',*,*,#1134,.F.);
#1400 = CYLINDRICAL_SURFACE('',#1401,1.5);
#1401 = AXIS2_PLACEMENT_3D('',#1402,#1403,#1404);
#1402 = CARTESIAN_POINT('',(7.5,-7.517504573263,12.040880654645));
#1403 = DIRECTION('',(-2.541135295949E-30,4.361938736525E-02,
    -0.999048221582));
#1404 = DIRECTION('',(1.,1.109166338229E-16,4.842724816932E-18));
#1405 = ADVANCED_FACE('',(#1406),#1412,.T.);
#1406 = FACE_BOUND('',#1407,.T.);
#1407 = EDGE_LOOP('',(#1408,#1409,#1410,#1411));
#1408 = ORIENTED_EDGE('',*,*,#1394,.T.);
#1409 = ORIENTED_EDGE('',*,*,#757,.T.);
#1410 = ORIENTED_EDGE('',*,*,#1285,.F.);
#1411 = ORIENTED_EDGE('',*,*,#1126,.F.);
#1412 = PLANE('',#1413);
#1413 = AXIS2_PLACEMENT_3D('',#1414,#1415,#1416);
#1414 = CARTESIAN_POINT('',(6.,-7.517504573264,12.040880654645));
#1415 = DIRECTION('',(1.,7.046801053305E-13,3.07669978476E-14));
#1416 = DIRECTION('',(7.053514436117E-13,-0.999048221582,
    -4.361938736534E-02));
#1417 = ADVANCED_FACE('',(#1418),#1437,.F.);
#1418 = FACE_BOUND('',#1419,.T.);
#1419 = EDGE_LOOP('',(#1420,#1421,#1429,#1436));
#1420 = ORIENTED_EDGE('',*,*,#833,.T.);
#1421 = ORIENTED_EDGE('',*,*,#1422,.T.);
#1422 = EDGE_CURVE('',#834,#1423,#1425,.T.);
#1423 = VERTEX_POINT('',#1424);
#1424 = CARTESIAN_POINT('',(236.98196366286,-83.7816903237,
    10.147528350384));
#1425 = LINE('',#1426,#1427);
#1426 = CARTESIAN_POINT('',(236.98196366286,-83.69445154909,
    8.149431907215));
#1427 = VECTOR('',#1428,1.);
#1428 = DIRECTION('',(0.,-4.361938730428E-02,0.999048221585));
#1429 = ORIENTED_EDGE('',*,*,#1430,.T.);
#1430 = EDGE_CURVE('',#1423,#1423,#1431,.T.);
#1431 = CIRCLE('',#1432,0.8);
#1432 = AXIS2_PLACEMENT_3D('',#1433,#1434,#1435);
#1433 = CARTESIAN_POINT('',(236.18196366286,-83.7816903237,
    10.147528350384));
#1434 = DIRECTION('',(0.,-4.361938730428E-02,0.999048221585));
#1435 = DIRECTION('',(1.,0.,0.));
#1436 = ORIENTED_EDGE('',*,*,#1422,.F.);
#1437 = CYLINDRICAL_SURFACE('',#1438,0.8);
#1438 = AXIS2_PLACEMENT_3D('',#1439,#1440,#1441);
#1439 = CARTESIAN_POINT('',(236.18196366286,-83.69445154909,
    8.149431907215));
#1440 = DIRECTION('',(0.,4.361938730428E-02,-0.999048221585));
#1441 = DIRECTION('',(1.,0.,0.));
#1442 = ADVANCED_FACE('',(#1443),#1469,.T.);
#1443 = FACE_BOUND('',#1444,.T.);
#1444 = EDGE_LOOP('',(#1445,#1453,#1462,#1468));
#1445 = ORIENTED_EDGE('',*,*,#1446,.T.);
#1446 = EDGE_CURVE('',#845,#1447,#1449,.T.);
#1447 = VERTEX_POINT('',#1448);
#1448 = CARTESIAN_POINT('',(168.83333333333,-83.44756026771,
    9.92684605008));
#1449 = LINE('',#1450,#1451);
#1450 = CARTESIAN_POINT('',(168.83333333333,-83.39521700287,
    8.727988184181));
#1451 = VECTOR('',#1452,1.);
#1452 = DIRECTION('',(0.,-4.361938736534E-02,0.999048221582));
#1453 = ORIENTED_EDGE('',*,*,#1454,.T.);
#1454 = EDGE_CURVE('',#1447,#1455,#1457,.T.);
#1455 = VERTEX_POINT('',#1456);
#1456 = CARTESIAN_POINT('',(168.83333333333,-86.44470493246,
    9.795987888075));
#1457 = CIRCLE('',#1458,1.5);
#1458 = AXIS2_PLACEMENT_3D('',#1459,#1460,#1461);
#1459 = CARTESIAN_POINT('',(168.83333333333,-84.94613260008,
    9.861416969077));
#1460 = DIRECTION('',(0.,-4.361938730428E-02,0.999048221585));
#1461 = DIRECTION('',(1.,0.,0.));
#1462 = ORIENTED_EDGE('',*,*,#1463,.F.);
#1463 = EDGE_CURVE('',#847,#1455,#1464,.T.);
#1464 = LINE('',#1465,#1466);
#1465 = CARTESIAN_POINT('',(168.83333333333,-86.39236166762,
    8.597130022177));
#1466 = VECTOR('',#1467,1.);
#1467 = DIRECTION('',(0.,-4.361938736534E-02,0.999048221582));
#1468 = ORIENTED_EDGE('',*,*,#844,.F.);
#1469 = SURFACE_OF_LINEAR_EXTRUSION('',#1470,#1475);
#1470 = CIRCLE('',#1471,1.5);
#1471 = AXIS2_PLACEMENT_3D('',#1472,#1473,#1474);
#1472 = CARTESIAN_POINT('',(168.83333333333,-84.89378933524,
    8.662559103179));
#1473 = DIRECTION('',(0.,-4.361938730428E-02,0.999048221585));
#1474 = DIRECTION('',(1.,0.,0.));
#1475 = VECTOR('',#1476,1.);
#1476 = DIRECTION('',(0.,4.361938736534E-02,-0.999048221582));
#1477 = ADVANCED_FACE('',(#1478),#1496,.F.);
#1478 = FACE_BOUND('',#1479,.F.);
#1479 = EDGE_LOOP('',(#1480,#1481,#1489,#1495));
#1480 = ORIENTED_EDGE('',*,*,#1446,.T.);
#1481 = ORIENTED_EDGE('',*,*,#1482,.T.);
#1482 = EDGE_CURVE('',#1447,#1483,#1485,.T.);
#1483 = VERTEX_POINT('',#1484);
#1484 = CARTESIAN_POINT('',(223.83333333333,-83.44756026771,
    9.92684605008));
#1485 = LINE('',#1486,#1487);
#1486 = CARTESIAN_POINT('',(168.83333333333,-83.44756026771,
    9.926846050125));
#1487 = VECTOR('',#1488,1.);
#1488 = DIRECTION('',(1.,-2.58133256916E-16,-1.1270341393E-17));
#1489 = ORIENTED_EDGE('',*,*,#1490,.F.);
#1490 = EDGE_CURVE('',#856,#1483,#1491,.T.);
#1491 = LINE('',#1492,#1493);
#1492 = CARTESIAN_POINT('',(223.83333333333,-83.39521700287,
    8.727988184181));
#1493 = VECTOR('',#1494,1.);
#1494 = DIRECTION('',(0.,-4.361938736534E-02,0.999048221582));
#1495 = ORIENTED_EDGE('',*,*,#855,.F.);
#1496 = PLANE('',#1497);
#1497 = AXIS2_PLACEMENT_3D('',#1498,#1499,#1500);
#1498 = CARTESIAN_POINT('',(168.83333333333,-83.39521700287,
    8.727988184227));
#1499 = DIRECTION('',(2.5837917664E-16,0.999048221582,4.361938736534E-02
    ));
#1500 = DIRECTION('',(1.,-2.58133256916E-16,-1.1270341393E-17));
#1501 = ADVANCED_FACE('',(#1502),#1520,.T.);
#1502 = FACE_BOUND('',#1503,.T.);
#1503 = EDGE_LOOP('',(#1504,#1505,#1513,#1519));
#1504 = ORIENTED_EDGE('',*,*,#1463,.T.);
#1505 = ORIENTED_EDGE('',*,*,#1506,.T.);
#1506 = EDGE_CURVE('',#1455,#1507,#1509,.T.);
#1507 = VERTEX_POINT('',#1508);
#1508 = CARTESIAN_POINT('',(223.83333333333,-86.44470493246,
    9.795987888075));
#1509 = LINE('',#1510,#1511);
#1510 = CARTESIAN_POINT('',(168.83333333333,-86.44470493245,
    9.795987888029));
#1511 = VECTOR('',#1512,1.);
#1512 = DIRECTION('',(1.,-2.595420495901E-16,2.09963157215E-17));
#1513 = ORIENTED_EDGE('',*,*,#1514,.F.);
#1514 = EDGE_CURVE('',#864,#1507,#1515,.T.);
#1515 = LINE('',#1516,#1517);
#1516 = CARTESIAN_POINT('',(223.83333333333,-86.39236166762,
    8.597130022177));
#1517 = VECTOR('',#1518,1.);
#1518 = DIRECTION('',(0.,-4.361938736534E-02,0.999048221582));
#1519 = ORIENTED_EDGE('',*,*,#872,.F.);
#1520 = PLANE('',#1521);
#1521 = AXIS2_PLACEMENT_3D('',#1522,#1523,#1524);
#1522 = CARTESIAN_POINT('',(168.83333333333,-86.39236166761,
    8.597130022131));
#1523 = DIRECTION('',(2.5837917664E-16,0.999048221582,4.361938736534E-02
    ));
#1524 = DIRECTION('',(1.,-2.595420495901E-16,2.09963157215E-17));
#1525 = ADVANCED_FACE('',(#1526),#1538,.T.);
#1526 = FACE_BOUND('',#1527,.T.);
#1527 = EDGE_LOOP('',(#1528,#1529,#1536,#1537));
#1528 = ORIENTED_EDGE('',*,*,#1514,.T.);
#1529 = ORIENTED_EDGE('',*,*,#1530,.T.);
#1530 = EDGE_CURVE('',#1507,#1483,#1531,.T.);
#1531 = CIRCLE('',#1532,1.5);
#1532 = AXIS2_PLACEMENT_3D('',#1533,#1534,#1535);
#1533 = CARTESIAN_POINT('',(223.83333333333,-84.94613260008,
    9.861416969077));
#1534 = DIRECTION('',(0.,-4.361938730428E-02,0.999048221585));
#1535 = DIRECTION('',(1.,0.,0.));
#1536 = ORIENTED_EDGE('',*,*,#1490,.F.);
#1537 = ORIENTED_EDGE('',*,*,#863,.F.);
#1538 = SURFACE_OF_LINEAR_EXTRUSION('',#1539,#1544);
#1539 = CIRCLE('',#1540,1.5);
#1540 = AXIS2_PLACEMENT_3D('',#1541,#1542,#1543);
#1541 = CARTESIAN_POINT('',(223.83333333333,-84.89378933524,
    8.662559103179));
#1542 = DIRECTION('',(0.,-4.361938730428E-02,0.999048221585));
#1543 = DIRECTION('',(1.,0.,0.));
#1544 = VECTOR('',#1545,1.);
#1545 = DIRECTION('',(0.,4.361938736534E-02,-0.999048221582));
#1546 = ADVANCED_FACE('',(#1547),#1566,.F.);
#1547 = FACE_BOUND('',#1548,.T.);
#1548 = EDGE_LOOP('',(#1549,#1550,#1558,#1565));
#1549 = ORIENTED_EDGE('',*,*,#880,.T.);
#1550 = ORIENTED_EDGE('',*,*,#1551,.T.);
#1551 = EDGE_CURVE('',#881,#1552,#1554,.T.);
#1552 = VERTEX_POINT('',#1553);
#1553 = CARTESIAN_POINT('',(158.86666666666,-84.95638519773,
    10.096240064626));
#1554 = LINE('',#1555,#1556);
#1555 = CARTESIAN_POINT('',(158.86666666666,-84.86914642312,
    8.098143621457));
#1556 = VECTOR('',#1557,1.);
#1557 = DIRECTION('',(0.,-4.361938730428E-02,0.999048221585));
#1558 = ORIENTED_EDGE('',*,*,#1559,.T.);
#1559 = EDGE_CURVE('',#1552,#1552,#1560,.T.);
#1560 = CIRCLE('',#1561,0.8);
#1561 = AXIS2_PLACEMENT_3D('',#1562,#1563,#1564);
#1562 = CARTESIAN_POINT('',(158.06666666666,-84.95638519773,
    10.096240064626));
#1563 = DIRECTION('',(0.,-4.361938730428E-02,0.999048221585));
#1564 = DIRECTION('',(1.,0.,0.));
#1565 = ORIENTED_EDGE('',*,*,#1551,.F.);
#1566 = CYLINDRICAL_SURFACE('',#1567,0.8);
#1567 = AXIS2_PLACEMENT_3D('',#1568,#1569,#1570);
#1568 = CARTESIAN_POINT('',(158.06666666666,-84.86914642312,
    8.098143621457));
#1569 = DIRECTION('',(0.,4.361938730428E-02,-0.999048221585));
#1570 = DIRECTION('',(1.,0.,0.));
#1571 = ADVANCED_FACE('',(#1572),#1598,.T.);
#1572 = FACE_BOUND('',#1573,.T.);
#1573 = EDGE_LOOP('',(#1574,#1582,#1591,#1597));
#1574 = ORIENTED_EDGE('',*,*,#1575,.T.);
#1575 = EDGE_CURVE('',#892,#1576,#1578,.T.);
#1576 = VERTEX_POINT('',#1577);
#1577 = CARTESIAN_POINT('',(92.3,-83.44756026771,9.92684605008));
#1578 = LINE('',#1579,#1580);
#1579 = CARTESIAN_POINT('',(92.3,-83.39521700287,8.727988184181));
#1580 = VECTOR('',#1581,1.);
#1581 = DIRECTION('',(0.,-4.361938736534E-02,0.999048221582));
#1582 = ORIENTED_EDGE('',*,*,#1583,.T.);
#1583 = EDGE_CURVE('',#1576,#1584,#1586,.T.);
#1584 = VERTEX_POINT('',#1585);
#1585 = CARTESIAN_POINT('',(92.3,-86.44470493246,9.795987888075));
#1586 = CIRCLE('',#1587,1.5);
#1587 = AXIS2_PLACEMENT_3D('',#1588,#1589,#1590);
#1588 = CARTESIAN_POINT('',(92.3,-84.94613260008,9.861416969077));
#1589 = DIRECTION('',(0.,-4.361938730428E-02,0.999048221585));
#1590 = DIRECTION('',(1.,0.,0.));
#1591 = ORIENTED_EDGE('',*,*,#1592,.F.);
#1592 = EDGE_CURVE('',#894,#1584,#1593,.T.);
#1593 = LINE('',#1594,#1595);
#1594 = CARTESIAN_POINT('',(92.3,-86.39236166762,8.597130022177));
#1595 = VECTOR('',#1596,1.);
#1596 = DIRECTION('',(0.,-4.361938736534E-02,0.999048221582));
#1597 = ORIENTED_EDGE('',*,*,#891,.F.);
#1598 = SURFACE_OF_LINEAR_EXTRUSION('',#1599,#1604);
#1599 = CIRCLE('',#1600,1.5);
#1600 = AXIS2_PLACEMENT_3D('',#1601,#1602,#1603);
#1601 = CARTESIAN_POINT('',(92.3,-84.89378933524,8.662559103179));
#1602 = DIRECTION('',(0.,-4.361938730428E-02,0.999048221585));
#1603 = DIRECTION('',(1.,0.,0.));
#1604 = VECTOR('',#1605,1.);
#1605 = DIRECTION('',(0.,4.361938736534E-02,-0.999048221582));
#1606 = ADVANCED_FACE('',(#1607),#1625,.F.);
#1607 = FACE_BOUND('',#1608,.F.);
#1608 = EDGE_LOOP('',(#1609,#1610,#1618,#1624));
#1609 = ORIENTED_EDGE('',*,*,#1575,.T.);
#1610 = ORIENTED_EDGE('',*,*,#1611,.T.);
#1611 = EDGE_CURVE('',#1576,#1612,#1614,.T.);
#1612 = VERTEX_POINT('',#1613);
#1613 = CARTESIAN_POINT('',(147.3,-83.44756026771,9.92684605008));
#1614 = LINE('',#1615,#1616);
#1615 = CARTESIAN_POINT('',(92.3,-83.44756026771,9.926846050125));
#1616 = VECTOR('',#1617,1.);
#1617 = DIRECTION('',(1.,-5.176753065062E-16,9.725974328505E-18));
#1618 = ORIENTED_EDGE('',*,*,#1619,.F.);
#1619 = EDGE_CURVE('',#903,#1612,#1620,.T.);
#1620 = LINE('',#1621,#1622);
#1621 = CARTESIAN_POINT('',(147.3,-83.39521700287,8.727988184181));
#1622 = VECTOR('',#1623,1.);
#1623 = DIRECTION('',(0.,-4.361938736534E-02,0.999048221582));
#1624 = ORIENTED_EDGE('',*,*,#902,.F.);
#1625 = PLANE('',#1626);
#1626 = AXIS2_PLACEMENT_3D('',#1627,#1628,#1629);
#1627 = CARTESIAN_POINT('',(92.3,-83.39521700287,8.727988184227));
#1628 = DIRECTION('',(5.167583532801E-16,0.999048221582,
    4.361938736534E-02));
#1629 = DIRECTION('',(1.,-5.176753065062E-16,9.725974328505E-18));
#1630 = ADVANCED_FACE('',(#1631),#1649,.T.);
#1631 = FACE_BOUND('',#1632,.T.);
#1632 = EDGE_LOOP('',(#1633,#1634,#1642,#1648));
#1633 = ORIENTED_EDGE('',*,*,#1592,.T.);
#1634 = ORIENTED_EDGE('',*,*,#1635,.T.);
#1635 = EDGE_CURVE('',#1584,#1636,#1638,.T.);
#1636 = VERTEX_POINT('',#1637);
#1637 = CARTESIAN_POINT('',(147.3,-86.44470493246,9.795987888075));
#1638 = LINE('',#1639,#1640);
#1639 = CARTESIAN_POINT('',(92.3,-86.44470493245,9.795987888029));
#1640 = VECTOR('',#1641,1.);
#1641 = DIRECTION('',(1.,-5.16266513832E-16,-2.2540682786E-17));
#1642 = ORIENTED_EDGE('',*,*,#1643,.F.);
#1643 = EDGE_CURVE('',#911,#1636,#1644,.T.);
#1644 = LINE('',#1645,#1646);
#1645 = CARTESIAN_POINT('',(147.3,-86.39236166762,8.597130022177));
#1646 = VECTOR('',#1647,1.);
#1647 = DIRECTION('',(0.,-4.361938736534E-02,0.999048221582));
#1648 = ORIENTED_EDGE('',*,*,#919,.F.);
#1649 = PLANE('',#1650);
#1650 = AXIS2_PLACEMENT_3D('',#1651,#1652,#1653);
#1651 = CARTESIAN_POINT('',(92.3,-86.39236166761,8.597130022131));
#1652 = DIRECTION('',(5.167583532801E-16,0.999048221582,
    4.361938736534E-02));
#1653 = DIRECTION('',(1.,-5.16266513832E-16,-2.2540682786E-17));
#1654 = ADVANCED_FACE('',(#1655),#1667,.T.);
#1655 = FACE_BOUND('',#1656,.T.);
#1656 = EDGE_LOOP('',(#1657,#1658,#1665,#1666));
#1657 = ORIENTED_EDGE('',*,*,#1643,.T.);
#1658 = ORIENTED_EDGE('',*,*,#1659,.T.);
#1659 = EDGE_CURVE('',#1636,#1612,#1660,.T.);
#1660 = CIRCLE('',#1661,1.5);
#1661 = AXIS2_PLACEMENT_3D('',#1662,#1663,#1664);
#1662 = CARTESIAN_POINT('',(147.3,-84.94613260008,9.861416969077));
#1663 = DIRECTION('',(0.,-4.361938730428E-02,0.999048221585));
#1664 = DIRECTION('',(1.,0.,0.));
#1665 = ORIENTED_EDGE('',*,*,#1619,.F.);
#1666 = ORIENTED_EDGE('',*,*,#910,.F.);
#1667 = SURFACE_OF_LINEAR_EXTRUSION('',#1668,#1673);
#1668 = CIRCLE('',#1669,1.5);
#1669 = AXIS2_PLACEMENT_3D('',#1670,#1671,#1672);
#1670 = CARTESIAN_POINT('',(147.3,-84.89378933524,8.662559103179));
#1671 = DIRECTION('',(0.,-4.361938730428E-02,0.999048221585));
#1672 = DIRECTION('',(1.,0.,0.));
#1673 = VECTOR('',#1674,1.);
#1674 = DIRECTION('',(0.,4.361938736534E-02,-0.999048221582));
#1675 = ADVANCED_FACE('',(#1676),#1702,.T.);
#1676 = FACE_BOUND('',#1677,.T.);
#1677 = EDGE_LOOP('',(#1678,#1686,#1695,#1701));
#1678 = ORIENTED_EDGE('',*,*,#1679,.T.);
#1679 = EDGE_CURVE('',#928,#1680,#1682,.T.);
#1680 = VERTEX_POINT('',#1681);
#1681 = CARTESIAN_POINT('',(235.85000000001,-71.1093147307,
    10.465545484108));
#1682 = LINE('',#1683,#1684);
#1683 = CARTESIAN_POINT('',(235.85000000001,-71.05697146586,
    9.266687618209));
#1684 = VECTOR('',#1685,1.);
#1685 = DIRECTION('',(0.,-4.361938736534E-02,0.999048221582));
#1686 = ORIENTED_EDGE('',*,*,#1687,.T.);
#1687 = EDGE_CURVE('',#1680,#1688,#1690,.T.);
#1688 = VERTEX_POINT('',#1689);
#1689 = CARTESIAN_POINT('',(238.84999999998,-71.1093147307,
    10.465545484108));
#1690 = CIRCLE('',#1691,1.5);
#1691 = AXIS2_PLACEMENT_3D('',#1692,#1693,#1694);
#1692 = CARTESIAN_POINT('',(237.35,-71.10930642981,10.465545846533));
#1693 = DIRECTION('',(0.,-4.361938730428E-02,0.999048221585));
#1694 = DIRECTION('',(1.,0.,0.));
#1695 = ORIENTED_EDGE('',*,*,#1696,.F.);
#1696 = EDGE_CURVE('',#930,#1688,#1697,.T.);
#1697 = LINE('',#1698,#1699);
#1698 = CARTESIAN_POINT('',(238.84999999998,-71.05697146586,
    9.266687618209));
#1699 = VECTOR('',#1700,1.);
#1700 = DIRECTION('',(0.,-4.361938736534E-02,0.999048221582));
#1701 = ORIENTED_EDGE('',*,*,#927,.F.);
#1702 = SURFACE_OF_LINEAR_EXTRUSION('',#1703,#1708);
#1703 = CIRCLE('',#1704,1.5);
#1704 = AXIS2_PLACEMENT_3D('',#1705,#1706,#1707);
#1705 = CARTESIAN_POINT('',(237.35,-71.05696316497,9.266687980634));
#1706 = DIRECTION('',(0.,-4.361938730428E-02,0.999048221585));
#1707 = DIRECTION('',(1.,0.,0.));
#1708 = VECTOR('',#1709,1.);
#1709 = DIRECTION('',(0.,4.361938736534E-02,-0.999048221582));
#1710 = ADVANCED_FACE('',(#1711),#1729,.F.);
#1711 = FACE_BOUND('',#1712,.F.);
#1712 = EDGE_LOOP('',(#1713,#1714,#1722,#1728));
#1713 = ORIENTED_EDGE('',*,*,#1679,.T.);
#1714 = ORIENTED_EDGE('',*,*,#1715,.T.);
#1715 = EDGE_CURVE('',#1680,#1716,#1718,.T.);
#1716 = VERTEX_POINT('',#1717);
#1717 = CARTESIAN_POINT('',(235.85000000004,-16.1616625437,
    12.864611789201));
#1718 = LINE('',#1719,#1720);
#1719 = CARTESIAN_POINT('',(235.85,-71.1093147307,10.465545484108));
#1720 = VECTOR('',#1721,1.);
#1721 = DIRECTION('',(5.167583532801E-16,0.999048221582,
    4.361938736534E-02));
#1722 = ORIENTED_EDGE('',*,*,#1723,.F.);
#1723 = EDGE_CURVE('',#939,#1716,#1724,.T.);
#1724 = LINE('',#1725,#1726);
#1725 = CARTESIAN_POINT('',(235.85000000004,-16.10931927886,
    11.665753923303));
#1726 = VECTOR('',#1727,1.);
#1727 = DIRECTION('',(0.,-4.361938736534E-02,0.999048221582));
#1728 = ORIENTED_EDGE('',*,*,#938,.F.);
#1729 = PLANE('',#1730);
#1730 = AXIS2_PLACEMENT_3D('',#1731,#1732,#1733);
#1731 = CARTESIAN_POINT('',(235.85,-71.05697146586,9.266687618209));
#1732 = DIRECTION('',(-1.,5.16266513832E-16,2.2540682786E-17));
#1733 = DIRECTION('',(5.167583532801E-16,0.999048221582,
    4.361938736534E-02));
#1734 = ADVANCED_FACE('',(#1735),#1753,.T.);
#1735 = FACE_BOUND('',#1736,.T.);
#1736 = EDGE_LOOP('',(#1737,#1738,#1746,#1752));
#1737 = ORIENTED_EDGE('',*,*,#1696,.T.);
#1738 = ORIENTED_EDGE('',*,*,#1739,.T.);
#1739 = EDGE_CURVE('',#1688,#1740,#1742,.T.);
#1740 = VERTEX_POINT('',#1741);
#1741 = CARTESIAN_POINT('',(238.84999999995,-16.1616625437,
    12.864611789201));
#1742 = LINE('',#1743,#1744);
#1743 = CARTESIAN_POINT('',(238.85,-71.1093147307,10.465545484108));
#1744 = VECTOR('',#1745,1.);
#1745 = DIRECTION('',(5.167583532801E-16,0.999048221582,
    4.361938736534E-02));
#1746 = ORIENTED_EDGE('',*,*,#1747,.F.);
#1747 = EDGE_CURVE('',#947,#1740,#1748,.T.);
#1748 = LINE('',#1749,#1750);
#1749 = CARTESIAN_POINT('',(238.84999999995,-16.10931927886,
    11.665753923303));
#1750 = VECTOR('',#1751,1.);
#1751 = DIRECTION('',(0.,-4.361938736534E-02,0.999048221582));
#1752 = ORIENTED_EDGE('',*,*,#955,.F.);
#1753 = PLANE('',#1754);
#1754 = AXIS2_PLACEMENT_3D('',#1755,#1756,#1757);
#1755 = CARTESIAN_POINT('',(238.85,-71.05697146586,9.266687618209));
#1756 = DIRECTION('',(-1.,5.16266513832E-16,2.2540682786E-17));
#1757 = DIRECTION('',(5.167583532801E-16,0.999048221582,
    4.361938736534E-02));
#1758 = ADVANCED_FACE('',(#1759),#1771,.T.);
#1759 = FACE_BOUND('',#1760,.T.);
#1760 = EDGE_LOOP('',(#1761,#1762,#1769,#1770));
#1761 = ORIENTED_EDGE('',*,*,#1747,.T.);
#1762 = ORIENTED_EDGE('',*,*,#1763,.T.);
#1763 = EDGE_CURVE('',#1740,#1716,#1764,.T.);
#1764 = CIRCLE('',#1765,1.5);
#1765 = AXIS2_PLACEMENT_3D('',#1766,#1767,#1768);
#1766 = CARTESIAN_POINT('',(237.35,-16.16164560269,12.864612528862));
#1767 = DIRECTION('',(0.,-4.361938730428E-02,0.999048221585));
#1768 = DIRECTION('',(1.,0.,0.));
#1769 = ORIENTED_EDGE('',*,*,#1723,.F.);
#1770 = ORIENTED_EDGE('',*,*,#946,.F.);
#1771 = SURFACE_OF_LINEAR_EXTRUSION('',#1772,#1777);
#1772 = CIRCLE('',#1773,1.5);
#1773 = AXIS2_PLACEMENT_3D('',#1774,#1775,#1776);
#1774 = CARTESIAN_POINT('',(237.35,-16.10930233785,11.665754662964));
#1775 = DIRECTION('',(0.,-4.361938730428E-02,0.999048221585));
#1776 = DIRECTION('',(1.,0.,0.));
#1777 = VECTOR('',#1778,1.);
#1778 = DIRECTION('',(0.,4.361938736534E-02,-0.999048221582));
#1779 = ADVANCED_FACE('',(#1780),#1799,.F.);
#1780 = FACE_BOUND('',#1781,.T.);
#1781 = EDGE_LOOP('',(#1782,#1783,#1791,#1798));
#1782 = ORIENTED_EDGE('',*,*,#963,.T.);
#1783 = ORIENTED_EDGE('',*,*,#1784,.T.);
#1784 = EDGE_CURVE('',#964,#1785,#1787,.T.);
#1785 = VERTEX_POINT('',#1786);
#1786 = CARTESIAN_POINT('',(236.98196366395,-3.509792147867,
    13.652275108882));
#1787 = LINE('',#1788,#1789);
#1788 = CARTESIAN_POINT('',(236.98196366395,-3.422553373259,
    11.654178665713));
#1789 = VECTOR('',#1790,1.);
#1790 = DIRECTION('',(0.,-4.361938730428E-02,0.999048221585));
#1791 = ORIENTED_EDGE('',*,*,#1792,.T.);
#1792 = EDGE_CURVE('',#1785,#1785,#1793,.T.);
#1793 = CIRCLE('',#1794,0.8);
#1794 = AXIS2_PLACEMENT_3D('',#1795,#1796,#1797);
#1795 = CARTESIAN_POINT('',(236.18196366395,-3.509792147867,
    13.652275108882));
#1796 = DIRECTION('',(0.,-4.361938730428E-02,0.999048221585));
#1797 = DIRECTION('',(1.,0.,0.));
#1798 = ORIENTED_EDGE('',*,*,#1784,.F.);
#1799 = CYLINDRICAL_SURFACE('',#1800,0.8);
#1800 = AXIS2_PLACEMENT_3D('',#1801,#1802,#1803);
#1801 = CARTESIAN_POINT('',(236.18196366395,-3.422553373259,
    11.654178665713));
#1802 = DIRECTION('',(0.,4.361938730428E-02,-0.999048221585));
#1803 = DIRECTION('',(1.,0.,0.));
#1804 = ADVANCED_FACE('',(#1805),#1831,.T.);
#1805 = FACE_BOUND('',#1806,.T.);
#1806 = EDGE_LOOP('',(#1807,#1815,#1824,#1830));
#1807 = ORIENTED_EDGE('',*,*,#1808,.T.);
#1808 = EDGE_CURVE('',#975,#1809,#1811,.T.);
#1809 = VERTEX_POINT('',#1810);
#1810 = CARTESIAN_POINT('',(168.83333333333,-0.826272342911,
    13.534169385192));
#1811 = LINE('',#1812,#1813);
#1812 = CARTESIAN_POINT('',(168.83333333333,-0.773929078073,
    12.335311519294));
#1813 = VECTOR('',#1814,1.);
#1814 = DIRECTION('',(0.,-4.361938736534E-02,0.999048221582));
#1815 = ORIENTED_EDGE('',*,*,#1816,.T.);
#1816 = EDGE_CURVE('',#1809,#1817,#1819,.T.);
#1817 = VERTEX_POINT('',#1818);
#1818 = CARTESIAN_POINT('',(168.83333333333,-3.823417007661,
    13.403311223187));
#1819 = CIRCLE('',#1820,1.5);
#1820 = AXIS2_PLACEMENT_3D('',#1821,#1822,#1823);
#1821 = CARTESIAN_POINT('',(168.83333333333,-2.324844675286,
    13.46874030419));
#1822 = DIRECTION('',(0.,-4.361938730428E-02,0.999048221585));
#1823 = DIRECTION('',(1.,0.,0.));
#1824 = ORIENTED_EDGE('',*,*,#1825,.F.);
#1825 = EDGE_CURVE('',#977,#1817,#1826,.T.);
#1826 = LINE('',#1827,#1828);
#1827 = CARTESIAN_POINT('',(168.83333333333,-3.771073742822,
    12.204453357289));
#1828 = VECTOR('',#1829,1.);
#1829 = DIRECTION('',(0.,-4.361938736534E-02,0.999048221582));
#1830 = ORIENTED_EDGE('',*,*,#974,.F.);
#1831 = SURFACE_OF_LINEAR_EXTRUSION('',#1832,#1837);
#1832 = CIRCLE('',#1833,1.5);
#1833 = AXIS2_PLACEMENT_3D('',#1834,#1835,#1836);
#1834 = CARTESIAN_POINT('',(168.83333333333,-2.272501410448,
    12.269882438291));
#1835 = DIRECTION('',(0.,-4.361938730428E-02,0.999048221585));
#1836 = DIRECTION('',(1.,0.,0.));
#1837 = VECTOR('',#1838,1.);
#1838 = DIRECTION('',(0.,4.361938736534E-02,-0.999048221582));
#1839 = ADVANCED_FACE('',(#1840),#1858,.F.);
#1840 = FACE_BOUND('',#1841,.F.);
#1841 = EDGE_LOOP('',(#1842,#1843,#1851,#1857));
#1842 = ORIENTED_EDGE('',*,*,#1808,.T.);
#1843 = ORIENTED_EDGE('',*,*,#1844,.T.);
#1844 = EDGE_CURVE('',#1809,#1845,#1847,.T.);
#1845 = VERTEX_POINT('',#1846);
#1846 = CARTESIAN_POINT('',(223.83333333333,-0.826272342899,
    13.534169385192));
#1847 = LINE('',#1848,#1849);
#1848 = CARTESIAN_POINT('',(168.83333333333,-0.826272342913,
    13.534169385238));
#1849 = VECTOR('',#1850,1.);
#1850 = DIRECTION('',(1.,2.197446094874E-13,9.626585015615E-15));
#1851 = ORIENTED_EDGE('',*,*,#1852,.F.);
#1852 = EDGE_CURVE('',#986,#1845,#1853,.T.);
#1853 = LINE('',#1854,#1855);
#1854 = CARTESIAN_POINT('',(223.83333333333,-0.773929078061,
    12.335311519294));
#1855 = VECTOR('',#1856,1.);
#1856 = DIRECTION('',(0.,-4.361938736534E-02,0.999048221582));
#1857 = ORIENTED_EDGE('',*,*,#985,.F.);
#1858 = PLANE('',#1859);
#1859 = AXIS2_PLACEMENT_3D('',#1860,#1861,#1862);
#1860 = CARTESIAN_POINT('',(168.83333333333,-0.773929078075,
    12.335311519339));
#1861 = DIRECTION('',(-2.199553670514E-13,0.999048221582,
    4.361938736534E-02));
#1862 = DIRECTION('',(1.,2.197446094874E-13,9.626585015615E-15));
#1863 = ADVANCED_FACE('',(#1864),#1882,.T.);
#1864 = FACE_BOUND('',#1865,.T.);
#1865 = EDGE_LOOP('',(#1866,#1867,#1875,#1881));
#1866 = ORIENTED_EDGE('',*,*,#1825,.T.);
#1867 = ORIENTED_EDGE('',*,*,#1868,.T.);
#1868 = EDGE_CURVE('',#1817,#1869,#1871,.T.);
#1869 = VERTEX_POINT('',#1870);
#1870 = CARTESIAN_POINT('',(223.83333333333,-3.823417007649,
    13.403311223188));
#1871 = LINE('',#1872,#1873);
#1872 = CARTESIAN_POINT('',(168.83333333333,-3.823417007659,
    13.403311223142));
#1873 = VECTOR('',#1874,1.);
#1874 = DIRECTION('',(1.,2.197520682783E-13,9.594582507127E-15));
#1875 = ORIENTED_EDGE('',*,*,#1876,.F.);
#1876 = EDGE_CURVE('',#994,#1869,#1877,.T.);
#1877 = LINE('',#1878,#1879);
#1878 = CARTESIAN_POINT('',(223.83333333333,-3.77107374281,
    12.20445335729));
#1879 = VECTOR('',#1880,1.);
#1880 = DIRECTION('',(0.,-4.361938736534E-02,0.999048221582));
#1881 = ORIENTED_EDGE('',*,*,#1002,.F.);
#1882 = PLANE('',#1883);
#1883 = AXIS2_PLACEMENT_3D('',#1884,#1885,#1886);
#1884 = CARTESIAN_POINT('',(168.83333333333,-3.77107374282,
    12.204453357243));
#1885 = DIRECTION('',(-2.199614228134E-13,0.999048221582,
    4.361938736534E-02));
#1886 = DIRECTION('',(1.,2.197520682783E-13,9.594582507127E-15));
#1887 = ADVANCED_FACE('',(#1888),#1900,.T.);
#1888 = FACE_BOUND('',#1889,.T.);
#1889 = EDGE_LOOP('',(#1890,#1891,#1898,#1899));
#1890 = ORIENTED_EDGE('',*,*,#1876,.T.);
#1891 = ORIENTED_EDGE('',*,*,#1892,.T.);
#1892 = EDGE_CURVE('',#1869,#1845,#1893,.T.);
#1893 = CIRCLE('',#1894,1.5);
#1894 = AXIS2_PLACEMENT_3D('',#1895,#1896,#1897);
#1895 = CARTESIAN_POINT('',(223.83333333333,-2.324844675274,
    13.46874030419));
#1896 = DIRECTION('',(0.,-4.361938730428E-02,0.999048221585));
#1897 = DIRECTION('',(1.,0.,0.));
#1898 = ORIENTED_EDGE('',*,*,#1852,.F.);
#1899 = ORIENTED_EDGE('',*,*,#993,.F.);
#1900 = SURFACE_OF_LINEAR_EXTRUSION('',#1901,#1906);
#1901 = CIRCLE('',#1902,1.5);
#1902 = AXIS2_PLACEMENT_3D('',#1903,#1904,#1905);
#1903 = CARTESIAN_POINT('',(223.83333333333,-2.272501410435,
    12.269882438292));
#1904 = DIRECTION('',(0.,-4.361938730428E-02,0.999048221585));
#1905 = DIRECTION('',(1.,0.,0.));
#1906 = VECTOR('',#1907,1.);
#1907 = DIRECTION('',(0.,4.361938736534E-02,-0.999048221582));
#1908 = ADVANCED_FACE('',(#1909),#1928,.F.);
#1909 = FACE_BOUND('',#1910,.T.);
#1910 = EDGE_LOOP('',(#1911,#1912,#1920,#1927));
#1911 = ORIENTED_EDGE('',*,*,#1010,.T.);
#1912 = ORIENTED_EDGE('',*,*,#1913,.T.);
#1913 = EDGE_CURVE('',#1011,#1914,#1916,.T.);
#1914 = VERTEX_POINT('',#1915);
#1915 = CARTESIAN_POINT('',(158.86666666666,-2.335097272714,
    13.703563394689));
#1916 = LINE('',#1917,#1918);
#1917 = CARTESIAN_POINT('',(158.86666666666,-2.247858498105,
    11.70546695152));
#1918 = VECTOR('',#1919,1.);
#1919 = DIRECTION('',(0.,-4.361938730428E-02,0.999048221585));
#1920 = ORIENTED_EDGE('',*,*,#1921,.T.);
#1921 = EDGE_CURVE('',#1914,#1914,#1922,.T.);
#1922 = CIRCLE('',#1923,0.8);
#1923 = AXIS2_PLACEMENT_3D('',#1924,#1925,#1926);
#1924 = CARTESIAN_POINT('',(158.06666666666,-2.335097272714,
    13.703563394689));
#1925 = DIRECTION('',(0.,-4.361938730428E-02,0.999048221585));
#1926 = DIRECTION('',(1.,0.,0.));
#1927 = ORIENTED_EDGE('',*,*,#1913,.F.);
#1928 = CYLINDRICAL_SURFACE('',#1929,0.8);
#1929 = AXIS2_PLACEMENT_3D('',#1930,#1931,#1932);
#1930 = CARTESIAN_POINT('',(158.06666666666,-2.247858498105,
    11.70546695152));
#1931 = DIRECTION('',(0.,4.361938730428E-02,-0.999048221585));
#1932 = DIRECTION('',(1.,0.,0.));
#1933 = ADVANCED_FACE('',(#1934),#1960,.T.);
#1934 = FACE_BOUND('',#1935,.T.);
#1935 = EDGE_LOOP('',(#1936,#1944,#1953,#1959));
#1936 = ORIENTED_EDGE('',*,*,#1937,.T.);
#1937 = EDGE_CURVE('',#1022,#1938,#1940,.T.);
#1938 = VERTEX_POINT('',#1939);
#1939 = CARTESIAN_POINT('',(92.3,-0.826272342928,13.534169385191));
#1940 = LINE('',#1941,#1942);
#1941 = CARTESIAN_POINT('',(92.3,-0.773929078089,12.335311519293));
#1942 = VECTOR('',#1943,1.);
#1943 = DIRECTION('',(0.,-4.361938736534E-02,0.999048221582));
#1944 = ORIENTED_EDGE('',*,*,#1945,.T.);
#1945 = EDGE_CURVE('',#1938,#1946,#1948,.T.);
#1946 = VERTEX_POINT('',#1947);
#1947 = CARTESIAN_POINT('',(92.300000000001,-3.823417007677,
    13.403311223187));
#1948 = CIRCLE('',#1949,1.5);
#1949 = AXIS2_PLACEMENT_3D('',#1950,#1951,#1952);
#1950 = CARTESIAN_POINT('',(92.3,-2.324844675303,13.468740304189));
#1951 = DIRECTION('',(0.,-4.361938730428E-02,0.999048221585));
#1952 = DIRECTION('',(1.,0.,0.));
#1953 = ORIENTED_EDGE('',*,*,#1954,.F.);
#1954 = EDGE_CURVE('',#1024,#1946,#1955,.T.);
#1955 = LINE('',#1956,#1957);
#1956 = CARTESIAN_POINT('',(92.300000000001,-3.771073742839,
    12.204453357289));
#1957 = VECTOR('',#1958,1.);
#1958 = DIRECTION('',(0.,-4.361938736534E-02,0.999048221582));
#1959 = ORIENTED_EDGE('',*,*,#1021,.F.);
#1960 = SURFACE_OF_LINEAR_EXTRUSION('',#1961,#1966);
#1961 = CIRCLE('',#1962,1.5);
#1962 = AXIS2_PLACEMENT_3D('',#1963,#1964,#1965);
#1963 = CARTESIAN_POINT('',(92.3,-2.272501410464,12.269882438291));
#1964 = DIRECTION('',(0.,-4.361938730428E-02,0.999048221585));
#1965 = DIRECTION('',(1.,0.,0.));
#1966 = VECTOR('',#1967,1.);
#1967 = DIRECTION('',(0.,4.361938736534E-02,-0.999048221582));
#1968 = ADVANCED_FACE('',(#1969),#1987,.F.);
#1969 = FACE_BOUND('',#1970,.F.);
#1970 = EDGE_LOOP('',(#1971,#1972,#1980,#1986));
#1971 = ORIENTED_EDGE('',*,*,#1937,.T.);
#1972 = ORIENTED_EDGE('',*,*,#1973,.T.);
#1973 = EDGE_CURVE('',#1938,#1974,#1976,.T.);
#1974 = VERTEX_POINT('',#1975);
#1975 = CARTESIAN_POINT('',(147.3,-0.826272342916,13.534169385192));
#1976 = LINE('',#1977,#1978);
#1977 = CARTESIAN_POINT('',(92.3,-0.82627234293,13.534169385237));
#1978 = VECTOR('',#1979,1.);
#1979 = DIRECTION('',(1.,2.197882645607E-13,9.563834704614E-15));
#1980 = ORIENTED_EDGE('',*,*,#1981,.F.);
#1981 = EDGE_CURVE('',#1033,#1974,#1982,.T.);
#1982 = LINE('',#1983,#1984);
#1983 = CARTESIAN_POINT('',(147.3,-0.773929078077,12.335311519293));
#1984 = VECTOR('',#1985,1.);
#1985 = DIRECTION('',(0.,-4.361938736534E-02,0.999048221582));
#1986 = ORIENTED_EDGE('',*,*,#1032,.F.);
#1987 = PLANE('',#1988);
#1988 = AXIS2_PLACEMENT_3D('',#1989,#1990,#1991);
#1989 = CARTESIAN_POINT('',(92.3,-0.773929078091,12.335311519339));
#1990 = DIRECTION('',(-2.199962434446E-13,0.999048221582,
    4.361938736534E-02));
#1991 = DIRECTION('',(1.,2.197882645607E-13,9.563834704614E-15));
#1992 = ADVANCED_FACE('',(#1993),#2011,.T.);
#1993 = FACE_BOUND('',#1994,.T.);
#1994 = EDGE_LOOP('',(#1995,#1996,#2004,#2010));
#1995 = ORIENTED_EDGE('',*,*,#1954,.T.);
#1996 = ORIENTED_EDGE('',*,*,#1997,.T.);
#1997 = EDGE_CURVE('',#1946,#1998,#2000,.T.);
#1998 = VERTEX_POINT('',#1999);
#1999 = CARTESIAN_POINT('',(147.3,-3.823417007665,13.403311223187));
#2000 = LINE('',#2001,#2002);
#2001 = CARTESIAN_POINT('',(92.300000000001,-3.823417007675,
    13.403311223141));
#2002 = VECTOR('',#2003,1.);
#2003 = DIRECTION('',(1.,2.197843349354E-13,9.595991299801E-15));
#2004 = ORIENTED_EDGE('',*,*,#2005,.F.);
#2005 = EDGE_CURVE('',#1041,#1998,#2006,.T.);
#2006 = LINE('',#2007,#2008);
#2007 = CARTESIAN_POINT('',(147.3,-3.771073742827,12.204453357289));
#2008 = VECTOR('',#2009,1.);
#2009 = DIRECTION('',(0.,-4.361938736534E-02,0.999048221582));
#2010 = ORIENTED_EDGE('',*,*,#1049,.F.);
#2011 = PLANE('',#2012);
#2012 = AXIS2_PLACEMENT_3D('',#2013,#2014,#2015);
#2013 = CARTESIAN_POINT('',(92.300000000001,-3.771073742837,
    12.204453357243));
#2014 = DIRECTION('',(-2.199937202105E-13,0.999048221582,
    4.361938736534E-02));
#2015 = DIRECTION('',(1.,2.197843349354E-13,9.595991299801E-15));
#2016 = ADVANCED_FACE('',(#2017),#2029,.T.);
#2017 = FACE_BOUND('',#2018,.T.);
#2018 = EDGE_LOOP('',(#2019,#2020,#2027,#2028));
#2019 = ORIENTED_EDGE('',*,*,#2005,.T.);
#2020 = ORIENTED_EDGE('',*,*,#2021,.T.);
#2021 = EDGE_CURVE('',#1998,#1974,#2022,.T.);
#2022 = CIRCLE('',#2023,1.5);
#2023 = AXIS2_PLACEMENT_3D('',#2024,#2025,#2026);
#2024 = CARTESIAN_POINT('',(147.3,-2.324844675291,13.46874030419));
#2025 = DIRECTION('',(0.,-4.361938730428E-02,0.999048221585));
#2026 = DIRECTION('',(1.,0.,0.));
#2027 = ORIENTED_EDGE('',*,*,#1981,.F.);
#2028 = ORIENTED_EDGE('',*,*,#1040,.F.);
#2029 = SURFACE_OF_LINEAR_EXTRUSION('',#2030,#2035);
#2030 = CIRCLE('',#2031,1.5);
#2031 = AXIS2_PLACEMENT_3D('',#2032,#2033,#2034);
#2032 = CARTESIAN_POINT('',(147.3,-2.272501410452,12.269882438291));
#2033 = DIRECTION('',(0.,-4.361938730428E-02,0.999048221585));
#2034 = DIRECTION('',(1.,0.,0.));
#2035 = VECTOR('',#2036,1.);
#2036 = DIRECTION('',(0.,4.361938736534E-02,-0.999048221582));
#2037 = ADVANCED_FACE('',(#2038),#2057,.F.);
#2038 = FACE_BOUND('',#2039,.T.);
#2039 = EDGE_LOOP('',(#2040,#2041,#2049,#2056));
#2040 = ORIENTED_EDGE('',*,*,#1057,.T.);
#2041 = ORIENTED_EDGE('',*,*,#2042,.T.);
#2042 = EDGE_CURVE('',#1058,#2043,#2045,.T.);
#2043 = VERTEX_POINT('',#2044);
#2044 = CARTESIAN_POINT('',(82.333333333333,-84.95638519773,
    10.096240064626));
#2045 = LINE('',#2046,#2047);
#2046 = CARTESIAN_POINT('',(82.333333333333,-84.86914642312,
    8.098143621457));
#2047 = VECTOR('',#2048,1.);
#2048 = DIRECTION('',(0.,-4.361938730428E-02,0.999048221585));
#2049 = ORIENTED_EDGE('',*,*,#2050,.T.);
#2050 = EDGE_CURVE('',#2043,#2043,#2051,.T.);
#2051 = CIRCLE('',#2052,0.8);
#2052 = AXIS2_PLACEMENT_3D('',#2053,#2054,#2055);
#2053 = CARTESIAN_POINT('',(81.533333333333,-84.95638519773,
    10.096240064626));
#2054 = DIRECTION('',(0.,-4.361938730428E-02,0.999048221585));
#2055 = DIRECTION('',(1.,0.,0.));
#2056 = ORIENTED_EDGE('',*,*,#2042,.F.);
#2057 = CYLINDRICAL_SURFACE('',#2058,0.8);
#2058 = AXIS2_PLACEMENT_3D('',#2059,#2060,#2061);
#2059 = CARTESIAN_POINT('',(81.533333333333,-84.86914642312,
    8.098143621457));
#2060 = DIRECTION('',(0.,4.361938730428E-02,-0.999048221585));
#2061 = DIRECTION('',(1.,0.,0.));
#2062 = ADVANCED_FACE('',(#2063),#2089,.T.);
#2063 = FACE_BOUND('',#2064,.T.);
#2064 = EDGE_LOOP('',(#2065,#2073,#2082,#2088));
#2065 = ORIENTED_EDGE('',*,*,#2066,.T.);
#2066 = EDGE_CURVE('',#1069,#2067,#2069,.T.);
#2067 = VERTEX_POINT('',#2068);
#2068 = CARTESIAN_POINT('',(15.766666666666,-83.44756026771,
    9.92684605008));
#2069 = LINE('',#2070,#2071);
#2070 = CARTESIAN_POINT('',(15.766666666666,-83.39521700287,
    8.727988184181));
#2071 = VECTOR('',#2072,1.);
#2072 = DIRECTION('',(0.,-4.361938736534E-02,0.999048221582));
#2073 = ORIENTED_EDGE('',*,*,#2074,.T.);
#2074 = EDGE_CURVE('',#2067,#2075,#2077,.T.);
#2075 = VERTEX_POINT('',#2076);
#2076 = CARTESIAN_POINT('',(15.766666666666,-86.44470493246,
    9.795987888075));
#2077 = CIRCLE('',#2078,1.5);
#2078 = AXIS2_PLACEMENT_3D('',#2079,#2080,#2081);
#2079 = CARTESIAN_POINT('',(15.766666666666,-84.94613260008,
    9.861416969077));
#2080 = DIRECTION('',(0.,-4.361938730428E-02,0.999048221585));
#2081 = DIRECTION('',(1.,0.,0.));
#2082 = ORIENTED_EDGE('',*,*,#2083,.F.);
#2083 = EDGE_CURVE('',#1071,#2075,#2084,.T.);
#2084 = LINE('',#2085,#2086);
#2085 = CARTESIAN_POINT('',(15.766666666666,-86.39236166762,
    8.597130022177));
#2086 = VECTOR('',#2087,1.);
#2087 = DIRECTION('',(0.,-4.361938736534E-02,0.999048221582));
#2088 = ORIENTED_EDGE('',*,*,#1068,.F.);
#2089 = SURFACE_OF_LINEAR_EXTRUSION('',#2090,#2095);
#2090 = CIRCLE('',#2091,1.5);
#2091 = AXIS2_PLACEMENT_3D('',#2092,#2093,#2094);
#2092 = CARTESIAN_POINT('',(15.766666666666,-84.89378933524,
    8.662559103179));
#2093 = DIRECTION('',(0.,-4.361938730428E-02,0.999048221585));
#2094 = DIRECTION('',(1.,0.,0.));
#2095 = VECTOR('',#2096,1.);
#2096 = DIRECTION('',(0.,4.361938736534E-02,-0.999048221582));
#2097 = ADVANCED_FACE('',(#2098),#2116,.F.);
#2098 = FACE_BOUND('',#2099,.F.);
#2099 = EDGE_LOOP('',(#2100,#2101,#2109,#2115));
#2100 = ORIENTED_EDGE('',*,*,#2066,.T.);
#2101 = ORIENTED_EDGE('',*,*,#2102,.T.);
#2102 = EDGE_CURVE('',#2067,#2103,#2105,.T.);
#2103 = VERTEX_POINT('',#2104);
#2104 = CARTESIAN_POINT('',(70.766666666666,-83.44756026771,
    9.92684605008));
#2105 = LINE('',#2106,#2107);
#2106 = CARTESIAN_POINT('',(15.766666666666,-83.44756026771,
    9.926846050125));
#2107 = VECTOR('',#2108,1.);
#2108 = DIRECTION('',(1.,7.74399770748E-16,3.3811024179E-17));
#2109 = ORIENTED_EDGE('',*,*,#2110,.F.);
#2110 = EDGE_CURVE('',#1080,#2103,#2111,.T.);
#2111 = LINE('',#2112,#2113);
#2112 = CARTESIAN_POINT('',(70.766666666666,-83.39521700287,
    8.727988184181));
#2113 = VECTOR('',#2114,1.);
#2114 = DIRECTION('',(0.,-4.361938736534E-02,0.999048221582));
#2115 = ORIENTED_EDGE('',*,*,#1079,.F.);
#2116 = PLANE('',#2117);
#2117 = AXIS2_PLACEMENT_3D('',#2118,#2119,#2120);
#2118 = CARTESIAN_POINT('',(15.766666666666,-83.39521700287,
    8.727988184227));
#2119 = DIRECTION('',(-7.751375299201E-16,0.999048221582,
    4.361938736534E-02));
#2120 = DIRECTION('',(1.,7.74399770748E-16,3.381102417899E-17));
#2121 = ADVANCED_FACE('',(#2122),#2140,.T.);
#2122 = FACE_BOUND('',#2123,.T.);
#2123 = EDGE_LOOP('',(#2124,#2125,#2133,#2139));
#2124 = ORIENTED_EDGE('',*,*,#2083,.T.);
#2125 = ORIENTED_EDGE('',*,*,#2126,.T.);
#2126 = EDGE_CURVE('',#2075,#2127,#2129,.T.);
#2127 = VERTEX_POINT('',#2128);
#2128 = CARTESIAN_POINT('',(70.766666666666,-86.44470493246,
    9.795987888075));
#2129 = LINE('',#2130,#2131);
#2130 = CARTESIAN_POINT('',(15.766666666666,-86.44470493245,
    9.795987888029));
#2131 = VECTOR('',#2132,1.);
#2132 = DIRECTION('',(1.,7.74399770748E-16,3.3811024179E-17));
#2133 = ORIENTED_EDGE('',*,*,#2134,.F.);
#2134 = EDGE_CURVE('',#1088,#2127,#2135,.T.);
#2135 = LINE('',#2136,#2137);
#2136 = CARTESIAN_POINT('',(70.766666666666,-86.39236166762,
    8.597130022177));
#2137 = VECTOR('',#2138,1.);
#2138 = DIRECTION('',(0.,-4.361938736534E-02,0.999048221582));
#2139 = ORIENTED_EDGE('',*,*,#1096,.F.);
#2140 = PLANE('',#2141);
#2141 = AXIS2_PLACEMENT_3D('',#2142,#2143,#2144);
#2142 = CARTESIAN_POINT('',(15.766666666666,-86.39236166761,
    8.597130022131));
#2143 = DIRECTION('',(-7.751375299201E-16,0.999048221582,
    4.361938736534E-02));
#2144 = DIRECTION('',(1.,7.74399770748E-16,3.381102417899E-17));
#2145 = ADVANCED_FACE('',(#2146),#2158,.T.);
#2146 = FACE_BOUND('',#2147,.T.);
#2147 = EDGE_LOOP('',(#2148,#2149,#2156,#2157));
#2148 = ORIENTED_EDGE('',*,*,#2134,.T.);
#2149 = ORIENTED_EDGE('',*,*,#2150,.T.);
#2150 = EDGE_CURVE('',#2127,#2103,#2151,.T.);
#2151 = CIRCLE('',#2152,1.5);
#2152 = AXIS2_PLACEMENT_3D('',#2153,#2154,#2155);
#2153 = CARTESIAN_POINT('',(70.766666666666,-84.94613260008,
    9.861416969077));
#2154 = DIRECTION('',(0.,-4.361938730428E-02,0.999048221585));
#2155 = DIRECTION('',(1.,0.,0.));
#2156 = ORIENTED_EDGE('',*,*,#2110,.F.);
#2157 = ORIENTED_EDGE('',*,*,#1087,.F.);
#2158 = SURFACE_OF_LINEAR_EXTRUSION('',#2159,#2164);
#2159 = CIRCLE('',#2160,1.5);
#2160 = AXIS2_PLACEMENT_3D('',#2161,#2162,#2163);
#2161 = CARTESIAN_POINT('',(70.766666666666,-84.89378933524,
    8.662559103179));
#2162 = DIRECTION('',(0.,-4.361938730428E-02,0.999048221585));
#2163 = DIRECTION('',(1.,0.,0.));
#2164 = VECTOR('',#2165,1.);
#2165 = DIRECTION('',(0.,4.361938736534E-02,-0.999048221582));
#2166 = ADVANCED_FACE('',(#2167),#2186,.F.);
#2167 = FACE_BOUND('',#2168,.T.);
#2168 = EDGE_LOOP('',(#2169,#2170,#2178,#2185));
#2169 = ORIENTED_EDGE('',*,*,#1104,.T.);
#2170 = ORIENTED_EDGE('',*,*,#2171,.T.);
#2171 = EDGE_CURVE('',#1105,#2172,#2174,.T.);
#2172 = VERTEX_POINT('',#2173);
#2173 = CARTESIAN_POINT('',(4.218036337132,-83.7816903237,
    10.147528350384));
#2174 = LINE('',#2175,#2176);
#2175 = CARTESIAN_POINT('',(4.218036337132,-83.69445154909,
    8.149431907215));
#2176 = VECTOR('',#2177,1.);
#2177 = DIRECTION('',(0.,-4.361938730428E-02,0.999048221585));
#2178 = ORIENTED_EDGE('',*,*,#2179,.T.);
#2179 = EDGE_CURVE('',#2172,#2172,#2180,.T.);
#2180 = CIRCLE('',#2181,0.8);
#2181 = AXIS2_PLACEMENT_3D('',#2182,#2183,#2184);
#2182 = CARTESIAN_POINT('',(3.418036337132,-83.7816903237,
    10.147528350384));
#2183 = DIRECTION('',(0.,-4.361938730428E-02,0.999048221585));
#2184 = DIRECTION('',(1.,0.,0.));
#2185 = ORIENTED_EDGE('',*,*,#2171,.F.);
#2186 = CYLINDRICAL_SURFACE('',#2187,0.8);
#2187 = AXIS2_PLACEMENT_3D('',#2188,#2189,#2190);
#2188 = CARTESIAN_POINT('',(3.418036337132,-83.69445154909,
    8.149431907215));
#2189 = DIRECTION('',(0.,4.361938730428E-02,-0.999048221585));
#2190 = DIRECTION('',(1.,0.,0.));
#2191 = ADVANCED_FACE('',(#2192),#2211,.F.);
#2192 = FACE_BOUND('',#2193,.T.);
#2193 = EDGE_LOOP('',(#2194,#2195,#2203,#2210));
#2194 = ORIENTED_EDGE('',*,*,#1185,.T.);
#2195 = ORIENTED_EDGE('',*,*,#2196,.T.);
#2196 = EDGE_CURVE('',#1186,#2197,#2199,.T.);
#2197 = VERTEX_POINT('',#2198);
#2198 = CARTESIAN_POINT('',(82.333333333334,-2.33509727273,
    13.703563394688));
#2199 = LINE('',#2200,#2201);
#2200 = CARTESIAN_POINT('',(82.333333333334,-2.247858498122,
    11.705466951519));
#2201 = VECTOR('',#2202,1.);
#2202 = DIRECTION('',(0.,-4.361938730428E-02,0.999048221585));
#2203 = ORIENTED_EDGE('',*,*,#2204,.T.);
#2204 = EDGE_CURVE('',#2197,#2197,#2205,.T.);
#2205 = CIRCLE('',#2206,0.8);
#2206 = AXIS2_PLACEMENT_3D('',#2207,#2208,#2209);
#2207 = CARTESIAN_POINT('',(81.533333333334,-2.33509727273,
    13.703563394688));
#2208 = DIRECTION('',(0.,-4.361938730428E-02,0.999048221585));
#2209 = DIRECTION('',(1.,0.,0.));
#2210 = ORIENTED_EDGE('',*,*,#2196,.F.);
#2211 = CYLINDRICAL_SURFACE('',#2212,0.8);
#2212 = AXIS2_PLACEMENT_3D('',#2213,#2214,#2215);
#2213 = CARTESIAN_POINT('',(81.533333333334,-2.247858498122,
    11.705466951519));
#2214 = DIRECTION('',(0.,4.361938730428E-02,-0.999048221585));
#2215 = DIRECTION('',(1.,0.,0.));
#2216 = ADVANCED_FACE('',(#2217),#2243,.T.);
#2217 = FACE_BOUND('',#2218,.T.);
#2218 = EDGE_LOOP('',(#2219,#2227,#2236,#2242));
#2219 = ORIENTED_EDGE('',*,*,#2220,.T.);
#2220 = EDGE_CURVE('',#1197,#2221,#2223,.T.);
#2221 = VERTEX_POINT('',#2222);
#2222 = CARTESIAN_POINT('',(3.75,-16.1616625437,12.864611789201));
#2223 = LINE('',#2224,#2225);
#2224 = CARTESIAN_POINT('',(3.75,-16.10931927886,11.665753923303));
#2225 = VECTOR('',#2226,1.);
#2226 = DIRECTION('',(0.,-4.361938736534E-02,0.999048221582));
#2227 = ORIENTED_EDGE('',*,*,#2228,.T.);
#2228 = EDGE_CURVE('',#2221,#2229,#2231,.T.);
#2229 = VERTEX_POINT('',#2230);
#2230 = CARTESIAN_POINT('',(0.75,-16.1616625437,12.864611789201));
#2231 = CIRCLE('',#2232,1.5);
#2232 = AXIS2_PLACEMENT_3D('',#2233,#2234,#2235);
#2233 = CARTESIAN_POINT('',(2.25,-16.1616625437,12.864611789201));
#2234 = DIRECTION('',(0.,-4.361938730428E-02,0.999048221585));
#2235 = DIRECTION('',(1.,0.,0.));
#2236 = ORIENTED_EDGE('',*,*,#2237,.F.);
#2237 = EDGE_CURVE('',#1199,#2229,#2238,.T.);
#2238 = LINE('',#2239,#2240);
#2239 = CARTESIAN_POINT('',(0.75,-16.10931927886,11.665753923303));
#2240 = VECTOR('',#2241,1.);
#2241 = DIRECTION('',(0.,-4.361938736534E-02,0.999048221582));
#2242 = ORIENTED_EDGE('',*,*,#1196,.F.);
#2243 = SURFACE_OF_LINEAR_EXTRUSION('',#2244,#2249);
#2244 = CIRCLE('',#2245,1.5);
#2245 = AXIS2_PLACEMENT_3D('',#2246,#2247,#2248);
#2246 = CARTESIAN_POINT('',(2.25,-16.10931927886,11.665753923303));
#2247 = DIRECTION('',(0.,-4.361938730428E-02,0.999048221585));
#2248 = DIRECTION('',(1.,0.,0.));
#2249 = VECTOR('',#2250,1.);
#2250 = DIRECTION('',(0.,4.361938736534E-02,-0.999048221582));
#2251 = ADVANCED_FACE('',(#2252),#2270,.T.);
#2252 = FACE_BOUND('',#2253,.T.);
#2253 = EDGE_LOOP('',(#2254,#2262,#2268,#2269));
#2254 = ORIENTED_EDGE('',*,*,#2255,.T.);
#2255 = EDGE_CURVE('',#1208,#2256,#2258,.T.);
#2256 = VERTEX_POINT('',#2257);
#2257 = CARTESIAN_POINT('',(3.75,-71.1093147307,10.465545484108));
#2258 = LINE('',#2259,#2260);
#2259 = CARTESIAN_POINT('',(3.75,-71.05697146586,9.266687618209));
#2260 = VECTOR('',#2261,1.);
#2261 = DIRECTION('',(0.,-4.361938736534E-02,0.999048221582));
#2262 = ORIENTED_EDGE('',*,*,#2263,.T.);
#2263 = EDGE_CURVE('',#2256,#2221,#2264,.T.);
#2264 = LINE('',#2265,#2266);
#2265 = CARTESIAN_POINT('',(3.75,-71.1093147307,10.465545484108));
#2266 = VECTOR('',#2267,1.);
#2267 = DIRECTION('',(8.074349270001E-18,0.999048221582,
    4.361938736534E-02));
#2268 = ORIENTED_EDGE('',*,*,#2220,.F.);
#2269 = ORIENTED_EDGE('',*,*,#1207,.F.);
#2270 = PLANE('',#2271);
#2271 = AXIS2_PLACEMENT_3D('',#2272,#2273,#2274);
#2272 = CARTESIAN_POINT('',(3.75,-71.05697146586,9.266687618209));
#2273 = DIRECTION('',(-1.,8.066664278625E-18,3.521981685312E-19));
#2274 = DIRECTION('',(8.074349270001E-18,0.999048221582,
    4.361938736534E-02));
#2275 = ADVANCED_FACE('',(#2276),#2294,.F.);
#2276 = FACE_BOUND('',#2277,.F.);
#2277 = EDGE_LOOP('',(#2278,#2286,#2292,#2293));
#2278 = ORIENTED_EDGE('',*,*,#2279,.T.);
#2279 = EDGE_CURVE('',#1216,#2280,#2282,.T.);
#2280 = VERTEX_POINT('',#2281);
#2281 = CARTESIAN_POINT('',(0.75,-71.1093147307,10.465545484108));
#2282 = LINE('',#2283,#2284);
#2283 = CARTESIAN_POINT('',(0.75,-71.05697146586,9.266687618209));
#2284 = VECTOR('',#2285,1.);
#2285 = DIRECTION('',(0.,-4.361938736534E-02,0.999048221582));
#2286 = ORIENTED_EDGE('',*,*,#2287,.T.);
#2287 = EDGE_CURVE('',#2280,#2229,#2288,.T.);
#2288 = LINE('',#2289,#2290);
#2289 = CARTESIAN_POINT('',(0.75,-71.1093147307,10.465545484108));
#2290 = VECTOR('',#2291,1.);
#2291 = DIRECTION('',(8.074349270001E-18,0.999048221582,
    4.361938736534E-02));
#2292 = ORIENTED_EDGE('',*,*,#2237,.F.);
#2293 = ORIENTED_EDGE('',*,*,#1224,.F.);
#2294 = PLANE('',#2295);
#2295 = AXIS2_PLACEMENT_3D('',#2296,#2297,#2298);
#2296 = CARTESIAN_POINT('',(0.75,-71.05697146586,9.266687618209));
#2297 = DIRECTION('',(-1.,8.066664278625E-18,3.521981685312E-19));
#2298 = DIRECTION('',(8.074349270001E-18,0.999048221582,
    4.361938736534E-02));
#2299 = ADVANCED_FACE('',(#2300),#2312,.T.);
#2300 = FACE_BOUND('',#2301,.T.);
#2301 = EDGE_LOOP('',(#2302,#2303,#2310,#2311));
#2302 = ORIENTED_EDGE('',*,*,#2279,.T.);
#2303 = ORIENTED_EDGE('',*,*,#2304,.T.);
#2304 = EDGE_CURVE('',#2280,#2256,#2305,.T.);
#2305 = CIRCLE('',#2306,1.5);
#2306 = AXIS2_PLACEMENT_3D('',#2307,#2308,#2309);
#2307 = CARTESIAN_POINT('',(2.25,-71.1093147307,10.465545484108));
#2308 = DIRECTION('',(0.,-4.361938730428E-02,0.999048221585));
#2309 = DIRECTION('',(1.,0.,0.));
#2310 = ORIENTED_EDGE('',*,*,#2255,.F.);
#2311 = ORIENTED_EDGE('',*,*,#1215,.F.);
#2312 = SURFACE_OF_LINEAR_EXTRUSION('',#2313,#2318);
#2313 = CIRCLE('',#2314,1.5);
#2314 = AXIS2_PLACEMENT_3D('',#2315,#2316,#2317);
#2315 = CARTESIAN_POINT('',(2.25,-71.05697146586,9.266687618209));
#2316 = DIRECTION('',(0.,-4.361938730428E-02,0.999048221585));
#2317 = DIRECTION('',(1.,0.,0.));
#2318 = VECTOR('',#2319,1.);
#2319 = DIRECTION('',(0.,4.361938736534E-02,-0.999048221582));
#2320 = ADVANCED_FACE('',(#2321),#2347,.T.);
#2321 = FACE_BOUND('',#2322,.T.);
#2322 = EDGE_LOOP('',(#2323,#2331,#2340,#2346));
#2323 = ORIENTED_EDGE('',*,*,#2324,.T.);
#2324 = EDGE_CURVE('',#1233,#2325,#2327,.T.);
#2325 = VERTEX_POINT('',#2326);
#2326 = CARTESIAN_POINT('',(70.766666666666,-3.82341700768,
    13.403311223187));
#2327 = LINE('',#2328,#2329);
#2328 = CARTESIAN_POINT('',(70.766666666666,-3.771073742841,
    12.204453357288));
#2329 = VECTOR('',#2330,1.);
#2330 = DIRECTION('',(0.,-4.361938736534E-02,0.999048221582));
#2331 = ORIENTED_EDGE('',*,*,#2332,.T.);
#2332 = EDGE_CURVE('',#2325,#2333,#2335,.T.);
#2333 = VERTEX_POINT('',#2334);
#2334 = CARTESIAN_POINT('',(70.766666666668,-0.82627234293,
    13.534169385191));
#2335 = CIRCLE('',#2336,1.5);
#2336 = AXIS2_PLACEMENT_3D('',#2337,#2338,#2339);
#2337 = CARTESIAN_POINT('',(70.766666666667,-2.324844675305,
    13.468740304189));
#2338 = DIRECTION('',(0.,-4.361938730428E-02,0.999048221585));
#2339 = DIRECTION('',(1.,0.,0.));
#2340 = ORIENTED_EDGE('',*,*,#2341,.F.);
#2341 = EDGE_CURVE('',#1235,#2333,#2342,.T.);
#2342 = LINE('',#2343,#2344);
#2343 = CARTESIAN_POINT('',(70.766666666668,-0.773929078092,
    12.335311519293));
#2344 = VECTOR('',#2345,1.);
#2345 = DIRECTION('',(0.,-4.361938736534E-02,0.999048221582));
#2346 = ORIENTED_EDGE('',*,*,#1232,.F.);
#2347 = SURFACE_OF_LINEAR_EXTRUSION('',#2348,#2353);
#2348 = CIRCLE('',#2349,1.5);
#2349 = AXIS2_PLACEMENT_3D('',#2350,#2351,#2352);
#2350 = CARTESIAN_POINT('',(70.766666666667,-2.272501410467,
    12.269882438291));
#2351 = DIRECTION('',(0.,-4.361938730428E-02,0.999048221585));
#2352 = DIRECTION('',(1.,0.,0.));
#2353 = VECTOR('',#2354,1.);
#2354 = DIRECTION('',(0.,4.361938736534E-02,-0.999048221582));
#2355 = ADVANCED_FACE('',(#2356),#2374,.T.);
#2356 = FACE_BOUND('',#2357,.T.);
#2357 = EDGE_LOOP('',(#2358,#2366,#2372,#2373));
#2358 = ORIENTED_EDGE('',*,*,#2359,.T.);
#2359 = EDGE_CURVE('',#1244,#2360,#2362,.T.);
#2360 = VERTEX_POINT('',#2361);
#2361 = CARTESIAN_POINT('',(15.766666666666,-3.82341700765,
    13.403311223188));
#2362 = LINE('',#2363,#2364);
#2363 = CARTESIAN_POINT('',(15.766666666666,-3.771073742811,
    12.20445335729));
#2364 = VECTOR('',#2365,1.);
#2365 = DIRECTION('',(0.,-4.361938736534E-02,0.999048221582));
#2366 = ORIENTED_EDGE('',*,*,#2367,.T.);
#2367 = EDGE_CURVE('',#2360,#2325,#2368,.T.);
#2368 = LINE('',#2369,#2370);
#2369 = CARTESIAN_POINT('',(15.766666666666,-3.823417007648,
    13.403311223142));
#2370 = VECTOR('',#2371,1.);
#2371 = DIRECTION('',(1.,-5.467746381338E-13,-2.387269625938E-14));
#2372 = ORIENTED_EDGE('',*,*,#2324,.F.);
#2373 = ORIENTED_EDGE('',*,*,#1243,.F.);
#2374 = PLANE('',#2375);
#2375 = AXIS2_PLACEMENT_3D('',#2376,#2377,#2378);
#2376 = CARTESIAN_POINT('',(15.766666666666,-3.771073742809,
    12.204453357244));
#2377 = DIRECTION('',(5.472955422192E-13,0.999048221582,
    4.361938736534E-02));
#2378 = DIRECTION('',(1.,-5.467746381338E-13,-2.387269625938E-14));
#2379 = ADVANCED_FACE('',(#2380),#2398,.F.);
#2380 = FACE_BOUND('',#2381,.F.);
#2381 = EDGE_LOOP('',(#2382,#2390,#2396,#2397));
#2382 = ORIENTED_EDGE('',*,*,#2383,.T.);
#2383 = EDGE_CURVE('',#1252,#2384,#2386,.T.);
#2384 = VERTEX_POINT('',#2385);
#2385 = CARTESIAN_POINT('',(15.766666666668,-0.8262723429,
    13.534169385192));
#2386 = LINE('',#2387,#2388);
#2387 = CARTESIAN_POINT('',(15.766666666668,-0.773929078062,
    12.335311519294));
#2388 = VECTOR('',#2389,1.);
#2389 = DIRECTION('',(0.,-4.361938736534E-02,0.999048221582));
#2390 = ORIENTED_EDGE('',*,*,#2391,.T.);
#2391 = EDGE_CURVE('',#2384,#2333,#2392,.T.);
#2392 = LINE('',#2393,#2394);
#2393 = CARTESIAN_POINT('',(15.766666666668,-0.826272342902,
    13.534169385238));
#2394 = VECTOR('',#2395,1.);
#2395 = DIRECTION('',(1.,-5.467716131347E-13,-2.387256418507E-14));
#2396 = ORIENTED_EDGE('',*,*,#2341,.F.);
#2397 = ORIENTED_EDGE('',*,*,#1260,.F.);
#2398 = PLANE('',#2399);
#2399 = AXIS2_PLACEMENT_3D('',#2400,#2401,#2402);
#2400 = CARTESIAN_POINT('',(15.766666666668,-0.773929078064,
    12.33531151934));
#2401 = DIRECTION('',(5.472925143382E-13,0.999048221582,
    4.361938736534E-02));
#2402 = DIRECTION('',(1.,-5.467716131347E-13,-2.387256418507E-14));
#2403 = ADVANCED_FACE('',(#2404),#2416,.T.);
#2404 = FACE_BOUND('',#2405,.T.);
#2405 = EDGE_LOOP('',(#2406,#2407,#2414,#2415));
#2406 = ORIENTED_EDGE('',*,*,#2383,.T.);
#2407 = ORIENTED_EDGE('',*,*,#2408,.T.);
#2408 = EDGE_CURVE('',#2384,#2360,#2409,.T.);
#2409 = CIRCLE('',#2410,1.5);
#2410 = AXIS2_PLACEMENT_3D('',#2411,#2412,#2413);
#2411 = CARTESIAN_POINT('',(15.766666666667,-2.324844675275,
    13.46874030419));
#2412 = DIRECTION('',(0.,-4.361938730428E-02,0.999048221585));
#2413 = DIRECTION('',(1.,0.,0.));
#2414 = ORIENTED_EDGE('',*,*,#2359,.F.);
#2415 = ORIENTED_EDGE('',*,*,#1251,.F.);
#2416 = SURFACE_OF_LINEAR_EXTRUSION('',#2417,#2422);
#2417 = CIRCLE('',#2418,1.5);
#2418 = AXIS2_PLACEMENT_3D('',#2419,#2420,#2421);
#2419 = CARTESIAN_POINT('',(15.766666666667,-2.272501410436,
    12.269882438292));
#2420 = DIRECTION('',(0.,-4.361938730428E-02,0.999048221585));
#2421 = DIRECTION('',(1.,0.,0.));
#2422 = VECTOR('',#2423,1.);
#2423 = DIRECTION('',(0.,4.361938736534E-02,-0.999048221582));
#2424 = ADVANCED_FACE('',(#2425),#2444,.F.);
#2425 = FACE_BOUND('',#2426,.T.);
#2426 = EDGE_LOOP('',(#2427,#2428,#2436,#2443));
#2427 = ORIENTED_EDGE('',*,*,#1268,.T.);
#2428 = ORIENTED_EDGE('',*,*,#2429,.T.);
#2429 = EDGE_CURVE('',#1269,#2430,#2432,.T.);
#2430 = VERTEX_POINT('',#2431);
#2431 = CARTESIAN_POINT('',(4.218036336013,-3.509792147834,
    13.652275108883));
#2432 = LINE('',#2433,#2434);
#2433 = CARTESIAN_POINT('',(4.218036336013,-3.422553373225,
    11.654178665714));
#2434 = VECTOR('',#2435,1.);
#2435 = DIRECTION('',(0.,-4.361938730428E-02,0.999048221585));
#2436 = ORIENTED_EDGE('',*,*,#2437,.T.);
#2437 = EDGE_CURVE('',#2430,#2430,#2438,.T.);
#2438 = CIRCLE('',#2439,0.8);
#2439 = AXIS2_PLACEMENT_3D('',#2440,#2441,#2442);
#2440 = CARTESIAN_POINT('',(3.418036336013,-3.509792147834,
    13.652275108883));
#2441 = DIRECTION('',(0.,-4.361938730428E-02,0.999048221585));
#2442 = DIRECTION('',(1.,0.,0.));
#2443 = ORIENTED_EDGE('',*,*,#2429,.F.);
#2444 = CYLINDRICAL_SURFACE('',#2445,0.8);
#2445 = AXIS2_PLACEMENT_3D('',#2446,#2447,#2448);
#2446 = CARTESIAN_POINT('',(3.418036336013,-3.422553373225,
    11.654178665714));
#2447 = DIRECTION('',(0.,4.361938730428E-02,-0.999048221585));
#2448 = DIRECTION('',(1.,0.,0.));
#2449 = ADVANCED_FACE('',(#2450),#2453,.F.);
#2450 = FACE_BOUND('',#2451,.F.);
#2451 = EDGE_LOOP('',(#2452));
#2452 = ORIENTED_EDGE('',*,*,#1430,.T.);
#2453 = PLANE('',#2454);
#2454 = AXIS2_PLACEMENT_3D('',#2455,#2456,#2457);
#2455 = CARTESIAN_POINT('',(119.79999999999,-43.6457412355,
    11.899901729645));
#2456 = DIRECTION('',(0.,-4.361938730428E-02,0.999048221585));
#2457 = DIRECTION('',(0.,0.999048221585,4.361938730428E-02));
#2458 = ADVANCED_FACE('',(#2459),#2465,.F.);
#2459 = FACE_BOUND('',#2460,.F.);
#2460 = EDGE_LOOP('',(#2461,#2462,#2463,#2464));
#2461 = ORIENTED_EDGE('',*,*,#1454,.T.);
#2462 = ORIENTED_EDGE('',*,*,#1506,.T.);
#2463 = ORIENTED_EDGE('',*,*,#1530,.T.);
#2464 = ORIENTED_EDGE('',*,*,#1482,.F.);
#2465 = PLANE('',#2466);
#2466 = AXIS2_PLACEMENT_3D('',#2467,#2468,#2469);
#2467 = CARTESIAN_POINT('',(119.8000018496,-43.63548726858,
    11.66507869641));
#2468 = DIRECTION('',(0.,-4.361938736531E-02,0.999048221582));
#2469 = DIRECTION('',(0.,0.999048221582,4.361938736531E-02));
#2470 = ADVANCED_FACE('',(#2471),#2474,.F.);
#2471 = FACE_BOUND('',#2472,.F.);
#2472 = EDGE_LOOP('',(#2473));
#2473 = ORIENTED_EDGE('',*,*,#1559,.T.);
#2474 = PLANE('',#2475);
#2475 = AXIS2_PLACEMENT_3D('',#2476,#2477,#2478);
#2476 = CARTESIAN_POINT('',(119.79999999999,-43.6457412355,
    11.899901729645));
#2477 = DIRECTION('',(0.,-4.361938730428E-02,0.999048221585));
#2478 = DIRECTION('',(0.,0.999048221585,4.361938730428E-02));
#2479 = ADVANCED_FACE('',(#2480),#2486,.F.);
#2480 = FACE_BOUND('',#2481,.F.);
#2481 = EDGE_LOOP('',(#2482,#2483,#2484,#2485));
#2482 = ORIENTED_EDGE('',*,*,#1583,.T.);
#2483 = ORIENTED_EDGE('',*,*,#1635,.T.);
#2484 = ORIENTED_EDGE('',*,*,#1659,.T.);
#2485 = ORIENTED_EDGE('',*,*,#1611,.F.);
#2486 = PLANE('',#2487);
#2487 = AXIS2_PLACEMENT_3D('',#2488,#2489,#2490);
#2488 = CARTESIAN_POINT('',(119.8000018496,-43.63548726858,
    11.66507869641));
#2489 = DIRECTION('',(0.,-4.361938736531E-02,0.999048221582));
#2490 = DIRECTION('',(0.,0.999048221582,4.361938736531E-02));
#2491 = ADVANCED_FACE('',(#2492),#2498,.F.);
#2492 = FACE_BOUND('',#2493,.F.);
#2493 = EDGE_LOOP('',(#2494,#2495,#2496,#2497));
#2494 = ORIENTED_EDGE('',*,*,#1687,.T.);
#2495 = ORIENTED_EDGE('',*,*,#1739,.T.);
#2496 = ORIENTED_EDGE('',*,*,#1763,.T.);
#2497 = ORIENTED_EDGE('',*,*,#1715,.F.);
#2498 = PLANE('',#2499);
#2499 = AXIS2_PLACEMENT_3D('',#2500,#2501,#2502);
#2500 = CARTESIAN_POINT('',(119.8000018496,-43.63548726858,
    11.66507869641));
#2501 = DIRECTION('',(0.,-4.361938736531E-02,0.999048221582));
#2502 = DIRECTION('',(0.,0.999048221582,4.361938736531E-02));
#2503 = ADVANCED_FACE('',(#2504),#2507,.F.);
#2504 = FACE_BOUND('',#2505,.F.);
#2505 = EDGE_LOOP('',(#2506));
#2506 = ORIENTED_EDGE('',*,*,#1792,.T.);
#2507 = PLANE('',#2508);
#2508 = AXIS2_PLACEMENT_3D('',#2509,#2510,#2511);
#2509 = CARTESIAN_POINT('',(119.79999999999,-43.6457412355,
    11.899901729645));
#2510 = DIRECTION('',(0.,-4.361938730428E-02,0.999048221585));
#2511 = DIRECTION('',(0.,0.999048221585,4.361938730428E-02));
#2512 = ADVANCED_FACE('',(#2513),#2519,.F.);
#2513 = FACE_BOUND('',#2514,.F.);
#2514 = EDGE_LOOP('',(#2515,#2516,#2517,#2518));
#2515 = ORIENTED_EDGE('',*,*,#1816,.T.);
#2516 = ORIENTED_EDGE('',*,*,#1868,.T.);
#2517 = ORIENTED_EDGE('',*,*,#1892,.T.);
#2518 = ORIENTED_EDGE('',*,*,#1844,.F.);
#2519 = PLANE('',#2520);
#2520 = AXIS2_PLACEMENT_3D('',#2521,#2522,#2523);
#2521 = CARTESIAN_POINT('',(119.8000018496,-43.63548726858,
    11.66507869641));
#2522 = DIRECTION('',(0.,-4.361938736531E-02,0.999048221582));
#2523 = DIRECTION('',(0.,0.999048221582,4.361938736531E-02));
#2524 = ADVANCED_FACE('',(#2525),#2528,.F.);
#2525 = FACE_BOUND('',#2526,.F.);
#2526 = EDGE_LOOP('',(#2527));
#2527 = ORIENTED_EDGE('',*,*,#1921,.T.);
#2528 = PLANE('',#2529);
#2529 = AXIS2_PLACEMENT_3D('',#2530,#2531,#2532);
#2530 = CARTESIAN_POINT('',(119.79999999999,-43.6457412355,
    11.899901729645));
#2531 = DIRECTION('',(0.,-4.361938730428E-02,0.999048221585));
#2532 = DIRECTION('',(0.,0.999048221585,4.361938730428E-02));
#2533 = ADVANCED_FACE('',(#2534),#2540,.F.);
#2534 = FACE_BOUND('',#2535,.F.);
#2535 = EDGE_LOOP('',(#2536,#2537,#2538,#2539));
#2536 = ORIENTED_EDGE('',*,*,#1945,.T.);
#2537 = ORIENTED_EDGE('',*,*,#1997,.T.);
#2538 = ORIENTED_EDGE('',*,*,#2021,.T.);
#2539 = ORIENTED_EDGE('',*,*,#1973,.F.);
#2540 = PLANE('',#2541);
#2541 = AXIS2_PLACEMENT_3D('',#2542,#2543,#2544);
#2542 = CARTESIAN_POINT('',(119.8000018496,-43.63548726858,
    11.66507869641));
#2543 = DIRECTION('',(0.,-4.361938736531E-02,0.999048221582));
#2544 = DIRECTION('',(0.,0.999048221582,4.361938736531E-02));
#2545 = ADVANCED_FACE('',(#2546),#2549,.F.);
#2546 = FACE_BOUND('',#2547,.F.);
#2547 = EDGE_LOOP('',(#2548));
#2548 = ORIENTED_EDGE('',*,*,#2050,.T.);
#2549 = PLANE('',#2550);
#2550 = AXIS2_PLACEMENT_3D('',#2551,#2552,#2553);
#2551 = CARTESIAN_POINT('',(119.79999999999,-43.6457412355,
    11.899901729645));
#2552 = DIRECTION('',(0.,-4.361938730428E-02,0.999048221585));
#2553 = DIRECTION('',(0.,0.999048221585,4.361938730428E-02));
#2554 = ADVANCED_FACE('',(#2555),#2561,.F.);
#2555 = FACE_BOUND('',#2556,.F.);
#2556 = EDGE_LOOP('',(#2557,#2558,#2559,#2560));
#2557 = ORIENTED_EDGE('',*,*,#2074,.T.);
#2558 = ORIENTED_EDGE('',*,*,#2126,.T.);
#2559 = ORIENTED_EDGE('',*,*,#2150,.T.);
#2560 = ORIENTED_EDGE('',*,*,#2102,.F.);
#2561 = PLANE('',#2562);
#2562 = AXIS2_PLACEMENT_3D('',#2563,#2564,#2565);
#2563 = CARTESIAN_POINT('',(119.8000018496,-43.63548726858,
    11.66507869641));
#2564 = DIRECTION('',(0.,-4.361938736531E-02,0.999048221582));
#2565 = DIRECTION('',(0.,0.999048221582,4.361938736531E-02));
#2566 = ADVANCED_FACE('',(#2567),#2570,.F.);
#2567 = FACE_BOUND('',#2568,.F.);
#2568 = EDGE_LOOP('',(#2569));
#2569 = ORIENTED_EDGE('',*,*,#2179,.T.);
#2570 = PLANE('',#2571);
#2571 = AXIS2_PLACEMENT_3D('',#2572,#2573,#2574);
#2572 = CARTESIAN_POINT('',(119.79999999999,-43.6457412355,
    11.899901729645));
#2573 = DIRECTION('',(0.,-4.361938730428E-02,0.999048221585));
#2574 = DIRECTION('',(0.,0.999048221585,4.361938730428E-02));
#2575 = ADVANCED_FACE('',(#2576),#2579,.F.);
#2576 = FACE_BOUND('',#2577,.F.);
#2577 = EDGE_LOOP('',(#2578));
#2578 = ORIENTED_EDGE('',*,*,#2204,.T.);
#2579 = PLANE('',#2580);
#2580 = AXIS2_PLACEMENT_3D('',#2581,#2582,#2583);
#2581 = CARTESIAN_POINT('',(119.79999999999,-43.6457412355,
    11.899901729645));
#2582 = DIRECTION('',(0.,-4.361938730428E-02,0.999048221585));
#2583 = DIRECTION('',(0.,0.999048221585,4.361938730428E-02));
#2584 = ADVANCED_FACE('',(#2585),#2591,.F.);
#2585 = FACE_BOUND('',#2586,.F.);
#2586 = EDGE_LOOP('',(#2587,#2588,#2589,#2590));
#2587 = ORIENTED_EDGE('',*,*,#2228,.T.);
#2588 = ORIENTED_EDGE('',*,*,#2287,.F.);
#2589 = ORIENTED_EDGE('',*,*,#2304,.T.);
#2590 = ORIENTED_EDGE('',*,*,#2263,.T.);
#2591 = PLANE('',#2592);
#2592 = AXIS2_PLACEMENT_3D('',#2593,#2594,#2595);
#2593 = CARTESIAN_POINT('',(119.8000018496,-43.63548726858,
    11.66507869641));
#2594 = DIRECTION('',(0.,-4.361938736531E-02,0.999048221582));
#2595 = DIRECTION('',(0.,0.999048221582,4.361938736531E-02));
#2596 = ADVANCED_FACE('',(#2597),#2603,.F.);
#2597 = FACE_BOUND('',#2598,.F.);
#2598 = EDGE_LOOP('',(#2599,#2600,#2601,#2602));
#2599 = ORIENTED_EDGE('',*,*,#2332,.T.);
#2600 = ORIENTED_EDGE('',*,*,#2391,.F.);
#2601 = ORIENTED_EDGE('',*,*,#2408,.T.);
#2602 = ORIENTED_EDGE('',*,*,#2367,.T.);
#2603 = PLANE('',#2604);
#2604 = AXIS2_PLACEMENT_3D('',#2605,#2606,#2607);
#2605 = CARTESIAN_POINT('',(119.8000018496,-43.63548726858,
    11.66507869641));
#2606 = DIRECTION('',(0.,-4.361938736531E-02,0.999048221582));
#2607 = DIRECTION('',(0.,0.999048221582,4.361938736531E-02));
#2608 = ADVANCED_FACE('',(#2609),#2612,.F.);
#2609 = FACE_BOUND('',#2610,.F.);
#2610 = EDGE_LOOP('',(#2611));
#2611 = ORIENTED_EDGE('',*,*,#2437,.T.);
#2612 = PLANE('',#2613);
#2613 = AXIS2_PLACEMENT_3D('',#2614,#2615,#2616);
#2614 = CARTESIAN_POINT('',(119.79999999999,-43.6457412355,
    11.899901729645));
#2615 = DIRECTION('',(0.,-4.361938730428E-02,0.999048221585));
#2616 = DIRECTION('',(0.,0.999048221585,4.361938730428E-02));
#2617 = ( GEOMETRIC_REPRESENTATION_CONTEXT(3) 
GLOBAL_UNCERTAINTY_ASSIGNED_CONTEXT((#2621)) 
GLOBAL_UNIT_ASSIGNED_CONTEXT((#2618,#2619,#2620)) REPRESENTATION_CONTEXT
('Context #1','3D Context with UNIT and UNCERTAINTY') );
#2618 = ( LENGTH_UNIT() NAMED_UNIT(*) SI_UNIT(.MILLI.,.METRE.) );
#2619 = ( NAMED_UNIT(*) PLANE_ANGLE_UNIT() SI_UNIT($,.RADIAN.) );
#2620 = ( NAMED_UNIT(*) SI_UNIT($,.STERADIAN.) SOLID_ANGLE_UNIT() );
#2621 = UNCERTAINTY_MEASURE_WITH_UNIT(LENGTH_MEASURE(1.E-07),#2618,
  'distance_accuracy_value','confusion accuracy');
#2622 = PRODUCT_RELATED_PRODUCT_CATEGORY('part',$,(#7));
#2623 = MECHANICAL_DESIGN_GEOMETRIC_PRESENTATION_REPRESENTATION('',(
    #2624),#2617);
#2624 = STYLED_ITEM('color',(#2625),#15);
#2625 = PRESENTATION_STYLE_ASSIGNMENT((#2626,#2632));
#2626 = SURFACE_STYLE_USAGE(.BOTH.,#2627);
#2627 = SURFACE_SIDE_STYLE('',(#2628));
#2628 = SURFACE_STYLE_FILL_AREA(#2629);
#2629 = FILL_AREA_STYLE('',(#2630));
#2630 = FILL_AREA_STYLE_COLOUR('',#2631);
#2631 = COLOUR_RGB('',0.447058818107,0.474509808674,0.501960817233);
#2632 = CURVE_STYLE('',#2633,POSITIVE_LENGTH_MEASURE(0.1),#2634);
#2633 = DRAUGHTING_PRE_DEFINED_CURVE_FONT('continuous');
#2634 = COLOUR_RGB('',8.235294228292E-02,8.235294228292E-02,
  8.627451068925E-02);
ENDSEC;
END-ISO-10303-21;
