ISO-10303-21;
HEADER;
FILE_DESCRIPTION(('Open CASCADE Model'),'2;1');
FILE_NAME('Open CASCADE Shape Model','2026-07-18T11:48:16',('Author'),(
    'Open CASCADE'),'Open CASCADE STEP processor 7.9','Open CASCADE 7.9'
  ,'Unknown');
FILE_SCHEMA(('AUTOMOTIVE_DESIGN { 1 0 10303 214 1 1 1 1 }'));
ENDSEC;
DATA;
#1 = APPLICATION_PROTOCOL_DEFINITION('international standard',
  'automotive_design',2000,#2);
#2 = APPLICATION_CONTEXT(
  'core data for automotive mechanical design processes');
#3 = SHAPE_DEFINITION_REPRESENTATION(#4,#10);
#4 = PRODUCT_DEFINITION_SHAPE('','',#5);
#5 = PRODUCT_DEFINITION('design','',#6,#9);
#6 = PRODUCT_DEFINITION_FORMATION('','',#7);
#7 = PRODUCT('Open CASCADE STEP translator 7.9 1',
  'Open CASCADE STEP translator 7.9 1','',(#8));
#8 = PRODUCT_CONTEXT('',#2,'mechanical');
#9 = PRODUCT_DEFINITION_CONTEXT('part definition',#2,'design');
#10 = ADVANCED_BREP_SHAPE_REPRESENTATION('',(#11,#15),#8024);
#11 = AXIS2_PLACEMENT_3D('',#12,#13,#14);
#12 = CARTESIAN_POINT('',(0.,0.,0.));
#13 = DIRECTION('',(0.,0.,1.));
#14 = DIRECTION('',(1.,0.,-0.));
#15 = MANIFOLD_SOLID_BREP('',#16);
#16 = CLOSED_SHELL('',(#17,#396,#472,#526,#580,#634,#688,#742,#796,#850,
    #904,#958,#1012,#1044,#1550,#1626,#1675,#1724,#1773,#1822,#1871,
    #1920,#1969,#2018,#2067,#2116,#2143,#2226,#2281,#2335,#2409,#2464,
    #2519,#2573,#2647,#2702,#2758,#2812,#2886,#2941,#2996,#3050,#3096,
    #3111,#3189,#3240,#3291,#3320,#3833,#4269,#4389,#4515,#4919,#5530,
    #5656,#5776,#6168,#6553,#6665,#6800,#7045,#7526,#7651,#7773,#8013));
#17 = ADVANCED_FACE('',(#18,#361),#32,.T.);
#18 = FACE_BOUND('',#19,.T.);
#19 = EDGE_LOOP('',(#20,#55,#83,#111,#139,#167,#195,#223,#251,#279,#307,
    #335));
#20 = ORIENTED_EDGE('',*,*,#21,.F.);
#21 = EDGE_CURVE('',#22,#24,#26,.T.);
#22 = VERTEX_POINT('',#23);
#23 = CARTESIAN_POINT('',(0.76,2.275,0.6));
#24 = VERTEX_POINT('',#25);
#25 = CARTESIAN_POINT('',(0.76,0.835,0.6));
#26 = SURFACE_CURVE('',#27,(#31,#43),.PCURVE_S1.);
#27 = LINE('',#28,#29);
#28 = CARTESIAN_POINT('',(0.76,2.075,0.6));
#29 = VECTOR('',#30,1.);
#30 = DIRECTION('',(0.,-1.,0.));
#31 = PCURVE('',#32,#37);
#32 = PLANE('',#33);
#33 = AXIS2_PLACEMENT_3D('',#34,#35,#36);
#34 = CARTESIAN_POINT('',(-2.486254786435E-16,-1.205344939993E-17,0.6));
#35 = DIRECTION('',(-0.,-0.,-1.));
#36 = DIRECTION('',(-1.,0.,0.));
#37 = DEFINITIONAL_REPRESENTATION('',(#38),#42);
#38 = LINE('',#39,#40);
#39 = CARTESIAN_POINT('',(-0.76,2.075));
#40 = VECTOR('',#41,1.);
#41 = DIRECTION('',(0.,-1.));
#42 = ( GEOMETRIC_REPRESENTATION_CONTEXT(2) 
PARAMETRIC_REPRESENTATION_CONTEXT() REPRESENTATION_CONTEXT('2D SPACE',''
  ) );
#43 = PCURVE('',#44,#49);
#44 = PLANE('',#45);
#45 = AXIS2_PLACEMENT_3D('',#46,#47,#48);
#46 = CARTESIAN_POINT('',(0.66,2.075,0.7));
#47 = DIRECTION('',(0.707106781187,-1.47866463162E-18,0.707106781187));
#48 = DIRECTION('',(1.04557378812E-18,1.,1.04557378812E-18));
#49 = DEFINITIONAL_REPRESENTATION('',(#50),#54);
#50 = LINE('',#51,#52);
#51 = CARTESIAN_POINT('',(-0.,-0.141421356237));
#52 = VECTOR('',#53,1.);
#53 = DIRECTION('',(-1.,0.));
#54 = ( GEOMETRIC_REPRESENTATION_CONTEXT(2) 
PARAMETRIC_REPRESENTATION_CONTEXT() REPRESENTATION_CONTEXT('2D SPACE',''
  ) );
#55 = ORIENTED_EDGE('',*,*,#56,.F.);
#56 = EDGE_CURVE('',#57,#22,#59,.T.);
#57 = VERTEX_POINT('',#58);
#58 = CARTESIAN_POINT('',(-0.76,2.275,0.6));
#59 = SURFACE_CURVE('',#60,(#64,#71),.PCURVE_S1.);
#60 = LINE('',#61,#62);
#61 = CARTESIAN_POINT('',(-0.56,2.275,0.6));
#62 = VECTOR('',#63,1.);
#63 = DIRECTION('',(1.,-0.,0.));
#64 = PCURVE('',#32,#65);
#65 = DEFINITIONAL_REPRESENTATION('',(#66),#70);
#66 = LINE('',#67,#68);
#67 = CARTESIAN_POINT('',(0.56,2.275));
#68 = VECTOR('',#69,1.);
#69 = DIRECTION('',(-1.,0.));
#70 = ( GEOMETRIC_REPRESENTATION_CONTEXT(2) 
PARAMETRIC_REPRESENTATION_CONTEXT() REPRESENTATION_CONTEXT('2D SPACE',''
  ) );
#71 = PCURVE('',#72,#77);
#72 = PLANE('',#73);
#73 = AXIS2_PLACEMENT_3D('',#74,#75,#76);
#74 = CARTESIAN_POINT('',(-0.56,2.175,0.7));
#75 = DIRECTION('',(-1.18091410828E-18,0.707106781187,0.707106781187));
#76 = DIRECTION('',(-1.,-8.350323739637E-19,-8.350323739637E-19));
#77 = DEFINITIONAL_REPRESENTATION('',(#78),#82);
#78 = LINE('',#79,#80);
#79 = CARTESIAN_POINT('',(-0.,-0.141421356237));
#80 = VECTOR('',#81,1.);
#81 = DIRECTION('',(-1.,0.));
#82 = ( GEOMETRIC_REPRESENTATION_CONTEXT(2) 
PARAMETRIC_REPRESENTATION_CONTEXT() REPRESENTATION_CONTEXT('2D SPACE',''
  ) );
#83 = ORIENTED_EDGE('',*,*,#84,.T.);
#84 = EDGE_CURVE('',#57,#85,#87,.T.);
#85 = VERTEX_POINT('',#86);
#86 = CARTESIAN_POINT('',(-0.76,0.835,0.6));
#87 = SURFACE_CURVE('',#88,(#92,#99),.PCURVE_S1.);
#88 = LINE('',#89,#90);
#89 = CARTESIAN_POINT('',(-0.76,2.075,0.6));
#90 = VECTOR('',#91,1.);
#91 = DIRECTION('',(0.,-1.,0.));
#92 = PCURVE('',#32,#93);
#93 = DEFINITIONAL_REPRESENTATION('',(#94),#98);
#94 = LINE('',#95,#96);
#95 = CARTESIAN_POINT('',(0.76,2.075));
#96 = VECTOR('',#97,1.);
#97 = DIRECTION('',(0.,-1.));
#98 = ( GEOMETRIC_REPRESENTATION_CONTEXT(2) 
PARAMETRIC_REPRESENTATION_CONTEXT() REPRESENTATION_CONTEXT('2D SPACE',''
  ) );
#99 = PCURVE('',#100,#105);
#100 = PLANE('',#101);
#101 = AXIS2_PLACEMENT_3D('',#102,#103,#104);
#102 = CARTESIAN_POINT('',(-0.66,2.075,0.7));
#103 = DIRECTION('',(0.707106781187,1.47866463162E-18,-0.707106781187));
#104 = DIRECTION('',(-1.04557378812E-18,1.,1.04557378812E-18));
#105 = DEFINITIONAL_REPRESENTATION('',(#106),#110);
#106 = LINE('',#107,#108);
#107 = CARTESIAN_POINT('',(-0.,-0.141421356237));
#108 = VECTOR('',#109,1.);
#109 = DIRECTION('',(-1.,0.));
#110 = ( GEOMETRIC_REPRESENTATION_CONTEXT(2) 
PARAMETRIC_REPRESENTATION_CONTEXT() REPRESENTATION_CONTEXT('2D SPACE',''
  ) );
#111 = ORIENTED_EDGE('',*,*,#112,.F.);
#112 = EDGE_CURVE('',#113,#85,#115,.T.);
#113 = VERTEX_POINT('',#114);
#114 = CARTESIAN_POINT('',(-2.275,0.835,0.6));
#115 = SURFACE_CURVE('',#116,(#120,#127),.PCURVE_S1.);
#116 = LINE('',#117,#118);
#117 = CARTESIAN_POINT('',(-2.075,0.835,0.6));
#118 = VECTOR('',#119,1.);
#119 = DIRECTION('',(1.,-0.,0.));
#120 = PCURVE('',#32,#121);
#121 = DEFINITIONAL_REPRESENTATION('',(#122),#126);
#122 = LINE('',#123,#124);
#123 = CARTESIAN_POINT('',(2.075,0.835));
#124 = VECTOR('',#125,1.);
#125 = DIRECTION('',(-1.,0.));
#126 = ( GEOMETRIC_REPRESENTATION_CONTEXT(2) 
PARAMETRIC_REPRESENTATION_CONTEXT() REPRESENTATION_CONTEXT('2D SPACE',''
  ) );
#127 = PCURVE('',#128,#133);
#128 = PLANE('',#129);
#129 = AXIS2_PLACEMENT_3D('',#130,#131,#132);
#130 = CARTESIAN_POINT('',(-2.075,0.735,0.7));
#131 = DIRECTION('',(-4.446609921157E-19,0.707106781187,0.707106781187)
  );
#132 = DIRECTION('',(-1.,-3.144228028541E-19,-3.144228028541E-19));
#133 = DEFINITIONAL_REPRESENTATION('',(#134),#138);
#134 = LINE('',#135,#136);
#135 = CARTESIAN_POINT('',(-0.,-0.141421356237));
#136 = VECTOR('',#137,1.);
#137 = DIRECTION('',(-1.,0.));
#138 = ( GEOMETRIC_REPRESENTATION_CONTEXT(2) 
PARAMETRIC_REPRESENTATION_CONTEXT() REPRESENTATION_CONTEXT('2D SPACE',''
  ) );
#139 = ORIENTED_EDGE('',*,*,#140,.T.);
#140 = EDGE_CURVE('',#113,#141,#143,.T.);
#141 = VERTEX_POINT('',#142);
#142 = CARTESIAN_POINT('',(-2.275,-0.835,0.6));
#143 = SURFACE_CURVE('',#144,(#148,#155),.PCURVE_S1.);
#144 = LINE('',#145,#146);
#145 = CARTESIAN_POINT('',(-2.275,0.635,0.6));
#146 = VECTOR('',#147,1.);
#147 = DIRECTION('',(0.,-1.,0.));
#148 = PCURVE('',#32,#149);
#149 = DEFINITIONAL_REPRESENTATION('',(#150),#154);
#150 = LINE('',#151,#152);
#151 = CARTESIAN_POINT('',(2.275,0.635));
#152 = VECTOR('',#153,1.);
#153 = DIRECTION('',(0.,-1.));
#154 = ( GEOMETRIC_REPRESENTATION_CONTEXT(2) 
PARAMETRIC_REPRESENTATION_CONTEXT() REPRESENTATION_CONTEXT('2D SPACE',''
  ) );
#155 = PCURVE('',#156,#161);
#156 = PLANE('',#157);
#157 = AXIS2_PLACEMENT_3D('',#158,#159,#160);
#158 = CARTESIAN_POINT('',(-2.175,0.635,0.7));
#159 = DIRECTION('',(0.707106781187,-1.354702228823E-18,-0.707106781187)
  );
#160 = DIRECTION('',(9.579191324892E-19,1.,-9.579191324892E-19));
#161 = DEFINITIONAL_REPRESENTATION('',(#162),#166);
#162 = LINE('',#163,#164);
#163 = CARTESIAN_POINT('',(-0.,-0.141421356237));
#164 = VECTOR('',#165,1.);
#165 = DIRECTION('',(-1.,0.));
#166 = ( GEOMETRIC_REPRESENTATION_CONTEXT(2) 
PARAMETRIC_REPRESENTATION_CONTEXT() REPRESENTATION_CONTEXT('2D SPACE',''
  ) );
#167 = ORIENTED_EDGE('',*,*,#168,.T.);
#168 = EDGE_CURVE('',#141,#169,#171,.T.);
#169 = VERTEX_POINT('',#170);
#170 = CARTESIAN_POINT('',(-0.76,-0.835,0.6));
#171 = SURFACE_CURVE('',#172,(#176,#183),.PCURVE_S1.);
#172 = LINE('',#173,#174);
#173 = CARTESIAN_POINT('',(-2.075,-0.835,0.6));
#174 = VECTOR('',#175,1.);
#175 = DIRECTION('',(1.,-0.,0.));
#176 = PCURVE('',#32,#177);
#177 = DEFINITIONAL_REPRESENTATION('',(#178),#182);
#178 = LINE('',#179,#180);
#179 = CARTESIAN_POINT('',(2.075,-0.835));
#180 = VECTOR('',#181,1.);
#181 = DIRECTION('',(-1.,0.));
#182 = ( GEOMETRIC_REPRESENTATION_CONTEXT(2) 
PARAMETRIC_REPRESENTATION_CONTEXT() REPRESENTATION_CONTEXT('2D SPACE',''
  ) );
#183 = PCURVE('',#184,#189);
#184 = PLANE('',#185);
#185 = AXIS2_PLACEMENT_3D('',#186,#187,#188);
#186 = CARTESIAN_POINT('',(-2.075,-0.735,0.7));
#187 = DIRECTION('',(4.446609921157E-19,0.707106781187,-0.707106781187)
  );
#188 = DIRECTION('',(-1.,3.144228028541E-19,-3.144228028541E-19));
#189 = DEFINITIONAL_REPRESENTATION('',(#190),#194);
#190 = LINE('',#191,#192);
#191 = CARTESIAN_POINT('',(-0.,-0.141421356237));
#192 = VECTOR('',#193,1.);
#193 = DIRECTION('',(-1.,0.));
#194 = ( GEOMETRIC_REPRESENTATION_CONTEXT(2) 
PARAMETRIC_REPRESENTATION_CONTEXT() REPRESENTATION_CONTEXT('2D SPACE',''
  ) );
#195 = ORIENTED_EDGE('',*,*,#196,.T.);
#196 = EDGE_CURVE('',#169,#197,#199,.T.);
#197 = VERTEX_POINT('',#198);
#198 = CARTESIAN_POINT('',(-0.76,-2.275,0.6));
#199 = SURFACE_CURVE('',#200,(#204,#211),.PCURVE_S1.);
#200 = LINE('',#201,#202);
#201 = CARTESIAN_POINT('',(-0.76,-0.635,0.6));
#202 = VECTOR('',#203,1.);
#203 = DIRECTION('',(0.,-1.,0.));
#204 = PCURVE('',#32,#205);
#205 = DEFINITIONAL_REPRESENTATION('',(#206),#210);
#206 = LINE('',#207,#208);
#207 = CARTESIAN_POINT('',(0.76,-0.635));
#208 = VECTOR('',#209,1.);
#209 = DIRECTION('',(0.,-1.));
#210 = ( GEOMETRIC_REPRESENTATION_CONTEXT(2) 
PARAMETRIC_REPRESENTATION_CONTEXT() REPRESENTATION_CONTEXT('2D SPACE',''
  ) );
#211 = PCURVE('',#212,#217);
#212 = PLANE('',#213);
#213 = AXIS2_PLACEMENT_3D('',#214,#215,#216);
#214 = CARTESIAN_POINT('',(-0.66,-0.635,0.7));
#215 = DIRECTION('',(0.707106781187,1.47866463162E-18,-0.707106781187));
#216 = DIRECTION('',(-1.04557378812E-18,1.,1.04557378812E-18));
#217 = DEFINITIONAL_REPRESENTATION('',(#218),#222);
#218 = LINE('',#219,#220);
#219 = CARTESIAN_POINT('',(-0.,-0.141421356237));
#220 = VECTOR('',#221,1.);
#221 = DIRECTION('',(-1.,0.));
#222 = ( GEOMETRIC_REPRESENTATION_CONTEXT(2) 
PARAMETRIC_REPRESENTATION_CONTEXT() REPRESENTATION_CONTEXT('2D SPACE',''
  ) );
#223 = ORIENTED_EDGE('',*,*,#224,.T.);
#224 = EDGE_CURVE('',#197,#225,#227,.T.);
#225 = VERTEX_POINT('',#226);
#226 = CARTESIAN_POINT('',(0.76,-2.275,0.6));
#227 = SURFACE_CURVE('',#228,(#232,#239),.PCURVE_S1.);
#228 = LINE('',#229,#230);
#229 = CARTESIAN_POINT('',(-0.56,-2.275,0.6));
#230 = VECTOR('',#231,1.);
#231 = DIRECTION('',(1.,-0.,0.));
#232 = PCURVE('',#32,#233);
#233 = DEFINITIONAL_REPRESENTATION('',(#234),#238);
#234 = LINE('',#235,#236);
#235 = CARTESIAN_POINT('',(0.56,-2.275));
#236 = VECTOR('',#237,1.);
#237 = DIRECTION('',(-1.,0.));
#238 = ( GEOMETRIC_REPRESENTATION_CONTEXT(2) 
PARAMETRIC_REPRESENTATION_CONTEXT() REPRESENTATION_CONTEXT('2D SPACE',''
  ) );
#239 = PCURVE('',#240,#245);
#240 = PLANE('',#241);
#241 = AXIS2_PLACEMENT_3D('',#242,#243,#244);
#242 = CARTESIAN_POINT('',(-0.56,-2.175,0.7));
#243 = DIRECTION('',(1.18091410828E-18,0.707106781187,-0.707106781187));
#244 = DIRECTION('',(-1.,8.350323739637E-19,-8.350323739637E-19));
#245 = DEFINITIONAL_REPRESENTATION('',(#246),#250);
#246 = LINE('',#247,#248);
#247 = CARTESIAN_POINT('',(-0.,-0.141421356237));
#248 = VECTOR('',#249,1.);
#249 = DIRECTION('',(-1.,0.));
#250 = ( GEOMETRIC_REPRESENTATION_CONTEXT(2) 
PARAMETRIC_REPRESENTATION_CONTEXT() REPRESENTATION_CONTEXT('2D SPACE',''
  ) );
#251 = ORIENTED_EDGE('',*,*,#252,.F.);
#252 = EDGE_CURVE('',#253,#225,#255,.T.);
#253 = VERTEX_POINT('',#254);
#254 = CARTESIAN_POINT('',(0.76,-0.835,0.6));
#255 = SURFACE_CURVE('',#256,(#260,#267),.PCURVE_S1.);
#256 = LINE('',#257,#258);
#257 = CARTESIAN_POINT('',(0.76,-0.635,0.6));
#258 = VECTOR('',#259,1.);
#259 = DIRECTION('',(0.,-1.,0.));
#260 = PCURVE('',#32,#261);
#261 = DEFINITIONAL_REPRESENTATION('',(#262),#266);
#262 = LINE('',#263,#264);
#263 = CARTESIAN_POINT('',(-0.76,-0.635));
#264 = VECTOR('',#265,1.);
#265 = DIRECTION('',(0.,-1.));
#266 = ( GEOMETRIC_REPRESENTATION_CONTEXT(2) 
PARAMETRIC_REPRESENTATION_CONTEXT() REPRESENTATION_CONTEXT('2D SPACE',''
  ) );
#267 = PCURVE('',#268,#273);
#268 = PLANE('',#269);
#269 = AXIS2_PLACEMENT_3D('',#270,#271,#272);
#270 = CARTESIAN_POINT('',(0.66,-0.635,0.7));
#271 = DIRECTION('',(0.707106781187,-1.47866463162E-18,0.707106781187));
#272 = DIRECTION('',(1.04557378812E-18,1.,1.04557378812E-18));
#273 = DEFINITIONAL_REPRESENTATION('',(#274),#278);
#274 = LINE('',#275,#276);
#275 = CARTESIAN_POINT('',(-0.,-0.141421356237));
#276 = VECTOR('',#277,1.);
#277 = DIRECTION('',(-1.,0.));
#278 = ( GEOMETRIC_REPRESENTATION_CONTEXT(2) 
PARAMETRIC_REPRESENTATION_CONTEXT() REPRESENTATION_CONTEXT('2D SPACE',''
  ) );
#279 = ORIENTED_EDGE('',*,*,#280,.T.);
#280 = EDGE_CURVE('',#253,#281,#283,.T.);
#281 = VERTEX_POINT('',#282);
#282 = CARTESIAN_POINT('',(2.275,-0.835,0.6));
#283 = SURFACE_CURVE('',#284,(#288,#295),.PCURVE_S1.);
#284 = LINE('',#285,#286);
#285 = CARTESIAN_POINT('',(0.56,-0.835,0.6));
#286 = VECTOR('',#287,1.);
#287 = DIRECTION('',(1.,-0.,0.));
#288 = PCURVE('',#32,#289);
#289 = DEFINITIONAL_REPRESENTATION('',(#290),#294);
#290 = LINE('',#291,#292);
#291 = CARTESIAN_POINT('',(-0.56,-0.835));
#292 = VECTOR('',#293,1.);
#293 = DIRECTION('',(-1.,0.));
#294 = ( GEOMETRIC_REPRESENTATION_CONTEXT(2) 
PARAMETRIC_REPRESENTATION_CONTEXT() REPRESENTATION_CONTEXT('2D SPACE',''
  ) );
#295 = PCURVE('',#296,#301);
#296 = PLANE('',#297);
#297 = AXIS2_PLACEMENT_3D('',#298,#299,#300);
#298 = CARTESIAN_POINT('',(0.56,-0.735,0.7));
#299 = DIRECTION('',(-5.71922882877E-19,0.707106781187,-0.707106781187)
  );
#300 = DIRECTION('',(-1.,-4.044105487981E-19,4.044105487981E-19));
#301 = DEFINITIONAL_REPRESENTATION('',(#302),#306);
#302 = LINE('',#303,#304);
#303 = CARTESIAN_POINT('',(-0.,-0.141421356237));
#304 = VECTOR('',#305,1.);
#305 = DIRECTION('',(-1.,0.));
#306 = ( GEOMETRIC_REPRESENTATION_CONTEXT(2) 
PARAMETRIC_REPRESENTATION_CONTEXT() REPRESENTATION_CONTEXT('2D SPACE',''
  ) );
#307 = ORIENTED_EDGE('',*,*,#308,.F.);
#308 = EDGE_CURVE('',#309,#281,#311,.T.);
#309 = VERTEX_POINT('',#310);
#310 = CARTESIAN_POINT('',(2.275,0.835,0.6));
#311 = SURFACE_CURVE('',#312,(#316,#323),.PCURVE_S1.);
#312 = LINE('',#313,#314);
#313 = CARTESIAN_POINT('',(2.275,0.635,0.6));
#314 = VECTOR('',#315,1.);
#315 = DIRECTION('',(0.,-1.,0.));
#316 = PCURVE('',#32,#317);
#317 = DEFINITIONAL_REPRESENTATION('',(#318),#322);
#318 = LINE('',#319,#320);
#319 = CARTESIAN_POINT('',(-2.275,0.635));
#320 = VECTOR('',#321,1.);
#321 = DIRECTION('',(0.,-1.));
#322 = ( GEOMETRIC_REPRESENTATION_CONTEXT(2) 
PARAMETRIC_REPRESENTATION_CONTEXT() REPRESENTATION_CONTEXT('2D SPACE',''
  ) );
#323 = PCURVE('',#324,#329);
#324 = PLANE('',#325);
#325 = AXIS2_PLACEMENT_3D('',#326,#327,#328);
#326 = CARTESIAN_POINT('',(2.175,0.635,0.7));
#327 = DIRECTION('',(0.707106781187,1.354702228823E-18,0.707106781187));
#328 = DIRECTION('',(-9.579191324892E-19,1.,-9.579191324892E-19));
#329 = DEFINITIONAL_REPRESENTATION('',(#330),#334);
#330 = LINE('',#331,#332);
#331 = CARTESIAN_POINT('',(-0.,-0.141421356237));
#332 = VECTOR('',#333,1.);
#333 = DIRECTION('',(-1.,0.));
#334 = ( GEOMETRIC_REPRESENTATION_CONTEXT(2) 
PARAMETRIC_REPRESENTATION_CONTEXT() REPRESENTATION_CONTEXT('2D SPACE',''
  ) );
#335 = ORIENTED_EDGE('',*,*,#336,.F.);
#336 = EDGE_CURVE('',#24,#309,#337,.T.);
#337 = SURFACE_CURVE('',#338,(#342,#349),.PCURVE_S1.);
#338 = LINE('',#339,#340);
#339 = CARTESIAN_POINT('',(0.56,0.835,0.6));
#340 = VECTOR('',#341,1.);
#341 = DIRECTION('',(1.,-0.,0.));
#342 = PCURVE('',#32,#343);
#343 = DEFINITIONAL_REPRESENTATION('',(#344),#348);
#344 = LINE('',#345,#346);
#345 = CARTESIAN_POINT('',(-0.56,0.835));
#346 = VECTOR('',#347,1.);
#347 = DIRECTION('',(-1.,0.));
#348 = ( GEOMETRIC_REPRESENTATION_CONTEXT(2) 
PARAMETRIC_REPRESENTATION_CONTEXT() REPRESENTATION_CONTEXT('2D SPACE',''
  ) );
#349 = PCURVE('',#350,#355);
#350 = PLANE('',#351);
#351 = AXIS2_PLACEMENT_3D('',#352,#353,#354);
#352 = CARTESIAN_POINT('',(0.56,0.735,0.7));
#353 = DIRECTION('',(5.71922882877E-19,0.707106781187,0.707106781187));
#354 = DIRECTION('',(-1.,4.044105487981E-19,4.044105487981E-19));
#355 = DEFINITIONAL_REPRESENTATION('',(#356),#360);
#356 = LINE('',#357,#358);
#357 = CARTESIAN_POINT('',(-0.,-0.141421356237));
#358 = VECTOR('',#359,1.);
#359 = DIRECTION('',(-1.,0.));
#360 = ( GEOMETRIC_REPRESENTATION_CONTEXT(2) 
PARAMETRIC_REPRESENTATION_CONTEXT() REPRESENTATION_CONTEXT('2D SPACE',''
  ) );
#361 = FACE_BOUND('',#362,.T.);
#362 = EDGE_LOOP('',(#363));
#363 = ORIENTED_EDGE('',*,*,#364,.F.);
#364 = EDGE_CURVE('',#365,#365,#367,.T.);
#365 = VERTEX_POINT('',#366);
#366 = CARTESIAN_POINT('',(2.75,0.,0.6));
#367 = SURFACE_CURVE('',#368,(#373,#384),.PCURVE_S1.);
#368 = CIRCLE('',#369,2.75);
#369 = AXIS2_PLACEMENT_3D('',#370,#371,#372);
#370 = CARTESIAN_POINT('',(-9.219364608978E-17,2.62967735571E-17,0.6));
#371 = DIRECTION('',(0.,0.,1.));
#372 = DIRECTION('',(1.,2.353668967178E-16,-0.));
#373 = PCURVE('',#32,#374);
#374 = DEFINITIONAL_REPRESENTATION('',(#375),#383);
#375 = ( BOUNDED_CURVE() B_SPLINE_CURVE(2,(#376,#377,#378,#379,#380,#381
,#382),.UNSPECIFIED.,.T.,.F.) B_SPLINE_CURVE_WITH_KNOTS((1,2,2,2,2,1),(
    -2.094395102393,0.,2.094395102393,4.188790204786,6.28318530718,
8.377580409573),.UNSPECIFIED.) CURVE() GEOMETRIC_REPRESENTATION_ITEM() 
RATIONAL_B_SPLINE_CURVE((1.,0.5,1.,0.5,1.,0.5,1.)) REPRESENTATION_ITEM(
  '') );
#376 = CARTESIAN_POINT('',(-2.75,6.85609188931E-16));
#377 = CARTESIAN_POINT('',(-2.75,4.763139720814));
#378 = CARTESIAN_POINT('',(1.375,2.381569860407));
#379 = CARTESIAN_POINT('',(5.5,-5.826119694598E-16));
#380 = CARTESIAN_POINT('',(1.375,-2.381569860407));
#381 = CARTESIAN_POINT('',(-2.75,-4.763139720814));
#382 = CARTESIAN_POINT('',(-2.75,6.85609188931E-16));
#383 = ( GEOMETRIC_REPRESENTATION_CONTEXT(2) 
PARAMETRIC_REPRESENTATION_CONTEXT() REPRESENTATION_CONTEXT('2D SPACE',''
  ) );
#384 = PCURVE('',#385,#390);
#385 = CYLINDRICAL_SURFACE('',#386,2.75);
#386 = AXIS2_PLACEMENT_3D('',#387,#388,#389);
#387 = CARTESIAN_POINT('',(0.,0.,4.5));
#388 = DIRECTION('',(0.,0.,-1.));
#389 = DIRECTION('',(1.,0.,0.));
#390 = DEFINITIONAL_REPRESENTATION('',(#391),#395);
#391 = LINE('',#392,#393);
#392 = CARTESIAN_POINT('',(6.28318530718,3.9));
#393 = VECTOR('',#394,1.);
#394 = DIRECTION('',(-1.,-0.));
#395 = ( GEOMETRIC_REPRESENTATION_CONTEXT(2) 
PARAMETRIC_REPRESENTATION_CONTEXT() REPRESENTATION_CONTEXT('2D SPACE',''
  ) );
#396 = ADVANCED_FACE('',(#397),#44,.F.);
#397 = FACE_BOUND('',#398,.T.);
#398 = EDGE_LOOP('',(#399,#422,#423,#446));
#399 = ORIENTED_EDGE('',*,*,#400,.F.);
#400 = EDGE_CURVE('',#22,#401,#403,.T.);
#401 = VERTEX_POINT('',#402);
#402 = CARTESIAN_POINT('',(0.56,2.075,0.8));
#403 = SURFACE_CURVE('',#404,(#408,#415),.PCURVE_S1.);
#404 = LINE('',#405,#406);
#405 = CARTESIAN_POINT('',(0.44,1.955,0.92));
#406 = VECTOR('',#407,1.);
#407 = DIRECTION('',(-0.57735026919,-0.57735026919,0.57735026919));
#408 = PCURVE('',#44,#409);
#409 = DEFINITIONAL_REPRESENTATION('',(#410),#414);
#410 = LINE('',#411,#412);
#411 = CARTESIAN_POINT('',(-0.12,0.311126983722));
#412 = VECTOR('',#413,1.);
#413 = DIRECTION('',(-0.57735026919,0.816496580928));
#414 = ( GEOMETRIC_REPRESENTATION_CONTEXT(2) 
PARAMETRIC_REPRESENTATION_CONTEXT() REPRESENTATION_CONTEXT('2D SPACE',''
  ) );
#415 = PCURVE('',#72,#416);
#416 = DEFINITIONAL_REPRESENTATION('',(#417),#421);
#417 = LINE('',#418,#419);
#418 = CARTESIAN_POINT('',(-1.,0.311126983722));
#419 = VECTOR('',#420,1.);
#420 = DIRECTION('',(0.57735026919,0.816496580928));
#421 = ( GEOMETRIC_REPRESENTATION_CONTEXT(2) 
PARAMETRIC_REPRESENTATION_CONTEXT() REPRESENTATION_CONTEXT('2D SPACE',''
  ) );
#422 = ORIENTED_EDGE('',*,*,#21,.T.);
#423 = ORIENTED_EDGE('',*,*,#424,.T.);
#424 = EDGE_CURVE('',#24,#425,#427,.T.);
#425 = VERTEX_POINT('',#426);
#426 = CARTESIAN_POINT('',(0.56,0.635,0.8));
#427 = SURFACE_CURVE('',#428,(#432,#439),.PCURVE_S1.);
#428 = LINE('',#429,#430);
#429 = CARTESIAN_POINT('',(0.866666666667,0.941666666667,0.493333333333)
  );
#430 = VECTOR('',#431,1.);
#431 = DIRECTION('',(-0.57735026919,-0.57735026919,0.57735026919));
#432 = PCURVE('',#44,#433);
#433 = DEFINITIONAL_REPRESENTATION('',(#434),#438);
#434 = LINE('',#435,#436);
#435 = CARTESIAN_POINT('',(-1.133333333333,-0.29227080289));
#436 = VECTOR('',#437,1.);
#437 = DIRECTION('',(-0.57735026919,0.816496580928));
#438 = ( GEOMETRIC_REPRESENTATION_CONTEXT(2) 
PARAMETRIC_REPRESENTATION_CONTEXT() REPRESENTATION_CONTEXT('2D SPACE',''
  ) );
#439 = PCURVE('',#350,#440);
#440 = DEFINITIONAL_REPRESENTATION('',(#441),#445);
#441 = LINE('',#442,#443);
#442 = CARTESIAN_POINT('',(-0.306666666667,-0.29227080289));
#443 = VECTOR('',#444,1.);
#444 = DIRECTION('',(0.57735026919,0.816496580928));
#445 = ( GEOMETRIC_REPRESENTATION_CONTEXT(2) 
PARAMETRIC_REPRESENTATION_CONTEXT() REPRESENTATION_CONTEXT('2D SPACE',''
  ) );
#446 = ORIENTED_EDGE('',*,*,#447,.F.);
#447 = EDGE_CURVE('',#401,#425,#448,.T.);
#448 = SURFACE_CURVE('',#449,(#453,#460),.PCURVE_S1.);
#449 = LINE('',#450,#451);
#450 = CARTESIAN_POINT('',(0.56,2.075,0.8));
#451 = VECTOR('',#452,1.);
#452 = DIRECTION('',(0.,-1.,0.));
#453 = PCURVE('',#44,#454);
#454 = DEFINITIONAL_REPRESENTATION('',(#455),#459);
#455 = LINE('',#456,#457);
#456 = CARTESIAN_POINT('',(-0.,0.141421356237));
#457 = VECTOR('',#458,1.);
#458 = DIRECTION('',(-1.,0.));
#459 = ( GEOMETRIC_REPRESENTATION_CONTEXT(2) 
PARAMETRIC_REPRESENTATION_CONTEXT() REPRESENTATION_CONTEXT('2D SPACE',''
  ) );
#460 = PCURVE('',#461,#466);
#461 = PLANE('',#462);
#462 = AXIS2_PLACEMENT_3D('',#463,#464,#465);
#463 = CARTESIAN_POINT('',(0.56,2.075,0.));
#464 = DIRECTION('',(1.,0.,0.));
#465 = DIRECTION('',(0.,-1.,0.));
#466 = DEFINITIONAL_REPRESENTATION('',(#467),#471);
#467 = LINE('',#468,#469);
#468 = CARTESIAN_POINT('',(0.,-0.8));
#469 = VECTOR('',#470,1.);
#470 = DIRECTION('',(1.,0.));
#471 = ( GEOMETRIC_REPRESENTATION_CONTEXT(2) 
PARAMETRIC_REPRESENTATION_CONTEXT() REPRESENTATION_CONTEXT('2D SPACE',''
  ) );
#472 = ADVANCED_FACE('',(#473),#72,.F.);
#473 = FACE_BOUND('',#474,.T.);
#474 = EDGE_LOOP('',(#475,#498,#499,#500));
#475 = ORIENTED_EDGE('',*,*,#476,.F.);
#476 = EDGE_CURVE('',#57,#477,#479,.T.);
#477 = VERTEX_POINT('',#478);
#478 = CARTESIAN_POINT('',(-0.56,2.075,0.8));
#479 = SURFACE_CURVE('',#480,(#484,#491),.PCURVE_S1.);
#480 = LINE('',#481,#482);
#481 = CARTESIAN_POINT('',(-0.626666666667,2.141666666667,0.733333333333
    ));
#482 = VECTOR('',#483,1.);
#483 = DIRECTION('',(0.57735026919,-0.57735026919,0.57735026919));
#484 = PCURVE('',#72,#485);
#485 = DEFINITIONAL_REPRESENTATION('',(#486),#490);
#486 = LINE('',#487,#488);
#487 = CARTESIAN_POINT('',(6.666666666667E-02,4.71404520791E-02));
#488 = VECTOR('',#489,1.);
#489 = DIRECTION('',(-0.57735026919,0.816496580928));
#490 = ( GEOMETRIC_REPRESENTATION_CONTEXT(2) 
PARAMETRIC_REPRESENTATION_CONTEXT() REPRESENTATION_CONTEXT('2D SPACE',''
  ) );
#491 = PCURVE('',#100,#492);
#492 = DEFINITIONAL_REPRESENTATION('',(#493),#497);
#493 = LINE('',#494,#495);
#494 = CARTESIAN_POINT('',(6.666666666667E-02,4.71404520791E-02));
#495 = VECTOR('',#496,1.);
#496 = DIRECTION('',(-0.57735026919,0.816496580928));
#497 = ( GEOMETRIC_REPRESENTATION_CONTEXT(2) 
PARAMETRIC_REPRESENTATION_CONTEXT() REPRESENTATION_CONTEXT('2D SPACE',''
  ) );
#498 = ORIENTED_EDGE('',*,*,#56,.T.);
#499 = ORIENTED_EDGE('',*,*,#400,.T.);
#500 = ORIENTED_EDGE('',*,*,#501,.F.);
#501 = EDGE_CURVE('',#477,#401,#502,.T.);
#502 = SURFACE_CURVE('',#503,(#507,#514),.PCURVE_S1.);
#503 = LINE('',#504,#505);
#504 = CARTESIAN_POINT('',(-0.56,2.075,0.8));
#505 = VECTOR('',#506,1.);
#506 = DIRECTION('',(1.,-0.,0.));
#507 = PCURVE('',#72,#508);
#508 = DEFINITIONAL_REPRESENTATION('',(#509),#513);
#509 = LINE('',#510,#511);
#510 = CARTESIAN_POINT('',(-0.,0.141421356237));
#511 = VECTOR('',#512,1.);
#512 = DIRECTION('',(-1.,0.));
#513 = ( GEOMETRIC_REPRESENTATION_CONTEXT(2) 
PARAMETRIC_REPRESENTATION_CONTEXT() REPRESENTATION_CONTEXT('2D SPACE',''
  ) );
#514 = PCURVE('',#515,#520);
#515 = PLANE('',#516);
#516 = AXIS2_PLACEMENT_3D('',#517,#518,#519);
#517 = CARTESIAN_POINT('',(-0.56,2.075,0.));
#518 = DIRECTION('',(0.,1.,-0.));
#519 = DIRECTION('',(1.,0.,0.));
#520 = DEFINITIONAL_REPRESENTATION('',(#521),#525);
#521 = LINE('',#522,#523);
#522 = CARTESIAN_POINT('',(0.,-0.8));
#523 = VECTOR('',#524,1.);
#524 = DIRECTION('',(1.,0.));
#525 = ( GEOMETRIC_REPRESENTATION_CONTEXT(2) 
PARAMETRIC_REPRESENTATION_CONTEXT() REPRESENTATION_CONTEXT('2D SPACE',''
  ) );
#526 = ADVANCED_FACE('',(#527),#350,.F.);
#527 = FACE_BOUND('',#528,.T.);
#528 = EDGE_LOOP('',(#529,#530,#531,#554));
#529 = ORIENTED_EDGE('',*,*,#424,.F.);
#530 = ORIENTED_EDGE('',*,*,#336,.T.);
#531 = ORIENTED_EDGE('',*,*,#532,.T.);
#532 = EDGE_CURVE('',#309,#533,#535,.T.);
#533 = VERTEX_POINT('',#534);
#534 = CARTESIAN_POINT('',(2.075,0.635,0.8));
#535 = SURFACE_CURVE('',#536,(#540,#547),.PCURVE_S1.);
#536 = LINE('',#537,#538);
#537 = CARTESIAN_POINT('',(1.889166666667,0.449166666667,0.985833333333)
  );
#538 = VECTOR('',#539,1.);
#539 = DIRECTION('',(-0.57735026919,-0.57735026919,0.57735026919));
#540 = PCURVE('',#350,#541);
#541 = DEFINITIONAL_REPRESENTATION('',(#542),#546);
#542 = LINE('',#543,#544);
#543 = CARTESIAN_POINT('',(-1.329166666667,0.404229376578));
#544 = VECTOR('',#545,1.);
#545 = DIRECTION('',(0.57735026919,0.816496580928));
#546 = ( GEOMETRIC_REPRESENTATION_CONTEXT(2) 
PARAMETRIC_REPRESENTATION_CONTEXT() REPRESENTATION_CONTEXT('2D SPACE',''
  ) );
#547 = PCURVE('',#324,#548);
#548 = DEFINITIONAL_REPRESENTATION('',(#549),#553);
#549 = LINE('',#550,#551);
#550 = CARTESIAN_POINT('',(-0.185833333333,0.404229376578));
#551 = VECTOR('',#552,1.);
#552 = DIRECTION('',(-0.57735026919,0.816496580928));
#553 = ( GEOMETRIC_REPRESENTATION_CONTEXT(2) 
PARAMETRIC_REPRESENTATION_CONTEXT() REPRESENTATION_CONTEXT('2D SPACE',''
  ) );
#554 = ORIENTED_EDGE('',*,*,#555,.F.);
#555 = EDGE_CURVE('',#425,#533,#556,.T.);
#556 = SURFACE_CURVE('',#557,(#561,#568),.PCURVE_S1.);
#557 = LINE('',#558,#559);
#558 = CARTESIAN_POINT('',(0.56,0.635,0.8));
#559 = VECTOR('',#560,1.);
#560 = DIRECTION('',(1.,-0.,0.));
#561 = PCURVE('',#350,#562);
#562 = DEFINITIONAL_REPRESENTATION('',(#563),#567);
#563 = LINE('',#564,#565);
#564 = CARTESIAN_POINT('',(-0.,0.141421356237));
#565 = VECTOR('',#566,1.);
#566 = DIRECTION('',(-1.,0.));
#567 = ( GEOMETRIC_REPRESENTATION_CONTEXT(2) 
PARAMETRIC_REPRESENTATION_CONTEXT() REPRESENTATION_CONTEXT('2D SPACE',''
  ) );
#568 = PCURVE('',#569,#574);
#569 = PLANE('',#570);
#570 = AXIS2_PLACEMENT_3D('',#571,#572,#573);
#571 = CARTESIAN_POINT('',(0.56,0.635,0.));
#572 = DIRECTION('',(0.,1.,-0.));
#573 = DIRECTION('',(1.,0.,0.));
#574 = DEFINITIONAL_REPRESENTATION('',(#575),#579);
#575 = LINE('',#576,#577);
#576 = CARTESIAN_POINT('',(0.,-0.8));
#577 = VECTOR('',#578,1.);
#578 = DIRECTION('',(1.,0.));
#579 = ( GEOMETRIC_REPRESENTATION_CONTEXT(2) 
PARAMETRIC_REPRESENTATION_CONTEXT() REPRESENTATION_CONTEXT('2D SPACE',''
  ) );
#580 = ADVANCED_FACE('',(#581),#100,.T.);
#581 = FACE_BOUND('',#582,.F.);
#582 = EDGE_LOOP('',(#583,#584,#585,#608));
#583 = ORIENTED_EDGE('',*,*,#476,.F.);
#584 = ORIENTED_EDGE('',*,*,#84,.T.);
#585 = ORIENTED_EDGE('',*,*,#586,.T.);
#586 = EDGE_CURVE('',#85,#587,#589,.T.);
#587 = VERTEX_POINT('',#588);
#588 = CARTESIAN_POINT('',(-0.56,0.635,0.8));
#589 = SURFACE_CURVE('',#590,(#594,#601),.PCURVE_S1.);
#590 = LINE('',#591,#592);
#591 = CARTESIAN_POINT('',(-1.119166666667,1.194166666667,0.240833333333
    ));
#592 = VECTOR('',#593,1.);
#593 = DIRECTION('',(0.57735026919,-0.57735026919,0.57735026919));
#594 = PCURVE('',#100,#595);
#595 = DEFINITIONAL_REPRESENTATION('',(#596),#600);
#596 = LINE('',#597,#598);
#597 = CARTESIAN_POINT('',(-0.880833333333,-0.64935972739));
#598 = VECTOR('',#599,1.);
#599 = DIRECTION('',(-0.57735026919,0.816496580928));
#600 = ( GEOMETRIC_REPRESENTATION_CONTEXT(2) 
PARAMETRIC_REPRESENTATION_CONTEXT() REPRESENTATION_CONTEXT('2D SPACE',''
  ) );
#601 = PCURVE('',#128,#602);
#602 = DEFINITIONAL_REPRESENTATION('',(#603),#607);
#603 = LINE('',#604,#605);
#604 = CARTESIAN_POINT('',(-0.955833333333,-0.64935972739));
#605 = VECTOR('',#606,1.);
#606 = DIRECTION('',(-0.57735026919,0.816496580928));
#607 = ( GEOMETRIC_REPRESENTATION_CONTEXT(2) 
PARAMETRIC_REPRESENTATION_CONTEXT() REPRESENTATION_CONTEXT('2D SPACE',''
  ) );
#608 = ORIENTED_EDGE('',*,*,#609,.F.);
#609 = EDGE_CURVE('',#477,#587,#610,.T.);
#610 = SURFACE_CURVE('',#611,(#615,#622),.PCURVE_S1.);
#611 = LINE('',#612,#613);
#612 = CARTESIAN_POINT('',(-0.56,2.075,0.8));
#613 = VECTOR('',#614,1.);
#614 = DIRECTION('',(0.,-1.,0.));
#615 = PCURVE('',#100,#616);
#616 = DEFINITIONAL_REPRESENTATION('',(#617),#621);
#617 = LINE('',#618,#619);
#618 = CARTESIAN_POINT('',(-0.,0.141421356237));
#619 = VECTOR('',#620,1.);
#620 = DIRECTION('',(-1.,0.));
#621 = ( GEOMETRIC_REPRESENTATION_CONTEXT(2) 
PARAMETRIC_REPRESENTATION_CONTEXT() REPRESENTATION_CONTEXT('2D SPACE',''
  ) );
#622 = PCURVE('',#623,#628);
#623 = PLANE('',#624);
#624 = AXIS2_PLACEMENT_3D('',#625,#626,#627);
#625 = CARTESIAN_POINT('',(-0.56,2.075,0.));
#626 = DIRECTION('',(1.,0.,0.));
#627 = DIRECTION('',(0.,-1.,0.));
#628 = DEFINITIONAL_REPRESENTATION('',(#629),#633);
#629 = LINE('',#630,#631);
#630 = CARTESIAN_POINT('',(0.,-0.8));
#631 = VECTOR('',#632,1.);
#632 = DIRECTION('',(1.,0.));
#633 = ( GEOMETRIC_REPRESENTATION_CONTEXT(2) 
PARAMETRIC_REPRESENTATION_CONTEXT() REPRESENTATION_CONTEXT('2D SPACE',''
  ) );
#634 = ADVANCED_FACE('',(#635),#324,.F.);
#635 = FACE_BOUND('',#636,.T.);
#636 = EDGE_LOOP('',(#637,#638,#639,#662));
#637 = ORIENTED_EDGE('',*,*,#532,.F.);
#638 = ORIENTED_EDGE('',*,*,#308,.T.);
#639 = ORIENTED_EDGE('',*,*,#640,.T.);
#640 = EDGE_CURVE('',#281,#641,#643,.T.);
#641 = VERTEX_POINT('',#642);
#642 = CARTESIAN_POINT('',(2.075,-0.635,0.8));
#643 = SURFACE_CURVE('',#644,(#648,#655),.PCURVE_S1.);
#644 = LINE('',#645,#646);
#645 = CARTESIAN_POINT('',(1.6775,-0.2375,1.1975));
#646 = VECTOR('',#647,1.);
#647 = DIRECTION('',(-0.57735026919,0.57735026919,0.57735026919));
#648 = PCURVE('',#324,#649);
#649 = DEFINITIONAL_REPRESENTATION('',(#650),#654);
#650 = LINE('',#651,#652);
#651 = CARTESIAN_POINT('',(-0.8725,0.703571247281));
#652 = VECTOR('',#653,1.);
#653 = DIRECTION('',(0.57735026919,0.816496580928));
#654 = ( GEOMETRIC_REPRESENTATION_CONTEXT(2) 
PARAMETRIC_REPRESENTATION_CONTEXT() REPRESENTATION_CONTEXT('2D SPACE',''
  ) );
#655 = PCURVE('',#296,#656);
#656 = DEFINITIONAL_REPRESENTATION('',(#657),#661);
#657 = LINE('',#658,#659);
#658 = CARTESIAN_POINT('',(-1.1175,0.703571247281));
#659 = VECTOR('',#660,1.);
#660 = DIRECTION('',(0.57735026919,0.816496580928));
#661 = ( GEOMETRIC_REPRESENTATION_CONTEXT(2) 
PARAMETRIC_REPRESENTATION_CONTEXT() REPRESENTATION_CONTEXT('2D SPACE',''
  ) );
#662 = ORIENTED_EDGE('',*,*,#663,.F.);
#663 = EDGE_CURVE('',#533,#641,#664,.T.);
#664 = SURFACE_CURVE('',#665,(#669,#676),.PCURVE_S1.);
#665 = LINE('',#666,#667);
#666 = CARTESIAN_POINT('',(2.075,0.635,0.8));
#667 = VECTOR('',#668,1.);
#668 = DIRECTION('',(0.,-1.,0.));
#669 = PCURVE('',#324,#670);
#670 = DEFINITIONAL_REPRESENTATION('',(#671),#675);
#671 = LINE('',#672,#673);
#672 = CARTESIAN_POINT('',(-0.,0.141421356237));
#673 = VECTOR('',#674,1.);
#674 = DIRECTION('',(-1.,0.));
#675 = ( GEOMETRIC_REPRESENTATION_CONTEXT(2) 
PARAMETRIC_REPRESENTATION_CONTEXT() REPRESENTATION_CONTEXT('2D SPACE',''
  ) );
#676 = PCURVE('',#677,#682);
#677 = PLANE('',#678);
#678 = AXIS2_PLACEMENT_3D('',#679,#680,#681);
#679 = CARTESIAN_POINT('',(2.075,0.635,0.));
#680 = DIRECTION('',(1.,0.,0.));
#681 = DIRECTION('',(0.,-1.,0.));
#682 = DEFINITIONAL_REPRESENTATION('',(#683),#687);
#683 = LINE('',#684,#685);
#684 = CARTESIAN_POINT('',(0.,-0.8));
#685 = VECTOR('',#686,1.);
#686 = DIRECTION('',(1.,0.));
#687 = ( GEOMETRIC_REPRESENTATION_CONTEXT(2) 
PARAMETRIC_REPRESENTATION_CONTEXT() REPRESENTATION_CONTEXT('2D SPACE',''
  ) );
#688 = ADVANCED_FACE('',(#689),#128,.F.);
#689 = FACE_BOUND('',#690,.T.);
#690 = EDGE_LOOP('',(#691,#714,#715,#716));
#691 = ORIENTED_EDGE('',*,*,#692,.F.);
#692 = EDGE_CURVE('',#113,#693,#695,.T.);
#693 = VERTEX_POINT('',#694);
#694 = CARTESIAN_POINT('',(-2.075,0.635,0.8));
#695 = SURFACE_CURVE('',#696,(#700,#707),.PCURVE_S1.);
#696 = LINE('',#697,#698);
#697 = CARTESIAN_POINT('',(-2.141666666667,0.701666666667,0.733333333333
    ));
#698 = VECTOR('',#699,1.);
#699 = DIRECTION('',(0.57735026919,-0.57735026919,0.57735026919));
#700 = PCURVE('',#128,#701);
#701 = DEFINITIONAL_REPRESENTATION('',(#702),#706);
#702 = LINE('',#703,#704);
#703 = CARTESIAN_POINT('',(6.666666666667E-02,4.71404520791E-02));
#704 = VECTOR('',#705,1.);
#705 = DIRECTION('',(-0.57735026919,0.816496580928));
#706 = ( GEOMETRIC_REPRESENTATION_CONTEXT(2) 
PARAMETRIC_REPRESENTATION_CONTEXT() REPRESENTATION_CONTEXT('2D SPACE',''
  ) );
#707 = PCURVE('',#156,#708);
#708 = DEFINITIONAL_REPRESENTATION('',(#709),#713);
#709 = LINE('',#710,#711);
#710 = CARTESIAN_POINT('',(6.666666666667E-02,4.71404520791E-02));
#711 = VECTOR('',#712,1.);
#712 = DIRECTION('',(-0.57735026919,0.816496580928));
#713 = ( GEOMETRIC_REPRESENTATION_CONTEXT(2) 
PARAMETRIC_REPRESENTATION_CONTEXT() REPRESENTATION_CONTEXT('2D SPACE',''
  ) );
#714 = ORIENTED_EDGE('',*,*,#112,.T.);
#715 = ORIENTED_EDGE('',*,*,#586,.T.);
#716 = ORIENTED_EDGE('',*,*,#717,.F.);
#717 = EDGE_CURVE('',#693,#587,#718,.T.);
#718 = SURFACE_CURVE('',#719,(#723,#730),.PCURVE_S1.);
#719 = LINE('',#720,#721);
#720 = CARTESIAN_POINT('',(-2.075,0.635,0.8));
#721 = VECTOR('',#722,1.);
#722 = DIRECTION('',(1.,-0.,0.));
#723 = PCURVE('',#128,#724);
#724 = DEFINITIONAL_REPRESENTATION('',(#725),#729);
#725 = LINE('',#726,#727);
#726 = CARTESIAN_POINT('',(-0.,0.141421356237));
#727 = VECTOR('',#728,1.);
#728 = DIRECTION('',(-1.,0.));
#729 = ( GEOMETRIC_REPRESENTATION_CONTEXT(2) 
PARAMETRIC_REPRESENTATION_CONTEXT() REPRESENTATION_CONTEXT('2D SPACE',''
  ) );
#730 = PCURVE('',#731,#736);
#731 = PLANE('',#732);
#732 = AXIS2_PLACEMENT_3D('',#733,#734,#735);
#733 = CARTESIAN_POINT('',(-2.075,0.635,0.));
#734 = DIRECTION('',(0.,1.,-0.));
#735 = DIRECTION('',(1.,0.,0.));
#736 = DEFINITIONAL_REPRESENTATION('',(#737),#741);
#737 = LINE('',#738,#739);
#738 = CARTESIAN_POINT('',(0.,-0.8));
#739 = VECTOR('',#740,1.);
#740 = DIRECTION('',(1.,0.));
#741 = ( GEOMETRIC_REPRESENTATION_CONTEXT(2) 
PARAMETRIC_REPRESENTATION_CONTEXT() REPRESENTATION_CONTEXT('2D SPACE',''
  ) );
#742 = ADVANCED_FACE('',(#743),#296,.T.);
#743 = FACE_BOUND('',#744,.F.);
#744 = EDGE_LOOP('',(#745,#768,#769,#770));
#745 = ORIENTED_EDGE('',*,*,#746,.F.);
#746 = EDGE_CURVE('',#253,#747,#749,.T.);
#747 = VERTEX_POINT('',#748);
#748 = CARTESIAN_POINT('',(0.56,-0.635,0.8));
#749 = SURFACE_CURVE('',#750,(#754,#761),.PCURVE_S1.);
#750 = LINE('',#751,#752);
#751 = CARTESIAN_POINT('',(0.626666666667,-0.701666666667,0.733333333333
    ));
#752 = VECTOR('',#753,1.);
#753 = DIRECTION('',(-0.57735026919,0.57735026919,0.57735026919));
#754 = PCURVE('',#296,#755);
#755 = DEFINITIONAL_REPRESENTATION('',(#756),#760);
#756 = LINE('',#757,#758);
#757 = CARTESIAN_POINT('',(-6.666666666667E-02,4.71404520791E-02));
#758 = VECTOR('',#759,1.);
#759 = DIRECTION('',(0.57735026919,0.816496580928));
#760 = ( GEOMETRIC_REPRESENTATION_CONTEXT(2) 
PARAMETRIC_REPRESENTATION_CONTEXT() REPRESENTATION_CONTEXT('2D SPACE',''
  ) );
#761 = PCURVE('',#268,#762);
#762 = DEFINITIONAL_REPRESENTATION('',(#763),#767);
#763 = LINE('',#764,#765);
#764 = CARTESIAN_POINT('',(-6.666666666667E-02,4.71404520791E-02));
#765 = VECTOR('',#766,1.);
#766 = DIRECTION('',(0.57735026919,0.816496580928));
#767 = ( GEOMETRIC_REPRESENTATION_CONTEXT(2) 
PARAMETRIC_REPRESENTATION_CONTEXT() REPRESENTATION_CONTEXT('2D SPACE',''
  ) );
#768 = ORIENTED_EDGE('',*,*,#280,.T.);
#769 = ORIENTED_EDGE('',*,*,#640,.T.);
#770 = ORIENTED_EDGE('',*,*,#771,.F.);
#771 = EDGE_CURVE('',#747,#641,#772,.T.);
#772 = SURFACE_CURVE('',#773,(#777,#784),.PCURVE_S1.);
#773 = LINE('',#774,#775);
#774 = CARTESIAN_POINT('',(0.56,-0.635,0.8));
#775 = VECTOR('',#776,1.);
#776 = DIRECTION('',(1.,-0.,0.));
#777 = PCURVE('',#296,#778);
#778 = DEFINITIONAL_REPRESENTATION('',(#779),#783);
#779 = LINE('',#780,#781);
#780 = CARTESIAN_POINT('',(-0.,0.141421356237));
#781 = VECTOR('',#782,1.);
#782 = DIRECTION('',(-1.,0.));
#783 = ( GEOMETRIC_REPRESENTATION_CONTEXT(2) 
PARAMETRIC_REPRESENTATION_CONTEXT() REPRESENTATION_CONTEXT('2D SPACE',''
  ) );
#784 = PCURVE('',#785,#790);
#785 = PLANE('',#786);
#786 = AXIS2_PLACEMENT_3D('',#787,#788,#789);
#787 = CARTESIAN_POINT('',(0.56,-0.635,0.));
#788 = DIRECTION('',(0.,1.,-0.));
#789 = DIRECTION('',(1.,0.,0.));
#790 = DEFINITIONAL_REPRESENTATION('',(#791),#795);
#791 = LINE('',#792,#793);
#792 = CARTESIAN_POINT('',(0.,-0.8));
#793 = VECTOR('',#794,1.);
#794 = DIRECTION('',(1.,0.));
#795 = ( GEOMETRIC_REPRESENTATION_CONTEXT(2) 
PARAMETRIC_REPRESENTATION_CONTEXT() REPRESENTATION_CONTEXT('2D SPACE',''
  ) );
#796 = ADVANCED_FACE('',(#797),#156,.T.);
#797 = FACE_BOUND('',#798,.F.);
#798 = EDGE_LOOP('',(#799,#800,#801,#824));
#799 = ORIENTED_EDGE('',*,*,#692,.F.);
#800 = ORIENTED_EDGE('',*,*,#140,.T.);
#801 = ORIENTED_EDGE('',*,*,#802,.T.);
#802 = EDGE_CURVE('',#141,#803,#805,.T.);
#803 = VERTEX_POINT('',#804);
#804 = CARTESIAN_POINT('',(-2.075,-0.635,0.8));
#805 = SURFACE_CURVE('',#806,(#810,#817),.PCURVE_S1.);
#806 = LINE('',#807,#808);
#807 = CARTESIAN_POINT('',(-1.93,-0.49,0.945));
#808 = VECTOR('',#809,1.);
#809 = DIRECTION('',(0.57735026919,0.57735026919,0.57735026919));
#810 = PCURVE('',#156,#811);
#811 = DEFINITIONAL_REPRESENTATION('',(#812),#816);
#812 = LINE('',#813,#814);
#813 = CARTESIAN_POINT('',(-1.125,0.346482322781));
#814 = VECTOR('',#815,1.);
#815 = DIRECTION('',(0.57735026919,0.816496580928));
#816 = ( GEOMETRIC_REPRESENTATION_CONTEXT(2) 
PARAMETRIC_REPRESENTATION_CONTEXT() REPRESENTATION_CONTEXT('2D SPACE',''
  ) );
#817 = PCURVE('',#184,#818);
#818 = DEFINITIONAL_REPRESENTATION('',(#819),#823);
#819 = LINE('',#820,#821);
#820 = CARTESIAN_POINT('',(-0.145,0.346482322781));
#821 = VECTOR('',#822,1.);
#822 = DIRECTION('',(-0.57735026919,0.816496580928));
#823 = ( GEOMETRIC_REPRESENTATION_CONTEXT(2) 
PARAMETRIC_REPRESENTATION_CONTEXT() REPRESENTATION_CONTEXT('2D SPACE',''
  ) );
#824 = ORIENTED_EDGE('',*,*,#825,.F.);
#825 = EDGE_CURVE('',#693,#803,#826,.T.);
#826 = SURFACE_CURVE('',#827,(#831,#838),.PCURVE_S1.);
#827 = LINE('',#828,#829);
#828 = CARTESIAN_POINT('',(-2.075,0.635,0.8));
#829 = VECTOR('',#830,1.);
#830 = DIRECTION('',(0.,-1.,0.));
#831 = PCURVE('',#156,#832);
#832 = DEFINITIONAL_REPRESENTATION('',(#833),#837);
#833 = LINE('',#834,#835);
#834 = CARTESIAN_POINT('',(-0.,0.141421356237));
#835 = VECTOR('',#836,1.);
#836 = DIRECTION('',(-1.,0.));
#837 = ( GEOMETRIC_REPRESENTATION_CONTEXT(2) 
PARAMETRIC_REPRESENTATION_CONTEXT() REPRESENTATION_CONTEXT('2D SPACE',''
  ) );
#838 = PCURVE('',#839,#844);
#839 = PLANE('',#840);
#840 = AXIS2_PLACEMENT_3D('',#841,#842,#843);
#841 = CARTESIAN_POINT('',(-2.075,0.635,0.));
#842 = DIRECTION('',(1.,0.,0.));
#843 = DIRECTION('',(0.,-1.,0.));
#844 = DEFINITIONAL_REPRESENTATION('',(#845),#849);
#845 = LINE('',#846,#847);
#846 = CARTESIAN_POINT('',(0.,-0.8));
#847 = VECTOR('',#848,1.);
#848 = DIRECTION('',(1.,0.));
#849 = ( GEOMETRIC_REPRESENTATION_CONTEXT(2) 
PARAMETRIC_REPRESENTATION_CONTEXT() REPRESENTATION_CONTEXT('2D SPACE',''
  ) );
#850 = ADVANCED_FACE('',(#851),#268,.F.);
#851 = FACE_BOUND('',#852,.T.);
#852 = EDGE_LOOP('',(#853,#854,#855,#878));
#853 = ORIENTED_EDGE('',*,*,#746,.F.);
#854 = ORIENTED_EDGE('',*,*,#252,.T.);
#855 = ORIENTED_EDGE('',*,*,#856,.T.);
#856 = EDGE_CURVE('',#225,#857,#859,.T.);
#857 = VERTEX_POINT('',#858);
#858 = CARTESIAN_POINT('',(0.56,-2.075,0.8));
#859 = SURFACE_CURVE('',#860,(#864,#871),.PCURVE_S1.);
#860 = LINE('',#861,#862);
#861 = CARTESIAN_POINT('',(0.2,-1.715,1.16));
#862 = VECTOR('',#863,1.);
#863 = DIRECTION('',(-0.57735026919,0.57735026919,0.57735026919));
#864 = PCURVE('',#268,#865);
#865 = DEFINITIONAL_REPRESENTATION('',(#866),#870);
#866 = LINE('',#867,#868);
#867 = CARTESIAN_POINT('',(-1.08,0.650538238692));
#868 = VECTOR('',#869,1.);
#869 = DIRECTION('',(0.57735026919,0.816496580928));
#870 = ( GEOMETRIC_REPRESENTATION_CONTEXT(2) 
PARAMETRIC_REPRESENTATION_CONTEXT() REPRESENTATION_CONTEXT('2D SPACE',''
  ) );
#871 = PCURVE('',#240,#872);
#872 = DEFINITIONAL_REPRESENTATION('',(#873),#877);
#873 = LINE('',#874,#875);
#874 = CARTESIAN_POINT('',(-0.76,0.650538238692));
#875 = VECTOR('',#876,1.);
#876 = DIRECTION('',(0.57735026919,0.816496580928));
#877 = ( GEOMETRIC_REPRESENTATION_CONTEXT(2) 
PARAMETRIC_REPRESENTATION_CONTEXT() REPRESENTATION_CONTEXT('2D SPACE',''
  ) );
#878 = ORIENTED_EDGE('',*,*,#879,.F.);
#879 = EDGE_CURVE('',#747,#857,#880,.T.);
#880 = SURFACE_CURVE('',#881,(#885,#892),.PCURVE_S1.);
#881 = LINE('',#882,#883);
#882 = CARTESIAN_POINT('',(0.56,-0.635,0.8));
#883 = VECTOR('',#884,1.);
#884 = DIRECTION('',(0.,-1.,0.));
#885 = PCURVE('',#268,#886);
#886 = DEFINITIONAL_REPRESENTATION('',(#887),#891);
#887 = LINE('',#888,#889);
#888 = CARTESIAN_POINT('',(-0.,0.141421356237));
#889 = VECTOR('',#890,1.);
#890 = DIRECTION('',(-1.,0.));
#891 = ( GEOMETRIC_REPRESENTATION_CONTEXT(2) 
PARAMETRIC_REPRESENTATION_CONTEXT() REPRESENTATION_CONTEXT('2D SPACE',''
  ) );
#892 = PCURVE('',#893,#898);
#893 = PLANE('',#894);
#894 = AXIS2_PLACEMENT_3D('',#895,#896,#897);
#895 = CARTESIAN_POINT('',(0.56,-0.635,0.));
#896 = DIRECTION('',(1.,0.,0.));
#897 = DIRECTION('',(0.,-1.,0.));
#898 = DEFINITIONAL_REPRESENTATION('',(#899),#903);
#899 = LINE('',#900,#901);
#900 = CARTESIAN_POINT('',(0.,-0.8));
#901 = VECTOR('',#902,1.);
#902 = DIRECTION('',(1.,0.));
#903 = ( GEOMETRIC_REPRESENTATION_CONTEXT(2) 
PARAMETRIC_REPRESENTATION_CONTEXT() REPRESENTATION_CONTEXT('2D SPACE',''
  ) );
#904 = ADVANCED_FACE('',(#905),#184,.T.);
#905 = FACE_BOUND('',#906,.F.);
#906 = EDGE_LOOP('',(#907,#908,#909,#932));
#907 = ORIENTED_EDGE('',*,*,#802,.F.);
#908 = ORIENTED_EDGE('',*,*,#168,.T.);
#909 = ORIENTED_EDGE('',*,*,#910,.T.);
#910 = EDGE_CURVE('',#169,#911,#913,.T.);
#911 = VERTEX_POINT('',#912);
#912 = CARTESIAN_POINT('',(-0.56,-0.635,0.8));
#913 = SURFACE_CURVE('',#914,(#918,#925),.PCURVE_S1.);
#914 = LINE('',#915,#916);
#915 = CARTESIAN_POINT('',(-0.879166666667,-0.954166666667,
    0.480833333333));
#916 = VECTOR('',#917,1.);
#917 = DIRECTION('',(0.57735026919,0.57735026919,0.57735026919));
#918 = PCURVE('',#184,#919);
#919 = DEFINITIONAL_REPRESENTATION('',(#920),#924);
#920 = LINE('',#921,#922);
#921 = CARTESIAN_POINT('',(-1.195833333333,-0.30994847242));
#922 = VECTOR('',#923,1.);
#923 = DIRECTION('',(-0.57735026919,0.816496580928));
#924 = ( GEOMETRIC_REPRESENTATION_CONTEXT(2) 
PARAMETRIC_REPRESENTATION_CONTEXT() REPRESENTATION_CONTEXT('2D SPACE',''
  ) );
#925 = PCURVE('',#212,#926);
#926 = DEFINITIONAL_REPRESENTATION('',(#927),#931);
#927 = LINE('',#928,#929);
#928 = CARTESIAN_POINT('',(-0.319166666667,-0.30994847242));
#929 = VECTOR('',#930,1.);
#930 = DIRECTION('',(0.57735026919,0.816496580928));
#931 = ( GEOMETRIC_REPRESENTATION_CONTEXT(2) 
PARAMETRIC_REPRESENTATION_CONTEXT() REPRESENTATION_CONTEXT('2D SPACE',''
  ) );
#932 = ORIENTED_EDGE('',*,*,#933,.F.);
#933 = EDGE_CURVE('',#803,#911,#934,.T.);
#934 = SURFACE_CURVE('',#935,(#939,#946),.PCURVE_S1.);
#935 = LINE('',#936,#937);
#936 = CARTESIAN_POINT('',(-2.075,-0.635,0.8));
#937 = VECTOR('',#938,1.);
#938 = DIRECTION('',(1.,-0.,0.));
#939 = PCURVE('',#184,#940);
#940 = DEFINITIONAL_REPRESENTATION('',(#941),#945);
#941 = LINE('',#942,#943);
#942 = CARTESIAN_POINT('',(-0.,0.141421356237));
#943 = VECTOR('',#944,1.);
#944 = DIRECTION('',(-1.,0.));
#945 = ( GEOMETRIC_REPRESENTATION_CONTEXT(2) 
PARAMETRIC_REPRESENTATION_CONTEXT() REPRESENTATION_CONTEXT('2D SPACE',''
  ) );
#946 = PCURVE('',#947,#952);
#947 = PLANE('',#948);
#948 = AXIS2_PLACEMENT_3D('',#949,#950,#951);
#949 = CARTESIAN_POINT('',(-2.075,-0.635,0.));
#950 = DIRECTION('',(0.,1.,-0.));
#951 = DIRECTION('',(1.,0.,0.));
#952 = DEFINITIONAL_REPRESENTATION('',(#953),#957);
#953 = LINE('',#954,#955);
#954 = CARTESIAN_POINT('',(0.,-0.8));
#955 = VECTOR('',#956,1.);
#956 = DIRECTION('',(1.,0.));
#957 = ( GEOMETRIC_REPRESENTATION_CONTEXT(2) 
PARAMETRIC_REPRESENTATION_CONTEXT() REPRESENTATION_CONTEXT('2D SPACE',''
  ) );
#958 = ADVANCED_FACE('',(#959),#240,.T.);
#959 = FACE_BOUND('',#960,.F.);
#960 = EDGE_LOOP('',(#961,#984,#985,#986));
#961 = ORIENTED_EDGE('',*,*,#962,.F.);
#962 = EDGE_CURVE('',#197,#963,#965,.T.);
#963 = VERTEX_POINT('',#964);
#964 = CARTESIAN_POINT('',(-0.56,-2.075,0.8));
#965 = SURFACE_CURVE('',#966,(#970,#977),.PCURVE_S1.);
#966 = LINE('',#967,#968);
#967 = CARTESIAN_POINT('',(-0.386666666667,-1.901666666667,
    0.973333333333));
#968 = VECTOR('',#969,1.);
#969 = DIRECTION('',(0.57735026919,0.57735026919,0.57735026919));
#970 = PCURVE('',#240,#971);
#971 = DEFINITIONAL_REPRESENTATION('',(#972),#976);
#972 = LINE('',#973,#974);
#973 = CARTESIAN_POINT('',(-0.173333333333,0.386551707049));
#974 = VECTOR('',#975,1.);
#975 = DIRECTION('',(-0.57735026919,0.816496580928));
#976 = ( GEOMETRIC_REPRESENTATION_CONTEXT(2) 
PARAMETRIC_REPRESENTATION_CONTEXT() REPRESENTATION_CONTEXT('2D SPACE',''
  ) );
#977 = PCURVE('',#212,#978);
#978 = DEFINITIONAL_REPRESENTATION('',(#979),#983);
#979 = LINE('',#980,#981);
#980 = CARTESIAN_POINT('',(-1.266666666667,0.386551707049));
#981 = VECTOR('',#982,1.);
#982 = DIRECTION('',(0.57735026919,0.816496580928));
#983 = ( GEOMETRIC_REPRESENTATION_CONTEXT(2) 
PARAMETRIC_REPRESENTATION_CONTEXT() REPRESENTATION_CONTEXT('2D SPACE',''
  ) );
#984 = ORIENTED_EDGE('',*,*,#224,.T.);
#985 = ORIENTED_EDGE('',*,*,#856,.T.);
#986 = ORIENTED_EDGE('',*,*,#987,.F.);
#987 = EDGE_CURVE('',#963,#857,#988,.T.);
#988 = SURFACE_CURVE('',#989,(#993,#1000),.PCURVE_S1.);
#989 = LINE('',#990,#991);
#990 = CARTESIAN_POINT('',(-0.56,-2.075,0.8));
#991 = VECTOR('',#992,1.);
#992 = DIRECTION('',(1.,-0.,0.));
#993 = PCURVE('',#240,#994);
#994 = DEFINITIONAL_REPRESENTATION('',(#995),#999);
#995 = LINE('',#996,#997);
#996 = CARTESIAN_POINT('',(-0.,0.141421356237));
#997 = VECTOR('',#998,1.);
#998 = DIRECTION('',(-1.,0.));
#999 = ( GEOMETRIC_REPRESENTATION_CONTEXT(2) 
PARAMETRIC_REPRESENTATION_CONTEXT() REPRESENTATION_CONTEXT('2D SPACE',''
  ) );
#1000 = PCURVE('',#1001,#1006);
#1001 = PLANE('',#1002);
#1002 = AXIS2_PLACEMENT_3D('',#1003,#1004,#1005);
#1003 = CARTESIAN_POINT('',(-0.56,-2.075,0.));
#1004 = DIRECTION('',(0.,1.,-0.));
#1005 = DIRECTION('',(1.,0.,0.));
#1006 = DEFINITIONAL_REPRESENTATION('',(#1007),#1011);
#1007 = LINE('',#1008,#1009);
#1008 = CARTESIAN_POINT('',(0.,-0.8));
#1009 = VECTOR('',#1010,1.);
#1010 = DIRECTION('',(1.,0.));
#1011 = ( GEOMETRIC_REPRESENTATION_CONTEXT(2) 
PARAMETRIC_REPRESENTATION_CONTEXT() REPRESENTATION_CONTEXT('2D SPACE',''
  ) );
#1012 = ADVANCED_FACE('',(#1013),#212,.T.);
#1013 = FACE_BOUND('',#1014,.F.);
#1014 = EDGE_LOOP('',(#1015,#1016,#1017,#1018));
#1015 = ORIENTED_EDGE('',*,*,#910,.F.);
#1016 = ORIENTED_EDGE('',*,*,#196,.T.);
#1017 = ORIENTED_EDGE('',*,*,#962,.T.);
#1018 = ORIENTED_EDGE('',*,*,#1019,.F.);
#1019 = EDGE_CURVE('',#911,#963,#1020,.T.);
#1020 = SURFACE_CURVE('',#1021,(#1025,#1032),.PCURVE_S1.);
#1021 = LINE('',#1022,#1023);
#1022 = CARTESIAN_POINT('',(-0.56,-0.635,0.8));
#1023 = VECTOR('',#1024,1.);
#1024 = DIRECTION('',(0.,-1.,0.));
#1025 = PCURVE('',#212,#1026);
#1026 = DEFINITIONAL_REPRESENTATION('',(#1027),#1031);
#1027 = LINE('',#1028,#1029);
#1028 = CARTESIAN_POINT('',(-0.,0.141421356237));
#1029 = VECTOR('',#1030,1.);
#1030 = DIRECTION('',(-1.,0.));
#1031 = ( GEOMETRIC_REPRESENTATION_CONTEXT(2) 
PARAMETRIC_REPRESENTATION_CONTEXT() REPRESENTATION_CONTEXT('2D SPACE',''
  ) );
#1032 = PCURVE('',#1033,#1038);
#1033 = PLANE('',#1034);
#1034 = AXIS2_PLACEMENT_3D('',#1035,#1036,#1037);
#1035 = CARTESIAN_POINT('',(-0.56,-0.635,0.));
#1036 = DIRECTION('',(1.,0.,0.));
#1037 = DIRECTION('',(0.,-1.,0.));
#1038 = DEFINITIONAL_REPRESENTATION('',(#1039),#1043);
#1039 = LINE('',#1040,#1041);
#1040 = CARTESIAN_POINT('',(0.,-0.8));
#1041 = VECTOR('',#1042,1.);
#1042 = DIRECTION('',(1.,0.));
#1043 = ( GEOMETRIC_REPRESENTATION_CONTEXT(2) 
PARAMETRIC_REPRESENTATION_CONTEXT() REPRESENTATION_CONTEXT('2D SPACE',''
  ) );
#1044 = ADVANCED_FACE('',(#1045),#385,.T.);
#1045 = FACE_BOUND('',#1046,.T.);
#1046 = EDGE_LOOP('',(#1047,#1075,#1104,#1130,#1163,#1189,#1218,#1244,
    #1277,#1303,#1332,#1353,#1354,#1355,#1379,#1405,#1438,#1464,#1493,
    #1519));
#1047 = ORIENTED_EDGE('',*,*,#1048,.T.);
#1048 = EDGE_CURVE('',#1049,#1051,#1053,.T.);
#1049 = VERTEX_POINT('',#1050);
#1050 = CARTESIAN_POINT('',(-2.720753572083,-0.4,5.5));
#1051 = VERTEX_POINT('',#1052);
#1052 = CARTESIAN_POINT('',(-2.720753572083,-0.4,4.5));
#1053 = SURFACE_CURVE('',#1054,(#1058,#1064),.PCURVE_S1.);
#1054 = LINE('',#1055,#1056);
#1055 = CARTESIAN_POINT('',(-2.720753572083,-0.4,4.5));
#1056 = VECTOR('',#1057,1.);
#1057 = DIRECTION('',(0.,0.,-1.));
#1058 = PCURVE('',#385,#1059);
#1059 = DEFINITIONAL_REPRESENTATION('',(#1060),#1063);
#1060 = B_SPLINE_CURVE_WITH_KNOTS('',1,(#1061,#1062),.UNSPECIFIED.,.F.,
  .F.,(2,2),(-1.0000006,5.999999999062E-07),.PIECEWISE_BEZIER_KNOTS.);
#1061 = CARTESIAN_POINT('',(2.995620265046,-1.0000006));
#1062 = CARTESIAN_POINT('',(2.995620265046,5.999999999062E-07));
#1063 = ( GEOMETRIC_REPRESENTATION_CONTEXT(2) 
PARAMETRIC_REPRESENTATION_CONTEXT() REPRESENTATION_CONTEXT('2D SPACE',''
  ) );
#1064 = PCURVE('',#1065,#1070);
#1065 = PLANE('',#1066);
#1066 = AXIS2_PLACEMENT_3D('',#1067,#1068,#1069);
#1067 = CARTESIAN_POINT('',(6.6,-0.4,4.5));
#1068 = DIRECTION('',(0.,-1.,0.));
#1069 = DIRECTION('',(-1.,0.,0.));
#1070 = DEFINITIONAL_REPRESENTATION('',(#1071),#1074);
#1071 = B_SPLINE_CURVE_WITH_KNOTS('',1,(#1072,#1073),.UNSPECIFIED.,.F.,
  .F.,(2,2),(-1.0000006,5.999999999062E-07),.PIECEWISE_BEZIER_KNOTS.);
#1072 = CARTESIAN_POINT('',(9.320753572083,-1.0000006));
#1073 = CARTESIAN_POINT('',(9.320753572083,5.999999999062E-07));
#1074 = ( GEOMETRIC_REPRESENTATION_CONTEXT(2) 
PARAMETRIC_REPRESENTATION_CONTEXT() REPRESENTATION_CONTEXT('2D SPACE',''
  ) );
#1075 = ORIENTED_EDGE('',*,*,#1076,.T.);
#1076 = EDGE_CURVE('',#1051,#1077,#1079,.T.);
#1077 = VERTEX_POINT('',#1078);
#1078 = CARTESIAN_POINT('',(-2.720753572083,0.4,4.5));
#1079 = SURFACE_CURVE('',#1080,(#1085,#1092),.PCURVE_S1.);
#1080 = CIRCLE('',#1081,2.75);
#1081 = AXIS2_PLACEMENT_3D('',#1082,#1083,#1084);
#1082 = CARTESIAN_POINT('',(0.,0.,4.5));
#1083 = DIRECTION('',(0.,0.,-1.));
#1084 = DIRECTION('',(1.,0.,0.));
#1085 = PCURVE('',#385,#1086);
#1086 = DEFINITIONAL_REPRESENTATION('',(#1087),#1091);
#1087 = LINE('',#1088,#1089);
#1088 = CARTESIAN_POINT('',(0.,0.));
#1089 = VECTOR('',#1090,1.);
#1090 = DIRECTION('',(1.,0.));
#1091 = ( GEOMETRIC_REPRESENTATION_CONTEXT(2) 
PARAMETRIC_REPRESENTATION_CONTEXT() REPRESENTATION_CONTEXT('2D SPACE',''
  ) );
#1092 = PCURVE('',#1093,#1098);
#1093 = PLANE('',#1094);
#1094 = AXIS2_PLACEMENT_3D('',#1095,#1096,#1097);
#1095 = CARTESIAN_POINT('',(0.,0.,4.5));
#1096 = DIRECTION('',(-0.,-0.,-1.));
#1097 = DIRECTION('',(-1.,0.,0.));
#1098 = DEFINITIONAL_REPRESENTATION('',(#1099),#1103);
#1099 = CIRCLE('',#1100,2.75);
#1100 = AXIS2_PLACEMENT_2D('',#1101,#1102);
#1101 = CARTESIAN_POINT('',(0.,0.));
#1102 = DIRECTION('',(-1.,0.));
#1103 = ( GEOMETRIC_REPRESENTATION_CONTEXT(2) 
PARAMETRIC_REPRESENTATION_CONTEXT() REPRESENTATION_CONTEXT('2D SPACE',''
  ) );
#1104 = ORIENTED_EDGE('',*,*,#1105,.F.);
#1105 = EDGE_CURVE('',#1106,#1077,#1108,.T.);
#1106 = VERTEX_POINT('',#1107);
#1107 = CARTESIAN_POINT('',(-2.720753572083,0.4,5.5));
#1108 = SURFACE_CURVE('',#1109,(#1113,#1119),.PCURVE_S1.);
#1109 = LINE('',#1110,#1111);
#1110 = CARTESIAN_POINT('',(-2.720753572083,0.4,4.5));
#1111 = VECTOR('',#1112,1.);
#1112 = DIRECTION('',(0.,0.,-1.));
#1113 = PCURVE('',#385,#1114);
#1114 = DEFINITIONAL_REPRESENTATION('',(#1115),#1118);
#1115 = B_SPLINE_CURVE_WITH_KNOTS('',1,(#1116,#1117),.UNSPECIFIED.,.F.,
  .F.,(2,2),(-1.0000006,5.999999999062E-07),.PIECEWISE_BEZIER_KNOTS.);
#1116 = CARTESIAN_POINT('',(3.287565042134,-1.0000006));
#1117 = CARTESIAN_POINT('',(3.287565042134,5.999999999062E-07));
#1118 = ( GEOMETRIC_REPRESENTATION_CONTEXT(2) 
PARAMETRIC_REPRESENTATION_CONTEXT() REPRESENTATION_CONTEXT('2D SPACE',''
  ) );
#1119 = PCURVE('',#1120,#1125);
#1120 = PLANE('',#1121);
#1121 = AXIS2_PLACEMENT_3D('',#1122,#1123,#1124);
#1122 = CARTESIAN_POINT('',(-6.6,0.4,4.5));
#1123 = DIRECTION('',(0.,1.,0.));
#1124 = DIRECTION('',(1.,0.,0.));
#1125 = DEFINITIONAL_REPRESENTATION('',(#1126),#1129);
#1126 = B_SPLINE_CURVE_WITH_KNOTS('',1,(#1127,#1128),.UNSPECIFIED.,.F.,
  .F.,(2,2),(-1.0000006,5.999999999062E-07),.PIECEWISE_BEZIER_KNOTS.);
#1127 = CARTESIAN_POINT('',(3.879246427917,-1.0000006));
#1128 = CARTESIAN_POINT('',(3.879246427917,5.999999999062E-07));
#1129 = ( GEOMETRIC_REPRESENTATION_CONTEXT(2) 
PARAMETRIC_REPRESENTATION_CONTEXT() REPRESENTATION_CONTEXT('2D SPACE',''
  ) );
#1130 = ORIENTED_EDGE('',*,*,#1131,.F.);
#1131 = EDGE_CURVE('',#1132,#1106,#1134,.T.);
#1132 = VERTEX_POINT('',#1133);
#1133 = CARTESIAN_POINT('',(-0.4,2.720753572083,5.5));
#1134 = SURFACE_CURVE('',#1135,(#1140,#1147),.PCURVE_S1.);
#1135 = CIRCLE('',#1136,2.75);
#1136 = AXIS2_PLACEMENT_3D('',#1137,#1138,#1139);
#1137 = CARTESIAN_POINT('',(4.060594997522E-17,2.62967735571E-17,5.5));
#1138 = DIRECTION('',(0.,0.,1.));
#1139 = DIRECTION('',(1.,2.353668967178E-16,-0.));
#1140 = PCURVE('',#385,#1141);
#1141 = DEFINITIONAL_REPRESENTATION('',(#1142),#1146);
#1142 = LINE('',#1143,#1144);
#1143 = CARTESIAN_POINT('',(6.28318530718,-1.));
#1144 = VECTOR('',#1145,1.);
#1145 = DIRECTION('',(-1.,-0.));
#1146 = ( GEOMETRIC_REPRESENTATION_CONTEXT(2) 
PARAMETRIC_REPRESENTATION_CONTEXT() REPRESENTATION_CONTEXT('2D SPACE',''
  ) );
#1147 = PCURVE('',#1148,#1153);
#1148 = PLANE('',#1149);
#1149 = AXIS2_PLACEMENT_3D('',#1150,#1151,#1152);
#1150 = CARTESIAN_POINT('',(-5.25,-5.25,5.5));
#1151 = DIRECTION('',(0.,0.,-1.));
#1152 = DIRECTION('',(0.707106781187,0.707106781187,0.));
#1153 = DEFINITIONAL_REPRESENTATION('',(#1154),#1162);
#1154 = ( BOUNDED_CURVE() B_SPLINE_CURVE(2,(#1155,#1156,#1157,#1158,
#1159,#1160,#1161),.UNSPECIFIED.,.T.,.F.) B_SPLINE_CURVE_WITH_KNOTS((1,2
    ,2,2,2,1),(-2.094395102393,0.,2.094395102393,4.188790204786,
6.28318530718,8.377580409573),.UNSPECIFIED.) CURVE() 
GEOMETRIC_REPRESENTATION_ITEM() RATIONAL_B_SPLINE_CURVE((1.,0.5,1.,0.5,
1.,0.5,1.)) REPRESENTATION_ITEM('') );
#1155 = CARTESIAN_POINT('',(9.369164850722,1.944543648263));
#1156 = CARTESIAN_POINT('',(12.737213247049,-1.423504748064));
#1157 = CARTESIAN_POINT('',(8.136373576491,-2.656296022295));
#1158 = CARTESIAN_POINT('',(3.535533905933,-3.889087296526));
#1159 = CARTESIAN_POINT('',(4.768325180164,0.711752374032));
#1160 = CARTESIAN_POINT('',(6.001116454395,5.31259204459));
#1161 = CARTESIAN_POINT('',(9.369164850722,1.944543648263));
#1162 = ( GEOMETRIC_REPRESENTATION_CONTEXT(2) 
PARAMETRIC_REPRESENTATION_CONTEXT() REPRESENTATION_CONTEXT('2D SPACE',''
  ) );
#1163 = ORIENTED_EDGE('',*,*,#1164,.T.);
#1164 = EDGE_CURVE('',#1132,#1165,#1167,.T.);
#1165 = VERTEX_POINT('',#1166);
#1166 = CARTESIAN_POINT('',(-0.4,2.720753572083,4.5));
#1167 = SURFACE_CURVE('',#1168,(#1172,#1178),.PCURVE_S1.);
#1168 = LINE('',#1169,#1170);
#1169 = CARTESIAN_POINT('',(-0.4,2.720753572083,4.5));
#1170 = VECTOR('',#1171,1.);
#1171 = DIRECTION('',(0.,0.,-1.));
#1172 = PCURVE('',#385,#1173);
#1173 = DEFINITIONAL_REPRESENTATION('',(#1174),#1177);
#1174 = B_SPLINE_CURVE_WITH_KNOTS('',1,(#1175,#1176),.UNSPECIFIED.,.F.,
  .F.,(2,2),(-1.0000006,5.999999999062E-07),.PIECEWISE_BEZIER_KNOTS.);
#1175 = CARTESIAN_POINT('',(4.56641659184,-1.0000006));
#1176 = CARTESIAN_POINT('',(4.56641659184,5.999999999062E-07));
#1177 = ( GEOMETRIC_REPRESENTATION_CONTEXT(2) 
PARAMETRIC_REPRESENTATION_CONTEXT() REPRESENTATION_CONTEXT('2D SPACE',''
  ) );
#1178 = PCURVE('',#1179,#1184);
#1179 = PLANE('',#1180);
#1180 = AXIS2_PLACEMENT_3D('',#1181,#1182,#1183);
#1181 = CARTESIAN_POINT('',(-0.4,-6.6,4.5));
#1182 = DIRECTION('',(-1.,0.,0.));
#1183 = DIRECTION('',(0.,1.,0.));
#1184 = DEFINITIONAL_REPRESENTATION('',(#1185),#1188);
#1185 = B_SPLINE_CURVE_WITH_KNOTS('',1,(#1186,#1187),.UNSPECIFIED.,.F.,
  .F.,(2,2),(-1.0000006,5.999999999062E-07),.PIECEWISE_BEZIER_KNOTS.);
#1186 = CARTESIAN_POINT('',(9.320753572083,-1.0000006));
#1187 = CARTESIAN_POINT('',(9.320753572083,5.999999999062E-07));
#1188 = ( GEOMETRIC_REPRESENTATION_CONTEXT(2) 
PARAMETRIC_REPRESENTATION_CONTEXT() REPRESENTATION_CONTEXT('2D SPACE',''
  ) );
#1189 = ORIENTED_EDGE('',*,*,#1190,.T.);
#1190 = EDGE_CURVE('',#1165,#1191,#1193,.T.);
#1191 = VERTEX_POINT('',#1192);
#1192 = CARTESIAN_POINT('',(0.4,2.720753572083,4.5));
#1193 = SURFACE_CURVE('',#1194,(#1199,#1206),.PCURVE_S1.);
#1194 = CIRCLE('',#1195,2.75);
#1195 = AXIS2_PLACEMENT_3D('',#1196,#1197,#1198);
#1196 = CARTESIAN_POINT('',(0.,0.,4.5));
#1197 = DIRECTION('',(0.,0.,-1.));
#1198 = DIRECTION('',(1.,0.,0.));
#1199 = PCURVE('',#385,#1200);
#1200 = DEFINITIONAL_REPRESENTATION('',(#1201),#1205);
#1201 = LINE('',#1202,#1203);
#1202 = CARTESIAN_POINT('',(0.,0.));
#1203 = VECTOR('',#1204,1.);
#1204 = DIRECTION('',(1.,0.));
#1205 = ( GEOMETRIC_REPRESENTATION_CONTEXT(2) 
PARAMETRIC_REPRESENTATION_CONTEXT() REPRESENTATION_CONTEXT('2D SPACE',''
  ) );
#1206 = PCURVE('',#1207,#1212);
#1207 = PLANE('',#1208);
#1208 = AXIS2_PLACEMENT_3D('',#1209,#1210,#1211);
#1209 = CARTESIAN_POINT('',(0.,0.,4.5));
#1210 = DIRECTION('',(-0.,-0.,-1.));
#1211 = DIRECTION('',(-1.,0.,0.));
#1212 = DEFINITIONAL_REPRESENTATION('',(#1213),#1217);
#1213 = CIRCLE('',#1214,2.75);
#1214 = AXIS2_PLACEMENT_2D('',#1215,#1216);
#1215 = CARTESIAN_POINT('',(0.,0.));
#1216 = DIRECTION('',(-1.,0.));
#1217 = ( GEOMETRIC_REPRESENTATION_CONTEXT(2) 
PARAMETRIC_REPRESENTATION_CONTEXT() REPRESENTATION_CONTEXT('2D SPACE',''
  ) );
#1218 = ORIENTED_EDGE('',*,*,#1219,.F.);
#1219 = EDGE_CURVE('',#1220,#1191,#1222,.T.);
#1220 = VERTEX_POINT('',#1221);
#1221 = CARTESIAN_POINT('',(0.4,2.720753572083,5.5));
#1222 = SURFACE_CURVE('',#1223,(#1227,#1233),.PCURVE_S1.);
#1223 = LINE('',#1224,#1225);
#1224 = CARTESIAN_POINT('',(0.4,2.720753572083,4.5));
#1225 = VECTOR('',#1226,1.);
#1226 = DIRECTION('',(0.,0.,-1.));
#1227 = PCURVE('',#385,#1228);
#1228 = DEFINITIONAL_REPRESENTATION('',(#1229),#1232);
#1229 = B_SPLINE_CURVE_WITH_KNOTS('',1,(#1230,#1231),.UNSPECIFIED.,.F.,
  .F.,(2,2),(-1.0000006,5.999999999062E-07),.PIECEWISE_BEZIER_KNOTS.);
#1230 = CARTESIAN_POINT('',(4.858361368929,-1.0000006));
#1231 = CARTESIAN_POINT('',(4.858361368929,5.999999999062E-07));
#1232 = ( GEOMETRIC_REPRESENTATION_CONTEXT(2) 
PARAMETRIC_REPRESENTATION_CONTEXT() REPRESENTATION_CONTEXT('2D SPACE',''
  ) );
#1233 = PCURVE('',#1234,#1239);
#1234 = PLANE('',#1235);
#1235 = AXIS2_PLACEMENT_3D('',#1236,#1237,#1238);
#1236 = CARTESIAN_POINT('',(0.4,6.6,4.5));
#1237 = DIRECTION('',(1.,-0.,0.));
#1238 = DIRECTION('',(0.,-1.,0.));
#1239 = DEFINITIONAL_REPRESENTATION('',(#1240),#1243);
#1240 = B_SPLINE_CURVE_WITH_KNOTS('',1,(#1241,#1242),.UNSPECIFIED.,.F.,
  .F.,(2,2),(-1.0000006,5.999999999062E-07),.PIECEWISE_BEZIER_KNOTS.);
#1241 = CARTESIAN_POINT('',(3.879246427917,-1.0000006));
#1242 = CARTESIAN_POINT('',(3.879246427917,5.999999999062E-07));
#1243 = ( GEOMETRIC_REPRESENTATION_CONTEXT(2) 
PARAMETRIC_REPRESENTATION_CONTEXT() REPRESENTATION_CONTEXT('2D SPACE',''
  ) );
#1244 = ORIENTED_EDGE('',*,*,#1245,.F.);
#1245 = EDGE_CURVE('',#1246,#1220,#1248,.T.);
#1246 = VERTEX_POINT('',#1247);
#1247 = CARTESIAN_POINT('',(2.720753572083,0.4,5.5));
#1248 = SURFACE_CURVE('',#1249,(#1254,#1261),.PCURVE_S1.);
#1249 = CIRCLE('',#1250,2.75);
#1250 = AXIS2_PLACEMENT_3D('',#1251,#1252,#1253);
#1251 = CARTESIAN_POINT('',(4.060594997522E-17,2.62967735571E-17,5.5));
#1252 = DIRECTION('',(0.,0.,1.));
#1253 = DIRECTION('',(1.,2.353668967178E-16,-0.));
#1254 = PCURVE('',#385,#1255);
#1255 = DEFINITIONAL_REPRESENTATION('',(#1256),#1260);
#1256 = LINE('',#1257,#1258);
#1257 = CARTESIAN_POINT('',(6.28318530718,-1.));
#1258 = VECTOR('',#1259,1.);
#1259 = DIRECTION('',(-1.,-0.));
#1260 = ( GEOMETRIC_REPRESENTATION_CONTEXT(2) 
PARAMETRIC_REPRESENTATION_CONTEXT() REPRESENTATION_CONTEXT('2D SPACE',''
  ) );
#1261 = PCURVE('',#1262,#1267);
#1262 = PLANE('',#1263);
#1263 = AXIS2_PLACEMENT_3D('',#1264,#1265,#1266);
#1264 = CARTESIAN_POINT('',(-5.25,-5.25,5.5));
#1265 = DIRECTION('',(0.,0.,-1.));
#1266 = DIRECTION('',(0.707106781187,0.707106781187,0.));
#1267 = DEFINITIONAL_REPRESENTATION('',(#1268),#1276);
#1268 = ( BOUNDED_CURVE() B_SPLINE_CURVE(2,(#1269,#1270,#1271,#1272,
#1273,#1274,#1275),.UNSPECIFIED.,.T.,.F.) B_SPLINE_CURVE_WITH_KNOTS((1,2
    ,2,2,2,1),(-2.094395102393,0.,2.094395102393,4.188790204786,
6.28318530718,8.377580409573),.UNSPECIFIED.) CURVE() 
GEOMETRIC_REPRESENTATION_ITEM() RATIONAL_B_SPLINE_CURVE((1.,0.5,1.,0.5,
1.,0.5,1.)) REPRESENTATION_ITEM('') );
#1269 = CARTESIAN_POINT('',(9.369164850722,1.944543648263));
#1270 = CARTESIAN_POINT('',(12.737213247049,-1.423504748064));
#1271 = CARTESIAN_POINT('',(8.136373576491,-2.656296022295));
#1272 = CARTESIAN_POINT('',(3.535533905933,-3.889087296526));
#1273 = CARTESIAN_POINT('',(4.768325180164,0.711752374032));
#1274 = CARTESIAN_POINT('',(6.001116454395,5.31259204459));
#1275 = CARTESIAN_POINT('',(9.369164850722,1.944543648263));
#1276 = ( GEOMETRIC_REPRESENTATION_CONTEXT(2) 
PARAMETRIC_REPRESENTATION_CONTEXT() REPRESENTATION_CONTEXT('2D SPACE',''
  ) );
#1277 = ORIENTED_EDGE('',*,*,#1278,.T.);
#1278 = EDGE_CURVE('',#1246,#1279,#1281,.T.);
#1279 = VERTEX_POINT('',#1280);
#1280 = CARTESIAN_POINT('',(2.720753572083,0.4,4.5));
#1281 = SURFACE_CURVE('',#1282,(#1286,#1292),.PCURVE_S1.);
#1282 = LINE('',#1283,#1284);
#1283 = CARTESIAN_POINT('',(2.720753572083,0.4,4.5));
#1284 = VECTOR('',#1285,1.);
#1285 = DIRECTION('',(0.,0.,-1.));
#1286 = PCURVE('',#385,#1287);
#1287 = DEFINITIONAL_REPRESENTATION('',(#1288),#1291);
#1288 = B_SPLINE_CURVE_WITH_KNOTS('',1,(#1289,#1290),.UNSPECIFIED.,.F.,
  .F.,(2,2),(-1.0000006,5.999999999062E-07),.PIECEWISE_BEZIER_KNOTS.);
#1289 = CARTESIAN_POINT('',(6.137212918635,-1.0000006));
#1290 = CARTESIAN_POINT('',(6.137212918635,5.999999999062E-07));
#1291 = ( GEOMETRIC_REPRESENTATION_CONTEXT(2) 
PARAMETRIC_REPRESENTATION_CONTEXT() REPRESENTATION_CONTEXT('2D SPACE',''
  ) );
#1292 = PCURVE('',#1293,#1298);
#1293 = PLANE('',#1294);
#1294 = AXIS2_PLACEMENT_3D('',#1295,#1296,#1297);
#1295 = CARTESIAN_POINT('',(-6.6,0.4,4.5));
#1296 = DIRECTION('',(0.,1.,0.));
#1297 = DIRECTION('',(1.,0.,0.));
#1298 = DEFINITIONAL_REPRESENTATION('',(#1299),#1302);
#1299 = B_SPLINE_CURVE_WITH_KNOTS('',1,(#1300,#1301),.UNSPECIFIED.,.F.,
  .F.,(2,2),(-1.0000006,5.999999999062E-07),.PIECEWISE_BEZIER_KNOTS.);
#1300 = CARTESIAN_POINT('',(9.320753572083,-1.0000006));
#1301 = CARTESIAN_POINT('',(9.320753572083,5.999999999062E-07));
#1302 = ( GEOMETRIC_REPRESENTATION_CONTEXT(2) 
PARAMETRIC_REPRESENTATION_CONTEXT() REPRESENTATION_CONTEXT('2D SPACE',''
  ) );
#1303 = ORIENTED_EDGE('',*,*,#1304,.T.);
#1304 = EDGE_CURVE('',#1279,#1305,#1307,.T.);
#1305 = VERTEX_POINT('',#1306);
#1306 = CARTESIAN_POINT('',(2.75,0.,4.5));
#1307 = SURFACE_CURVE('',#1308,(#1313,#1320),.PCURVE_S1.);
#1308 = CIRCLE('',#1309,2.75);
#1309 = AXIS2_PLACEMENT_3D('',#1310,#1311,#1312);
#1310 = CARTESIAN_POINT('',(0.,0.,4.5));
#1311 = DIRECTION('',(0.,0.,-1.));
#1312 = DIRECTION('',(1.,0.,0.));
#1313 = PCURVE('',#385,#1314);
#1314 = DEFINITIONAL_REPRESENTATION('',(#1315),#1319);
#1315 = LINE('',#1316,#1317);
#1316 = CARTESIAN_POINT('',(0.,0.));
#1317 = VECTOR('',#1318,1.);
#1318 = DIRECTION('',(1.,0.));
#1319 = ( GEOMETRIC_REPRESENTATION_CONTEXT(2) 
PARAMETRIC_REPRESENTATION_CONTEXT() REPRESENTATION_CONTEXT('2D SPACE',''
  ) );
#1320 = PCURVE('',#1321,#1326);
#1321 = PLANE('',#1322);
#1322 = AXIS2_PLACEMENT_3D('',#1323,#1324,#1325);
#1323 = CARTESIAN_POINT('',(0.,0.,4.5));
#1324 = DIRECTION('',(-0.,-0.,-1.));
#1325 = DIRECTION('',(-1.,0.,0.));
#1326 = DEFINITIONAL_REPRESENTATION('',(#1327),#1331);
#1327 = CIRCLE('',#1328,2.75);
#1328 = AXIS2_PLACEMENT_2D('',#1329,#1330);
#1329 = CARTESIAN_POINT('',(0.,0.));
#1330 = DIRECTION('',(-1.,0.));
#1331 = ( GEOMETRIC_REPRESENTATION_CONTEXT(2) 
PARAMETRIC_REPRESENTATION_CONTEXT() REPRESENTATION_CONTEXT('2D SPACE',''
  ) );
#1332 = ORIENTED_EDGE('',*,*,#1333,.F.);
#1333 = EDGE_CURVE('',#365,#1305,#1334,.T.);
#1334 = SEAM_CURVE('',#1335,(#1339,#1346),.PCURVE_S1.);
#1335 = LINE('',#1336,#1337);
#1336 = CARTESIAN_POINT('',(2.75,0.,0.6));
#1337 = VECTOR('',#1338,1.);
#1338 = DIRECTION('',(0.,0.,1.));
#1339 = PCURVE('',#385,#1340);
#1340 = DEFINITIONAL_REPRESENTATION('',(#1341),#1345);
#1341 = LINE('',#1342,#1343);
#1342 = CARTESIAN_POINT('',(6.28318530718,3.9));
#1343 = VECTOR('',#1344,1.);
#1344 = DIRECTION('',(0.,-1.));
#1345 = ( GEOMETRIC_REPRESENTATION_CONTEXT(2) 
PARAMETRIC_REPRESENTATION_CONTEXT() REPRESENTATION_CONTEXT('2D SPACE',''
  ) );
#1346 = PCURVE('',#385,#1347);
#1347 = DEFINITIONAL_REPRESENTATION('',(#1348),#1352);
#1348 = LINE('',#1349,#1350);
#1349 = CARTESIAN_POINT('',(0.,3.9));
#1350 = VECTOR('',#1351,1.);
#1351 = DIRECTION('',(0.,-1.));
#1352 = ( GEOMETRIC_REPRESENTATION_CONTEXT(2) 
PARAMETRIC_REPRESENTATION_CONTEXT() REPRESENTATION_CONTEXT('2D SPACE',''
  ) );
#1353 = ORIENTED_EDGE('',*,*,#364,.T.);
#1354 = ORIENTED_EDGE('',*,*,#1333,.T.);
#1355 = ORIENTED_EDGE('',*,*,#1356,.T.);
#1356 = EDGE_CURVE('',#1305,#1357,#1359,.T.);
#1357 = VERTEX_POINT('',#1358);
#1358 = CARTESIAN_POINT('',(2.720753572083,-0.4,4.5));
#1359 = SURFACE_CURVE('',#1360,(#1365,#1372),.PCURVE_S1.);
#1360 = CIRCLE('',#1361,2.75);
#1361 = AXIS2_PLACEMENT_3D('',#1362,#1363,#1364);
#1362 = CARTESIAN_POINT('',(0.,0.,4.5));
#1363 = DIRECTION('',(0.,0.,-1.));
#1364 = DIRECTION('',(1.,0.,0.));
#1365 = PCURVE('',#385,#1366);
#1366 = DEFINITIONAL_REPRESENTATION('',(#1367),#1371);
#1367 = LINE('',#1368,#1369);
#1368 = CARTESIAN_POINT('',(0.,0.));
#1369 = VECTOR('',#1370,1.);
#1370 = DIRECTION('',(1.,0.));
#1371 = ( GEOMETRIC_REPRESENTATION_CONTEXT(2) 
PARAMETRIC_REPRESENTATION_CONTEXT() REPRESENTATION_CONTEXT('2D SPACE',''
  ) );
#1372 = PCURVE('',#1321,#1373);
#1373 = DEFINITIONAL_REPRESENTATION('',(#1374),#1378);
#1374 = CIRCLE('',#1375,2.75);
#1375 = AXIS2_PLACEMENT_2D('',#1376,#1377);
#1376 = CARTESIAN_POINT('',(0.,0.));
#1377 = DIRECTION('',(-1.,0.));
#1378 = ( GEOMETRIC_REPRESENTATION_CONTEXT(2) 
PARAMETRIC_REPRESENTATION_CONTEXT() REPRESENTATION_CONTEXT('2D SPACE',''
  ) );
#1379 = ORIENTED_EDGE('',*,*,#1380,.F.);
#1380 = EDGE_CURVE('',#1381,#1357,#1383,.T.);
#1381 = VERTEX_POINT('',#1382);
#1382 = CARTESIAN_POINT('',(2.720753572083,-0.4,5.5));
#1383 = SURFACE_CURVE('',#1384,(#1388,#1394),.PCURVE_S1.);
#1384 = LINE('',#1385,#1386);
#1385 = CARTESIAN_POINT('',(2.720753572083,-0.4,4.5));
#1386 = VECTOR('',#1387,1.);
#1387 = DIRECTION('',(0.,0.,-1.));
#1388 = PCURVE('',#385,#1389);
#1389 = DEFINITIONAL_REPRESENTATION('',(#1390),#1393);
#1390 = B_SPLINE_CURVE_WITH_KNOTS('',1,(#1391,#1392),.UNSPECIFIED.,.F.,
  .F.,(2,2),(-1.0000006,5.999999999062E-07),.PIECEWISE_BEZIER_KNOTS.);
#1391 = CARTESIAN_POINT('',(0.145972388544,-1.0000006));
#1392 = CARTESIAN_POINT('',(0.145972388544,5.999999999062E-07));
#1393 = ( GEOMETRIC_REPRESENTATION_CONTEXT(2) 
PARAMETRIC_REPRESENTATION_CONTEXT() REPRESENTATION_CONTEXT('2D SPACE',''
  ) );
#1394 = PCURVE('',#1395,#1400);
#1395 = PLANE('',#1396);
#1396 = AXIS2_PLACEMENT_3D('',#1397,#1398,#1399);
#1397 = CARTESIAN_POINT('',(6.6,-0.4,4.5));
#1398 = DIRECTION('',(0.,-1.,0.));
#1399 = DIRECTION('',(-1.,0.,0.));
#1400 = DEFINITIONAL_REPRESENTATION('',(#1401),#1404);
#1401 = B_SPLINE_CURVE_WITH_KNOTS('',1,(#1402,#1403),.UNSPECIFIED.,.F.,
  .F.,(2,2),(-1.0000006,5.999999999062E-07),.PIECEWISE_BEZIER_KNOTS.);
#1402 = CARTESIAN_POINT('',(3.879246427917,-1.0000006));
#1403 = CARTESIAN_POINT('',(3.879246427917,5.999999999062E-07));
#1404 = ( GEOMETRIC_REPRESENTATION_CONTEXT(2) 
PARAMETRIC_REPRESENTATION_CONTEXT() REPRESENTATION_CONTEXT('2D SPACE',''
  ) );
#1405 = ORIENTED_EDGE('',*,*,#1406,.F.);
#1406 = EDGE_CURVE('',#1407,#1381,#1409,.T.);
#1407 = VERTEX_POINT('',#1408);
#1408 = CARTESIAN_POINT('',(0.4,-2.720753572083,5.5));
#1409 = SURFACE_CURVE('',#1410,(#1415,#1422),.PCURVE_S1.);
#1410 = CIRCLE('',#1411,2.75);
#1411 = AXIS2_PLACEMENT_3D('',#1412,#1413,#1414);
#1412 = CARTESIAN_POINT('',(4.060594997522E-17,2.62967735571E-17,5.5));
#1413 = DIRECTION('',(0.,0.,1.));
#1414 = DIRECTION('',(1.,2.353668967178E-16,-0.));
#1415 = PCURVE('',#385,#1416);
#1416 = DEFINITIONAL_REPRESENTATION('',(#1417),#1421);
#1417 = LINE('',#1418,#1419);
#1418 = CARTESIAN_POINT('',(6.28318530718,-1.));
#1419 = VECTOR('',#1420,1.);
#1420 = DIRECTION('',(-1.,-0.));
#1421 = ( GEOMETRIC_REPRESENTATION_CONTEXT(2) 
PARAMETRIC_REPRESENTATION_CONTEXT() REPRESENTATION_CONTEXT('2D SPACE',''
  ) );
#1422 = PCURVE('',#1423,#1428);
#1423 = PLANE('',#1424);
#1424 = AXIS2_PLACEMENT_3D('',#1425,#1426,#1427);
#1425 = CARTESIAN_POINT('',(-5.25,-5.25,5.5));
#1426 = DIRECTION('',(0.,0.,-1.));
#1427 = DIRECTION('',(0.707106781187,0.707106781187,0.));
#1428 = DEFINITIONAL_REPRESENTATION('',(#1429),#1437);
#1429 = ( BOUNDED_CURVE() B_SPLINE_CURVE(2,(#1430,#1431,#1432,#1433,
#1434,#1435,#1436),.UNSPECIFIED.,.T.,.F.) B_SPLINE_CURVE_WITH_KNOTS((1,2
    ,2,2,2,1),(-2.094395102393,0.,2.094395102393,4.188790204786,
6.28318530718,8.377580409573),.UNSPECIFIED.) CURVE() 
GEOMETRIC_REPRESENTATION_ITEM() RATIONAL_B_SPLINE_CURVE((1.,0.5,1.,0.5,
1.,0.5,1.)) REPRESENTATION_ITEM('') );
#1430 = CARTESIAN_POINT('',(9.369164850722,1.944543648263));
#1431 = CARTESIAN_POINT('',(12.737213247049,-1.423504748064));
#1432 = CARTESIAN_POINT('',(8.136373576491,-2.656296022295));
#1433 = CARTESIAN_POINT('',(3.535533905933,-3.889087296526));
#1434 = CARTESIAN_POINT('',(4.768325180164,0.711752374032));
#1435 = CARTESIAN_POINT('',(6.001116454395,5.31259204459));
#1436 = CARTESIAN_POINT('',(9.369164850722,1.944543648263));
#1437 = ( GEOMETRIC_REPRESENTATION_CONTEXT(2) 
PARAMETRIC_REPRESENTATION_CONTEXT() REPRESENTATION_CONTEXT('2D SPACE',''
  ) );
#1438 = ORIENTED_EDGE('',*,*,#1439,.T.);
#1439 = EDGE_CURVE('',#1407,#1440,#1442,.T.);
#1440 = VERTEX_POINT('',#1441);
#1441 = CARTESIAN_POINT('',(0.4,-2.720753572083,4.5));
#1442 = SURFACE_CURVE('',#1443,(#1447,#1453),.PCURVE_S1.);
#1443 = LINE('',#1444,#1445);
#1444 = CARTESIAN_POINT('',(0.4,-2.720753572083,4.5));
#1445 = VECTOR('',#1446,1.);
#1446 = DIRECTION('',(0.,0.,-1.));
#1447 = PCURVE('',#385,#1448);
#1448 = DEFINITIONAL_REPRESENTATION('',(#1449),#1452);
#1449 = B_SPLINE_CURVE_WITH_KNOTS('',1,(#1450,#1451),.UNSPECIFIED.,.F.,
  .F.,(2,2),(-1.0000006,5.999999999062E-07),.PIECEWISE_BEZIER_KNOTS.);
#1450 = CARTESIAN_POINT('',(1.424823938251,-1.0000006));
#1451 = CARTESIAN_POINT('',(1.424823938251,5.999999999062E-07));
#1452 = ( GEOMETRIC_REPRESENTATION_CONTEXT(2) 
PARAMETRIC_REPRESENTATION_CONTEXT() REPRESENTATION_CONTEXT('2D SPACE',''
  ) );
#1453 = PCURVE('',#1454,#1459);
#1454 = PLANE('',#1455);
#1455 = AXIS2_PLACEMENT_3D('',#1456,#1457,#1458);
#1456 = CARTESIAN_POINT('',(0.4,6.6,4.5));
#1457 = DIRECTION('',(1.,-0.,0.));
#1458 = DIRECTION('',(0.,-1.,0.));
#1459 = DEFINITIONAL_REPRESENTATION('',(#1460),#1463);
#1460 = B_SPLINE_CURVE_WITH_KNOTS('',1,(#1461,#1462),.UNSPECIFIED.,.F.,
  .F.,(2,2),(-1.0000006,5.999999999062E-07),.PIECEWISE_BEZIER_KNOTS.);
#1461 = CARTESIAN_POINT('',(9.320753572083,-1.0000006));
#1462 = CARTESIAN_POINT('',(9.320753572083,5.999999999062E-07));
#1463 = ( GEOMETRIC_REPRESENTATION_CONTEXT(2) 
PARAMETRIC_REPRESENTATION_CONTEXT() REPRESENTATION_CONTEXT('2D SPACE',''
  ) );
#1464 = ORIENTED_EDGE('',*,*,#1465,.T.);
#1465 = EDGE_CURVE('',#1440,#1466,#1468,.T.);
#1466 = VERTEX_POINT('',#1467);
#1467 = CARTESIAN_POINT('',(-0.4,-2.720753572083,4.5));
#1468 = SURFACE_CURVE('',#1469,(#1474,#1481),.PCURVE_S1.);
#1469 = CIRCLE('',#1470,2.75);
#1470 = AXIS2_PLACEMENT_3D('',#1471,#1472,#1473);
#1471 = CARTESIAN_POINT('',(0.,0.,4.5));
#1472 = DIRECTION('',(0.,0.,-1.));
#1473 = DIRECTION('',(1.,0.,0.));
#1474 = PCURVE('',#385,#1475);
#1475 = DEFINITIONAL_REPRESENTATION('',(#1476),#1480);
#1476 = LINE('',#1477,#1478);
#1477 = CARTESIAN_POINT('',(0.,0.));
#1478 = VECTOR('',#1479,1.);
#1479 = DIRECTION('',(1.,0.));
#1480 = ( GEOMETRIC_REPRESENTATION_CONTEXT(2) 
PARAMETRIC_REPRESENTATION_CONTEXT() REPRESENTATION_CONTEXT('2D SPACE',''
  ) );
#1481 = PCURVE('',#1482,#1487);
#1482 = PLANE('',#1483);
#1483 = AXIS2_PLACEMENT_3D('',#1484,#1485,#1486);
#1484 = CARTESIAN_POINT('',(0.,0.,4.5));
#1485 = DIRECTION('',(-0.,-0.,-1.));
#1486 = DIRECTION('',(-1.,0.,0.));
#1487 = DEFINITIONAL_REPRESENTATION('',(#1488),#1492);
#1488 = CIRCLE('',#1489,2.75);
#1489 = AXIS2_PLACEMENT_2D('',#1490,#1491);
#1490 = CARTESIAN_POINT('',(0.,0.));
#1491 = DIRECTION('',(-1.,0.));
#1492 = ( GEOMETRIC_REPRESENTATION_CONTEXT(2) 
PARAMETRIC_REPRESENTATION_CONTEXT() REPRESENTATION_CONTEXT('2D SPACE',''
  ) );
#1493 = ORIENTED_EDGE('',*,*,#1494,.F.);
#1494 = EDGE_CURVE('',#1495,#1466,#1497,.T.);
#1495 = VERTEX_POINT('',#1496);
#1496 = CARTESIAN_POINT('',(-0.4,-2.720753572083,5.5));
#1497 = SURFACE_CURVE('',#1498,(#1502,#1508),.PCURVE_S1.);
#1498 = LINE('',#1499,#1500);
#1499 = CARTESIAN_POINT('',(-0.4,-2.720753572083,4.5));
#1500 = VECTOR('',#1501,1.);
#1501 = DIRECTION('',(0.,0.,-1.));
#1502 = PCURVE('',#385,#1503);
#1503 = DEFINITIONAL_REPRESENTATION('',(#1504),#1507);
#1504 = B_SPLINE_CURVE_WITH_KNOTS('',1,(#1505,#1506),.UNSPECIFIED.,.F.,
  .F.,(2,2),(-1.0000006,5.999999999062E-07),.PIECEWISE_BEZIER_KNOTS.);
#1505 = CARTESIAN_POINT('',(1.716768715339,-1.0000006));
#1506 = CARTESIAN_POINT('',(1.716768715339,5.999999999062E-07));
#1507 = ( GEOMETRIC_REPRESENTATION_CONTEXT(2) 
PARAMETRIC_REPRESENTATION_CONTEXT() REPRESENTATION_CONTEXT('2D SPACE',''
  ) );
#1508 = PCURVE('',#1509,#1514);
#1509 = PLANE('',#1510);
#1510 = AXIS2_PLACEMENT_3D('',#1511,#1512,#1513);
#1511 = CARTESIAN_POINT('',(-0.4,-6.6,4.5));
#1512 = DIRECTION('',(-1.,0.,0.));
#1513 = DIRECTION('',(0.,1.,0.));
#1514 = DEFINITIONAL_REPRESENTATION('',(#1515),#1518);
#1515 = B_SPLINE_CURVE_WITH_KNOTS('',1,(#1516,#1517),.UNSPECIFIED.,.F.,
  .F.,(2,2),(-1.0000006,5.999999999062E-07),.PIECEWISE_BEZIER_KNOTS.);
#1516 = CARTESIAN_POINT('',(3.879246427917,-1.0000006));
#1517 = CARTESIAN_POINT('',(3.879246427917,5.999999999062E-07));
#1518 = ( GEOMETRIC_REPRESENTATION_CONTEXT(2) 
PARAMETRIC_REPRESENTATION_CONTEXT() REPRESENTATION_CONTEXT('2D SPACE',''
  ) );
#1519 = ORIENTED_EDGE('',*,*,#1520,.F.);
#1520 = EDGE_CURVE('',#1049,#1495,#1521,.T.);
#1521 = SURFACE_CURVE('',#1522,(#1527,#1534),.PCURVE_S1.);
#1522 = CIRCLE('',#1523,2.75);
#1523 = AXIS2_PLACEMENT_3D('',#1524,#1525,#1526);
#1524 = CARTESIAN_POINT('',(4.060594997522E-17,2.62967735571E-17,5.5));
#1525 = DIRECTION('',(0.,0.,1.));
#1526 = DIRECTION('',(1.,2.353668967178E-16,-0.));
#1527 = PCURVE('',#385,#1528);
#1528 = DEFINITIONAL_REPRESENTATION('',(#1529),#1533);
#1529 = LINE('',#1530,#1531);
#1530 = CARTESIAN_POINT('',(6.28318530718,-1.));
#1531 = VECTOR('',#1532,1.);
#1532 = DIRECTION('',(-1.,-0.));
#1533 = ( GEOMETRIC_REPRESENTATION_CONTEXT(2) 
PARAMETRIC_REPRESENTATION_CONTEXT() REPRESENTATION_CONTEXT('2D SPACE',''
  ) );
#1534 = PCURVE('',#1535,#1540);
#1535 = PLANE('',#1536);
#1536 = AXIS2_PLACEMENT_3D('',#1537,#1538,#1539);
#1537 = CARTESIAN_POINT('',(-5.25,-5.25,5.5));
#1538 = DIRECTION('',(0.,0.,-1.));
#1539 = DIRECTION('',(0.707106781187,0.707106781187,0.));
#1540 = DEFINITIONAL_REPRESENTATION('',(#1541),#1549);
#1541 = ( BOUNDED_CURVE() B_SPLINE_CURVE(2,(#1542,#1543,#1544,#1545,
#1546,#1547,#1548),.UNSPECIFIED.,.T.,.F.) B_SPLINE_CURVE_WITH_KNOTS((1,2
    ,2,2,2,1),(-2.094395102393,0.,2.094395102393,4.188790204786,
6.28318530718,8.377580409573),.UNSPECIFIED.) CURVE() 
GEOMETRIC_REPRESENTATION_ITEM() RATIONAL_B_SPLINE_CURVE((1.,0.5,1.,0.5,
1.,0.5,1.)) REPRESENTATION_ITEM('') );
#1542 = CARTESIAN_POINT('',(9.369164850722,1.944543648263));
#1543 = CARTESIAN_POINT('',(12.737213247049,-1.423504748064));
#1544 = CARTESIAN_POINT('',(8.136373576491,-2.656296022295));
#1545 = CARTESIAN_POINT('',(3.535533905933,-3.889087296526));
#1546 = CARTESIAN_POINT('',(4.768325180164,0.711752374032));
#1547 = CARTESIAN_POINT('',(6.001116454395,5.31259204459));
#1548 = CARTESIAN_POINT('',(9.369164850722,1.944543648263));
#1549 = ( GEOMETRIC_REPRESENTATION_CONTEXT(2) 
PARAMETRIC_REPRESENTATION_CONTEXT() REPRESENTATION_CONTEXT('2D SPACE',''
  ) );
#1550 = ADVANCED_FACE('',(#1551),#461,.F.);
#1551 = FACE_BOUND('',#1552,.F.);
#1552 = EDGE_LOOP('',(#1553,#1576,#1577,#1600));
#1553 = ORIENTED_EDGE('',*,*,#1554,.F.);
#1554 = EDGE_CURVE('',#425,#1555,#1557,.T.);
#1555 = VERTEX_POINT('',#1556);
#1556 = CARTESIAN_POINT('',(0.56,0.635,4.6));
#1557 = SURFACE_CURVE('',#1558,(#1562,#1569),.PCURVE_S1.);
#1558 = LINE('',#1559,#1560);
#1559 = CARTESIAN_POINT('',(0.56,0.635,0.));
#1560 = VECTOR('',#1561,1.);
#1561 = DIRECTION('',(-0.,0.,1.));
#1562 = PCURVE('',#461,#1563);
#1563 = DEFINITIONAL_REPRESENTATION('',(#1564),#1568);
#1564 = LINE('',#1565,#1566);
#1565 = CARTESIAN_POINT('',(1.44,0.));
#1566 = VECTOR('',#1567,1.);
#1567 = DIRECTION('',(0.,-1.));
#1568 = ( GEOMETRIC_REPRESENTATION_CONTEXT(2) 
PARAMETRIC_REPRESENTATION_CONTEXT() REPRESENTATION_CONTEXT('2D SPACE',''
  ) );
#1569 = PCURVE('',#569,#1570);
#1570 = DEFINITIONAL_REPRESENTATION('',(#1571),#1575);
#1571 = LINE('',#1572,#1573);
#1572 = CARTESIAN_POINT('',(0.,0.));
#1573 = VECTOR('',#1574,1.);
#1574 = DIRECTION('',(0.,-1.));
#1575 = ( GEOMETRIC_REPRESENTATION_CONTEXT(2) 
PARAMETRIC_REPRESENTATION_CONTEXT() REPRESENTATION_CONTEXT('2D SPACE',''
  ) );
#1576 = ORIENTED_EDGE('',*,*,#447,.F.);
#1577 = ORIENTED_EDGE('',*,*,#1578,.T.);
#1578 = EDGE_CURVE('',#401,#1579,#1581,.T.);
#1579 = VERTEX_POINT('',#1580);
#1580 = CARTESIAN_POINT('',(0.56,2.075,4.6));
#1581 = SURFACE_CURVE('',#1582,(#1586,#1593),.PCURVE_S1.);
#1582 = LINE('',#1583,#1584);
#1583 = CARTESIAN_POINT('',(0.56,2.075,0.));
#1584 = VECTOR('',#1585,1.);
#1585 = DIRECTION('',(-0.,0.,1.));
#1586 = PCURVE('',#461,#1587);
#1587 = DEFINITIONAL_REPRESENTATION('',(#1588),#1592);
#1588 = LINE('',#1589,#1590);
#1589 = CARTESIAN_POINT('',(0.,0.));
#1590 = VECTOR('',#1591,1.);
#1591 = DIRECTION('',(0.,-1.));
#1592 = ( GEOMETRIC_REPRESENTATION_CONTEXT(2) 
PARAMETRIC_REPRESENTATION_CONTEXT() REPRESENTATION_CONTEXT('2D SPACE',''
  ) );
#1593 = PCURVE('',#515,#1594);
#1594 = DEFINITIONAL_REPRESENTATION('',(#1595),#1599);
#1595 = LINE('',#1596,#1597);
#1596 = CARTESIAN_POINT('',(1.12,0.));
#1597 = VECTOR('',#1598,1.);
#1598 = DIRECTION('',(0.,-1.));
#1599 = ( GEOMETRIC_REPRESENTATION_CONTEXT(2) 
PARAMETRIC_REPRESENTATION_CONTEXT() REPRESENTATION_CONTEXT('2D SPACE',''
  ) );
#1600 = ORIENTED_EDGE('',*,*,#1601,.T.);
#1601 = EDGE_CURVE('',#1579,#1555,#1602,.T.);
#1602 = SURFACE_CURVE('',#1603,(#1607,#1614),.PCURVE_S1.);
#1603 = LINE('',#1604,#1605);
#1604 = CARTESIAN_POINT('',(0.56,-2.278553387904E-15,4.6));
#1605 = VECTOR('',#1606,1.);
#1606 = DIRECTION('',(0.,-1.,0.));
#1607 = PCURVE('',#461,#1608);
#1608 = DEFINITIONAL_REPRESENTATION('',(#1609),#1613);
#1609 = LINE('',#1610,#1611);
#1610 = CARTESIAN_POINT('',(2.075,-4.6));
#1611 = VECTOR('',#1612,1.);
#1612 = DIRECTION('',(1.,0.));
#1613 = ( GEOMETRIC_REPRESENTATION_CONTEXT(2) 
PARAMETRIC_REPRESENTATION_CONTEXT() REPRESENTATION_CONTEXT('2D SPACE',''
  ) );
#1614 = PCURVE('',#1615,#1620);
#1615 = PLANE('',#1616);
#1616 = AXIS2_PLACEMENT_3D('',#1617,#1618,#1619);
#1617 = CARTESIAN_POINT('',(3.364810990129E-15,-2.278553387904E-15,4.6)
  );
#1618 = DIRECTION('',(0.,0.,-1.));
#1619 = DIRECTION('',(1.,0.,0.));
#1620 = DEFINITIONAL_REPRESENTATION('',(#1621),#1625);
#1621 = LINE('',#1622,#1623);
#1622 = CARTESIAN_POINT('',(0.56,0.));
#1623 = VECTOR('',#1624,1.);
#1624 = DIRECTION('',(0.,1.));
#1625 = ( GEOMETRIC_REPRESENTATION_CONTEXT(2) 
PARAMETRIC_REPRESENTATION_CONTEXT() REPRESENTATION_CONTEXT('2D SPACE',''
  ) );
#1626 = ADVANCED_FACE('',(#1627),#515,.F.);
#1627 = FACE_BOUND('',#1628,.F.);
#1628 = EDGE_LOOP('',(#1629,#1630,#1631,#1654));
#1629 = ORIENTED_EDGE('',*,*,#1578,.F.);
#1630 = ORIENTED_EDGE('',*,*,#501,.F.);
#1631 = ORIENTED_EDGE('',*,*,#1632,.T.);
#1632 = EDGE_CURVE('',#477,#1633,#1635,.T.);
#1633 = VERTEX_POINT('',#1634);
#1634 = CARTESIAN_POINT('',(-0.56,2.075,4.6));
#1635 = SURFACE_CURVE('',#1636,(#1640,#1647),.PCURVE_S1.);
#1636 = LINE('',#1637,#1638);
#1637 = CARTESIAN_POINT('',(-0.56,2.075,0.));
#1638 = VECTOR('',#1639,1.);
#1639 = DIRECTION('',(-0.,0.,1.));
#1640 = PCURVE('',#515,#1641);
#1641 = DEFINITIONAL_REPRESENTATION('',(#1642),#1646);
#1642 = LINE('',#1643,#1644);
#1643 = CARTESIAN_POINT('',(0.,0.));
#1644 = VECTOR('',#1645,1.);
#1645 = DIRECTION('',(0.,-1.));
#1646 = ( GEOMETRIC_REPRESENTATION_CONTEXT(2) 
PARAMETRIC_REPRESENTATION_CONTEXT() REPRESENTATION_CONTEXT('2D SPACE',''
  ) );
#1647 = PCURVE('',#623,#1648);
#1648 = DEFINITIONAL_REPRESENTATION('',(#1649),#1653);
#1649 = LINE('',#1650,#1651);
#1650 = CARTESIAN_POINT('',(0.,0.));
#1651 = VECTOR('',#1652,1.);
#1652 = DIRECTION('',(0.,-1.));
#1653 = ( GEOMETRIC_REPRESENTATION_CONTEXT(2) 
PARAMETRIC_REPRESENTATION_CONTEXT() REPRESENTATION_CONTEXT('2D SPACE',''
  ) );
#1654 = ORIENTED_EDGE('',*,*,#1655,.T.);
#1655 = EDGE_CURVE('',#1633,#1579,#1656,.T.);
#1656 = SURFACE_CURVE('',#1657,(#1661,#1668),.PCURVE_S1.);
#1657 = LINE('',#1658,#1659);
#1658 = CARTESIAN_POINT('',(3.364810990129E-15,2.075,4.6));
#1659 = VECTOR('',#1660,1.);
#1660 = DIRECTION('',(1.,0.,0.));
#1661 = PCURVE('',#515,#1662);
#1662 = DEFINITIONAL_REPRESENTATION('',(#1663),#1667);
#1663 = LINE('',#1664,#1665);
#1664 = CARTESIAN_POINT('',(0.56,-4.6));
#1665 = VECTOR('',#1666,1.);
#1666 = DIRECTION('',(1.,0.));
#1667 = ( GEOMETRIC_REPRESENTATION_CONTEXT(2) 
PARAMETRIC_REPRESENTATION_CONTEXT() REPRESENTATION_CONTEXT('2D SPACE',''
  ) );
#1668 = PCURVE('',#1615,#1669);
#1669 = DEFINITIONAL_REPRESENTATION('',(#1670),#1674);
#1670 = LINE('',#1671,#1672);
#1671 = CARTESIAN_POINT('',(0.,-2.075));
#1672 = VECTOR('',#1673,1.);
#1673 = DIRECTION('',(1.,0.));
#1674 = ( GEOMETRIC_REPRESENTATION_CONTEXT(2) 
PARAMETRIC_REPRESENTATION_CONTEXT() REPRESENTATION_CONTEXT('2D SPACE',''
  ) );
#1675 = ADVANCED_FACE('',(#1676),#569,.F.);
#1676 = FACE_BOUND('',#1677,.F.);
#1677 = EDGE_LOOP('',(#1678,#1701,#1702,#1703));
#1678 = ORIENTED_EDGE('',*,*,#1679,.F.);
#1679 = EDGE_CURVE('',#533,#1680,#1682,.T.);
#1680 = VERTEX_POINT('',#1681);
#1681 = CARTESIAN_POINT('',(2.075,0.635,4.6));
#1682 = SURFACE_CURVE('',#1683,(#1687,#1694),.PCURVE_S1.);
#1683 = LINE('',#1684,#1685);
#1684 = CARTESIAN_POINT('',(2.075,0.635,0.));
#1685 = VECTOR('',#1686,1.);
#1686 = DIRECTION('',(-0.,0.,1.));
#1687 = PCURVE('',#569,#1688);
#1688 = DEFINITIONAL_REPRESENTATION('',(#1689),#1693);
#1689 = LINE('',#1690,#1691);
#1690 = CARTESIAN_POINT('',(1.515,0.));
#1691 = VECTOR('',#1692,1.);
#1692 = DIRECTION('',(0.,-1.));
#1693 = ( GEOMETRIC_REPRESENTATION_CONTEXT(2) 
PARAMETRIC_REPRESENTATION_CONTEXT() REPRESENTATION_CONTEXT('2D SPACE',''
  ) );
#1694 = PCURVE('',#677,#1695);
#1695 = DEFINITIONAL_REPRESENTATION('',(#1696),#1700);
#1696 = LINE('',#1697,#1698);
#1697 = CARTESIAN_POINT('',(0.,0.));
#1698 = VECTOR('',#1699,1.);
#1699 = DIRECTION('',(0.,-1.));
#1700 = ( GEOMETRIC_REPRESENTATION_CONTEXT(2) 
PARAMETRIC_REPRESENTATION_CONTEXT() REPRESENTATION_CONTEXT('2D SPACE',''
  ) );
#1701 = ORIENTED_EDGE('',*,*,#555,.F.);
#1702 = ORIENTED_EDGE('',*,*,#1554,.T.);
#1703 = ORIENTED_EDGE('',*,*,#1704,.T.);
#1704 = EDGE_CURVE('',#1555,#1680,#1705,.T.);
#1705 = SURFACE_CURVE('',#1706,(#1710,#1717),.PCURVE_S1.);
#1706 = LINE('',#1707,#1708);
#1707 = CARTESIAN_POINT('',(3.364810990129E-15,0.635,4.6));
#1708 = VECTOR('',#1709,1.);
#1709 = DIRECTION('',(1.,0.,0.));
#1710 = PCURVE('',#569,#1711);
#1711 = DEFINITIONAL_REPRESENTATION('',(#1712),#1716);
#1712 = LINE('',#1713,#1714);
#1713 = CARTESIAN_POINT('',(-0.56,-4.6));
#1714 = VECTOR('',#1715,1.);
#1715 = DIRECTION('',(1.,0.));
#1716 = ( GEOMETRIC_REPRESENTATION_CONTEXT(2) 
PARAMETRIC_REPRESENTATION_CONTEXT() REPRESENTATION_CONTEXT('2D SPACE',''
  ) );
#1717 = PCURVE('',#1615,#1718);
#1718 = DEFINITIONAL_REPRESENTATION('',(#1719),#1723);
#1719 = LINE('',#1720,#1721);
#1720 = CARTESIAN_POINT('',(0.,-0.635));
#1721 = VECTOR('',#1722,1.);
#1722 = DIRECTION('',(1.,0.));
#1723 = ( GEOMETRIC_REPRESENTATION_CONTEXT(2) 
PARAMETRIC_REPRESENTATION_CONTEXT() REPRESENTATION_CONTEXT('2D SPACE',''
  ) );
#1724 = ADVANCED_FACE('',(#1725),#623,.T.);
#1725 = FACE_BOUND('',#1726,.T.);
#1726 = EDGE_LOOP('',(#1727,#1750,#1751,#1752));
#1727 = ORIENTED_EDGE('',*,*,#1728,.F.);
#1728 = EDGE_CURVE('',#587,#1729,#1731,.T.);
#1729 = VERTEX_POINT('',#1730);
#1730 = CARTESIAN_POINT('',(-0.56,0.635,4.6));
#1731 = SURFACE_CURVE('',#1732,(#1736,#1743),.PCURVE_S1.);
#1732 = LINE('',#1733,#1734);
#1733 = CARTESIAN_POINT('',(-0.56,0.635,0.));
#1734 = VECTOR('',#1735,1.);
#1735 = DIRECTION('',(-0.,0.,1.));
#1736 = PCURVE('',#623,#1737);
#1737 = DEFINITIONAL_REPRESENTATION('',(#1738),#1742);
#1738 = LINE('',#1739,#1740);
#1739 = CARTESIAN_POINT('',(1.44,0.));
#1740 = VECTOR('',#1741,1.);
#1741 = DIRECTION('',(0.,-1.));
#1742 = ( GEOMETRIC_REPRESENTATION_CONTEXT(2) 
PARAMETRIC_REPRESENTATION_CONTEXT() REPRESENTATION_CONTEXT('2D SPACE',''
  ) );
#1743 = PCURVE('',#731,#1744);
#1744 = DEFINITIONAL_REPRESENTATION('',(#1745),#1749);
#1745 = LINE('',#1746,#1747);
#1746 = CARTESIAN_POINT('',(1.515,0.));
#1747 = VECTOR('',#1748,1.);
#1748 = DIRECTION('',(0.,-1.));
#1749 = ( GEOMETRIC_REPRESENTATION_CONTEXT(2) 
PARAMETRIC_REPRESENTATION_CONTEXT() REPRESENTATION_CONTEXT('2D SPACE',''
  ) );
#1750 = ORIENTED_EDGE('',*,*,#609,.F.);
#1751 = ORIENTED_EDGE('',*,*,#1632,.T.);
#1752 = ORIENTED_EDGE('',*,*,#1753,.T.);
#1753 = EDGE_CURVE('',#1633,#1729,#1754,.T.);
#1754 = SURFACE_CURVE('',#1755,(#1759,#1766),.PCURVE_S1.);
#1755 = LINE('',#1756,#1757);
#1756 = CARTESIAN_POINT('',(-0.56,-2.278553387904E-15,4.6));
#1757 = VECTOR('',#1758,1.);
#1758 = DIRECTION('',(0.,-1.,0.));
#1759 = PCURVE('',#623,#1760);
#1760 = DEFINITIONAL_REPRESENTATION('',(#1761),#1765);
#1761 = LINE('',#1762,#1763);
#1762 = CARTESIAN_POINT('',(2.075,-4.6));
#1763 = VECTOR('',#1764,1.);
#1764 = DIRECTION('',(1.,0.));
#1765 = ( GEOMETRIC_REPRESENTATION_CONTEXT(2) 
PARAMETRIC_REPRESENTATION_CONTEXT() REPRESENTATION_CONTEXT('2D SPACE',''
  ) );
#1766 = PCURVE('',#1615,#1767);
#1767 = DEFINITIONAL_REPRESENTATION('',(#1768),#1772);
#1768 = LINE('',#1769,#1770);
#1769 = CARTESIAN_POINT('',(-0.56,0.));
#1770 = VECTOR('',#1771,1.);
#1771 = DIRECTION('',(0.,1.));
#1772 = ( GEOMETRIC_REPRESENTATION_CONTEXT(2) 
PARAMETRIC_REPRESENTATION_CONTEXT() REPRESENTATION_CONTEXT('2D SPACE',''
  ) );
#1773 = ADVANCED_FACE('',(#1774),#677,.F.);
#1774 = FACE_BOUND('',#1775,.F.);
#1775 = EDGE_LOOP('',(#1776,#1799,#1800,#1801));
#1776 = ORIENTED_EDGE('',*,*,#1777,.F.);
#1777 = EDGE_CURVE('',#641,#1778,#1780,.T.);
#1778 = VERTEX_POINT('',#1779);
#1779 = CARTESIAN_POINT('',(2.075,-0.635,4.6));
#1780 = SURFACE_CURVE('',#1781,(#1785,#1792),.PCURVE_S1.);
#1781 = LINE('',#1782,#1783);
#1782 = CARTESIAN_POINT('',(2.075,-0.635,0.));
#1783 = VECTOR('',#1784,1.);
#1784 = DIRECTION('',(-0.,0.,1.));
#1785 = PCURVE('',#677,#1786);
#1786 = DEFINITIONAL_REPRESENTATION('',(#1787),#1791);
#1787 = LINE('',#1788,#1789);
#1788 = CARTESIAN_POINT('',(1.27,0.));
#1789 = VECTOR('',#1790,1.);
#1790 = DIRECTION('',(0.,-1.));
#1791 = ( GEOMETRIC_REPRESENTATION_CONTEXT(2) 
PARAMETRIC_REPRESENTATION_CONTEXT() REPRESENTATION_CONTEXT('2D SPACE',''
  ) );
#1792 = PCURVE('',#785,#1793);
#1793 = DEFINITIONAL_REPRESENTATION('',(#1794),#1798);
#1794 = LINE('',#1795,#1796);
#1795 = CARTESIAN_POINT('',(1.515,0.));
#1796 = VECTOR('',#1797,1.);
#1797 = DIRECTION('',(0.,-1.));
#1798 = ( GEOMETRIC_REPRESENTATION_CONTEXT(2) 
PARAMETRIC_REPRESENTATION_CONTEXT() REPRESENTATION_CONTEXT('2D SPACE',''
  ) );
#1799 = ORIENTED_EDGE('',*,*,#663,.F.);
#1800 = ORIENTED_EDGE('',*,*,#1679,.T.);
#1801 = ORIENTED_EDGE('',*,*,#1802,.T.);
#1802 = EDGE_CURVE('',#1680,#1778,#1803,.T.);
#1803 = SURFACE_CURVE('',#1804,(#1808,#1815),.PCURVE_S1.);
#1804 = LINE('',#1805,#1806);
#1805 = CARTESIAN_POINT('',(2.075,-2.278553387904E-15,4.6));
#1806 = VECTOR('',#1807,1.);
#1807 = DIRECTION('',(0.,-1.,0.));
#1808 = PCURVE('',#677,#1809);
#1809 = DEFINITIONAL_REPRESENTATION('',(#1810),#1814);
#1810 = LINE('',#1811,#1812);
#1811 = CARTESIAN_POINT('',(0.635,-4.6));
#1812 = VECTOR('',#1813,1.);
#1813 = DIRECTION('',(1.,0.));
#1814 = ( GEOMETRIC_REPRESENTATION_CONTEXT(2) 
PARAMETRIC_REPRESENTATION_CONTEXT() REPRESENTATION_CONTEXT('2D SPACE',''
  ) );
#1815 = PCURVE('',#1615,#1816);
#1816 = DEFINITIONAL_REPRESENTATION('',(#1817),#1821);
#1817 = LINE('',#1818,#1819);
#1818 = CARTESIAN_POINT('',(2.075,0.));
#1819 = VECTOR('',#1820,1.);
#1820 = DIRECTION('',(0.,1.));
#1821 = ( GEOMETRIC_REPRESENTATION_CONTEXT(2) 
PARAMETRIC_REPRESENTATION_CONTEXT() REPRESENTATION_CONTEXT('2D SPACE',''
  ) );
#1822 = ADVANCED_FACE('',(#1823),#731,.F.);
#1823 = FACE_BOUND('',#1824,.F.);
#1824 = EDGE_LOOP('',(#1825,#1826,#1827,#1850));
#1825 = ORIENTED_EDGE('',*,*,#1728,.F.);
#1826 = ORIENTED_EDGE('',*,*,#717,.F.);
#1827 = ORIENTED_EDGE('',*,*,#1828,.T.);
#1828 = EDGE_CURVE('',#693,#1829,#1831,.T.);
#1829 = VERTEX_POINT('',#1830);
#1830 = CARTESIAN_POINT('',(-2.075,0.635,4.6));
#1831 = SURFACE_CURVE('',#1832,(#1836,#1843),.PCURVE_S1.);
#1832 = LINE('',#1833,#1834);
#1833 = CARTESIAN_POINT('',(-2.075,0.635,0.));
#1834 = VECTOR('',#1835,1.);
#1835 = DIRECTION('',(-0.,0.,1.));
#1836 = PCURVE('',#731,#1837);
#1837 = DEFINITIONAL_REPRESENTATION('',(#1838),#1842);
#1838 = LINE('',#1839,#1840);
#1839 = CARTESIAN_POINT('',(0.,0.));
#1840 = VECTOR('',#1841,1.);
#1841 = DIRECTION('',(0.,-1.));
#1842 = ( GEOMETRIC_REPRESENTATION_CONTEXT(2) 
PARAMETRIC_REPRESENTATION_CONTEXT() REPRESENTATION_CONTEXT('2D SPACE',''
  ) );
#1843 = PCURVE('',#839,#1844);
#1844 = DEFINITIONAL_REPRESENTATION('',(#1845),#1849);
#1845 = LINE('',#1846,#1847);
#1846 = CARTESIAN_POINT('',(0.,0.));
#1847 = VECTOR('',#1848,1.);
#1848 = DIRECTION('',(0.,-1.));
#1849 = ( GEOMETRIC_REPRESENTATION_CONTEXT(2) 
PARAMETRIC_REPRESENTATION_CONTEXT() REPRESENTATION_CONTEXT('2D SPACE',''
  ) );
#1850 = ORIENTED_EDGE('',*,*,#1851,.T.);
#1851 = EDGE_CURVE('',#1829,#1729,#1852,.T.);
#1852 = SURFACE_CURVE('',#1853,(#1857,#1864),.PCURVE_S1.);
#1853 = LINE('',#1854,#1855);
#1854 = CARTESIAN_POINT('',(3.364810990129E-15,0.635,4.6));
#1855 = VECTOR('',#1856,1.);
#1856 = DIRECTION('',(1.,0.,0.));
#1857 = PCURVE('',#731,#1858);
#1858 = DEFINITIONAL_REPRESENTATION('',(#1859),#1863);
#1859 = LINE('',#1860,#1861);
#1860 = CARTESIAN_POINT('',(2.075,-4.6));
#1861 = VECTOR('',#1862,1.);
#1862 = DIRECTION('',(1.,0.));
#1863 = ( GEOMETRIC_REPRESENTATION_CONTEXT(2) 
PARAMETRIC_REPRESENTATION_CONTEXT() REPRESENTATION_CONTEXT('2D SPACE',''
  ) );
#1864 = PCURVE('',#1615,#1865);
#1865 = DEFINITIONAL_REPRESENTATION('',(#1866),#1870);
#1866 = LINE('',#1867,#1868);
#1867 = CARTESIAN_POINT('',(0.,-0.635));
#1868 = VECTOR('',#1869,1.);
#1869 = DIRECTION('',(1.,0.));
#1870 = ( GEOMETRIC_REPRESENTATION_CONTEXT(2) 
PARAMETRIC_REPRESENTATION_CONTEXT() REPRESENTATION_CONTEXT('2D SPACE',''
  ) );
#1871 = ADVANCED_FACE('',(#1872),#785,.T.);
#1872 = FACE_BOUND('',#1873,.T.);
#1873 = EDGE_LOOP('',(#1874,#1875,#1876,#1899));
#1874 = ORIENTED_EDGE('',*,*,#1777,.F.);
#1875 = ORIENTED_EDGE('',*,*,#771,.F.);
#1876 = ORIENTED_EDGE('',*,*,#1877,.T.);
#1877 = EDGE_CURVE('',#747,#1878,#1880,.T.);
#1878 = VERTEX_POINT('',#1879);
#1879 = CARTESIAN_POINT('',(0.56,-0.635,4.6));
#1880 = SURFACE_CURVE('',#1881,(#1885,#1892),.PCURVE_S1.);
#1881 = LINE('',#1882,#1883);
#1882 = CARTESIAN_POINT('',(0.56,-0.635,0.));
#1883 = VECTOR('',#1884,1.);
#1884 = DIRECTION('',(-0.,0.,1.));
#1885 = PCURVE('',#785,#1886);
#1886 = DEFINITIONAL_REPRESENTATION('',(#1887),#1891);
#1887 = LINE('',#1888,#1889);
#1888 = CARTESIAN_POINT('',(0.,0.));
#1889 = VECTOR('',#1890,1.);
#1890 = DIRECTION('',(0.,-1.));
#1891 = ( GEOMETRIC_REPRESENTATION_CONTEXT(2) 
PARAMETRIC_REPRESENTATION_CONTEXT() REPRESENTATION_CONTEXT('2D SPACE',''
  ) );
#1892 = PCURVE('',#893,#1893);
#1893 = DEFINITIONAL_REPRESENTATION('',(#1894),#1898);
#1894 = LINE('',#1895,#1896);
#1895 = CARTESIAN_POINT('',(0.,0.));
#1896 = VECTOR('',#1897,1.);
#1897 = DIRECTION('',(0.,-1.));
#1898 = ( GEOMETRIC_REPRESENTATION_CONTEXT(2) 
PARAMETRIC_REPRESENTATION_CONTEXT() REPRESENTATION_CONTEXT('2D SPACE',''
  ) );
#1899 = ORIENTED_EDGE('',*,*,#1900,.T.);
#1900 = EDGE_CURVE('',#1878,#1778,#1901,.T.);
#1901 = SURFACE_CURVE('',#1902,(#1906,#1913),.PCURVE_S1.);
#1902 = LINE('',#1903,#1904);
#1903 = CARTESIAN_POINT('',(3.364810990129E-15,-0.635,4.6));
#1904 = VECTOR('',#1905,1.);
#1905 = DIRECTION('',(1.,0.,0.));
#1906 = PCURVE('',#785,#1907);
#1907 = DEFINITIONAL_REPRESENTATION('',(#1908),#1912);
#1908 = LINE('',#1909,#1910);
#1909 = CARTESIAN_POINT('',(-0.56,-4.6));
#1910 = VECTOR('',#1911,1.);
#1911 = DIRECTION('',(1.,0.));
#1912 = ( GEOMETRIC_REPRESENTATION_CONTEXT(2) 
PARAMETRIC_REPRESENTATION_CONTEXT() REPRESENTATION_CONTEXT('2D SPACE',''
  ) );
#1913 = PCURVE('',#1615,#1914);
#1914 = DEFINITIONAL_REPRESENTATION('',(#1915),#1919);
#1915 = LINE('',#1916,#1917);
#1916 = CARTESIAN_POINT('',(0.,0.635));
#1917 = VECTOR('',#1918,1.);
#1918 = DIRECTION('',(1.,0.));
#1919 = ( GEOMETRIC_REPRESENTATION_CONTEXT(2) 
PARAMETRIC_REPRESENTATION_CONTEXT() REPRESENTATION_CONTEXT('2D SPACE',''
  ) );
#1920 = ADVANCED_FACE('',(#1921),#839,.T.);
#1921 = FACE_BOUND('',#1922,.T.);
#1922 = EDGE_LOOP('',(#1923,#1946,#1947,#1948));
#1923 = ORIENTED_EDGE('',*,*,#1924,.F.);
#1924 = EDGE_CURVE('',#803,#1925,#1927,.T.);
#1925 = VERTEX_POINT('',#1926);
#1926 = CARTESIAN_POINT('',(-2.075,-0.635,4.6));
#1927 = SURFACE_CURVE('',#1928,(#1932,#1939),.PCURVE_S1.);
#1928 = LINE('',#1929,#1930);
#1929 = CARTESIAN_POINT('',(-2.075,-0.635,0.));
#1930 = VECTOR('',#1931,1.);
#1931 = DIRECTION('',(-0.,0.,1.));
#1932 = PCURVE('',#839,#1933);
#1933 = DEFINITIONAL_REPRESENTATION('',(#1934),#1938);
#1934 = LINE('',#1935,#1936);
#1935 = CARTESIAN_POINT('',(1.27,0.));
#1936 = VECTOR('',#1937,1.);
#1937 = DIRECTION('',(0.,-1.));
#1938 = ( GEOMETRIC_REPRESENTATION_CONTEXT(2) 
PARAMETRIC_REPRESENTATION_CONTEXT() REPRESENTATION_CONTEXT('2D SPACE',''
  ) );
#1939 = PCURVE('',#947,#1940);
#1940 = DEFINITIONAL_REPRESENTATION('',(#1941),#1945);
#1941 = LINE('',#1942,#1943);
#1942 = CARTESIAN_POINT('',(0.,0.));
#1943 = VECTOR('',#1944,1.);
#1944 = DIRECTION('',(0.,-1.));
#1945 = ( GEOMETRIC_REPRESENTATION_CONTEXT(2) 
PARAMETRIC_REPRESENTATION_CONTEXT() REPRESENTATION_CONTEXT('2D SPACE',''
  ) );
#1946 = ORIENTED_EDGE('',*,*,#825,.F.);
#1947 = ORIENTED_EDGE('',*,*,#1828,.T.);
#1948 = ORIENTED_EDGE('',*,*,#1949,.T.);
#1949 = EDGE_CURVE('',#1829,#1925,#1950,.T.);
#1950 = SURFACE_CURVE('',#1951,(#1955,#1962),.PCURVE_S1.);
#1951 = LINE('',#1952,#1953);
#1952 = CARTESIAN_POINT('',(-2.075,-2.278553387904E-15,4.6));
#1953 = VECTOR('',#1954,1.);
#1954 = DIRECTION('',(0.,-1.,0.));
#1955 = PCURVE('',#839,#1956);
#1956 = DEFINITIONAL_REPRESENTATION('',(#1957),#1961);
#1957 = LINE('',#1958,#1959);
#1958 = CARTESIAN_POINT('',(0.635,-4.6));
#1959 = VECTOR('',#1960,1.);
#1960 = DIRECTION('',(1.,0.));
#1961 = ( GEOMETRIC_REPRESENTATION_CONTEXT(2) 
PARAMETRIC_REPRESENTATION_CONTEXT() REPRESENTATION_CONTEXT('2D SPACE',''
  ) );
#1962 = PCURVE('',#1615,#1963);
#1963 = DEFINITIONAL_REPRESENTATION('',(#1964),#1968);
#1964 = LINE('',#1965,#1966);
#1965 = CARTESIAN_POINT('',(-2.075,0.));
#1966 = VECTOR('',#1967,1.);
#1967 = DIRECTION('',(0.,1.));
#1968 = ( GEOMETRIC_REPRESENTATION_CONTEXT(2) 
PARAMETRIC_REPRESENTATION_CONTEXT() REPRESENTATION_CONTEXT('2D SPACE',''
  ) );
#1969 = ADVANCED_FACE('',(#1970),#893,.F.);
#1970 = FACE_BOUND('',#1971,.F.);
#1971 = EDGE_LOOP('',(#1972,#1995,#1996,#1997));
#1972 = ORIENTED_EDGE('',*,*,#1973,.F.);
#1973 = EDGE_CURVE('',#857,#1974,#1976,.T.);
#1974 = VERTEX_POINT('',#1975);
#1975 = CARTESIAN_POINT('',(0.56,-2.075,4.6));
#1976 = SURFACE_CURVE('',#1977,(#1981,#1988),.PCURVE_S1.);
#1977 = LINE('',#1978,#1979);
#1978 = CARTESIAN_POINT('',(0.56,-2.075,0.));
#1979 = VECTOR('',#1980,1.);
#1980 = DIRECTION('',(-0.,0.,1.));
#1981 = PCURVE('',#893,#1982);
#1982 = DEFINITIONAL_REPRESENTATION('',(#1983),#1987);
#1983 = LINE('',#1984,#1985);
#1984 = CARTESIAN_POINT('',(1.44,0.));
#1985 = VECTOR('',#1986,1.);
#1986 = DIRECTION('',(0.,-1.));
#1987 = ( GEOMETRIC_REPRESENTATION_CONTEXT(2) 
PARAMETRIC_REPRESENTATION_CONTEXT() REPRESENTATION_CONTEXT('2D SPACE',''
  ) );
#1988 = PCURVE('',#1001,#1989);
#1989 = DEFINITIONAL_REPRESENTATION('',(#1990),#1994);
#1990 = LINE('',#1991,#1992);
#1991 = CARTESIAN_POINT('',(1.12,0.));
#1992 = VECTOR('',#1993,1.);
#1993 = DIRECTION('',(0.,-1.));
#1994 = ( GEOMETRIC_REPRESENTATION_CONTEXT(2) 
PARAMETRIC_REPRESENTATION_CONTEXT() REPRESENTATION_CONTEXT('2D SPACE',''
  ) );
#1995 = ORIENTED_EDGE('',*,*,#879,.F.);
#1996 = ORIENTED_EDGE('',*,*,#1877,.T.);
#1997 = ORIENTED_EDGE('',*,*,#1998,.T.);
#1998 = EDGE_CURVE('',#1878,#1974,#1999,.T.);
#1999 = SURFACE_CURVE('',#2000,(#2004,#2011),.PCURVE_S1.);
#2000 = LINE('',#2001,#2002);
#2001 = CARTESIAN_POINT('',(0.56,-2.278553387904E-15,4.6));
#2002 = VECTOR('',#2003,1.);
#2003 = DIRECTION('',(0.,-1.,0.));
#2004 = PCURVE('',#893,#2005);
#2005 = DEFINITIONAL_REPRESENTATION('',(#2006),#2010);
#2006 = LINE('',#2007,#2008);
#2007 = CARTESIAN_POINT('',(-0.635,-4.6));
#2008 = VECTOR('',#2009,1.);
#2009 = DIRECTION('',(1.,0.));
#2010 = ( GEOMETRIC_REPRESENTATION_CONTEXT(2) 
PARAMETRIC_REPRESENTATION_CONTEXT() REPRESENTATION_CONTEXT('2D SPACE',''
  ) );
#2011 = PCURVE('',#1615,#2012);
#2012 = DEFINITIONAL_REPRESENTATION('',(#2013),#2017);
#2013 = LINE('',#2014,#2015);
#2014 = CARTESIAN_POINT('',(0.56,0.));
#2015 = VECTOR('',#2016,1.);
#2016 = DIRECTION('',(0.,1.));
#2017 = ( GEOMETRIC_REPRESENTATION_CONTEXT(2) 
PARAMETRIC_REPRESENTATION_CONTEXT() REPRESENTATION_CONTEXT('2D SPACE',''
  ) );
#2018 = ADVANCED_FACE('',(#2019),#947,.T.);
#2019 = FACE_BOUND('',#2020,.T.);
#2020 = EDGE_LOOP('',(#2021,#2044,#2045,#2046));
#2021 = ORIENTED_EDGE('',*,*,#2022,.F.);
#2022 = EDGE_CURVE('',#911,#2023,#2025,.T.);
#2023 = VERTEX_POINT('',#2024);
#2024 = CARTESIAN_POINT('',(-0.56,-0.635,4.6));
#2025 = SURFACE_CURVE('',#2026,(#2030,#2037),.PCURVE_S1.);
#2026 = LINE('',#2027,#2028);
#2027 = CARTESIAN_POINT('',(-0.56,-0.635,0.));
#2028 = VECTOR('',#2029,1.);
#2029 = DIRECTION('',(-0.,0.,1.));
#2030 = PCURVE('',#947,#2031);
#2031 = DEFINITIONAL_REPRESENTATION('',(#2032),#2036);
#2032 = LINE('',#2033,#2034);
#2033 = CARTESIAN_POINT('',(1.515,0.));
#2034 = VECTOR('',#2035,1.);
#2035 = DIRECTION('',(0.,-1.));
#2036 = ( GEOMETRIC_REPRESENTATION_CONTEXT(2) 
PARAMETRIC_REPRESENTATION_CONTEXT() REPRESENTATION_CONTEXT('2D SPACE',''
  ) );
#2037 = PCURVE('',#1033,#2038);
#2038 = DEFINITIONAL_REPRESENTATION('',(#2039),#2043);
#2039 = LINE('',#2040,#2041);
#2040 = CARTESIAN_POINT('',(0.,0.));
#2041 = VECTOR('',#2042,1.);
#2042 = DIRECTION('',(0.,-1.));
#2043 = ( GEOMETRIC_REPRESENTATION_CONTEXT(2) 
PARAMETRIC_REPRESENTATION_CONTEXT() REPRESENTATION_CONTEXT('2D SPACE',''
  ) );
#2044 = ORIENTED_EDGE('',*,*,#933,.F.);
#2045 = ORIENTED_EDGE('',*,*,#1924,.T.);
#2046 = ORIENTED_EDGE('',*,*,#2047,.T.);
#2047 = EDGE_CURVE('',#1925,#2023,#2048,.T.);
#2048 = SURFACE_CURVE('',#2049,(#2053,#2060),.PCURVE_S1.);
#2049 = LINE('',#2050,#2051);
#2050 = CARTESIAN_POINT('',(3.364810990129E-15,-0.635,4.6));
#2051 = VECTOR('',#2052,1.);
#2052 = DIRECTION('',(1.,0.,0.));
#2053 = PCURVE('',#947,#2054);
#2054 = DEFINITIONAL_REPRESENTATION('',(#2055),#2059);
#2055 = LINE('',#2056,#2057);
#2056 = CARTESIAN_POINT('',(2.075,-4.6));
#2057 = VECTOR('',#2058,1.);
#2058 = DIRECTION('',(1.,0.));
#2059 = ( GEOMETRIC_REPRESENTATION_CONTEXT(2) 
PARAMETRIC_REPRESENTATION_CONTEXT() REPRESENTATION_CONTEXT('2D SPACE',''
  ) );
#2060 = PCURVE('',#1615,#2061);
#2061 = DEFINITIONAL_REPRESENTATION('',(#2062),#2066);
#2062 = LINE('',#2063,#2064);
#2063 = CARTESIAN_POINT('',(0.,0.635));
#2064 = VECTOR('',#2065,1.);
#2065 = DIRECTION('',(1.,0.));
#2066 = ( GEOMETRIC_REPRESENTATION_CONTEXT(2) 
PARAMETRIC_REPRESENTATION_CONTEXT() REPRESENTATION_CONTEXT('2D SPACE',''
  ) );
#2067 = ADVANCED_FACE('',(#2068),#1001,.T.);
#2068 = FACE_BOUND('',#2069,.T.);
#2069 = EDGE_LOOP('',(#2070,#2071,#2072,#2095));
#2070 = ORIENTED_EDGE('',*,*,#1973,.F.);
#2071 = ORIENTED_EDGE('',*,*,#987,.F.);
#2072 = ORIENTED_EDGE('',*,*,#2073,.T.);
#2073 = EDGE_CURVE('',#963,#2074,#2076,.T.);
#2074 = VERTEX_POINT('',#2075);
#2075 = CARTESIAN_POINT('',(-0.56,-2.075,4.6));
#2076 = SURFACE_CURVE('',#2077,(#2081,#2088),.PCURVE_S1.);
#2077 = LINE('',#2078,#2079);
#2078 = CARTESIAN_POINT('',(-0.56,-2.075,0.));
#2079 = VECTOR('',#2080,1.);
#2080 = DIRECTION('',(-0.,0.,1.));
#2081 = PCURVE('',#1001,#2082);
#2082 = DEFINITIONAL_REPRESENTATION('',(#2083),#2087);
#2083 = LINE('',#2084,#2085);
#2084 = CARTESIAN_POINT('',(0.,0.));
#2085 = VECTOR('',#2086,1.);
#2086 = DIRECTION('',(0.,-1.));
#2087 = ( GEOMETRIC_REPRESENTATION_CONTEXT(2) 
PARAMETRIC_REPRESENTATION_CONTEXT() REPRESENTATION_CONTEXT('2D SPACE',''
  ) );
#2088 = PCURVE('',#1033,#2089);
#2089 = DEFINITIONAL_REPRESENTATION('',(#2090),#2094);
#2090 = LINE('',#2091,#2092);
#2091 = CARTESIAN_POINT('',(1.44,0.));
#2092 = VECTOR('',#2093,1.);
#2093 = DIRECTION('',(0.,-1.));
#2094 = ( GEOMETRIC_REPRESENTATION_CONTEXT(2) 
PARAMETRIC_REPRESENTATION_CONTEXT() REPRESENTATION_CONTEXT('2D SPACE',''
  ) );
#2095 = ORIENTED_EDGE('',*,*,#2096,.T.);
#2096 = EDGE_CURVE('',#2074,#1974,#2097,.T.);
#2097 = SURFACE_CURVE('',#2098,(#2102,#2109),.PCURVE_S1.);
#2098 = LINE('',#2099,#2100);
#2099 = CARTESIAN_POINT('',(3.364810990129E-15,-2.075,4.6));
#2100 = VECTOR('',#2101,1.);
#2101 = DIRECTION('',(1.,0.,0.));
#2102 = PCURVE('',#1001,#2103);
#2103 = DEFINITIONAL_REPRESENTATION('',(#2104),#2108);
#2104 = LINE('',#2105,#2106);
#2105 = CARTESIAN_POINT('',(0.56,-4.6));
#2106 = VECTOR('',#2107,1.);
#2107 = DIRECTION('',(1.,0.));
#2108 = ( GEOMETRIC_REPRESENTATION_CONTEXT(2) 
PARAMETRIC_REPRESENTATION_CONTEXT() REPRESENTATION_CONTEXT('2D SPACE',''
  ) );
#2109 = PCURVE('',#1615,#2110);
#2110 = DEFINITIONAL_REPRESENTATION('',(#2111),#2115);
#2111 = LINE('',#2112,#2113);
#2112 = CARTESIAN_POINT('',(0.,2.075));
#2113 = VECTOR('',#2114,1.);
#2114 = DIRECTION('',(1.,0.));
#2115 = ( GEOMETRIC_REPRESENTATION_CONTEXT(2) 
PARAMETRIC_REPRESENTATION_CONTEXT() REPRESENTATION_CONTEXT('2D SPACE',''
  ) );
#2116 = ADVANCED_FACE('',(#2117),#1033,.T.);
#2117 = FACE_BOUND('',#2118,.T.);
#2118 = EDGE_LOOP('',(#2119,#2120,#2121,#2122));
#2119 = ORIENTED_EDGE('',*,*,#2073,.F.);
#2120 = ORIENTED_EDGE('',*,*,#1019,.F.);
#2121 = ORIENTED_EDGE('',*,*,#2022,.T.);
#2122 = ORIENTED_EDGE('',*,*,#2123,.T.);
#2123 = EDGE_CURVE('',#2023,#2074,#2124,.T.);
#2124 = SURFACE_CURVE('',#2125,(#2129,#2136),.PCURVE_S1.);
#2125 = LINE('',#2126,#2127);
#2126 = CARTESIAN_POINT('',(-0.56,-2.278553387904E-15,4.6));
#2127 = VECTOR('',#2128,1.);
#2128 = DIRECTION('',(0.,-1.,0.));
#2129 = PCURVE('',#1033,#2130);
#2130 = DEFINITIONAL_REPRESENTATION('',(#2131),#2135);
#2131 = LINE('',#2132,#2133);
#2132 = CARTESIAN_POINT('',(-0.635,-4.6));
#2133 = VECTOR('',#2134,1.);
#2134 = DIRECTION('',(1.,0.));
#2135 = ( GEOMETRIC_REPRESENTATION_CONTEXT(2) 
PARAMETRIC_REPRESENTATION_CONTEXT() REPRESENTATION_CONTEXT('2D SPACE',''
  ) );
#2136 = PCURVE('',#1615,#2137);
#2137 = DEFINITIONAL_REPRESENTATION('',(#2138),#2142);
#2138 = LINE('',#2139,#2140);
#2139 = CARTESIAN_POINT('',(-0.56,0.));
#2140 = VECTOR('',#2141,1.);
#2141 = DIRECTION('',(0.,1.));
#2142 = ( GEOMETRIC_REPRESENTATION_CONTEXT(2) 
PARAMETRIC_REPRESENTATION_CONTEXT() REPRESENTATION_CONTEXT('2D SPACE',''
  ) );
#2143 = ADVANCED_FACE('',(#2144),#1065,.T.);
#2144 = FACE_BOUND('',#2145,.T.);
#2145 = EDGE_LOOP('',(#2146,#2169,#2170,#2192));
#2146 = ORIENTED_EDGE('',*,*,#2147,.F.);
#2147 = EDGE_CURVE('',#1051,#2148,#2150,.T.);
#2148 = VERTEX_POINT('',#2149);
#2149 = CARTESIAN_POINT('',(-5.777413174145,-0.4,4.5));
#2150 = SURFACE_CURVE('',#2151,(#2155,#2162),.PCURVE_S1.);
#2151 = LINE('',#2152,#2153);
#2152 = CARTESIAN_POINT('',(6.6,-0.4,4.5));
#2153 = VECTOR('',#2154,1.);
#2154 = DIRECTION('',(-1.,0.,0.));
#2155 = PCURVE('',#1065,#2156);
#2156 = DEFINITIONAL_REPRESENTATION('',(#2157),#2161);
#2157 = LINE('',#2158,#2159);
#2158 = CARTESIAN_POINT('',(0.,0.));
#2159 = VECTOR('',#2160,1.);
#2160 = DIRECTION('',(1.,0.));
#2161 = ( GEOMETRIC_REPRESENTATION_CONTEXT(2) 
PARAMETRIC_REPRESENTATION_CONTEXT() REPRESENTATION_CONTEXT('2D SPACE',''
  ) );
#2162 = PCURVE('',#1093,#2163);
#2163 = DEFINITIONAL_REPRESENTATION('',(#2164),#2168);
#2164 = LINE('',#2165,#2166);
#2165 = CARTESIAN_POINT('',(-6.6,-0.4));
#2166 = VECTOR('',#2167,1.);
#2167 = DIRECTION('',(1.,0.));
#2168 = ( GEOMETRIC_REPRESENTATION_CONTEXT(2) 
PARAMETRIC_REPRESENTATION_CONTEXT() REPRESENTATION_CONTEXT('2D SPACE',''
  ) );
#2169 = ORIENTED_EDGE('',*,*,#1048,.F.);
#2170 = ORIENTED_EDGE('',*,*,#2171,.T.);
#2171 = EDGE_CURVE('',#1049,#2172,#2174,.T.);
#2172 = VERTEX_POINT('',#2173);
#2173 = CARTESIAN_POINT('',(-5.25,-0.4,5.5));
#2174 = SURFACE_CURVE('',#2175,(#2179,#2185),.PCURVE_S1.);
#2175 = LINE('',#2176,#2177);
#2176 = CARTESIAN_POINT('',(3.3,-0.4,5.5));
#2177 = VECTOR('',#2178,1.);
#2178 = DIRECTION('',(-1.,0.,0.));
#2179 = PCURVE('',#1065,#2180);
#2180 = DEFINITIONAL_REPRESENTATION('',(#2181),#2184);
#2181 = B_SPLINE_CURVE_WITH_KNOTS('',1,(#2182,#2183),.UNSPECIFIED.,.F.,
  .F.,(2,2),(-3.3,9.9),.PIECEWISE_BEZIER_KNOTS.);
#2182 = CARTESIAN_POINT('',(0.,-1.));
#2183 = CARTESIAN_POINT('',(13.2,-1.));
#2184 = ( GEOMETRIC_REPRESENTATION_CONTEXT(2) 
PARAMETRIC_REPRESENTATION_CONTEXT() REPRESENTATION_CONTEXT('2D SPACE',''
  ) );
#2185 = PCURVE('',#1535,#2186);
#2186 = DEFINITIONAL_REPRESENTATION('',(#2187),#2191);
#2187 = LINE('',#2188,#2189);
#2188 = CARTESIAN_POINT('',(9.4752308679,2.61629509039));
#2189 = VECTOR('',#2190,1.);
#2190 = DIRECTION('',(-0.707106781187,-0.707106781187));
#2191 = ( GEOMETRIC_REPRESENTATION_CONTEXT(2) 
PARAMETRIC_REPRESENTATION_CONTEXT() REPRESENTATION_CONTEXT('2D SPACE',''
  ) );
#2192 = ORIENTED_EDGE('',*,*,#2193,.F.);
#2193 = EDGE_CURVE('',#2148,#2172,#2194,.T.);
#2194 = SURFACE_CURVE('',#2195,(#2201,#2210),.PCURVE_S1.);
#2195 = B_SPLINE_CURVE_WITH_KNOTS('',4,(#2196,#2197,#2198,#2199,#2200),
  .UNSPECIFIED.,.F.,.F.,(5,5),(0.,1.),.PIECEWISE_BEZIER_KNOTS.);
#2196 = CARTESIAN_POINT('',(-5.777413174145,-0.4,4.5));
#2197 = CARTESIAN_POINT('',(-5.649537772691,-0.4,4.751863566283));
#2198 = CARTESIAN_POINT('',(-5.518817015527,-0.4,5.00243136797));
#2199 = CARTESIAN_POINT('',(-5.385562774843,-0.4,5.251786468597));
#2200 = CARTESIAN_POINT('',(-5.25,-0.4,5.5));
#2201 = PCURVE('',#1065,#2202);
#2202 = DEFINITIONAL_REPRESENTATION('',(#2203),#2209);
#2203 = B_SPLINE_CURVE_WITH_KNOTS('',4,(#2204,#2205,#2206,#2207,#2208),
  .UNSPECIFIED.,.F.,.F.,(5,5),(0.,1.),.PIECEWISE_BEZIER_KNOTS.);
#2204 = CARTESIAN_POINT('',(12.377413174145,0.));
#2205 = CARTESIAN_POINT('',(12.249537772691,-0.251863566283));
#2206 = CARTESIAN_POINT('',(12.118817015527,-0.50243136797));
#2207 = CARTESIAN_POINT('',(11.985562774843,-0.751786468597));
#2208 = CARTESIAN_POINT('',(11.85,-1.));
#2209 = ( GEOMETRIC_REPRESENTATION_CONTEXT(2) 
PARAMETRIC_REPRESENTATION_CONTEXT() REPRESENTATION_CONTEXT('2D SPACE',''
  ) );
#2210 = PCURVE('',#2211,#2218);
#2211 = B_SPLINE_SURFACE_WITH_KNOTS('',1,2,(
    (#2212,#2213,#2214)
    ,(#2215,#2216,#2217
  )),.UNSPECIFIED.,.F.,.F.,.F.,(2,2),(3,3),(3.,4.),(0.,1.),
  .PIECEWISE_BEZIER_KNOTS.);
#2212 = CARTESIAN_POINT('',(-7.5,7.5,0.));
#2213 = CARTESIAN_POINT('',(-7.025,7.025,2.25));
#2214 = CARTESIAN_POINT('',(-5.25,5.25,5.5));
#2215 = CARTESIAN_POINT('',(-7.5,-7.5,0.));
#2216 = CARTESIAN_POINT('',(-7.025,-7.025,2.25));
#2217 = CARTESIAN_POINT('',(-5.25,-5.25,5.5));
#2218 = DEFINITIONAL_REPRESENTATION('',(#2219),#2225);
#2219 = B_SPLINE_CURVE_WITH_KNOTS('',4,(#2220,#2221,#2222,#2223,#2224),
  .UNSPECIFIED.,.F.,.F.,(5,5),(0.,1.),.PIECEWISE_BEZIER_KNOTS.);
#2220 = CARTESIAN_POINT('',(3.534617572447,0.842329183504));
#2221 = CARTESIAN_POINT('',(3.535383786625,0.883053108956));
#2222 = CARTESIAN_POINT('',(3.53621231413,0.922852656022));
#2223 = CARTESIAN_POINT('',(3.537111562632,0.961813302861));
#2224 = CARTESIAN_POINT('',(3.538095238095,1.));
#2225 = ( GEOMETRIC_REPRESENTATION_CONTEXT(2) 
PARAMETRIC_REPRESENTATION_CONTEXT() REPRESENTATION_CONTEXT('2D SPACE',''
  ) );
#2226 = ADVANCED_FACE('',(#2227),#1093,.T.);
#2227 = FACE_BOUND('',#2228,.T.);
#2228 = EDGE_LOOP('',(#2229,#2230,#2231,#2260));
#2229 = ORIENTED_EDGE('',*,*,#1076,.F.);
#2230 = ORIENTED_EDGE('',*,*,#2147,.T.);
#2231 = ORIENTED_EDGE('',*,*,#2232,.T.);
#2232 = EDGE_CURVE('',#2148,#2233,#2235,.T.);
#2233 = VERTEX_POINT('',#2234);
#2234 = CARTESIAN_POINT('',(-5.777413174145,0.4,4.5));
#2235 = SURFACE_CURVE('',#2236,(#2242,#2251),.PCURVE_S1.);
#2236 = B_SPLINE_CURVE_WITH_KNOTS('',4,(#2237,#2238,#2239,#2240,#2241),
  .UNSPECIFIED.,.F.,.F.,(5,5),(0.,1.),.PIECEWISE_BEZIER_KNOTS.);
#2237 = CARTESIAN_POINT('',(-5.777413174145,-0.4,4.5));
#2238 = CARTESIAN_POINT('',(-5.777413174145,-0.2,4.5));
#2239 = CARTESIAN_POINT('',(-5.777413174145,4.440892098501E-16,4.5));
#2240 = CARTESIAN_POINT('',(-5.777413174145,0.2,4.5));
#2241 = CARTESIAN_POINT('',(-5.777413174145,0.4,4.5));
#2242 = PCURVE('',#1093,#2243);
#2243 = DEFINITIONAL_REPRESENTATION('',(#2244),#2250);
#2244 = B_SPLINE_CURVE_WITH_KNOTS('',4,(#2245,#2246,#2247,#2248,#2249),
  .UNSPECIFIED.,.F.,.F.,(5,5),(0.,1.),.PIECEWISE_BEZIER_KNOTS.);
#2245 = CARTESIAN_POINT('',(5.777413174145,-0.4));
#2246 = CARTESIAN_POINT('',(5.777413174145,-0.2));
#2247 = CARTESIAN_POINT('',(5.777413174145,4.440892098501E-16));
#2248 = CARTESIAN_POINT('',(5.777413174145,0.2));
#2249 = CARTESIAN_POINT('',(5.777413174145,0.4));
#2250 = ( GEOMETRIC_REPRESENTATION_CONTEXT(2) 
PARAMETRIC_REPRESENTATION_CONTEXT() REPRESENTATION_CONTEXT('2D SPACE',''
  ) );
#2251 = PCURVE('',#2211,#2252);
#2252 = DEFINITIONAL_REPRESENTATION('',(#2253),#2259);
#2253 = B_SPLINE_CURVE_WITH_KNOTS('',4,(#2254,#2255,#2256,#2257,#2258),
  .UNSPECIFIED.,.F.,.F.,(5,5),(0.,1.),.PIECEWISE_BEZIER_KNOTS.);
#2254 = CARTESIAN_POINT('',(3.534617569139,0.842329219213));
#2255 = CARTESIAN_POINT('',(3.517308784569,0.842329219213));
#2256 = CARTESIAN_POINT('',(3.5,0.842329219213));
#2257 = CARTESIAN_POINT('',(3.482691215431,0.842329219213));
#2258 = CARTESIAN_POINT('',(3.465382430861,0.842329219213));
#2259 = ( GEOMETRIC_REPRESENTATION_CONTEXT(2) 
PARAMETRIC_REPRESENTATION_CONTEXT() REPRESENTATION_CONTEXT('2D SPACE',''
  ) );
#2260 = ORIENTED_EDGE('',*,*,#2261,.T.);
#2261 = EDGE_CURVE('',#2233,#1077,#2262,.T.);
#2262 = SURFACE_CURVE('',#2263,(#2267,#2274),.PCURVE_S1.);
#2263 = LINE('',#2264,#2265);
#2264 = CARTESIAN_POINT('',(-6.6,0.4,4.5));
#2265 = VECTOR('',#2266,1.);
#2266 = DIRECTION('',(1.,0.,0.));
#2267 = PCURVE('',#1093,#2268);
#2268 = DEFINITIONAL_REPRESENTATION('',(#2269),#2273);
#2269 = LINE('',#2270,#2271);
#2270 = CARTESIAN_POINT('',(6.6,0.4));
#2271 = VECTOR('',#2272,1.);
#2272 = DIRECTION('',(-1.,0.));
#2273 = ( GEOMETRIC_REPRESENTATION_CONTEXT(2) 
PARAMETRIC_REPRESENTATION_CONTEXT() REPRESENTATION_CONTEXT('2D SPACE',''
  ) );
#2274 = PCURVE('',#1120,#2275);
#2275 = DEFINITIONAL_REPRESENTATION('',(#2276),#2280);
#2276 = LINE('',#2277,#2278);
#2277 = CARTESIAN_POINT('',(0.,0.));
#2278 = VECTOR('',#2279,1.);
#2279 = DIRECTION('',(1.,0.));
#2280 = ( GEOMETRIC_REPRESENTATION_CONTEXT(2) 
PARAMETRIC_REPRESENTATION_CONTEXT() REPRESENTATION_CONTEXT('2D SPACE',''
  ) );
#2281 = ADVANCED_FACE('',(#2282),#1120,.T.);
#2282 = FACE_BOUND('',#2283,.T.);
#2283 = EDGE_LOOP('',(#2284,#2285,#2286,#2315));
#2284 = ORIENTED_EDGE('',*,*,#1105,.T.);
#2285 = ORIENTED_EDGE('',*,*,#2261,.F.);
#2286 = ORIENTED_EDGE('',*,*,#2287,.T.);
#2287 = EDGE_CURVE('',#2233,#2288,#2290,.T.);
#2288 = VERTEX_POINT('',#2289);
#2289 = CARTESIAN_POINT('',(-5.25,0.4,5.5));
#2290 = SURFACE_CURVE('',#2291,(#2297,#2306),.PCURVE_S1.);
#2291 = B_SPLINE_CURVE_WITH_KNOTS('',4,(#2292,#2293,#2294,#2295,#2296),
  .UNSPECIFIED.,.F.,.F.,(5,5),(0.,1.),.PIECEWISE_BEZIER_KNOTS.);
#2292 = CARTESIAN_POINT('',(-5.777413174145,0.4,4.5));
#2293 = CARTESIAN_POINT('',(-5.649537772691,0.4,4.751863566283));
#2294 = CARTESIAN_POINT('',(-5.518817015527,0.4,5.00243136797));
#2295 = CARTESIAN_POINT('',(-5.385562774843,0.4,5.251786468597));
#2296 = CARTESIAN_POINT('',(-5.25,0.4,5.5));
#2297 = PCURVE('',#1120,#2298);
#2298 = DEFINITIONAL_REPRESENTATION('',(#2299),#2305);
#2299 = B_SPLINE_CURVE_WITH_KNOTS('',4,(#2300,#2301,#2302,#2303,#2304),
  .UNSPECIFIED.,.F.,.F.,(5,5),(0.,1.),.PIECEWISE_BEZIER_KNOTS.);
#2300 = CARTESIAN_POINT('',(0.822586825855,0.));
#2301 = CARTESIAN_POINT('',(0.950462227309,-0.251863566283));
#2302 = CARTESIAN_POINT('',(1.081182984473,-0.50243136797));
#2303 = CARTESIAN_POINT('',(1.214437225157,-0.751786468597));
#2304 = CARTESIAN_POINT('',(1.35,-1.));
#2305 = ( GEOMETRIC_REPRESENTATION_CONTEXT(2) 
PARAMETRIC_REPRESENTATION_CONTEXT() REPRESENTATION_CONTEXT('2D SPACE',''
  ) );
#2306 = PCURVE('',#2211,#2307);
#2307 = DEFINITIONAL_REPRESENTATION('',(#2308),#2314);
#2308 = B_SPLINE_CURVE_WITH_KNOTS('',4,(#2309,#2310,#2311,#2312,#2313),
  .UNSPECIFIED.,.F.,.F.,(5,5),(0.,1.),.PIECEWISE_BEZIER_KNOTS.);
#2309 = CARTESIAN_POINT('',(3.465382427553,0.842329183504));
#2310 = CARTESIAN_POINT('',(3.464616213375,0.883053108956));
#2311 = CARTESIAN_POINT('',(3.46378768587,0.922852656022));
#2312 = CARTESIAN_POINT('',(3.462888437368,0.961813302861));
#2313 = CARTESIAN_POINT('',(3.461904761905,1.));
#2314 = ( GEOMETRIC_REPRESENTATION_CONTEXT(2) 
PARAMETRIC_REPRESENTATION_CONTEXT() REPRESENTATION_CONTEXT('2D SPACE',''
  ) );
#2315 = ORIENTED_EDGE('',*,*,#2316,.T.);
#2316 = EDGE_CURVE('',#2288,#1106,#2317,.T.);
#2317 = SURFACE_CURVE('',#2318,(#2322,#2328),.PCURVE_S1.);
#2318 = LINE('',#2319,#2320);
#2319 = CARTESIAN_POINT('',(-3.3,0.4,5.5));
#2320 = VECTOR('',#2321,1.);
#2321 = DIRECTION('',(1.,0.,0.));
#2322 = PCURVE('',#1120,#2323);
#2323 = DEFINITIONAL_REPRESENTATION('',(#2324),#2327);
#2324 = B_SPLINE_CURVE_WITH_KNOTS('',1,(#2325,#2326),.UNSPECIFIED.,.F.,
  .F.,(2,2),(-3.3,9.9),.PIECEWISE_BEZIER_KNOTS.);
#2325 = CARTESIAN_POINT('',(0.,-1.));
#2326 = CARTESIAN_POINT('',(13.2,-1.));
#2327 = ( GEOMETRIC_REPRESENTATION_CONTEXT(2) 
PARAMETRIC_REPRESENTATION_CONTEXT() REPRESENTATION_CONTEXT('2D SPACE',''
  ) );
#2328 = PCURVE('',#1148,#2329);
#2329 = DEFINITIONAL_REPRESENTATION('',(#2330),#2334);
#2330 = LINE('',#2331,#2332);
#2331 = CARTESIAN_POINT('',(5.374011537018,-2.61629509039));
#2332 = VECTOR('',#2333,1.);
#2333 = DIRECTION('',(0.707106781187,0.707106781187));
#2334 = ( GEOMETRIC_REPRESENTATION_CONTEXT(2) 
PARAMETRIC_REPRESENTATION_CONTEXT() REPRESENTATION_CONTEXT('2D SPACE',''
  ) );
#2335 = ADVANCED_FACE('',(#2336),#1148,.T.);
#2336 = FACE_BOUND('',#2337,.T.);
#2337 = EDGE_LOOP('',(#2338,#2339,#2360,#2388,#2408));
#2338 = ORIENTED_EDGE('',*,*,#2316,.F.);
#2339 = ORIENTED_EDGE('',*,*,#2340,.F.);
#2340 = EDGE_CURVE('',#2341,#2288,#2343,.T.);
#2341 = VERTEX_POINT('',#2342);
#2342 = CARTESIAN_POINT('',(-5.25,5.25,5.5));
#2343 = SURFACE_CURVE('',#2344,(#2347,#2353),.PCURVE_S1.);
#2344 = B_SPLINE_CURVE_WITH_KNOTS('',1,(#2345,#2346),.UNSPECIFIED.,.F.,
  .F.,(2,2),(3.,4.),.PIECEWISE_BEZIER_KNOTS.);
#2345 = CARTESIAN_POINT('',(-5.25,5.25,5.5));
#2346 = CARTESIAN_POINT('',(-5.25,-5.25,5.5));
#2347 = PCURVE('',#1148,#2348);
#2348 = DEFINITIONAL_REPRESENTATION('',(#2349),#2352);
#2349 = B_SPLINE_CURVE_WITH_KNOTS('',1,(#2350,#2351),.UNSPECIFIED.,.F.,
  .F.,(2,2),(3.,4.),.PIECEWISE_BEZIER_KNOTS.);
#2350 = CARTESIAN_POINT('',(7.424621202459,-7.424621202459));
#2351 = CARTESIAN_POINT('',(0.,0.));
#2352 = ( GEOMETRIC_REPRESENTATION_CONTEXT(2) 
PARAMETRIC_REPRESENTATION_CONTEXT() REPRESENTATION_CONTEXT('2D SPACE',''
  ) );
#2353 = PCURVE('',#2211,#2354);
#2354 = DEFINITIONAL_REPRESENTATION('',(#2355),#2359);
#2355 = LINE('',#2356,#2357);
#2356 = CARTESIAN_POINT('',(0.,1.));
#2357 = VECTOR('',#2358,1.);
#2358 = DIRECTION('',(1.,0.));
#2359 = ( GEOMETRIC_REPRESENTATION_CONTEXT(2) 
PARAMETRIC_REPRESENTATION_CONTEXT() REPRESENTATION_CONTEXT('2D SPACE',''
  ) );
#2360 = ORIENTED_EDGE('',*,*,#2361,.F.);
#2361 = EDGE_CURVE('',#2362,#2341,#2364,.T.);
#2362 = VERTEX_POINT('',#2363);
#2363 = CARTESIAN_POINT('',(-0.4,5.25,5.5));
#2364 = SURFACE_CURVE('',#2365,(#2368,#2374),.PCURVE_S1.);
#2365 = B_SPLINE_CURVE_WITH_KNOTS('',1,(#2366,#2367),.UNSPECIFIED.,.F.,
  .F.,(2,2),(2.,3.),.PIECEWISE_BEZIER_KNOTS.);
#2366 = CARTESIAN_POINT('',(5.25,5.25,5.5));
#2367 = CARTESIAN_POINT('',(-5.25,5.25,5.5));
#2368 = PCURVE('',#1148,#2369);
#2369 = DEFINITIONAL_REPRESENTATION('',(#2370),#2373);
#2370 = B_SPLINE_CURVE_WITH_KNOTS('',1,(#2371,#2372),.UNSPECIFIED.,.F.,
  .F.,(2,2),(2.,3.),.PIECEWISE_BEZIER_KNOTS.);
#2371 = CARTESIAN_POINT('',(14.849242404917,5.551115123126E-17));
#2372 = CARTESIAN_POINT('',(7.424621202459,-7.424621202459));
#2373 = ( GEOMETRIC_REPRESENTATION_CONTEXT(2) 
PARAMETRIC_REPRESENTATION_CONTEXT() REPRESENTATION_CONTEXT('2D SPACE',''
  ) );
#2374 = PCURVE('',#2375,#2382);
#2375 = B_SPLINE_SURFACE_WITH_KNOTS('',1,2,(
    (#2376,#2377,#2378)
    ,(#2379,#2380,#2381
  )),.UNSPECIFIED.,.F.,.F.,.F.,(2,2),(3,3),(2.,3.),(0.,1.),
  .PIECEWISE_BEZIER_KNOTS.);
#2376 = CARTESIAN_POINT('',(7.5,7.5,0.));
#2377 = CARTESIAN_POINT('',(7.025,7.025,2.25));
#2378 = CARTESIAN_POINT('',(5.25,5.25,5.5));
#2379 = CARTESIAN_POINT('',(-7.5,7.5,0.));
#2380 = CARTESIAN_POINT('',(-7.025,7.025,2.25));
#2381 = CARTESIAN_POINT('',(-5.25,5.25,5.5));
#2382 = DEFINITIONAL_REPRESENTATION('',(#2383),#2387);
#2383 = LINE('',#2384,#2385);
#2384 = CARTESIAN_POINT('',(0.,1.));
#2385 = VECTOR('',#2386,1.);
#2386 = DIRECTION('',(1.,0.));
#2387 = ( GEOMETRIC_REPRESENTATION_CONTEXT(2) 
PARAMETRIC_REPRESENTATION_CONTEXT() REPRESENTATION_CONTEXT('2D SPACE',''
  ) );
#2388 = ORIENTED_EDGE('',*,*,#2389,.F.);
#2389 = EDGE_CURVE('',#1132,#2362,#2390,.T.);
#2390 = SURFACE_CURVE('',#2391,(#2395,#2402),.PCURVE_S1.);
#2391 = LINE('',#2392,#2393);
#2392 = CARTESIAN_POINT('',(-0.4,-3.3,5.5));
#2393 = VECTOR('',#2394,1.);
#2394 = DIRECTION('',(0.,1.,-0.));
#2395 = PCURVE('',#1148,#2396);
#2396 = DEFINITIONAL_REPRESENTATION('',(#2397),#2401);
#2397 = LINE('',#2398,#2399);
#2398 = CARTESIAN_POINT('',(4.808326112069,2.050609665441));
#2399 = VECTOR('',#2400,1.);
#2400 = DIRECTION('',(0.707106781187,-0.707106781187));
#2401 = ( GEOMETRIC_REPRESENTATION_CONTEXT(2) 
PARAMETRIC_REPRESENTATION_CONTEXT() REPRESENTATION_CONTEXT('2D SPACE',''
  ) );
#2402 = PCURVE('',#1179,#2403);
#2403 = DEFINITIONAL_REPRESENTATION('',(#2404),#2407);
#2404 = B_SPLINE_CURVE_WITH_KNOTS('',1,(#2405,#2406),.UNSPECIFIED.,.F.,
  .F.,(2,2),(-3.3,9.9),.PIECEWISE_BEZIER_KNOTS.);
#2405 = CARTESIAN_POINT('',(0.,-1.));
#2406 = CARTESIAN_POINT('',(13.2,-1.));
#2407 = ( GEOMETRIC_REPRESENTATION_CONTEXT(2) 
PARAMETRIC_REPRESENTATION_CONTEXT() REPRESENTATION_CONTEXT('2D SPACE',''
  ) );
#2408 = ORIENTED_EDGE('',*,*,#1131,.T.);
#2409 = ADVANCED_FACE('',(#2410),#1179,.T.);
#2410 = FACE_BOUND('',#2411,.T.);
#2411 = EDGE_LOOP('',(#2412,#2435,#2436,#2437));
#2412 = ORIENTED_EDGE('',*,*,#2413,.F.);
#2413 = EDGE_CURVE('',#1165,#2414,#2416,.T.);
#2414 = VERTEX_POINT('',#2415);
#2415 = CARTESIAN_POINT('',(-0.4,5.777413174145,4.5));
#2416 = SURFACE_CURVE('',#2417,(#2421,#2428),.PCURVE_S1.);
#2417 = LINE('',#2418,#2419);
#2418 = CARTESIAN_POINT('',(-0.4,-6.6,4.5));
#2419 = VECTOR('',#2420,1.);
#2420 = DIRECTION('',(0.,1.,0.));
#2421 = PCURVE('',#1179,#2422);
#2422 = DEFINITIONAL_REPRESENTATION('',(#2423),#2427);
#2423 = LINE('',#2424,#2425);
#2424 = CARTESIAN_POINT('',(0.,0.));
#2425 = VECTOR('',#2426,1.);
#2426 = DIRECTION('',(1.,0.));
#2427 = ( GEOMETRIC_REPRESENTATION_CONTEXT(2) 
PARAMETRIC_REPRESENTATION_CONTEXT() REPRESENTATION_CONTEXT('2D SPACE',''
  ) );
#2428 = PCURVE('',#1207,#2429);
#2429 = DEFINITIONAL_REPRESENTATION('',(#2430),#2434);
#2430 = LINE('',#2431,#2432);
#2431 = CARTESIAN_POINT('',(0.4,-6.6));
#2432 = VECTOR('',#2433,1.);
#2433 = DIRECTION('',(0.,1.));
#2434 = ( GEOMETRIC_REPRESENTATION_CONTEXT(2) 
PARAMETRIC_REPRESENTATION_CONTEXT() REPRESENTATION_CONTEXT('2D SPACE',''
  ) );
#2435 = ORIENTED_EDGE('',*,*,#1164,.F.);
#2436 = ORIENTED_EDGE('',*,*,#2389,.T.);
#2437 = ORIENTED_EDGE('',*,*,#2438,.F.);
#2438 = EDGE_CURVE('',#2414,#2362,#2439,.T.);
#2439 = SURFACE_CURVE('',#2440,(#2446,#2455),.PCURVE_S1.);
#2440 = B_SPLINE_CURVE_WITH_KNOTS('',4,(#2441,#2442,#2443,#2444,#2445),
  .UNSPECIFIED.,.F.,.F.,(5,5),(0.,1.),.PIECEWISE_BEZIER_KNOTS.);
#2441 = CARTESIAN_POINT('',(-0.4,5.777413174145,4.5));
#2442 = CARTESIAN_POINT('',(-0.4,5.649537772691,4.751863566283));
#2443 = CARTESIAN_POINT('',(-0.4,5.518817015527,5.00243136797));
#2444 = CARTESIAN_POINT('',(-0.4,5.385562774843,5.251786468597));
#2445 = CARTESIAN_POINT('',(-0.4,5.25,5.5));
#2446 = PCURVE('',#1179,#2447);
#2447 = DEFINITIONAL_REPRESENTATION('',(#2448),#2454);
#2448 = B_SPLINE_CURVE_WITH_KNOTS('',4,(#2449,#2450,#2451,#2452,#2453),
  .UNSPECIFIED.,.F.,.F.,(5,5),(0.,1.),.PIECEWISE_BEZIER_KNOTS.);
#2449 = CARTESIAN_POINT('',(12.377413174145,0.));
#2450 = CARTESIAN_POINT('',(12.249537772691,-0.251863566283));
#2451 = CARTESIAN_POINT('',(12.118817015527,-0.50243136797));
#2452 = CARTESIAN_POINT('',(11.985562774843,-0.751786468597));
#2453 = CARTESIAN_POINT('',(11.85,-1.));
#2454 = ( GEOMETRIC_REPRESENTATION_CONTEXT(2) 
PARAMETRIC_REPRESENTATION_CONTEXT() REPRESENTATION_CONTEXT('2D SPACE',''
  ) );
#2455 = PCURVE('',#2375,#2456);
#2456 = DEFINITIONAL_REPRESENTATION('',(#2457),#2463);
#2457 = B_SPLINE_CURVE_WITH_KNOTS('',4,(#2458,#2459,#2460,#2461,#2462),
  .UNSPECIFIED.,.F.,.F.,(5,5),(0.,1.),.PIECEWISE_BEZIER_KNOTS.);
#2458 = CARTESIAN_POINT('',(2.534617572447,0.842329183504));
#2459 = CARTESIAN_POINT('',(2.535383786625,0.883053108956));
#2460 = CARTESIAN_POINT('',(2.53621231413,0.922852656022));
#2461 = CARTESIAN_POINT('',(2.537111562632,0.961813302861));
#2462 = CARTESIAN_POINT('',(2.538095238095,1.));
#2463 = ( GEOMETRIC_REPRESENTATION_CONTEXT(2) 
PARAMETRIC_REPRESENTATION_CONTEXT() REPRESENTATION_CONTEXT('2D SPACE',''
  ) );
#2464 = ADVANCED_FACE('',(#2465),#1207,.T.);
#2465 = FACE_BOUND('',#2466,.T.);
#2466 = EDGE_LOOP('',(#2467,#2468,#2469,#2498));
#2467 = ORIENTED_EDGE('',*,*,#1190,.F.);
#2468 = ORIENTED_EDGE('',*,*,#2413,.T.);
#2469 = ORIENTED_EDGE('',*,*,#2470,.T.);
#2470 = EDGE_CURVE('',#2414,#2471,#2473,.T.);
#2471 = VERTEX_POINT('',#2472);
#2472 = CARTESIAN_POINT('',(0.4,5.777413174145,4.5));
#2473 = SURFACE_CURVE('',#2474,(#2480,#2489),.PCURVE_S1.);
#2474 = B_SPLINE_CURVE_WITH_KNOTS('',4,(#2475,#2476,#2477,#2478,#2479),
  .UNSPECIFIED.,.F.,.F.,(5,5),(0.,1.),.PIECEWISE_BEZIER_KNOTS.);
#2475 = CARTESIAN_POINT('',(-0.4,5.777413174145,4.5));
#2476 = CARTESIAN_POINT('',(-0.2,5.777413174145,4.5));
#2477 = CARTESIAN_POINT('',(1.110223024625E-16,5.777413174145,4.5));
#2478 = CARTESIAN_POINT('',(0.2,5.777413174145,4.5));
#2479 = CARTESIAN_POINT('',(0.4,5.777413174145,4.5));
#2480 = PCURVE('',#1207,#2481);
#2481 = DEFINITIONAL_REPRESENTATION('',(#2482),#2488);
#2482 = B_SPLINE_CURVE_WITH_KNOTS('',4,(#2483,#2484,#2485,#2486,#2487),
  .UNSPECIFIED.,.F.,.F.,(5,5),(0.,1.),.PIECEWISE_BEZIER_KNOTS.);
#2483 = CARTESIAN_POINT('',(0.4,5.777413174145));
#2484 = CARTESIAN_POINT('',(0.2,5.777413174145));
#2485 = CARTESIAN_POINT('',(-1.110223024625E-16,5.777413174145));
#2486 = CARTESIAN_POINT('',(-0.2,5.777413174145));
#2487 = CARTESIAN_POINT('',(-0.4,5.777413174145));
#2488 = ( GEOMETRIC_REPRESENTATION_CONTEXT(2) 
PARAMETRIC_REPRESENTATION_CONTEXT() REPRESENTATION_CONTEXT('2D SPACE',''
  ) );
#2489 = PCURVE('',#2375,#2490);
#2490 = DEFINITIONAL_REPRESENTATION('',(#2491),#2497);
#2491 = B_SPLINE_CURVE_WITH_KNOTS('',4,(#2492,#2493,#2494,#2495,#2496),
  .UNSPECIFIED.,.F.,.F.,(5,5),(0.,1.),.PIECEWISE_BEZIER_KNOTS.);
#2492 = CARTESIAN_POINT('',(2.534617569139,0.842329219213));
#2493 = CARTESIAN_POINT('',(2.517308784569,0.842329219213));
#2494 = CARTESIAN_POINT('',(2.5,0.842329219213));
#2495 = CARTESIAN_POINT('',(2.482691215431,0.842329219213));
#2496 = CARTESIAN_POINT('',(2.465382430861,0.842329219213));
#2497 = ( GEOMETRIC_REPRESENTATION_CONTEXT(2) 
PARAMETRIC_REPRESENTATION_CONTEXT() REPRESENTATION_CONTEXT('2D SPACE',''
  ) );
#2498 = ORIENTED_EDGE('',*,*,#2499,.T.);
#2499 = EDGE_CURVE('',#2471,#1191,#2500,.T.);
#2500 = SURFACE_CURVE('',#2501,(#2505,#2512),.PCURVE_S1.);
#2501 = LINE('',#2502,#2503);
#2502 = CARTESIAN_POINT('',(0.4,6.6,4.5));
#2503 = VECTOR('',#2504,1.);
#2504 = DIRECTION('',(0.,-1.,0.));
#2505 = PCURVE('',#1207,#2506);
#2506 = DEFINITIONAL_REPRESENTATION('',(#2507),#2511);
#2507 = LINE('',#2508,#2509);
#2508 = CARTESIAN_POINT('',(-0.4,6.6));
#2509 = VECTOR('',#2510,1.);
#2510 = DIRECTION('',(0.,-1.));
#2511 = ( GEOMETRIC_REPRESENTATION_CONTEXT(2) 
PARAMETRIC_REPRESENTATION_CONTEXT() REPRESENTATION_CONTEXT('2D SPACE',''
  ) );
#2512 = PCURVE('',#1234,#2513);
#2513 = DEFINITIONAL_REPRESENTATION('',(#2514),#2518);
#2514 = LINE('',#2515,#2516);
#2515 = CARTESIAN_POINT('',(0.,0.));
#2516 = VECTOR('',#2517,1.);
#2517 = DIRECTION('',(1.,0.));
#2518 = ( GEOMETRIC_REPRESENTATION_CONTEXT(2) 
PARAMETRIC_REPRESENTATION_CONTEXT() REPRESENTATION_CONTEXT('2D SPACE',''
  ) );
#2519 = ADVANCED_FACE('',(#2520),#1234,.T.);
#2520 = FACE_BOUND('',#2521,.T.);
#2521 = EDGE_LOOP('',(#2522,#2523,#2524,#2553));
#2522 = ORIENTED_EDGE('',*,*,#1219,.T.);
#2523 = ORIENTED_EDGE('',*,*,#2499,.F.);
#2524 = ORIENTED_EDGE('',*,*,#2525,.T.);
#2525 = EDGE_CURVE('',#2471,#2526,#2528,.T.);
#2526 = VERTEX_POINT('',#2527);
#2527 = CARTESIAN_POINT('',(0.4,5.25,5.5));
#2528 = SURFACE_CURVE('',#2529,(#2535,#2544),.PCURVE_S1.);
#2529 = B_SPLINE_CURVE_WITH_KNOTS('',4,(#2530,#2531,#2532,#2533,#2534),
  .UNSPECIFIED.,.F.,.F.,(5,5),(0.,1.),.PIECEWISE_BEZIER_KNOTS.);
#2530 = CARTESIAN_POINT('',(0.4,5.777413174145,4.5));
#2531 = CARTESIAN_POINT('',(0.4,5.649537772691,4.751863566283));
#2532 = CARTESIAN_POINT('',(0.4,5.518817015527,5.00243136797));
#2533 = CARTESIAN_POINT('',(0.4,5.385562774843,5.251786468597));
#2534 = CARTESIAN_POINT('',(0.4,5.25,5.5));
#2535 = PCURVE('',#1234,#2536);
#2536 = DEFINITIONAL_REPRESENTATION('',(#2537),#2543);
#2537 = B_SPLINE_CURVE_WITH_KNOTS('',4,(#2538,#2539,#2540,#2541,#2542),
  .UNSPECIFIED.,.F.,.F.,(5,5),(0.,1.),.PIECEWISE_BEZIER_KNOTS.);
#2538 = CARTESIAN_POINT('',(0.822586825855,0.));
#2539 = CARTESIAN_POINT('',(0.950462227309,-0.251863566283));
#2540 = CARTESIAN_POINT('',(1.081182984473,-0.50243136797));
#2541 = CARTESIAN_POINT('',(1.214437225157,-0.751786468597));
#2542 = CARTESIAN_POINT('',(1.35,-1.));
#2543 = ( GEOMETRIC_REPRESENTATION_CONTEXT(2) 
PARAMETRIC_REPRESENTATION_CONTEXT() REPRESENTATION_CONTEXT('2D SPACE',''
  ) );
#2544 = PCURVE('',#2375,#2545);
#2545 = DEFINITIONAL_REPRESENTATION('',(#2546),#2552);
#2546 = B_SPLINE_CURVE_WITH_KNOTS('',4,(#2547,#2548,#2549,#2550,#2551),
  .UNSPECIFIED.,.F.,.F.,(5,5),(0.,1.),.PIECEWISE_BEZIER_KNOTS.);
#2547 = CARTESIAN_POINT('',(2.465382427553,0.842329183504));
#2548 = CARTESIAN_POINT('',(2.464616213375,0.883053108956));
#2549 = CARTESIAN_POINT('',(2.46378768587,0.922852656022));
#2550 = CARTESIAN_POINT('',(2.462888437368,0.961813302861));
#2551 = CARTESIAN_POINT('',(2.461904761905,1.));
#2552 = ( GEOMETRIC_REPRESENTATION_CONTEXT(2) 
PARAMETRIC_REPRESENTATION_CONTEXT() REPRESENTATION_CONTEXT('2D SPACE',''
  ) );
#2553 = ORIENTED_EDGE('',*,*,#2554,.T.);
#2554 = EDGE_CURVE('',#2526,#1220,#2555,.T.);
#2555 = SURFACE_CURVE('',#2556,(#2560,#2566),.PCURVE_S1.);
#2556 = LINE('',#2557,#2558);
#2557 = CARTESIAN_POINT('',(0.4,3.3,5.5));
#2558 = VECTOR('',#2559,1.);
#2559 = DIRECTION('',(-0.,-1.,0.));
#2560 = PCURVE('',#1234,#2561);
#2561 = DEFINITIONAL_REPRESENTATION('',(#2562),#2565);
#2562 = B_SPLINE_CURVE_WITH_KNOTS('',1,(#2563,#2564),.UNSPECIFIED.,.F.,
  .F.,(2,2),(-3.3,9.9),.PIECEWISE_BEZIER_KNOTS.);
#2563 = CARTESIAN_POINT('',(0.,-1.));
#2564 = CARTESIAN_POINT('',(13.2,-1.));
#2565 = ( GEOMETRIC_REPRESENTATION_CONTEXT(2) 
PARAMETRIC_REPRESENTATION_CONTEXT() REPRESENTATION_CONTEXT('2D SPACE',''
  ) );
#2566 = PCURVE('',#1262,#2567);
#2567 = DEFINITIONAL_REPRESENTATION('',(#2568),#2572);
#2568 = LINE('',#2569,#2570);
#2569 = CARTESIAN_POINT('',(10.040916292849,-2.050609665441));
#2570 = VECTOR('',#2571,1.);
#2571 = DIRECTION('',(-0.707106781187,0.707106781187));
#2572 = ( GEOMETRIC_REPRESENTATION_CONTEXT(2) 
PARAMETRIC_REPRESENTATION_CONTEXT() REPRESENTATION_CONTEXT('2D SPACE',''
  ) );
#2573 = ADVANCED_FACE('',(#2574),#1262,.T.);
#2574 = FACE_BOUND('',#2575,.T.);
#2575 = EDGE_LOOP('',(#2576,#2577,#2578,#2599,#2627));
#2576 = ORIENTED_EDGE('',*,*,#1245,.T.);
#2577 = ORIENTED_EDGE('',*,*,#2554,.F.);
#2578 = ORIENTED_EDGE('',*,*,#2579,.F.);
#2579 = EDGE_CURVE('',#2580,#2526,#2582,.T.);
#2580 = VERTEX_POINT('',#2581);
#2581 = CARTESIAN_POINT('',(5.25,5.25,5.5));
#2582 = SURFACE_CURVE('',#2583,(#2586,#2592),.PCURVE_S1.);
#2583 = B_SPLINE_CURVE_WITH_KNOTS('',1,(#2584,#2585),.UNSPECIFIED.,.F.,
  .F.,(2,2),(2.,3.),.PIECEWISE_BEZIER_KNOTS.);
#2584 = CARTESIAN_POINT('',(5.25,5.25,5.5));
#2585 = CARTESIAN_POINT('',(-5.25,5.25,5.5));
#2586 = PCURVE('',#1262,#2587);
#2587 = DEFINITIONAL_REPRESENTATION('',(#2588),#2591);
#2588 = B_SPLINE_CURVE_WITH_KNOTS('',1,(#2589,#2590),.UNSPECIFIED.,.F.,
  .F.,(2,2),(2.,3.),.PIECEWISE_BEZIER_KNOTS.);
#2589 = CARTESIAN_POINT('',(14.849242404917,5.551115123126E-17));
#2590 = CARTESIAN_POINT('',(7.424621202459,-7.424621202459));
#2591 = ( GEOMETRIC_REPRESENTATION_CONTEXT(2) 
PARAMETRIC_REPRESENTATION_CONTEXT() REPRESENTATION_CONTEXT('2D SPACE',''
  ) );
#2592 = PCURVE('',#2375,#2593);
#2593 = DEFINITIONAL_REPRESENTATION('',(#2594),#2598);
#2594 = LINE('',#2595,#2596);
#2595 = CARTESIAN_POINT('',(0.,1.));
#2596 = VECTOR('',#2597,1.);
#2597 = DIRECTION('',(1.,0.));
#2598 = ( GEOMETRIC_REPRESENTATION_CONTEXT(2) 
PARAMETRIC_REPRESENTATION_CONTEXT() REPRESENTATION_CONTEXT('2D SPACE',''
  ) );
#2599 = ORIENTED_EDGE('',*,*,#2600,.F.);
#2600 = EDGE_CURVE('',#2601,#2580,#2603,.T.);
#2601 = VERTEX_POINT('',#2602);
#2602 = CARTESIAN_POINT('',(5.25,0.4,5.5));
#2603 = SURFACE_CURVE('',#2604,(#2607,#2613),.PCURVE_S1.);
#2604 = B_SPLINE_CURVE_WITH_KNOTS('',1,(#2605,#2606),.UNSPECIFIED.,.F.,
  .F.,(2,2),(1.,2.),.PIECEWISE_BEZIER_KNOTS.);
#2605 = CARTESIAN_POINT('',(5.25,-5.25,5.5));
#2606 = CARTESIAN_POINT('',(5.25,5.25,5.5));
#2607 = PCURVE('',#1262,#2608);
#2608 = DEFINITIONAL_REPRESENTATION('',(#2609),#2612);
#2609 = B_SPLINE_CURVE_WITH_KNOTS('',1,(#2610,#2611),.UNSPECIFIED.,.F.,
  .F.,(2,2),(1.,2.),.PIECEWISE_BEZIER_KNOTS.);
#2610 = CARTESIAN_POINT('',(7.424621202459,7.424621202459));
#2611 = CARTESIAN_POINT('',(14.849242404917,5.551115123126E-17));
#2612 = ( GEOMETRIC_REPRESENTATION_CONTEXT(2) 
PARAMETRIC_REPRESENTATION_CONTEXT() REPRESENTATION_CONTEXT('2D SPACE',''
  ) );
#2613 = PCURVE('',#2614,#2621);
#2614 = B_SPLINE_SURFACE_WITH_KNOTS('',1,2,(
    (#2615,#2616,#2617)
    ,(#2618,#2619,#2620
  )),.UNSPECIFIED.,.F.,.F.,.F.,(2,2),(3,3),(1.,2.),(0.,1.),
  .PIECEWISE_BEZIER_KNOTS.);
#2615 = CARTESIAN_POINT('',(7.5,-7.5,0.));
#2616 = CARTESIAN_POINT('',(7.025,-7.025,2.25));
#2617 = CARTESIAN_POINT('',(5.25,-5.25,5.5));
#2618 = CARTESIAN_POINT('',(7.5,7.5,0.));
#2619 = CARTESIAN_POINT('',(7.025,7.025,2.25));
#2620 = CARTESIAN_POINT('',(5.25,5.25,5.5));
#2621 = DEFINITIONAL_REPRESENTATION('',(#2622),#2626);
#2622 = LINE('',#2623,#2624);
#2623 = CARTESIAN_POINT('',(0.,1.));
#2624 = VECTOR('',#2625,1.);
#2625 = DIRECTION('',(1.,0.));
#2626 = ( GEOMETRIC_REPRESENTATION_CONTEXT(2) 
PARAMETRIC_REPRESENTATION_CONTEXT() REPRESENTATION_CONTEXT('2D SPACE',''
  ) );
#2627 = ORIENTED_EDGE('',*,*,#2628,.F.);
#2628 = EDGE_CURVE('',#1246,#2601,#2629,.T.);
#2629 = SURFACE_CURVE('',#2630,(#2634,#2641),.PCURVE_S1.);
#2630 = LINE('',#2631,#2632);
#2631 = CARTESIAN_POINT('',(-3.3,0.4,5.5));
#2632 = VECTOR('',#2633,1.);
#2633 = DIRECTION('',(1.,0.,0.));
#2634 = PCURVE('',#1262,#2635);
#2635 = DEFINITIONAL_REPRESENTATION('',(#2636),#2640);
#2636 = LINE('',#2637,#2638);
#2637 = CARTESIAN_POINT('',(5.374011537018,-2.61629509039));
#2638 = VECTOR('',#2639,1.);
#2639 = DIRECTION('',(0.707106781187,0.707106781187));
#2640 = ( GEOMETRIC_REPRESENTATION_CONTEXT(2) 
PARAMETRIC_REPRESENTATION_CONTEXT() REPRESENTATION_CONTEXT('2D SPACE',''
  ) );
#2641 = PCURVE('',#1293,#2642);
#2642 = DEFINITIONAL_REPRESENTATION('',(#2643),#2646);
#2643 = B_SPLINE_CURVE_WITH_KNOTS('',1,(#2644,#2645),.UNSPECIFIED.,.F.,
  .F.,(2,2),(-3.3,9.9),.PIECEWISE_BEZIER_KNOTS.);
#2644 = CARTESIAN_POINT('',(0.,-1.));
#2645 = CARTESIAN_POINT('',(13.2,-1.));
#2646 = ( GEOMETRIC_REPRESENTATION_CONTEXT(2) 
PARAMETRIC_REPRESENTATION_CONTEXT() REPRESENTATION_CONTEXT('2D SPACE',''
  ) );
#2647 = ADVANCED_FACE('',(#2648),#1293,.T.);
#2648 = FACE_BOUND('',#2649,.T.);
#2649 = EDGE_LOOP('',(#2650,#2673,#2674,#2675));
#2650 = ORIENTED_EDGE('',*,*,#2651,.F.);
#2651 = EDGE_CURVE('',#1279,#2652,#2654,.T.);
#2652 = VERTEX_POINT('',#2653);
#2653 = CARTESIAN_POINT('',(5.777413174145,0.4,4.5));
#2654 = SURFACE_CURVE('',#2655,(#2659,#2666),.PCURVE_S1.);
#2655 = LINE('',#2656,#2657);
#2656 = CARTESIAN_POINT('',(-6.6,0.4,4.5));
#2657 = VECTOR('',#2658,1.);
#2658 = DIRECTION('',(1.,0.,0.));
#2659 = PCURVE('',#1293,#2660);
#2660 = DEFINITIONAL_REPRESENTATION('',(#2661),#2665);
#2661 = LINE('',#2662,#2663);
#2662 = CARTESIAN_POINT('',(0.,0.));
#2663 = VECTOR('',#2664,1.);
#2664 = DIRECTION('',(1.,0.));
#2665 = ( GEOMETRIC_REPRESENTATION_CONTEXT(2) 
PARAMETRIC_REPRESENTATION_CONTEXT() REPRESENTATION_CONTEXT('2D SPACE',''
  ) );
#2666 = PCURVE('',#1321,#2667);
#2667 = DEFINITIONAL_REPRESENTATION('',(#2668),#2672);
#2668 = LINE('',#2669,#2670);
#2669 = CARTESIAN_POINT('',(6.6,0.4));
#2670 = VECTOR('',#2671,1.);
#2671 = DIRECTION('',(-1.,0.));
#2672 = ( GEOMETRIC_REPRESENTATION_CONTEXT(2) 
PARAMETRIC_REPRESENTATION_CONTEXT() REPRESENTATION_CONTEXT('2D SPACE',''
  ) );
#2673 = ORIENTED_EDGE('',*,*,#1278,.F.);
#2674 = ORIENTED_EDGE('',*,*,#2628,.T.);
#2675 = ORIENTED_EDGE('',*,*,#2676,.F.);
#2676 = EDGE_CURVE('',#2652,#2601,#2677,.T.);
#2677 = SURFACE_CURVE('',#2678,(#2684,#2693),.PCURVE_S1.);
#2678 = B_SPLINE_CURVE_WITH_KNOTS('',4,(#2679,#2680,#2681,#2682,#2683),
  .UNSPECIFIED.,.F.,.F.,(5,5),(0.,1.),.PIECEWISE_BEZIER_KNOTS.);
#2679 = CARTESIAN_POINT('',(5.777413174145,0.4,4.5));
#2680 = CARTESIAN_POINT('',(5.649537772691,0.4,4.751863566283));
#2681 = CARTESIAN_POINT('',(5.518817015527,0.4,5.00243136797));
#2682 = CARTESIAN_POINT('',(5.385562774843,0.4,5.251786468597));
#2683 = CARTESIAN_POINT('',(5.25,0.4,5.5));
#2684 = PCURVE('',#1293,#2685);
#2685 = DEFINITIONAL_REPRESENTATION('',(#2686),#2692);
#2686 = B_SPLINE_CURVE_WITH_KNOTS('',4,(#2687,#2688,#2689,#2690,#2691),
  .UNSPECIFIED.,.F.,.F.,(5,5),(0.,1.),.PIECEWISE_BEZIER_KNOTS.);
#2687 = CARTESIAN_POINT('',(12.377413174145,0.));
#2688 = CARTESIAN_POINT('',(12.249537772691,-0.251863566283));
#2689 = CARTESIAN_POINT('',(12.118817015527,-0.50243136797));
#2690 = CARTESIAN_POINT('',(11.985562774843,-0.751786468597));
#2691 = CARTESIAN_POINT('',(11.85,-1.));
#2692 = ( GEOMETRIC_REPRESENTATION_CONTEXT(2) 
PARAMETRIC_REPRESENTATION_CONTEXT() REPRESENTATION_CONTEXT('2D SPACE',''
  ) );
#2693 = PCURVE('',#2614,#2694);
#2694 = DEFINITIONAL_REPRESENTATION('',(#2695),#2701);
#2695 = B_SPLINE_CURVE_WITH_KNOTS('',4,(#2696,#2697,#2698,#2699,#2700),
  .UNSPECIFIED.,.F.,.F.,(5,5),(0.,1.),.PIECEWISE_BEZIER_KNOTS.);
#2696 = CARTESIAN_POINT('',(1.534617572447,0.842329183504));
#2697 = CARTESIAN_POINT('',(1.535383786625,0.883053108956));
#2698 = CARTESIAN_POINT('',(1.53621231413,0.922852656022));
#2699 = CARTESIAN_POINT('',(1.537111562632,0.961813302861));
#2700 = CARTESIAN_POINT('',(1.538095238095,1.));
#2701 = ( GEOMETRIC_REPRESENTATION_CONTEXT(2) 
PARAMETRIC_REPRESENTATION_CONTEXT() REPRESENTATION_CONTEXT('2D SPACE',''
  ) );
#2702 = ADVANCED_FACE('',(#2703),#1321,.T.);
#2703 = FACE_BOUND('',#2704,.T.);
#2704 = EDGE_LOOP('',(#2705,#2728,#2729,#2730,#2731));
#2705 = ORIENTED_EDGE('',*,*,#2706,.T.);
#2706 = EDGE_CURVE('',#2707,#1357,#2709,.T.);
#2707 = VERTEX_POINT('',#2708);
#2708 = CARTESIAN_POINT('',(5.777413174145,-0.4,4.5));
#2709 = SURFACE_CURVE('',#2710,(#2714,#2721),.PCURVE_S1.);
#2710 = LINE('',#2711,#2712);
#2711 = CARTESIAN_POINT('',(6.6,-0.4,4.5));
#2712 = VECTOR('',#2713,1.);
#2713 = DIRECTION('',(-1.,0.,0.));
#2714 = PCURVE('',#1321,#2715);
#2715 = DEFINITIONAL_REPRESENTATION('',(#2716),#2720);
#2716 = LINE('',#2717,#2718);
#2717 = CARTESIAN_POINT('',(-6.6,-0.4));
#2718 = VECTOR('',#2719,1.);
#2719 = DIRECTION('',(1.,0.));
#2720 = ( GEOMETRIC_REPRESENTATION_CONTEXT(2) 
PARAMETRIC_REPRESENTATION_CONTEXT() REPRESENTATION_CONTEXT('2D SPACE',''
  ) );
#2721 = PCURVE('',#1395,#2722);
#2722 = DEFINITIONAL_REPRESENTATION('',(#2723),#2727);
#2723 = LINE('',#2724,#2725);
#2724 = CARTESIAN_POINT('',(0.,0.));
#2725 = VECTOR('',#2726,1.);
#2726 = DIRECTION('',(1.,0.));
#2727 = ( GEOMETRIC_REPRESENTATION_CONTEXT(2) 
PARAMETRIC_REPRESENTATION_CONTEXT() REPRESENTATION_CONTEXT('2D SPACE',''
  ) );
#2728 = ORIENTED_EDGE('',*,*,#1356,.F.);
#2729 = ORIENTED_EDGE('',*,*,#1304,.F.);
#2730 = ORIENTED_EDGE('',*,*,#2651,.T.);
#2731 = ORIENTED_EDGE('',*,*,#2732,.T.);
#2732 = EDGE_CURVE('',#2652,#2707,#2733,.T.);
#2733 = SURFACE_CURVE('',#2734,(#2740,#2749),.PCURVE_S1.);
#2734 = B_SPLINE_CURVE_WITH_KNOTS('',4,(#2735,#2736,#2737,#2738,#2739),
  .UNSPECIFIED.,.F.,.F.,(5,5),(0.,1.),.PIECEWISE_BEZIER_KNOTS.);
#2735 = CARTESIAN_POINT('',(5.777413174145,0.4,4.5));
#2736 = CARTESIAN_POINT('',(5.777413174145,0.2,4.5));
#2737 = CARTESIAN_POINT('',(5.777413174145,-2.775557561563E-16,4.5));
#2738 = CARTESIAN_POINT('',(5.777413174145,-0.2,4.5));
#2739 = CARTESIAN_POINT('',(5.777413174145,-0.4,4.5));
#2740 = PCURVE('',#1321,#2741);
#2741 = DEFINITIONAL_REPRESENTATION('',(#2742),#2748);
#2742 = B_SPLINE_CURVE_WITH_KNOTS('',4,(#2743,#2744,#2745,#2746,#2747),
  .UNSPECIFIED.,.F.,.F.,(5,5),(0.,1.),.PIECEWISE_BEZIER_KNOTS.);
#2743 = CARTESIAN_POINT('',(-5.777413174145,0.4));
#2744 = CARTESIAN_POINT('',(-5.777413174145,0.2));
#2745 = CARTESIAN_POINT('',(-5.777413174145,-2.775557561563E-16));
#2746 = CARTESIAN_POINT('',(-5.777413174145,-0.2));
#2747 = CARTESIAN_POINT('',(-5.777413174145,-0.4));
#2748 = ( GEOMETRIC_REPRESENTATION_CONTEXT(2) 
PARAMETRIC_REPRESENTATION_CONTEXT() REPRESENTATION_CONTEXT('2D SPACE',''
  ) );
#2749 = PCURVE('',#2614,#2750);
#2750 = DEFINITIONAL_REPRESENTATION('',(#2751),#2757);
#2751 = B_SPLINE_CURVE_WITH_KNOTS('',4,(#2752,#2753,#2754,#2755,#2756),
  .UNSPECIFIED.,.F.,.F.,(5,5),(0.,1.),.PIECEWISE_BEZIER_KNOTS.);
#2752 = CARTESIAN_POINT('',(1.534617569139,0.842329219213));
#2753 = CARTESIAN_POINT('',(1.517308784569,0.842329219213));
#2754 = CARTESIAN_POINT('',(1.5,0.842329219213));
#2755 = CARTESIAN_POINT('',(1.482691215431,0.842329219213));
#2756 = CARTESIAN_POINT('',(1.465382430861,0.842329219213));
#2757 = ( GEOMETRIC_REPRESENTATION_CONTEXT(2) 
PARAMETRIC_REPRESENTATION_CONTEXT() REPRESENTATION_CONTEXT('2D SPACE',''
  ) );
#2758 = ADVANCED_FACE('',(#2759),#1395,.T.);
#2759 = FACE_BOUND('',#2760,.T.);
#2760 = EDGE_LOOP('',(#2761,#2762,#2763,#2792));
#2761 = ORIENTED_EDGE('',*,*,#1380,.T.);
#2762 = ORIENTED_EDGE('',*,*,#2706,.F.);
#2763 = ORIENTED_EDGE('',*,*,#2764,.T.);
#2764 = EDGE_CURVE('',#2707,#2765,#2767,.T.);
#2765 = VERTEX_POINT('',#2766);
#2766 = CARTESIAN_POINT('',(5.25,-0.4,5.5));
#2767 = SURFACE_CURVE('',#2768,(#2774,#2783),.PCURVE_S1.);
#2768 = B_SPLINE_CURVE_WITH_KNOTS('',4,(#2769,#2770,#2771,#2772,#2773),
  .UNSPECIFIED.,.F.,.F.,(5,5),(0.,1.),.PIECEWISE_BEZIER_KNOTS.);
#2769 = CARTESIAN_POINT('',(5.777413174145,-0.4,4.5));
#2770 = CARTESIAN_POINT('',(5.649537772691,-0.4,4.751863566283));
#2771 = CARTESIAN_POINT('',(5.518817015527,-0.4,5.00243136797));
#2772 = CARTESIAN_POINT('',(5.385562774843,-0.4,5.251786468597));
#2773 = CARTESIAN_POINT('',(5.25,-0.4,5.5));
#2774 = PCURVE('',#1395,#2775);
#2775 = DEFINITIONAL_REPRESENTATION('',(#2776),#2782);
#2776 = B_SPLINE_CURVE_WITH_KNOTS('',4,(#2777,#2778,#2779,#2780,#2781),
  .UNSPECIFIED.,.F.,.F.,(5,5),(0.,1.),.PIECEWISE_BEZIER_KNOTS.);
#2777 = CARTESIAN_POINT('',(0.822586825855,0.));
#2778 = CARTESIAN_POINT('',(0.950462227309,-0.251863566283));
#2779 = CARTESIAN_POINT('',(1.081182984473,-0.50243136797));
#2780 = CARTESIAN_POINT('',(1.214437225157,-0.751786468597));
#2781 = CARTESIAN_POINT('',(1.35,-1.));
#2782 = ( GEOMETRIC_REPRESENTATION_CONTEXT(2) 
PARAMETRIC_REPRESENTATION_CONTEXT() REPRESENTATION_CONTEXT('2D SPACE',''
  ) );
#2783 = PCURVE('',#2614,#2784);
#2784 = DEFINITIONAL_REPRESENTATION('',(#2785),#2791);
#2785 = B_SPLINE_CURVE_WITH_KNOTS('',4,(#2786,#2787,#2788,#2789,#2790),
  .UNSPECIFIED.,.F.,.F.,(5,5),(0.,1.),.PIECEWISE_BEZIER_KNOTS.);
#2786 = CARTESIAN_POINT('',(1.465382427553,0.842329183504));
#2787 = CARTESIAN_POINT('',(1.464616213375,0.883053108956));
#2788 = CARTESIAN_POINT('',(1.46378768587,0.922852656022));
#2789 = CARTESIAN_POINT('',(1.462888437368,0.961813302861));
#2790 = CARTESIAN_POINT('',(1.461904761905,1.));
#2791 = ( GEOMETRIC_REPRESENTATION_CONTEXT(2) 
PARAMETRIC_REPRESENTATION_CONTEXT() REPRESENTATION_CONTEXT('2D SPACE',''
  ) );
#2792 = ORIENTED_EDGE('',*,*,#2793,.T.);
#2793 = EDGE_CURVE('',#2765,#1381,#2794,.T.);
#2794 = SURFACE_CURVE('',#2795,(#2799,#2805),.PCURVE_S1.);
#2795 = LINE('',#2796,#2797);
#2796 = CARTESIAN_POINT('',(3.3,-0.4,5.5));
#2797 = VECTOR('',#2798,1.);
#2798 = DIRECTION('',(-1.,0.,0.));
#2799 = PCURVE('',#1395,#2800);
#2800 = DEFINITIONAL_REPRESENTATION('',(#2801),#2804);
#2801 = B_SPLINE_CURVE_WITH_KNOTS('',1,(#2802,#2803),.UNSPECIFIED.,.F.,
  .F.,(2,2),(-3.3,9.9),.PIECEWISE_BEZIER_KNOTS.);
#2802 = CARTESIAN_POINT('',(0.,-1.));
#2803 = CARTESIAN_POINT('',(13.2,-1.));
#2804 = ( GEOMETRIC_REPRESENTATION_CONTEXT(2) 
PARAMETRIC_REPRESENTATION_CONTEXT() REPRESENTATION_CONTEXT('2D SPACE',''
  ) );
#2805 = PCURVE('',#1423,#2806);
#2806 = DEFINITIONAL_REPRESENTATION('',(#2807),#2811);
#2807 = LINE('',#2808,#2809);
#2808 = CARTESIAN_POINT('',(9.4752308679,2.61629509039));
#2809 = VECTOR('',#2810,1.);
#2810 = DIRECTION('',(-0.707106781187,-0.707106781187));
#2811 = ( GEOMETRIC_REPRESENTATION_CONTEXT(2) 
PARAMETRIC_REPRESENTATION_CONTEXT() REPRESENTATION_CONTEXT('2D SPACE',''
  ) );
#2812 = ADVANCED_FACE('',(#2813),#1423,.T.);
#2813 = FACE_BOUND('',#2814,.T.);
#2814 = EDGE_LOOP('',(#2815,#2845,#2865,#2866,#2867));
#2815 = ORIENTED_EDGE('',*,*,#2816,.F.);
#2816 = EDGE_CURVE('',#2817,#2819,#2821,.T.);
#2817 = VERTEX_POINT('',#2818);
#2818 = CARTESIAN_POINT('',(0.4,-5.25,5.5));
#2819 = VERTEX_POINT('',#2820);
#2820 = CARTESIAN_POINT('',(5.25,-5.25,5.5));
#2821 = SURFACE_CURVE('',#2822,(#2825,#2831),.PCURVE_S1.);
#2822 = B_SPLINE_CURVE_WITH_KNOTS('',1,(#2823,#2824),.UNSPECIFIED.,.F.,
  .F.,(2,2),(0.,1.),.PIECEWISE_BEZIER_KNOTS.);
#2823 = CARTESIAN_POINT('',(-5.25,-5.25,5.5));
#2824 = CARTESIAN_POINT('',(5.25,-5.25,5.5));
#2825 = PCURVE('',#1423,#2826);
#2826 = DEFINITIONAL_REPRESENTATION('',(#2827),#2830);
#2827 = B_SPLINE_CURVE_WITH_KNOTS('',1,(#2828,#2829),.UNSPECIFIED.,.F.,
  .F.,(2,2),(0.,1.),.PIECEWISE_BEZIER_KNOTS.);
#2828 = CARTESIAN_POINT('',(0.,0.));
#2829 = CARTESIAN_POINT('',(7.424621202459,7.424621202459));
#2830 = ( GEOMETRIC_REPRESENTATION_CONTEXT(2) 
PARAMETRIC_REPRESENTATION_CONTEXT() REPRESENTATION_CONTEXT('2D SPACE',''
  ) );
#2831 = PCURVE('',#2832,#2839);
#2832 = B_SPLINE_SURFACE_WITH_KNOTS('',1,2,(
    (#2833,#2834,#2835)
    ,(#2836,#2837,#2838
  )),.UNSPECIFIED.,.F.,.F.,.F.,(2,2),(3,3),(0.,1.),(0.,1.),
  .PIECEWISE_BEZIER_KNOTS.);
#2833 = CARTESIAN_POINT('',(-7.5,-7.5,0.));
#2834 = CARTESIAN_POINT('',(-7.025,-7.025,2.25));
#2835 = CARTESIAN_POINT('',(-5.25,-5.25,5.5));
#2836 = CARTESIAN_POINT('',(7.5,-7.5,0.));
#2837 = CARTESIAN_POINT('',(7.025,-7.025,2.25));
#2838 = CARTESIAN_POINT('',(5.25,-5.25,5.5));
#2839 = DEFINITIONAL_REPRESENTATION('',(#2840),#2844);
#2840 = LINE('',#2841,#2842);
#2841 = CARTESIAN_POINT('',(0.,1.));
#2842 = VECTOR('',#2843,1.);
#2843 = DIRECTION('',(1.,0.));
#2844 = ( GEOMETRIC_REPRESENTATION_CONTEXT(2) 
PARAMETRIC_REPRESENTATION_CONTEXT() REPRESENTATION_CONTEXT('2D SPACE',''
  ) );
#2845 = ORIENTED_EDGE('',*,*,#2846,.F.);
#2846 = EDGE_CURVE('',#1407,#2817,#2847,.T.);
#2847 = SURFACE_CURVE('',#2848,(#2852,#2859),.PCURVE_S1.);
#2848 = LINE('',#2849,#2850);
#2849 = CARTESIAN_POINT('',(0.4,3.3,5.5));
#2850 = VECTOR('',#2851,1.);
#2851 = DIRECTION('',(-0.,-1.,0.));
#2852 = PCURVE('',#1423,#2853);
#2853 = DEFINITIONAL_REPRESENTATION('',(#2854),#2858);
#2854 = LINE('',#2855,#2856);
#2855 = CARTESIAN_POINT('',(10.040916292849,-2.050609665441));
#2856 = VECTOR('',#2857,1.);
#2857 = DIRECTION('',(-0.707106781187,0.707106781187));
#2858 = ( GEOMETRIC_REPRESENTATION_CONTEXT(2) 
PARAMETRIC_REPRESENTATION_CONTEXT() REPRESENTATION_CONTEXT('2D SPACE',''
  ) );
#2859 = PCURVE('',#1454,#2860);
#2860 = DEFINITIONAL_REPRESENTATION('',(#2861),#2864);
#2861 = B_SPLINE_CURVE_WITH_KNOTS('',1,(#2862,#2863),.UNSPECIFIED.,.F.,
  .F.,(2,2),(-3.3,9.9),.PIECEWISE_BEZIER_KNOTS.);
#2862 = CARTESIAN_POINT('',(0.,-1.));
#2863 = CARTESIAN_POINT('',(13.2,-1.));
#2864 = ( GEOMETRIC_REPRESENTATION_CONTEXT(2) 
PARAMETRIC_REPRESENTATION_CONTEXT() REPRESENTATION_CONTEXT('2D SPACE',''
  ) );
#2865 = ORIENTED_EDGE('',*,*,#1406,.T.);
#2866 = ORIENTED_EDGE('',*,*,#2793,.F.);
#2867 = ORIENTED_EDGE('',*,*,#2868,.F.);
#2868 = EDGE_CURVE('',#2819,#2765,#2869,.T.);
#2869 = SURFACE_CURVE('',#2870,(#2873,#2879),.PCURVE_S1.);
#2870 = B_SPLINE_CURVE_WITH_KNOTS('',1,(#2871,#2872),.UNSPECIFIED.,.F.,
  .F.,(2,2),(1.,2.),.PIECEWISE_BEZIER_KNOTS.);
#2871 = CARTESIAN_POINT('',(5.25,-5.25,5.5));
#2872 = CARTESIAN_POINT('',(5.25,5.25,5.5));
#2873 = PCURVE('',#1423,#2874);
#2874 = DEFINITIONAL_REPRESENTATION('',(#2875),#2878);
#2875 = B_SPLINE_CURVE_WITH_KNOTS('',1,(#2876,#2877),.UNSPECIFIED.,.F.,
  .F.,(2,2),(1.,2.),.PIECEWISE_BEZIER_KNOTS.);
#2876 = CARTESIAN_POINT('',(7.424621202459,7.424621202459));
#2877 = CARTESIAN_POINT('',(14.849242404917,5.551115123126E-17));
#2878 = ( GEOMETRIC_REPRESENTATION_CONTEXT(2) 
PARAMETRIC_REPRESENTATION_CONTEXT() REPRESENTATION_CONTEXT('2D SPACE',''
  ) );
#2879 = PCURVE('',#2614,#2880);
#2880 = DEFINITIONAL_REPRESENTATION('',(#2881),#2885);
#2881 = LINE('',#2882,#2883);
#2882 = CARTESIAN_POINT('',(0.,1.));
#2883 = VECTOR('',#2884,1.);
#2884 = DIRECTION('',(1.,0.));
#2885 = ( GEOMETRIC_REPRESENTATION_CONTEXT(2) 
PARAMETRIC_REPRESENTATION_CONTEXT() REPRESENTATION_CONTEXT('2D SPACE',''
  ) );
#2886 = ADVANCED_FACE('',(#2887),#1454,.T.);
#2887 = FACE_BOUND('',#2888,.T.);
#2888 = EDGE_LOOP('',(#2889,#2912,#2913,#2914));
#2889 = ORIENTED_EDGE('',*,*,#2890,.F.);
#2890 = EDGE_CURVE('',#1440,#2891,#2893,.T.);
#2891 = VERTEX_POINT('',#2892);
#2892 = CARTESIAN_POINT('',(0.4,-5.777413174145,4.5));
#2893 = SURFACE_CURVE('',#2894,(#2898,#2905),.PCURVE_S1.);
#2894 = LINE('',#2895,#2896);
#2895 = CARTESIAN_POINT('',(0.4,6.6,4.5));
#2896 = VECTOR('',#2897,1.);
#2897 = DIRECTION('',(0.,-1.,0.));
#2898 = PCURVE('',#1454,#2899);
#2899 = DEFINITIONAL_REPRESENTATION('',(#2900),#2904);
#2900 = LINE('',#2901,#2902);
#2901 = CARTESIAN_POINT('',(0.,0.));
#2902 = VECTOR('',#2903,1.);
#2903 = DIRECTION('',(1.,0.));
#2904 = ( GEOMETRIC_REPRESENTATION_CONTEXT(2) 
PARAMETRIC_REPRESENTATION_CONTEXT() REPRESENTATION_CONTEXT('2D SPACE',''
  ) );
#2905 = PCURVE('',#1482,#2906);
#2906 = DEFINITIONAL_REPRESENTATION('',(#2907),#2911);
#2907 = LINE('',#2908,#2909);
#2908 = CARTESIAN_POINT('',(-0.4,6.6));
#2909 = VECTOR('',#2910,1.);
#2910 = DIRECTION('',(0.,-1.));
#2911 = ( GEOMETRIC_REPRESENTATION_CONTEXT(2) 
PARAMETRIC_REPRESENTATION_CONTEXT() REPRESENTATION_CONTEXT('2D SPACE',''
  ) );
#2912 = ORIENTED_EDGE('',*,*,#1439,.F.);
#2913 = ORIENTED_EDGE('',*,*,#2846,.T.);
#2914 = ORIENTED_EDGE('',*,*,#2915,.F.);
#2915 = EDGE_CURVE('',#2891,#2817,#2916,.T.);
#2916 = SURFACE_CURVE('',#2917,(#2923,#2932),.PCURVE_S1.);
#2917 = B_SPLINE_CURVE_WITH_KNOTS('',4,(#2918,#2919,#2920,#2921,#2922),
  .UNSPECIFIED.,.F.,.F.,(5,5),(0.,1.),.PIECEWISE_BEZIER_KNOTS.);
#2918 = CARTESIAN_POINT('',(0.4,-5.777413174145,4.5));
#2919 = CARTESIAN_POINT('',(0.4,-5.649537772691,4.751863566283));
#2920 = CARTESIAN_POINT('',(0.4,-5.518817015527,5.00243136797));
#2921 = CARTESIAN_POINT('',(0.4,-5.385562774843,5.251786468597));
#2922 = CARTESIAN_POINT('',(0.4,-5.25,5.5));
#2923 = PCURVE('',#1454,#2924);
#2924 = DEFINITIONAL_REPRESENTATION('',(#2925),#2931);
#2925 = B_SPLINE_CURVE_WITH_KNOTS('',4,(#2926,#2927,#2928,#2929,#2930),
  .UNSPECIFIED.,.F.,.F.,(5,5),(0.,1.),.PIECEWISE_BEZIER_KNOTS.);
#2926 = CARTESIAN_POINT('',(12.377413174145,0.));
#2927 = CARTESIAN_POINT('',(12.249537772691,-0.251863566283));
#2928 = CARTESIAN_POINT('',(12.118817015527,-0.50243136797));
#2929 = CARTESIAN_POINT('',(11.985562774843,-0.751786468597));
#2930 = CARTESIAN_POINT('',(11.85,-1.));
#2931 = ( GEOMETRIC_REPRESENTATION_CONTEXT(2) 
PARAMETRIC_REPRESENTATION_CONTEXT() REPRESENTATION_CONTEXT('2D SPACE',''
  ) );
#2932 = PCURVE('',#2832,#2933);
#2933 = DEFINITIONAL_REPRESENTATION('',(#2934),#2940);
#2934 = B_SPLINE_CURVE_WITH_KNOTS('',4,(#2935,#2936,#2937,#2938,#2939),
  .UNSPECIFIED.,.F.,.F.,(5,5),(0.,1.),.PIECEWISE_BEZIER_KNOTS.);
#2935 = CARTESIAN_POINT('',(0.534617572447,0.842329183504));
#2936 = CARTESIAN_POINT('',(0.535383786625,0.883053108956));
#2937 = CARTESIAN_POINT('',(0.53621231413,0.922852656022));
#2938 = CARTESIAN_POINT('',(0.537111562632,0.961813302861));
#2939 = CARTESIAN_POINT('',(0.538095238095,1.));
#2940 = ( GEOMETRIC_REPRESENTATION_CONTEXT(2) 
PARAMETRIC_REPRESENTATION_CONTEXT() REPRESENTATION_CONTEXT('2D SPACE',''
  ) );
#2941 = ADVANCED_FACE('',(#2942),#1482,.T.);
#2942 = FACE_BOUND('',#2943,.T.);
#2943 = EDGE_LOOP('',(#2944,#2973,#2994,#2995));
#2944 = ORIENTED_EDGE('',*,*,#2945,.T.);
#2945 = EDGE_CURVE('',#2891,#2946,#2948,.T.);
#2946 = VERTEX_POINT('',#2947);
#2947 = CARTESIAN_POINT('',(-0.4,-5.777413174145,4.5));
#2948 = SURFACE_CURVE('',#2949,(#2955,#2964),.PCURVE_S1.);
#2949 = B_SPLINE_CURVE_WITH_KNOTS('',4,(#2950,#2951,#2952,#2953,#2954),
  .UNSPECIFIED.,.F.,.F.,(5,5),(0.,1.),.PIECEWISE_BEZIER_KNOTS.);
#2950 = CARTESIAN_POINT('',(0.4,-5.777413174145,4.5));
#2951 = CARTESIAN_POINT('',(0.2,-5.777413174145,4.5));
#2952 = CARTESIAN_POINT('',(4.440892098501E-16,-5.777413174145,4.5));
#2953 = CARTESIAN_POINT('',(-0.2,-5.777413174145,4.5));
#2954 = CARTESIAN_POINT('',(-0.4,-5.777413174145,4.5));
#2955 = PCURVE('',#1482,#2956);
#2956 = DEFINITIONAL_REPRESENTATION('',(#2957),#2963);
#2957 = B_SPLINE_CURVE_WITH_KNOTS('',4,(#2958,#2959,#2960,#2961,#2962),
  .UNSPECIFIED.,.F.,.F.,(5,5),(0.,1.),.PIECEWISE_BEZIER_KNOTS.);
#2958 = CARTESIAN_POINT('',(-0.4,-5.777413174145));
#2959 = CARTESIAN_POINT('',(-0.2,-5.777413174145));
#2960 = CARTESIAN_POINT('',(-4.440892098501E-16,-5.777413174145));
#2961 = CARTESIAN_POINT('',(0.2,-5.777413174145));
#2962 = CARTESIAN_POINT('',(0.4,-5.777413174145));
#2963 = ( GEOMETRIC_REPRESENTATION_CONTEXT(2) 
PARAMETRIC_REPRESENTATION_CONTEXT() REPRESENTATION_CONTEXT('2D SPACE',''
  ) );
#2964 = PCURVE('',#2832,#2965);
#2965 = DEFINITIONAL_REPRESENTATION('',(#2966),#2972);
#2966 = B_SPLINE_CURVE_WITH_KNOTS('',4,(#2967,#2968,#2969,#2970,#2971),
  .UNSPECIFIED.,.F.,.F.,(5,5),(0.,1.),.PIECEWISE_BEZIER_KNOTS.);
#2967 = CARTESIAN_POINT('',(0.534617569139,0.842329219213));
#2968 = CARTESIAN_POINT('',(0.517308784569,0.842329219213));
#2969 = CARTESIAN_POINT('',(0.5,0.842329219213));
#2970 = CARTESIAN_POINT('',(0.482691215431,0.842329219213));
#2971 = CARTESIAN_POINT('',(0.465382430861,0.842329219213));
#2972 = ( GEOMETRIC_REPRESENTATION_CONTEXT(2) 
PARAMETRIC_REPRESENTATION_CONTEXT() REPRESENTATION_CONTEXT('2D SPACE',''
  ) );
#2973 = ORIENTED_EDGE('',*,*,#2974,.T.);
#2974 = EDGE_CURVE('',#2946,#1466,#2975,.T.);
#2975 = SURFACE_CURVE('',#2976,(#2980,#2987),.PCURVE_S1.);
#2976 = LINE('',#2977,#2978);
#2977 = CARTESIAN_POINT('',(-0.4,-6.6,4.5));
#2978 = VECTOR('',#2979,1.);
#2979 = DIRECTION('',(0.,1.,0.));
#2980 = PCURVE('',#1482,#2981);
#2981 = DEFINITIONAL_REPRESENTATION('',(#2982),#2986);
#2982 = LINE('',#2983,#2984);
#2983 = CARTESIAN_POINT('',(0.4,-6.6));
#2984 = VECTOR('',#2985,1.);
#2985 = DIRECTION('',(0.,1.));
#2986 = ( GEOMETRIC_REPRESENTATION_CONTEXT(2) 
PARAMETRIC_REPRESENTATION_CONTEXT() REPRESENTATION_CONTEXT('2D SPACE',''
  ) );
#2987 = PCURVE('',#1509,#2988);
#2988 = DEFINITIONAL_REPRESENTATION('',(#2989),#2993);
#2989 = LINE('',#2990,#2991);
#2990 = CARTESIAN_POINT('',(0.,0.));
#2991 = VECTOR('',#2992,1.);
#2992 = DIRECTION('',(1.,0.));
#2993 = ( GEOMETRIC_REPRESENTATION_CONTEXT(2) 
PARAMETRIC_REPRESENTATION_CONTEXT() REPRESENTATION_CONTEXT('2D SPACE',''
  ) );
#2994 = ORIENTED_EDGE('',*,*,#1465,.F.);
#2995 = ORIENTED_EDGE('',*,*,#2890,.T.);
#2996 = ADVANCED_FACE('',(#2997),#1509,.T.);
#2997 = FACE_BOUND('',#2998,.T.);
#2998 = EDGE_LOOP('',(#2999,#3000,#3001,#3030));
#2999 = ORIENTED_EDGE('',*,*,#1494,.T.);
#3000 = ORIENTED_EDGE('',*,*,#2974,.F.);
#3001 = ORIENTED_EDGE('',*,*,#3002,.T.);
#3002 = EDGE_CURVE('',#2946,#3003,#3005,.T.);
#3003 = VERTEX_POINT('',#3004);
#3004 = CARTESIAN_POINT('',(-0.4,-5.25,5.5));
#3005 = SURFACE_CURVE('',#3006,(#3012,#3021),.PCURVE_S1.);
#3006 = B_SPLINE_CURVE_WITH_KNOTS('',4,(#3007,#3008,#3009,#3010,#3011),
  .UNSPECIFIED.,.F.,.F.,(5,5),(0.,1.),.PIECEWISE_BEZIER_KNOTS.);
#3007 = CARTESIAN_POINT('',(-0.4,-5.777413174145,4.5));
#3008 = CARTESIAN_POINT('',(-0.4,-5.649537772691,4.751863566283));
#3009 = CARTESIAN_POINT('',(-0.4,-5.518817015527,5.00243136797));
#3010 = CARTESIAN_POINT('',(-0.4,-5.385562774843,5.251786468597));
#3011 = CARTESIAN_POINT('',(-0.4,-5.25,5.5));
#3012 = PCURVE('',#1509,#3013);
#3013 = DEFINITIONAL_REPRESENTATION('',(#3014),#3020);
#3014 = B_SPLINE_CURVE_WITH_KNOTS('',4,(#3015,#3016,#3017,#3018,#3019),
  .UNSPECIFIED.,.F.,.F.,(5,5),(0.,1.),.PIECEWISE_BEZIER_KNOTS.);
#3015 = CARTESIAN_POINT('',(0.822586825855,0.));
#3016 = CARTESIAN_POINT('',(0.950462227309,-0.251863566283));
#3017 = CARTESIAN_POINT('',(1.081182984473,-0.50243136797));
#3018 = CARTESIAN_POINT('',(1.214437225157,-0.751786468597));
#3019 = CARTESIAN_POINT('',(1.35,-1.));
#3020 = ( GEOMETRIC_REPRESENTATION_CONTEXT(2) 
PARAMETRIC_REPRESENTATION_CONTEXT() REPRESENTATION_CONTEXT('2D SPACE',''
  ) );
#3021 = PCURVE('',#2832,#3022);
#3022 = DEFINITIONAL_REPRESENTATION('',(#3023),#3029);
#3023 = B_SPLINE_CURVE_WITH_KNOTS('',4,(#3024,#3025,#3026,#3027,#3028),
  .UNSPECIFIED.,.F.,.F.,(5,5),(0.,1.),.PIECEWISE_BEZIER_KNOTS.);
#3024 = CARTESIAN_POINT('',(0.465382427553,0.842329183504));
#3025 = CARTESIAN_POINT('',(0.464616213375,0.883053108956));
#3026 = CARTESIAN_POINT('',(0.46378768587,0.922852656022));
#3027 = CARTESIAN_POINT('',(0.462888437368,0.961813302861));
#3028 = CARTESIAN_POINT('',(0.461904761905,1.));
#3029 = ( GEOMETRIC_REPRESENTATION_CONTEXT(2) 
PARAMETRIC_REPRESENTATION_CONTEXT() REPRESENTATION_CONTEXT('2D SPACE',''
  ) );
#3030 = ORIENTED_EDGE('',*,*,#3031,.T.);
#3031 = EDGE_CURVE('',#3003,#1495,#3032,.T.);
#3032 = SURFACE_CURVE('',#3033,(#3037,#3043),.PCURVE_S1.);
#3033 = LINE('',#3034,#3035);
#3034 = CARTESIAN_POINT('',(-0.4,-3.3,5.5));
#3035 = VECTOR('',#3036,1.);
#3036 = DIRECTION('',(0.,1.,-0.));
#3037 = PCURVE('',#1509,#3038);
#3038 = DEFINITIONAL_REPRESENTATION('',(#3039),#3042);
#3039 = B_SPLINE_CURVE_WITH_KNOTS('',1,(#3040,#3041),.UNSPECIFIED.,.F.,
  .F.,(2,2),(-3.3,9.9),.PIECEWISE_BEZIER_KNOTS.);
#3040 = CARTESIAN_POINT('',(0.,-1.));
#3041 = CARTESIAN_POINT('',(13.2,-1.));
#3042 = ( GEOMETRIC_REPRESENTATION_CONTEXT(2) 
PARAMETRIC_REPRESENTATION_CONTEXT() REPRESENTATION_CONTEXT('2D SPACE',''
  ) );
#3043 = PCURVE('',#1535,#3044);
#3044 = DEFINITIONAL_REPRESENTATION('',(#3045),#3049);
#3045 = LINE('',#3046,#3047);
#3046 = CARTESIAN_POINT('',(4.808326112069,2.050609665441));
#3047 = VECTOR('',#3048,1.);
#3048 = DIRECTION('',(0.707106781187,-0.707106781187));
#3049 = ( GEOMETRIC_REPRESENTATION_CONTEXT(2) 
PARAMETRIC_REPRESENTATION_CONTEXT() REPRESENTATION_CONTEXT('2D SPACE',''
  ) );
#3050 = ADVANCED_FACE('',(#3051),#1535,.T.);
#3051 = FACE_BOUND('',#3052,.T.);
#3052 = EDGE_LOOP('',(#3053,#3074,#3093,#3094,#3095));
#3053 = ORIENTED_EDGE('',*,*,#3054,.F.);
#3054 = EDGE_CURVE('',#3055,#3003,#3057,.T.);
#3055 = VERTEX_POINT('',#3056);
#3056 = CARTESIAN_POINT('',(-5.25,-5.25,5.5));
#3057 = SURFACE_CURVE('',#3058,(#3061,#3067),.PCURVE_S1.);
#3058 = B_SPLINE_CURVE_WITH_KNOTS('',1,(#3059,#3060),.UNSPECIFIED.,.F.,
  .F.,(2,2),(0.,1.),.PIECEWISE_BEZIER_KNOTS.);
#3059 = CARTESIAN_POINT('',(-5.25,-5.25,5.5));
#3060 = CARTESIAN_POINT('',(5.25,-5.25,5.5));
#3061 = PCURVE('',#1535,#3062);
#3062 = DEFINITIONAL_REPRESENTATION('',(#3063),#3066);
#3063 = B_SPLINE_CURVE_WITH_KNOTS('',1,(#3064,#3065),.UNSPECIFIED.,.F.,
  .F.,(2,2),(0.,1.),.PIECEWISE_BEZIER_KNOTS.);
#3064 = CARTESIAN_POINT('',(0.,0.));
#3065 = CARTESIAN_POINT('',(7.424621202459,7.424621202459));
#3066 = ( GEOMETRIC_REPRESENTATION_CONTEXT(2) 
PARAMETRIC_REPRESENTATION_CONTEXT() REPRESENTATION_CONTEXT('2D SPACE',''
  ) );
#3067 = PCURVE('',#2832,#3068);
#3068 = DEFINITIONAL_REPRESENTATION('',(#3069),#3073);
#3069 = LINE('',#3070,#3071);
#3070 = CARTESIAN_POINT('',(0.,1.));
#3071 = VECTOR('',#3072,1.);
#3072 = DIRECTION('',(1.,0.));
#3073 = ( GEOMETRIC_REPRESENTATION_CONTEXT(2) 
PARAMETRIC_REPRESENTATION_CONTEXT() REPRESENTATION_CONTEXT('2D SPACE',''
  ) );
#3074 = ORIENTED_EDGE('',*,*,#3075,.F.);
#3075 = EDGE_CURVE('',#2172,#3055,#3076,.T.);
#3076 = SURFACE_CURVE('',#3077,(#3080,#3086),.PCURVE_S1.);
#3077 = B_SPLINE_CURVE_WITH_KNOTS('',1,(#3078,#3079),.UNSPECIFIED.,.F.,
  .F.,(2,2),(3.,4.),.PIECEWISE_BEZIER_KNOTS.);
#3078 = CARTESIAN_POINT('',(-5.25,5.25,5.5));
#3079 = CARTESIAN_POINT('',(-5.25,-5.25,5.5));
#3080 = PCURVE('',#1535,#3081);
#3081 = DEFINITIONAL_REPRESENTATION('',(#3082),#3085);
#3082 = B_SPLINE_CURVE_WITH_KNOTS('',1,(#3083,#3084),.UNSPECIFIED.,.F.,
  .F.,(2,2),(3.,4.),.PIECEWISE_BEZIER_KNOTS.);
#3083 = CARTESIAN_POINT('',(7.424621202459,-7.424621202459));
#3084 = CARTESIAN_POINT('',(0.,0.));
#3085 = ( GEOMETRIC_REPRESENTATION_CONTEXT(2) 
PARAMETRIC_REPRESENTATION_CONTEXT() REPRESENTATION_CONTEXT('2D SPACE',''
  ) );
#3086 = PCURVE('',#2211,#3087);
#3087 = DEFINITIONAL_REPRESENTATION('',(#3088),#3092);
#3088 = LINE('',#3089,#3090);
#3089 = CARTESIAN_POINT('',(0.,1.));
#3090 = VECTOR('',#3091,1.);
#3091 = DIRECTION('',(1.,0.));
#3092 = ( GEOMETRIC_REPRESENTATION_CONTEXT(2) 
PARAMETRIC_REPRESENTATION_CONTEXT() REPRESENTATION_CONTEXT('2D SPACE',''
  ) );
#3093 = ORIENTED_EDGE('',*,*,#2171,.F.);
#3094 = ORIENTED_EDGE('',*,*,#1520,.T.);
#3095 = ORIENTED_EDGE('',*,*,#3031,.F.);
#3096 = ADVANCED_FACE('',(#3097),#1615,.T.);
#3097 = FACE_BOUND('',#3098,.T.);
#3098 = EDGE_LOOP('',(#3099,#3100,#3101,#3102,#3103,#3104,#3105,#3106,
    #3107,#3108,#3109,#3110));
#3099 = ORIENTED_EDGE('',*,*,#1949,.F.);
#3100 = ORIENTED_EDGE('',*,*,#1851,.T.);
#3101 = ORIENTED_EDGE('',*,*,#1753,.F.);
#3102 = ORIENTED_EDGE('',*,*,#1655,.T.);
#3103 = ORIENTED_EDGE('',*,*,#1601,.T.);
#3104 = ORIENTED_EDGE('',*,*,#1704,.T.);
#3105 = ORIENTED_EDGE('',*,*,#1802,.T.);
#3106 = ORIENTED_EDGE('',*,*,#1900,.F.);
#3107 = ORIENTED_EDGE('',*,*,#1998,.T.);
#3108 = ORIENTED_EDGE('',*,*,#2096,.F.);
#3109 = ORIENTED_EDGE('',*,*,#2123,.F.);
#3110 = ORIENTED_EDGE('',*,*,#2047,.F.);
#3111 = ADVANCED_FACE('',(#3112),#2211,.F.);
#3112 = FACE_BOUND('',#3113,.F.);
#3113 = EDGE_LOOP('',(#3114,#3137,#3163,#3184,#3185,#3186,#3187,#3188));
#3114 = ORIENTED_EDGE('',*,*,#3115,.F.);
#3115 = EDGE_CURVE('',#3116,#2341,#3118,.T.);
#3116 = VERTEX_POINT('',#3117);
#3117 = CARTESIAN_POINT('',(-7.5,7.5,0.));
#3118 = SURFACE_CURVE('',#3119,(#3123,#3130),.PCURVE_S1.);
#3119 = B_SPLINE_CURVE_WITH_KNOTS('',2,(#3120,#3121,#3122),
  .UNSPECIFIED.,.F.,.F.,(3,3),(0.,1.),.PIECEWISE_BEZIER_KNOTS.);
#3120 = CARTESIAN_POINT('',(-7.5,7.5,0.));
#3121 = CARTESIAN_POINT('',(-7.025,7.025,2.25));
#3122 = CARTESIAN_POINT('',(-5.25,5.25,5.5));
#3123 = PCURVE('',#2211,#3124);
#3124 = DEFINITIONAL_REPRESENTATION('',(#3125),#3129);
#3125 = LINE('',#3126,#3127);
#3126 = CARTESIAN_POINT('',(3.,0.));
#3127 = VECTOR('',#3128,1.);
#3128 = DIRECTION('',(0.,1.));
#3129 = ( GEOMETRIC_REPRESENTATION_CONTEXT(2) 
PARAMETRIC_REPRESENTATION_CONTEXT() REPRESENTATION_CONTEXT('2D SPACE',''
  ) );
#3130 = PCURVE('',#2375,#3131);
#3131 = DEFINITIONAL_REPRESENTATION('',(#3132),#3136);
#3132 = LINE('',#3133,#3134);
#3133 = CARTESIAN_POINT('',(3.,0.));
#3134 = VECTOR('',#3135,1.);
#3135 = DIRECTION('',(0.,1.));
#3136 = ( GEOMETRIC_REPRESENTATION_CONTEXT(2) 
PARAMETRIC_REPRESENTATION_CONTEXT() REPRESENTATION_CONTEXT('2D SPACE',''
  ) );
#3137 = ORIENTED_EDGE('',*,*,#3138,.T.);
#3138 = EDGE_CURVE('',#3116,#3139,#3141,.T.);
#3139 = VERTEX_POINT('',#3140);
#3140 = CARTESIAN_POINT('',(-7.5,-7.5,0.));
#3141 = SURFACE_CURVE('',#3142,(#3145,#3152),.PCURVE_S1.);
#3142 = B_SPLINE_CURVE_WITH_KNOTS('',1,(#3143,#3144),.UNSPECIFIED.,.F.,
  .F.,(2,2),(3.,4.),.PIECEWISE_BEZIER_KNOTS.);
#3143 = CARTESIAN_POINT('',(-7.5,7.5,0.));
#3144 = CARTESIAN_POINT('',(-7.5,-7.5,0.));
#3145 = PCURVE('',#2211,#3146);
#3146 = DEFINITIONAL_REPRESENTATION('',(#3147),#3151);
#3147 = LINE('',#3148,#3149);
#3148 = CARTESIAN_POINT('',(0.,0.));
#3149 = VECTOR('',#3150,1.);
#3150 = DIRECTION('',(1.,0.));
#3151 = ( GEOMETRIC_REPRESENTATION_CONTEXT(2) 
PARAMETRIC_REPRESENTATION_CONTEXT() REPRESENTATION_CONTEXT('2D SPACE',''
  ) );
#3152 = PCURVE('',#3153,#3158);
#3153 = PLANE('',#3154);
#3154 = AXIS2_PLACEMENT_3D('',#3155,#3156,#3157);
#3155 = CARTESIAN_POINT('',(-9.1,8.6,0.));
#3156 = DIRECTION('',(-0.,0.,1.));
#3157 = DIRECTION('',(0.716965391294,-0.697108763168,0.));
#3158 = DEFINITIONAL_REPRESENTATION('',(#3159),#3162);
#3159 = B_SPLINE_CURVE_WITH_KNOTS('',1,(#3160,#3161),.UNSPECIFIED.,.F.,
  .F.,(2,2),(3.,4.),.PIECEWISE_BEZIER_KNOTS.);
#3160 = CARTESIAN_POINT('',(1.913964265556,0.326712090646));
#3161 = CARTESIAN_POINT('',(12.370595713082,-10.42776877876));
#3162 = ( GEOMETRIC_REPRESENTATION_CONTEXT(2) 
PARAMETRIC_REPRESENTATION_CONTEXT() REPRESENTATION_CONTEXT('2D SPACE',''
  ) );
#3163 = ORIENTED_EDGE('',*,*,#3164,.T.);
#3164 = EDGE_CURVE('',#3139,#3055,#3165,.T.);
#3165 = SURFACE_CURVE('',#3166,(#3170,#3177),.PCURVE_S1.);
#3166 = B_SPLINE_CURVE_WITH_KNOTS('',2,(#3167,#3168,#3169),
  .UNSPECIFIED.,.F.,.F.,(3,3),(0.,1.),.PIECEWISE_BEZIER_KNOTS.);
#3167 = CARTESIAN_POINT('',(-7.5,-7.5,0.));
#3168 = CARTESIAN_POINT('',(-7.025,-7.025,2.25));
#3169 = CARTESIAN_POINT('',(-5.25,-5.25,5.5));
#3170 = PCURVE('',#2211,#3171);
#3171 = DEFINITIONAL_REPRESENTATION('',(#3172),#3176);
#3172 = LINE('',#3173,#3174);
#3173 = CARTESIAN_POINT('',(4.,0.));
#3174 = VECTOR('',#3175,1.);
#3175 = DIRECTION('',(0.,1.));
#3176 = ( GEOMETRIC_REPRESENTATION_CONTEXT(2) 
PARAMETRIC_REPRESENTATION_CONTEXT() REPRESENTATION_CONTEXT('2D SPACE',''
  ) );
#3177 = PCURVE('',#2832,#3178);
#3178 = DEFINITIONAL_REPRESENTATION('',(#3179),#3183);
#3179 = LINE('',#3180,#3181);
#3180 = CARTESIAN_POINT('',(0.,0.));
#3181 = VECTOR('',#3182,1.);
#3182 = DIRECTION('',(0.,1.));
#3183 = ( GEOMETRIC_REPRESENTATION_CONTEXT(2) 
PARAMETRIC_REPRESENTATION_CONTEXT() REPRESENTATION_CONTEXT('2D SPACE',''
  ) );
#3184 = ORIENTED_EDGE('',*,*,#3075,.F.);
#3185 = ORIENTED_EDGE('',*,*,#2193,.F.);
#3186 = ORIENTED_EDGE('',*,*,#2232,.T.);
#3187 = ORIENTED_EDGE('',*,*,#2287,.T.);
#3188 = ORIENTED_EDGE('',*,*,#2340,.F.);
#3189 = ADVANCED_FACE('',(#3190),#2375,.F.);
#3190 = FACE_BOUND('',#3191,.F.);
#3191 = EDGE_LOOP('',(#3192,#3215,#3234,#3235,#3236,#3237,#3238,#3239));
#3192 = ORIENTED_EDGE('',*,*,#3193,.F.);
#3193 = EDGE_CURVE('',#3194,#2580,#3196,.T.);
#3194 = VERTEX_POINT('',#3195);
#3195 = CARTESIAN_POINT('',(7.5,7.5,0.));
#3196 = SURFACE_CURVE('',#3197,(#3201,#3208),.PCURVE_S1.);
#3197 = B_SPLINE_CURVE_WITH_KNOTS('',2,(#3198,#3199,#3200),
  .UNSPECIFIED.,.F.,.F.,(3,3),(0.,1.),.PIECEWISE_BEZIER_KNOTS.);
#3198 = CARTESIAN_POINT('',(7.5,7.5,0.));
#3199 = CARTESIAN_POINT('',(7.025,7.025,2.25));
#3200 = CARTESIAN_POINT('',(5.25,5.25,5.5));
#3201 = PCURVE('',#2375,#3202);
#3202 = DEFINITIONAL_REPRESENTATION('',(#3203),#3207);
#3203 = LINE('',#3204,#3205);
#3204 = CARTESIAN_POINT('',(2.,0.));
#3205 = VECTOR('',#3206,1.);
#3206 = DIRECTION('',(0.,1.));
#3207 = ( GEOMETRIC_REPRESENTATION_CONTEXT(2) 
PARAMETRIC_REPRESENTATION_CONTEXT() REPRESENTATION_CONTEXT('2D SPACE',''
  ) );
#3208 = PCURVE('',#2614,#3209);
#3209 = DEFINITIONAL_REPRESENTATION('',(#3210),#3214);
#3210 = LINE('',#3211,#3212);
#3211 = CARTESIAN_POINT('',(2.,0.));
#3212 = VECTOR('',#3213,1.);
#3213 = DIRECTION('',(0.,1.));
#3214 = ( GEOMETRIC_REPRESENTATION_CONTEXT(2) 
PARAMETRIC_REPRESENTATION_CONTEXT() REPRESENTATION_CONTEXT('2D SPACE',''
  ) );
#3215 = ORIENTED_EDGE('',*,*,#3216,.T.);
#3216 = EDGE_CURVE('',#3194,#3116,#3217,.T.);
#3217 = SURFACE_CURVE('',#3218,(#3221,#3228),.PCURVE_S1.);
#3218 = B_SPLINE_CURVE_WITH_KNOTS('',1,(#3219,#3220),.UNSPECIFIED.,.F.,
  .F.,(2,2),(2.,3.),.PIECEWISE_BEZIER_KNOTS.);
#3219 = CARTESIAN_POINT('',(7.5,7.5,0.));
#3220 = CARTESIAN_POINT('',(-7.5,7.5,0.));
#3221 = PCURVE('',#2375,#3222);
#3222 = DEFINITIONAL_REPRESENTATION('',(#3223),#3227);
#3223 = LINE('',#3224,#3225);
#3224 = CARTESIAN_POINT('',(0.,0.));
#3225 = VECTOR('',#3226,1.);
#3226 = DIRECTION('',(1.,0.));
#3227 = ( GEOMETRIC_REPRESENTATION_CONTEXT(2) 
PARAMETRIC_REPRESENTATION_CONTEXT() REPRESENTATION_CONTEXT('2D SPACE',''
  ) );
#3228 = PCURVE('',#3153,#3229);
#3229 = DEFINITIONAL_REPRESENTATION('',(#3230),#3233);
#3230 = B_SPLINE_CURVE_WITH_KNOTS('',1,(#3231,#3232),.UNSPECIFIED.,.F.,
  .F.,(2,2),(2.,3.),.PIECEWISE_BEZIER_KNOTS.);
#3231 = CARTESIAN_POINT('',(12.668445134971,10.783343538172));
#3232 = CARTESIAN_POINT('',(1.913964265556,0.326712090646));
#3233 = ( GEOMETRIC_REPRESENTATION_CONTEXT(2) 
PARAMETRIC_REPRESENTATION_CONTEXT() REPRESENTATION_CONTEXT('2D SPACE',''
  ) );
#3234 = ORIENTED_EDGE('',*,*,#3115,.T.);
#3235 = ORIENTED_EDGE('',*,*,#2361,.F.);
#3236 = ORIENTED_EDGE('',*,*,#2438,.F.);
#3237 = ORIENTED_EDGE('',*,*,#2470,.T.);
#3238 = ORIENTED_EDGE('',*,*,#2525,.T.);
#3239 = ORIENTED_EDGE('',*,*,#2579,.F.);
#3240 = ADVANCED_FACE('',(#3241),#2614,.F.);
#3241 = FACE_BOUND('',#3242,.F.);
#3242 = EDGE_LOOP('',(#3243,#3266,#3285,#3286,#3287,#3288,#3289,#3290));
#3243 = ORIENTED_EDGE('',*,*,#3244,.F.);
#3244 = EDGE_CURVE('',#3245,#2819,#3247,.T.);
#3245 = VERTEX_POINT('',#3246);
#3246 = CARTESIAN_POINT('',(7.5,-7.5,0.));
#3247 = SURFACE_CURVE('',#3248,(#3252,#3259),.PCURVE_S1.);
#3248 = B_SPLINE_CURVE_WITH_KNOTS('',2,(#3249,#3250,#3251),
  .UNSPECIFIED.,.F.,.F.,(3,3),(0.,1.),.PIECEWISE_BEZIER_KNOTS.);
#3249 = CARTESIAN_POINT('',(7.5,-7.5,0.));
#3250 = CARTESIAN_POINT('',(7.025,-7.025,2.25));
#3251 = CARTESIAN_POINT('',(5.25,-5.25,5.5));
#3252 = PCURVE('',#2614,#3253);
#3253 = DEFINITIONAL_REPRESENTATION('',(#3254),#3258);
#3254 = LINE('',#3255,#3256);
#3255 = CARTESIAN_POINT('',(1.,0.));
#3256 = VECTOR('',#3257,1.);
#3257 = DIRECTION('',(0.,1.));
#3258 = ( GEOMETRIC_REPRESENTATION_CONTEXT(2) 
PARAMETRIC_REPRESENTATION_CONTEXT() REPRESENTATION_CONTEXT('2D SPACE',''
  ) );
#3259 = PCURVE('',#2832,#3260);
#3260 = DEFINITIONAL_REPRESENTATION('',(#3261),#3265);
#3261 = LINE('',#3262,#3263);
#3262 = CARTESIAN_POINT('',(1.,0.));
#3263 = VECTOR('',#3264,1.);
#3264 = DIRECTION('',(0.,1.));
#3265 = ( GEOMETRIC_REPRESENTATION_CONTEXT(2) 
PARAMETRIC_REPRESENTATION_CONTEXT() REPRESENTATION_CONTEXT('2D SPACE',''
  ) );
#3266 = ORIENTED_EDGE('',*,*,#3267,.T.);
#3267 = EDGE_CURVE('',#3245,#3194,#3268,.T.);
#3268 = SURFACE_CURVE('',#3269,(#3272,#3279),.PCURVE_S1.);
#3269 = B_SPLINE_CURVE_WITH_KNOTS('',1,(#3270,#3271),.UNSPECIFIED.,.F.,
  .F.,(2,2),(1.,2.),.PIECEWISE_BEZIER_KNOTS.);
#3270 = CARTESIAN_POINT('',(7.5,-7.5,0.));
#3271 = CARTESIAN_POINT('',(7.5,7.5,0.));
#3272 = PCURVE('',#2614,#3273);
#3273 = DEFINITIONAL_REPRESENTATION('',(#3274),#3278);
#3274 = LINE('',#3275,#3276);
#3275 = CARTESIAN_POINT('',(0.,0.));
#3276 = VECTOR('',#3277,1.);
#3277 = DIRECTION('',(1.,0.));
#3278 = ( GEOMETRIC_REPRESENTATION_CONTEXT(2) 
PARAMETRIC_REPRESENTATION_CONTEXT() REPRESENTATION_CONTEXT('2D SPACE',''
  ) );
#3279 = PCURVE('',#3153,#3280);
#3280 = DEFINITIONAL_REPRESENTATION('',(#3281),#3284);
#3281 = B_SPLINE_CURVE_WITH_KNOTS('',1,(#3282,#3283),.UNSPECIFIED.,.F.,
  .F.,(2,2),(1.,2.),.PIECEWISE_BEZIER_KNOTS.);
#3282 = CARTESIAN_POINT('',(23.125076582497,2.886266875715E-02));
#3283 = CARTESIAN_POINT('',(12.668445134971,10.783343538172));
#3284 = ( GEOMETRIC_REPRESENTATION_CONTEXT(2) 
PARAMETRIC_REPRESENTATION_CONTEXT() REPRESENTATION_CONTEXT('2D SPACE',''
  ) );
#3285 = ORIENTED_EDGE('',*,*,#3193,.T.);
#3286 = ORIENTED_EDGE('',*,*,#2600,.F.);
#3287 = ORIENTED_EDGE('',*,*,#2676,.F.);
#3288 = ORIENTED_EDGE('',*,*,#2732,.T.);
#3289 = ORIENTED_EDGE('',*,*,#2764,.T.);
#3290 = ORIENTED_EDGE('',*,*,#2868,.F.);
#3291 = ADVANCED_FACE('',(#3292),#2832,.F.);
#3292 = FACE_BOUND('',#3293,.F.);
#3293 = EDGE_LOOP('',(#3294,#3295,#3314,#3315,#3316,#3317,#3318,#3319));
#3294 = ORIENTED_EDGE('',*,*,#3164,.F.);
#3295 = ORIENTED_EDGE('',*,*,#3296,.T.);
#3296 = EDGE_CURVE('',#3139,#3245,#3297,.T.);
#3297 = SURFACE_CURVE('',#3298,(#3301,#3308),.PCURVE_S1.);
#3298 = B_SPLINE_CURVE_WITH_KNOTS('',1,(#3299,#3300),.UNSPECIFIED.,.F.,
  .F.,(2,2),(0.,1.),.PIECEWISE_BEZIER_KNOTS.);
#3299 = CARTESIAN_POINT('',(-7.5,-7.5,0.));
#3300 = CARTESIAN_POINT('',(7.5,-7.5,0.));
#3301 = PCURVE('',#2832,#3302);
#3302 = DEFINITIONAL_REPRESENTATION('',(#3303),#3307);
#3303 = LINE('',#3304,#3305);
#3304 = CARTESIAN_POINT('',(0.,0.));
#3305 = VECTOR('',#3306,1.);
#3306 = DIRECTION('',(1.,0.));
#3307 = ( GEOMETRIC_REPRESENTATION_CONTEXT(2) 
PARAMETRIC_REPRESENTATION_CONTEXT() REPRESENTATION_CONTEXT('2D SPACE',''
  ) );
#3308 = PCURVE('',#3153,#3309);
#3309 = DEFINITIONAL_REPRESENTATION('',(#3310),#3313);
#3310 = B_SPLINE_CURVE_WITH_KNOTS('',1,(#3311,#3312),.UNSPECIFIED.,.F.,
  .F.,(2,2),(0.,1.),.PIECEWISE_BEZIER_KNOTS.);
#3311 = CARTESIAN_POINT('',(12.370595713082,-10.42776877876));
#3312 = CARTESIAN_POINT('',(23.125076582497,2.886266875715E-02));
#3313 = ( GEOMETRIC_REPRESENTATION_CONTEXT(2) 
PARAMETRIC_REPRESENTATION_CONTEXT() REPRESENTATION_CONTEXT('2D SPACE',''
  ) );
#3314 = ORIENTED_EDGE('',*,*,#3244,.T.);
#3315 = ORIENTED_EDGE('',*,*,#2816,.F.);
#3316 = ORIENTED_EDGE('',*,*,#2915,.F.);
#3317 = ORIENTED_EDGE('',*,*,#2945,.T.);
#3318 = ORIENTED_EDGE('',*,*,#3002,.T.);
#3319 = ORIENTED_EDGE('',*,*,#3054,.F.);
#3320 = ADVANCED_FACE('',(#3321,#3827),#3153,.F.);
#3321 = FACE_BOUND('',#3322,.F.);
#3322 = EDGE_LOOP('',(#3323,#3388,#3451,#3514,#3577,#3640,#3703,#3766));
#3323 = ORIENTED_EDGE('',*,*,#3324,.T.);
#3324 = EDGE_CURVE('',#3325,#3327,#3329,.T.);
#3325 = VERTEX_POINT('',#3326);
#3326 = CARTESIAN_POINT('',(-9.1,8.6,0.));
#3327 = VERTEX_POINT('',#3328);
#3328 = CARTESIAN_POINT('',(-9.1,-8.6,0.));
#3329 = SURFACE_CURVE('',#3330,(#3340,#3353),.PCURVE_S1.);
#3330 = B_SPLINE_CURVE_WITH_KNOTS('',8,(#3331,#3332,#3333,#3334,#3335,
    #3336,#3337,#3338,#3339),.UNSPECIFIED.,.F.,.F.,(9,9),(0.,1.),
  .PIECEWISE_BEZIER_KNOTS.);
#3331 = CARTESIAN_POINT('',(-9.1,8.6,0.));
#3332 = CARTESIAN_POINT('',(-9.1,6.45,0.));
#3333 = CARTESIAN_POINT('',(-9.1,4.3,0.));
#3334 = CARTESIAN_POINT('',(-9.1,2.15,0.));
#3335 = CARTESIAN_POINT('',(-9.1,1.665334536938E-16,0.));
#3336 = CARTESIAN_POINT('',(-9.1,-2.15,0.));
#3337 = CARTESIAN_POINT('',(-9.1,-4.3,0.));
#3338 = CARTESIAN_POINT('',(-9.1,-6.45,0.));
#3339 = CARTESIAN_POINT('',(-9.1,-8.6,0.));
#3340 = PCURVE('',#3153,#3341);
#3341 = DEFINITIONAL_REPRESENTATION('',(#3342),#3352);
#3342 = B_SPLINE_CURVE_WITH_KNOTS('',8,(#3343,#3344,#3345,#3346,#3347,
    #3348,#3349,#3350,#3351),.UNSPECIFIED.,.F.,.F.,(9,9),(0.,1.),
  .PIECEWISE_BEZIER_KNOTS.);
#3343 = CARTESIAN_POINT('',(0.,0.));
#3344 = CARTESIAN_POINT('',(1.498783840812,-1.541475591283));
#3345 = CARTESIAN_POINT('',(2.997567681624,-3.082951182566));
#3346 = CARTESIAN_POINT('',(4.496351522436,-4.624426773848));
#3347 = CARTESIAN_POINT('',(5.995135363248,-6.165902365131));
#3348 = CARTESIAN_POINT('',(7.49391920406,-7.707377956414));
#3349 = CARTESIAN_POINT('',(8.992703044872,-9.248853547697));
#3350 = CARTESIAN_POINT('',(10.491486885685,-10.79032913897));
#3351 = CARTESIAN_POINT('',(11.990270726497,-12.33180473026));
#3352 = ( GEOMETRIC_REPRESENTATION_CONTEXT(2) 
PARAMETRIC_REPRESENTATION_CONTEXT() REPRESENTATION_CONTEXT('2D SPACE',''
  ) );
#3353 = PCURVE('',#3354,#3382);
#3354 = B_SPLINE_SURFACE_WITH_KNOTS('',8,2,(
    (#3355,#3356,#3357)
    ,(#3358,#3359,#3360)
    ,(#3361,#3362,#3363)
    ,(#3364,#3365,#3366)
    ,(#3367,#3368,#3369)
    ,(#3370,#3371,#3372)
    ,(#3373,#3374,#3375)
    ,(#3376,#3377,#3378)
    ,(#3379,#3380,#3381
  )),.UNSPECIFIED.,.F.,.F.,.F.,(9,9),(3,3),(0.,1.),(0.,1.),
  .PIECEWISE_BEZIER_KNOTS.);
#3355 = CARTESIAN_POINT('',(-9.1,8.6,0.));
#3356 = CARTESIAN_POINT('',(-10.76330228963,9.139564915894,0.));
#3357 = CARTESIAN_POINT('',(-5.773395420737,3.520870168212,10.));
#3358 = CARTESIAN_POINT('',(-9.1,6.45,0.));
#3359 = CARTESIAN_POINT('',(-10.56032707453,6.823018460612,0.));
#3360 = CARTESIAN_POINT('',(-6.179345850932,2.703963078775,10.));
#3361 = CARTESIAN_POINT('',(-9.1,4.3,0.));
#3362 = CARTESIAN_POINT('',(-10.41117365432,4.533217953404,0.));
#3363 = CARTESIAN_POINT('',(-6.477652691348,1.833564093193,10.));
#3364 = CARTESIAN_POINT('',(-9.1,2.15,0.));
#3365 = CARTESIAN_POINT('',(-10.31995327857,2.261889299387,0.));
#3366 = CARTESIAN_POINT('',(-6.660093442848,0.926221401227,10.));
#3367 = CARTESIAN_POINT('',(-9.1,1.665334536938E-16,0.));
#3368 = CARTESIAN_POINT('',(-10.2892524453,5.800915303666E-15,0.));
#3369 = CARTESIAN_POINT('',(-6.721495109386,-1.15463194561E-14,10.));
#3370 = CARTESIAN_POINT('',(-9.1,-2.15,0.));
#3371 = CARTESIAN_POINT('',(-10.31995327857,-2.261889299387,0.));
#3372 = CARTESIAN_POINT('',(-6.660093442848,-0.926221401227,10.));
#3373 = CARTESIAN_POINT('',(-9.1,-4.3,0.));
#3374 = CARTESIAN_POINT('',(-10.41117365432,-4.533217953404,0.));
#3375 = CARTESIAN_POINT('',(-6.477652691348,-1.833564093193,10.));
#3376 = CARTESIAN_POINT('',(-9.1,-6.45,0.));
#3377 = CARTESIAN_POINT('',(-10.56032707453,-6.823018460612,0.));
#3378 = CARTESIAN_POINT('',(-6.179345850932,-2.703963078776,10.));
#3379 = CARTESIAN_POINT('',(-9.1,-8.6,0.));
#3380 = CARTESIAN_POINT('',(-10.76330228963,-9.139564915894,0.));
#3381 = CARTESIAN_POINT('',(-5.773395420737,-3.520870168212,10.));
#3382 = DEFINITIONAL_REPRESENTATION('',(#3383),#3387);
#3383 = LINE('',#3384,#3385);
#3384 = CARTESIAN_POINT('',(0.,0.));
#3385 = VECTOR('',#3386,1.);
#3386 = DIRECTION('',(1.,0.));
#3387 = ( GEOMETRIC_REPRESENTATION_CONTEXT(2) 
PARAMETRIC_REPRESENTATION_CONTEXT() REPRESENTATION_CONTEXT('2D SPACE',''
  ) );
#3388 = ORIENTED_EDGE('',*,*,#3389,.T.);
#3389 = EDGE_CURVE('',#3327,#3390,#3392,.T.);
#3390 = VERTEX_POINT('',#3391);
#3391 = CARTESIAN_POINT('',(-8.6,-9.1,0.));
#3392 = SURFACE_CURVE('',#3393,(#3403,#3416),.PCURVE_S1.);
#3393 = B_SPLINE_CURVE_WITH_KNOTS('',8,(#3394,#3395,#3396,#3397,#3398,
    #3399,#3400,#3401,#3402),.UNSPECIFIED.,.F.,.F.,(9,9),(1.,2.),
  .PIECEWISE_BEZIER_KNOTS.);
#3394 = CARTESIAN_POINT('',(-9.1,-8.6,0.));
#3395 = CARTESIAN_POINT('',(-9.1,-8.698174770425,0.));
#3396 = CARTESIAN_POINT('',(-9.077969167543,-8.796349133776,0.));
#3397 = CARTESIAN_POINT('',(-9.03391043446,-8.888758018691,0.));
#3398 = CARTESIAN_POINT('',(-8.969627415756,-8.969627415756,0.));
#3399 = CARTESIAN_POINT('',(-8.888758018692,-9.03391043446,0.));
#3400 = CARTESIAN_POINT('',(-8.796349133776,-9.077969167543,0.));
#3401 = CARTESIAN_POINT('',(-8.698174770425,-9.1,0.));
#3402 = CARTESIAN_POINT('',(-8.6,-9.1,0.));
#3403 = PCURVE('',#3153,#3404);
#3404 = DEFINITIONAL_REPRESENTATION('',(#3405),#3415);
#3405 = B_SPLINE_CURVE_WITH_KNOTS('',8,(#3406,#3407,#3408,#3409,#3410,
    #3411,#3412,#3413,#3414),.UNSPECIFIED.,.F.,.F.,(9,9),(1.,2.),
  .PIECEWISE_BEZIER_KNOTS.);
#3406 = CARTESIAN_POINT('',(11.990270726497,-12.33180473026));
#3407 = CARTESIAN_POINT('',(12.058709219282,-12.40219264295));
#3408 = CARTESIAN_POINT('',(12.142942772705,-12.45722237742));
#3409 = CARTESIAN_POINT('',(12.23895040298,-12.49276262083));
#3410 = CARTESIAN_POINT('',(12.341413868004,-12.50593092408));
#3411 = CARTESIAN_POINT('',(12.444206682575,-12.49564485837));
#3412 = CARTESIAN_POINT('',(12.541174383835,-12.4628144017));
#3413 = CARTESIAN_POINT('',(12.626919891035,-12.41017153711));
#3414 = CARTESIAN_POINT('',(12.697307803728,-12.34173304432));
#3415 = ( GEOMETRIC_REPRESENTATION_CONTEXT(2) 
PARAMETRIC_REPRESENTATION_CONTEXT() REPRESENTATION_CONTEXT('2D SPACE',''
  ) );
#3416 = PCURVE('',#3417,#3445);
#3417 = B_SPLINE_SURFACE_WITH_KNOTS('',8,2,(
    (#3418,#3419,#3420)
    ,(#3421,#3422,#3423)
    ,(#3424,#3425,#3426)
    ,(#3427,#3428,#3429)
    ,(#3430,#3431,#3432)
    ,(#3433,#3434,#3435)
    ,(#3436,#3437,#3438)
    ,(#3439,#3440,#3441)
    ,(#3442,#3443,#3444
  )),.UNSPECIFIED.,.F.,.F.,.F.,(9,9),(3,3),(1.,2.),(0.,1.),
  .PIECEWISE_BEZIER_KNOTS.);
#3418 = CARTESIAN_POINT('',(-9.1,-8.6,0.));
#3419 = CARTESIAN_POINT('',(-10.76330228963,-9.139564915894,0.));
#3420 = CARTESIAN_POINT('',(-5.773395420737,-3.520870168212,10.));
#3421 = CARTESIAN_POINT('',(-9.1,-8.698174770425,0.));
#3422 = CARTESIAN_POINT('',(-10.85347522238,-9.498068264371,0.));
#3423 = CARTESIAN_POINT('',(-5.593049555224,-3.883785945929,10.));
#3424 = CARTESIAN_POINT('',(-9.077969167543,-8.796349133776,0.));
#3425 = CARTESIAN_POINT('',(-10.83928958591,-9.864924776771,0.));
#3426 = CARTESIAN_POINT('',(-5.379086926858,-4.229996173708,10.));
#3427 = CARTESIAN_POINT('',(-9.03391043446,-8.888758018691,0.));
#3428 = CARTESIAN_POINT('',(-10.71984280287,-10.21022644975,0.));
#3429 = CARTESIAN_POINT('',(-5.133312355021,-4.555868487817,10.));
#3430 = CARTESIAN_POINT('',(-8.969627415756,-8.969627415756,0.));
#3431 = CARTESIAN_POINT('',(-10.50396099658,-10.50396099658,0.));
#3432 = CARTESIAN_POINT('',(-4.858003125763,-4.858003125763,10.));
#3433 = CARTESIAN_POINT('',(-8.888758018692,-9.03391043446,0.));
#3434 = CARTESIAN_POINT('',(-10.21022644975,-10.71984280287,0.));
#3435 = CARTESIAN_POINT('',(-4.555868487817,-5.133312355021,10.));
#3436 = CARTESIAN_POINT('',(-8.796349133776,-9.077969167543,0.));
#3437 = CARTESIAN_POINT('',(-9.864924776771,-10.83928958591,0.));
#3438 = CARTESIAN_POINT('',(-4.229996173708,-5.379086926858,10.));
#3439 = CARTESIAN_POINT('',(-8.698174770425,-9.1,0.));
#3440 = CARTESIAN_POINT('',(-9.498068264371,-10.85347522238,0.));
#3441 = CARTESIAN_POINT('',(-3.883785945929,-5.593049555224,10.));
#3442 = CARTESIAN_POINT('',(-8.6,-9.1,0.));
#3443 = CARTESIAN_POINT('',(-9.139564915894,-10.76330228963,0.));
#3444 = CARTESIAN_POINT('',(-3.520870168212,-5.773395420737,10.));
#3445 = DEFINITIONAL_REPRESENTATION('',(#3446),#3450);
#3446 = LINE('',#3447,#3448);
#3447 = CARTESIAN_POINT('',(0.,0.));
#3448 = VECTOR('',#3449,1.);
#3449 = DIRECTION('',(1.,0.));
#3450 = ( GEOMETRIC_REPRESENTATION_CONTEXT(2) 
PARAMETRIC_REPRESENTATION_CONTEXT() REPRESENTATION_CONTEXT('2D SPACE',''
  ) );
#3451 = ORIENTED_EDGE('',*,*,#3452,.T.);
#3452 = EDGE_CURVE('',#3390,#3453,#3455,.T.);
#3453 = VERTEX_POINT('',#3454);
#3454 = CARTESIAN_POINT('',(8.6,-9.1,0.));
#3455 = SURFACE_CURVE('',#3456,(#3466,#3479),.PCURVE_S1.);
#3456 = B_SPLINE_CURVE_WITH_KNOTS('',8,(#3457,#3458,#3459,#3460,#3461,
    #3462,#3463,#3464,#3465),.UNSPECIFIED.,.F.,.F.,(9,9),(2.,3.),
  .PIECEWISE_BEZIER_KNOTS.);
#3457 = CARTESIAN_POINT('',(-8.6,-9.1,0.));
#3458 = CARTESIAN_POINT('',(-6.45,-9.1,0.));
#3459 = CARTESIAN_POINT('',(-4.3,-9.1,0.));
#3460 = CARTESIAN_POINT('',(-2.15,-9.1,0.));
#3461 = CARTESIAN_POINT('',(-2.22044604925E-16,-9.1,0.));
#3462 = CARTESIAN_POINT('',(2.15,-9.1,0.));
#3463 = CARTESIAN_POINT('',(4.3,-9.1,0.));
#3464 = CARTESIAN_POINT('',(6.45,-9.1,0.));
#3465 = CARTESIAN_POINT('',(8.6,-9.1,0.));
#3466 = PCURVE('',#3153,#3467);
#3467 = DEFINITIONAL_REPRESENTATION('',(#3468),#3478);
#3468 = B_SPLINE_CURVE_WITH_KNOTS('',8,(#3469,#3470,#3471,#3472,#3473,
    #3474,#3475,#3476,#3477),.UNSPECIFIED.,.F.,.F.,(9,9),(2.,3.),
  .PIECEWISE_BEZIER_KNOTS.);
#3469 = CARTESIAN_POINT('',(12.697307803728,-12.34173304432));
#3470 = CARTESIAN_POINT('',(14.238783395011,-10.84294920351));
#3471 = CARTESIAN_POINT('',(15.780258986294,-9.344165362701));
#3472 = CARTESIAN_POINT('',(17.321734577576,-7.845381521889));
#3473 = CARTESIAN_POINT('',(18.863210168859,-6.346597681077));
#3474 = CARTESIAN_POINT('',(20.404685760142,-4.847813840265));
#3475 = CARTESIAN_POINT('',(21.946161351425,-3.349029999453));
#3476 = CARTESIAN_POINT('',(23.487636942707,-1.850246158641));
#3477 = CARTESIAN_POINT('',(25.02911253399,-0.351462317829));
#3478 = ( GEOMETRIC_REPRESENTATION_CONTEXT(2) 
PARAMETRIC_REPRESENTATION_CONTEXT() REPRESENTATION_CONTEXT('2D SPACE',''
  ) );
#3479 = PCURVE('',#3480,#3508);
#3480 = B_SPLINE_SURFACE_WITH_KNOTS('',8,2,(
    (#3481,#3482,#3483)
    ,(#3484,#3485,#3486)
    ,(#3487,#3488,#3489)
    ,(#3490,#3491,#3492)
    ,(#3493,#3494,#3495)
    ,(#3496,#3497,#3498)
    ,(#3499,#3500,#3501)
    ,(#3502,#3503,#3504)
    ,(#3505,#3506,#3507
  )),.UNSPECIFIED.,.F.,.F.,.F.,(9,9),(3,3),(2.,3.),(0.,1.),
  .PIECEWISE_BEZIER_KNOTS.);
#3481 = CARTESIAN_POINT('',(-8.6,-9.1,0.));
#3482 = CARTESIAN_POINT('',(-9.139564915894,-10.76330228963,0.));
#3483 = CARTESIAN_POINT('',(-3.520870168212,-5.773395420737,10.));
#3484 = CARTESIAN_POINT('',(-6.45,-9.1,0.));
#3485 = CARTESIAN_POINT('',(-6.823018460612,-10.56032707453,0.));
#3486 = CARTESIAN_POINT('',(-2.703963078775,-6.179345850932,10.));
#3487 = CARTESIAN_POINT('',(-4.3,-9.1,0.));
#3488 = CARTESIAN_POINT('',(-4.533217953404,-10.41117365432,0.));
#3489 = CARTESIAN_POINT('',(-1.833564093193,-6.477652691348,10.));
#3490 = CARTESIAN_POINT('',(-2.15,-9.1,0.));
#3491 = CARTESIAN_POINT('',(-2.261889299387,-10.31995327857,0.));
#3492 = CARTESIAN_POINT('',(-0.926221401227,-6.660093442848,10.));
#3493 = CARTESIAN_POINT('',(-2.22044604925E-16,-9.1,0.));
#3494 = CARTESIAN_POINT('',(6.883382752676E-15,-10.2892524453,0.));
#3495 = CARTESIAN_POINT('',(-1.376676550535E-14,-6.721495109386,10.));
#3496 = CARTESIAN_POINT('',(2.15,-9.1,0.));
#3497 = CARTESIAN_POINT('',(2.261889299387,-10.31995327857,0.));
#3498 = CARTESIAN_POINT('',(0.926221401227,-6.660093442848,10.));
#3499 = CARTESIAN_POINT('',(4.3,-9.1,0.));
#3500 = CARTESIAN_POINT('',(4.533217953404,-10.41117365432,0.));
#3501 = CARTESIAN_POINT('',(1.833564093193,-6.477652691348,10.));
#3502 = CARTESIAN_POINT('',(6.45,-9.1,0.));
#3503 = CARTESIAN_POINT('',(6.823018460612,-10.56032707453,0.));
#3504 = CARTESIAN_POINT('',(2.703963078775,-6.179345850932,10.));
#3505 = CARTESIAN_POINT('',(8.6,-9.1,0.));
#3506 = CARTESIAN_POINT('',(9.139564915894,-10.76330228963,0.));
#3507 = CARTESIAN_POINT('',(3.520870168212,-5.773395420737,10.));
#3508 = DEFINITIONAL_REPRESENTATION('',(#3509),#3513);
#3509 = LINE('',#3510,#3511);
#3510 = CARTESIAN_POINT('',(0.,0.));
#3511 = VECTOR('',#3512,1.);
#3512 = DIRECTION('',(1.,0.));
#3513 = ( GEOMETRIC_REPRESENTATION_CONTEXT(2) 
PARAMETRIC_REPRESENTATION_CONTEXT() REPRESENTATION_CONTEXT('2D SPACE',''
  ) );
#3514 = ORIENTED_EDGE('',*,*,#3515,.T.);
#3515 = EDGE_CURVE('',#3453,#3516,#3518,.T.);
#3516 = VERTEX_POINT('',#3517);
#3517 = CARTESIAN_POINT('',(9.1,-8.6,0.));
#3518 = SURFACE_CURVE('',#3519,(#3529,#3542),.PCURVE_S1.);
#3519 = B_SPLINE_CURVE_WITH_KNOTS('',8,(#3520,#3521,#3522,#3523,#3524,
    #3525,#3526,#3527,#3528),.UNSPECIFIED.,.F.,.F.,(9,9),(3.,4.),
  .PIECEWISE_BEZIER_KNOTS.);
#3520 = CARTESIAN_POINT('',(8.6,-9.1,0.));
#3521 = CARTESIAN_POINT('',(8.698174770425,-9.1,0.));
#3522 = CARTESIAN_POINT('',(8.796349133776,-9.077969167543,0.));
#3523 = CARTESIAN_POINT('',(8.888758018692,-9.03391043446,0.));
#3524 = CARTESIAN_POINT('',(8.969627415756,-8.969627415756,0.));
#3525 = CARTESIAN_POINT('',(9.03391043446,-8.888758018692,0.));
#3526 = CARTESIAN_POINT('',(9.077969167543,-8.796349133776,0.));
#3527 = CARTESIAN_POINT('',(9.1,-8.698174770425,0.));
#3528 = CARTESIAN_POINT('',(9.1,-8.6,0.));
#3529 = PCURVE('',#3153,#3530);
#3530 = DEFINITIONAL_REPRESENTATION('',(#3531),#3541);
#3531 = B_SPLINE_CURVE_WITH_KNOTS('',8,(#3532,#3533,#3534,#3535,#3536,
    #3537,#3538,#3539,#3540),.UNSPECIFIED.,.F.,.F.,(9,9),(3.,4.),
  .PIECEWISE_BEZIER_KNOTS.);
#3532 = CARTESIAN_POINT('',(25.02911253399,-0.351462317829));
#3533 = CARTESIAN_POINT('',(25.099500446683,-0.283023825043));
#3534 = CARTESIAN_POINT('',(25.154530181152,-0.19879027162));
#3535 = CARTESIAN_POINT('',(25.190070424559,-0.102782641345));
#3536 = CARTESIAN_POINT('',(25.203238727808,-3.191763211489E-04));
#3537 = CARTESIAN_POINT('',(25.1929526621,0.10247363825));
#3538 = CARTESIAN_POINT('',(25.160122205436,0.199441339509));
#3539 = CARTESIAN_POINT('',(25.107479340838,0.28518684671));
#3540 = CARTESIAN_POINT('',(25.039040848053,0.355574759403));
#3541 = ( GEOMETRIC_REPRESENTATION_CONTEXT(2) 
PARAMETRIC_REPRESENTATION_CONTEXT() REPRESENTATION_CONTEXT('2D SPACE',''
  ) );
#3542 = PCURVE('',#3543,#3571);
#3543 = B_SPLINE_SURFACE_WITH_KNOTS('',8,2,(
    (#3544,#3545,#3546)
    ,(#3547,#3548,#3549)
    ,(#3550,#3551,#3552)
    ,(#3553,#3554,#3555)
    ,(#3556,#3557,#3558)
    ,(#3559,#3560,#3561)
    ,(#3562,#3563,#3564)
    ,(#3565,#3566,#3567)
    ,(#3568,#3569,#3570
  )),.UNSPECIFIED.,.F.,.F.,.F.,(9,9),(3,3),(3.,4.),(0.,1.),
  .PIECEWISE_BEZIER_KNOTS.);
#3544 = CARTESIAN_POINT('',(8.6,-9.1,0.));
#3545 = CARTESIAN_POINT('',(9.139564915894,-10.76330228963,0.));
#3546 = CARTESIAN_POINT('',(3.520870168212,-5.773395420737,10.));
#3547 = CARTESIAN_POINT('',(8.698174770425,-9.1,0.));
#3548 = CARTESIAN_POINT('',(9.498068264371,-10.85347522238,0.));
#3549 = CARTESIAN_POINT('',(3.883785945929,-5.593049555224,10.));
#3550 = CARTESIAN_POINT('',(8.796349133776,-9.077969167543,0.));
#3551 = CARTESIAN_POINT('',(9.864924776772,-10.83928958591,0.));
#3552 = CARTESIAN_POINT('',(4.229996173708,-5.379086926858,10.));
#3553 = CARTESIAN_POINT('',(8.888758018692,-9.03391043446,0.));
#3554 = CARTESIAN_POINT('',(10.210226449749,-10.71984280287,0.));
#3555 = CARTESIAN_POINT('',(4.555868487817,-5.133312355021,10.));
#3556 = CARTESIAN_POINT('',(8.969627415756,-8.969627415756,0.));
#3557 = CARTESIAN_POINT('',(10.503960996582,-10.50396099658,0.));
#3558 = CARTESIAN_POINT('',(4.858003125763,-4.858003125763,10.));
#3559 = CARTESIAN_POINT('',(9.03391043446,-8.888758018692,0.));
#3560 = CARTESIAN_POINT('',(10.719842802872,-10.21022644975,0.));
#3561 = CARTESIAN_POINT('',(5.133312355021,-4.555868487817,10.));
#3562 = CARTESIAN_POINT('',(9.077969167543,-8.796349133776,0.));
#3563 = CARTESIAN_POINT('',(10.839289585917,-9.864924776771,0.));
#3564 = CARTESIAN_POINT('',(5.379086926858,-4.229996173708,10.));
#3565 = CARTESIAN_POINT('',(9.1,-8.698174770425,0.));
#3566 = CARTESIAN_POINT('',(10.853475222388,-9.498068264371,0.));
#3567 = CARTESIAN_POINT('',(5.593049555224,-3.883785945929,10.));
#3568 = CARTESIAN_POINT('',(9.1,-8.6,0.));
#3569 = CARTESIAN_POINT('',(10.763302289631,-9.139564915894,0.));
#3570 = CARTESIAN_POINT('',(5.773395420737,-3.520870168212,10.));
#3571 = DEFINITIONAL_REPRESENTATION('',(#3572),#3576);
#3572 = LINE('',#3573,#3574);
#3573 = CARTESIAN_POINT('',(0.,0.));
#3574 = VECTOR('',#3575,1.);
#3575 = DIRECTION('',(1.,0.));
#3576 = ( GEOMETRIC_REPRESENTATION_CONTEXT(2) 
PARAMETRIC_REPRESENTATION_CONTEXT() REPRESENTATION_CONTEXT('2D SPACE',''
  ) );
#3577 = ORIENTED_EDGE('',*,*,#3578,.T.);
#3578 = EDGE_CURVE('',#3516,#3579,#3581,.T.);
#3579 = VERTEX_POINT('',#3580);
#3580 = CARTESIAN_POINT('',(9.1,8.6,0.));
#3581 = SURFACE_CURVE('',#3582,(#3592,#3605),.PCURVE_S1.);
#3582 = B_SPLINE_CURVE_WITH_KNOTS('',8,(#3583,#3584,#3585,#3586,#3587,
    #3588,#3589,#3590,#3591),.UNSPECIFIED.,.F.,.F.,(9,9),(4.,5.),
  .PIECEWISE_BEZIER_KNOTS.);
#3583 = CARTESIAN_POINT('',(9.1,-8.6,0.));
#3584 = CARTESIAN_POINT('',(9.1,-6.45,0.));
#3585 = CARTESIAN_POINT('',(9.1,-4.3,0.));
#3586 = CARTESIAN_POINT('',(9.1,-2.15,0.));
#3587 = CARTESIAN_POINT('',(9.1,-1.665334536938E-16,0.));
#3588 = CARTESIAN_POINT('',(9.1,2.15,0.));
#3589 = CARTESIAN_POINT('',(9.1,4.3,0.));
#3590 = CARTESIAN_POINT('',(9.1,6.45,0.));
#3591 = CARTESIAN_POINT('',(9.1,8.6,0.));
#3592 = PCURVE('',#3153,#3593);
#3593 = DEFINITIONAL_REPRESENTATION('',(#3594),#3604);
#3594 = B_SPLINE_CURVE_WITH_KNOTS('',8,(#3595,#3596,#3597,#3598,#3599,
    #3600,#3601,#3602,#3603),.UNSPECIFIED.,.F.,.F.,(9,9),(4.,5.),
  .PIECEWISE_BEZIER_KNOTS.);
#3595 = CARTESIAN_POINT('',(25.039040848053,0.355574759403));
#3596 = CARTESIAN_POINT('',(23.540257007241,1.897050350686));
#3597 = CARTESIAN_POINT('',(22.041473166429,3.438525941968));
#3598 = CARTESIAN_POINT('',(20.542689325617,4.980001533251));
#3599 = CARTESIAN_POINT('',(19.043905484805,6.521477124534));
#3600 = CARTESIAN_POINT('',(17.545121643993,8.062952715817));
#3601 = CARTESIAN_POINT('',(16.046337803181,9.6044283071));
#3602 = CARTESIAN_POINT('',(14.547553962369,11.145903898382));
#3603 = CARTESIAN_POINT('',(13.048770121557,12.687379489665));
#3604 = ( GEOMETRIC_REPRESENTATION_CONTEXT(2) 
PARAMETRIC_REPRESENTATION_CONTEXT() REPRESENTATION_CONTEXT('2D SPACE',''
  ) );
#3605 = PCURVE('',#3606,#3634);
#3606 = B_SPLINE_SURFACE_WITH_KNOTS('',8,2,(
    (#3607,#3608,#3609)
    ,(#3610,#3611,#3612)
    ,(#3613,#3614,#3615)
    ,(#3616,#3617,#3618)
    ,(#3619,#3620,#3621)
    ,(#3622,#3623,#3624)
    ,(#3625,#3626,#3627)
    ,(#3628,#3629,#3630)
    ,(#3631,#3632,#3633
  )),.UNSPECIFIED.,.F.,.F.,.F.,(9,9),(3,3),(4.,5.),(0.,1.),
  .PIECEWISE_BEZIER_KNOTS.);
#3607 = CARTESIAN_POINT('',(9.1,-8.6,0.));
#3608 = CARTESIAN_POINT('',(10.763302289631,-9.139564915894,0.));
#3609 = CARTESIAN_POINT('',(5.773395420737,-3.520870168212,10.));
#3610 = CARTESIAN_POINT('',(9.1,-6.45,0.));
#3611 = CARTESIAN_POINT('',(10.560327074534,-6.823018460612,0.));
#3612 = CARTESIAN_POINT('',(6.179345850932,-2.703963078776,10.));
#3613 = CARTESIAN_POINT('',(9.1,-4.3,0.));
#3614 = CARTESIAN_POINT('',(10.411173654326,-4.533217953404,0.));
#3615 = CARTESIAN_POINT('',(6.477652691348,-1.833564093193,10.));
#3616 = CARTESIAN_POINT('',(9.1,-2.15,0.));
#3617 = CARTESIAN_POINT('',(10.319953278576,-2.261889299387,0.));
#3618 = CARTESIAN_POINT('',(6.660093442849,-0.926221401227,10.));
#3619 = CARTESIAN_POINT('',(9.1,-1.665334536938E-16,0.));
#3620 = CARTESIAN_POINT('',(10.289252445307,5.07927033766E-15,0.));
#3621 = CARTESIAN_POINT('',(6.721495109386,-1.021405182655E-14,10.));
#3622 = CARTESIAN_POINT('',(9.1,2.15,0.));
#3623 = CARTESIAN_POINT('',(10.319953278576,2.261889299387,0.));
#3624 = CARTESIAN_POINT('',(6.660093442848,0.926221401227,10.));
#3625 = CARTESIAN_POINT('',(9.1,4.3,0.));
#3626 = CARTESIAN_POINT('',(10.411173654326,4.533217953404,0.));
#3627 = CARTESIAN_POINT('',(6.477652691348,1.833564093193,10.));
#3628 = CARTESIAN_POINT('',(9.1,6.45,0.));
#3629 = CARTESIAN_POINT('',(10.560327074534,6.823018460612,0.));
#3630 = CARTESIAN_POINT('',(6.179345850932,2.703963078775,10.));
#3631 = CARTESIAN_POINT('',(9.1,8.6,0.));
#3632 = CARTESIAN_POINT('',(10.763302289631,9.139564915894,0.));
#3633 = CARTESIAN_POINT('',(5.773395420737,3.520870168212,10.));
#3634 = DEFINITIONAL_REPRESENTATION('',(#3635),#3639);
#3635 = LINE('',#3636,#3637);
#3636 = CARTESIAN_POINT('',(0.,0.));
#3637 = VECTOR('',#3638,1.);
#3638 = DIRECTION('',(1.,0.));
#3639 = ( GEOMETRIC_REPRESENTATION_CONTEXT(2) 
PARAMETRIC_REPRESENTATION_CONTEXT() REPRESENTATION_CONTEXT('2D SPACE',''
  ) );
#3640 = ORIENTED_EDGE('',*,*,#3641,.T.);
#3641 = EDGE_CURVE('',#3579,#3642,#3644,.T.);
#3642 = VERTEX_POINT('',#3643);
#3643 = CARTESIAN_POINT('',(8.6,9.1,0.));
#3644 = SURFACE_CURVE('',#3645,(#3655,#3668),.PCURVE_S1.);
#3645 = B_SPLINE_CURVE_WITH_KNOTS('',8,(#3646,#3647,#3648,#3649,#3650,
    #3651,#3652,#3653,#3654),.UNSPECIFIED.,.F.,.F.,(9,9),(5.,6.),
  .PIECEWISE_BEZIER_KNOTS.);
#3646 = CARTESIAN_POINT('',(9.1,8.6,0.));
#3647 = CARTESIAN_POINT('',(9.1,8.698174770425,0.));
#3648 = CARTESIAN_POINT('',(9.077969167543,8.796349133776,0.));
#3649 = CARTESIAN_POINT('',(9.03391043446,8.888758018692,0.));
#3650 = CARTESIAN_POINT('',(8.969627415756,8.969627415756,0.));
#3651 = CARTESIAN_POINT('',(8.888758018692,9.03391043446,0.));
#3652 = CARTESIAN_POINT('',(8.796349133776,9.077969167543,0.));
#3653 = CARTESIAN_POINT('',(8.698174770425,9.1,0.));
#3654 = CARTESIAN_POINT('',(8.6,9.1,0.));
#3655 = PCURVE('',#3153,#3656);
#3656 = DEFINITIONAL_REPRESENTATION('',(#3657),#3667);
#3657 = B_SPLINE_CURVE_WITH_KNOTS('',8,(#3658,#3659,#3660,#3661,#3662,
    #3663,#3664,#3665,#3666),.UNSPECIFIED.,.F.,.F.,(9,9),(5.,6.),
  .PIECEWISE_BEZIER_KNOTS.);
#3658 = CARTESIAN_POINT('',(13.048770121557,12.687379489665));
#3659 = CARTESIAN_POINT('',(12.980331628771,12.757767402358));
#3660 = CARTESIAN_POINT('',(12.896098075348,12.812797136827));
#3661 = CARTESIAN_POINT('',(12.800090445073,12.848337380234));
#3662 = CARTESIAN_POINT('',(12.697626980049,12.861505683483));
#3663 = CARTESIAN_POINT('',(12.594834165478,12.851219617775));
#3664 = CARTESIAN_POINT('',(12.497866464219,12.818389161111));
#3665 = CARTESIAN_POINT('',(12.412120957018,12.765746296513));
#3666 = CARTESIAN_POINT('',(12.341733044325,12.697307803728));
#3667 = ( GEOMETRIC_REPRESENTATION_CONTEXT(2) 
PARAMETRIC_REPRESENTATION_CONTEXT() REPRESENTATION_CONTEXT('2D SPACE',''
  ) );
#3668 = PCURVE('',#3669,#3697);
#3669 = B_SPLINE_SURFACE_WITH_KNOTS('',8,2,(
    (#3670,#3671,#3672)
    ,(#3673,#3674,#3675)
    ,(#3676,#3677,#3678)
    ,(#3679,#3680,#3681)
    ,(#3682,#3683,#3684)
    ,(#3685,#3686,#3687)
    ,(#3688,#3689,#3690)
    ,(#3691,#3692,#3693)
    ,(#3694,#3695,#3696
  )),.UNSPECIFIED.,.F.,.F.,.F.,(9,9),(3,3),(5.,6.),(0.,1.),
  .PIECEWISE_BEZIER_KNOTS.);
#3670 = CARTESIAN_POINT('',(9.1,8.6,0.));
#3671 = CARTESIAN_POINT('',(10.763302289631,9.139564915894,0.));
#3672 = CARTESIAN_POINT('',(5.773395420737,3.520870168212,10.));
#3673 = CARTESIAN_POINT('',(9.1,8.698174770425,0.));
#3674 = CARTESIAN_POINT('',(10.853475222388,9.498068264371,0.));
#3675 = CARTESIAN_POINT('',(5.593049555224,3.883785945929,10.));
#3676 = CARTESIAN_POINT('',(9.077969167543,8.796349133776,0.));
#3677 = CARTESIAN_POINT('',(10.839289585916,9.864924776771,0.));
#3678 = CARTESIAN_POINT('',(5.379086926858,4.229996173708,10.));
#3679 = CARTESIAN_POINT('',(9.03391043446,8.888758018692,0.));
#3680 = CARTESIAN_POINT('',(10.719842802874,10.210226449751,0.));
#3681 = CARTESIAN_POINT('',(5.133312355021,4.555868487817,10.));
#3682 = CARTESIAN_POINT('',(8.969627415756,8.969627415756,0.));
#3683 = CARTESIAN_POINT('',(10.50396099658,10.50396099658,0.));
#3684 = CARTESIAN_POINT('',(4.858003125763,4.858003125763,10.));
#3685 = CARTESIAN_POINT('',(8.888758018692,9.03391043446,0.));
#3686 = CARTESIAN_POINT('',(10.210226449751,10.719842802874,0.));
#3687 = CARTESIAN_POINT('',(4.555868487817,5.133312355021,10.));
#3688 = CARTESIAN_POINT('',(8.796349133776,9.077969167543,0.));
#3689 = CARTESIAN_POINT('',(9.864924776771,10.839289585916,0.));
#3690 = CARTESIAN_POINT('',(4.229996173708,5.379086926858,10.));
#3691 = CARTESIAN_POINT('',(8.698174770425,9.1,0.));
#3692 = CARTESIAN_POINT('',(9.498068264371,10.853475222388,0.));
#3693 = CARTESIAN_POINT('',(3.883785945929,5.593049555224,10.));
#3694 = CARTESIAN_POINT('',(8.6,9.1,0.));
#3695 = CARTESIAN_POINT('',(9.139564915894,10.763302289631,0.));
#3696 = CARTESIAN_POINT('',(3.520870168212,5.773395420737,10.));
#3697 = DEFINITIONAL_REPRESENTATION('',(#3698),#3702);
#3698 = LINE('',#3699,#3700);
#3699 = CARTESIAN_POINT('',(0.,0.));
#3700 = VECTOR('',#3701,1.);
#3701 = DIRECTION('',(1.,0.));
#3702 = ( GEOMETRIC_REPRESENTATION_CONTEXT(2) 
PARAMETRIC_REPRESENTATION_CONTEXT() REPRESENTATION_CONTEXT('2D SPACE',''
  ) );
#3703 = ORIENTED_EDGE('',*,*,#3704,.T.);
#3704 = EDGE_CURVE('',#3642,#3705,#3707,.T.);
#3705 = VERTEX_POINT('',#3706);
#3706 = CARTESIAN_POINT('',(-8.6,9.1,0.));
#3707 = SURFACE_CURVE('',#3708,(#3718,#3731),.PCURVE_S1.);
#3708 = B_SPLINE_CURVE_WITH_KNOTS('',8,(#3709,#3710,#3711,#3712,#3713,
    #3714,#3715,#3716,#3717),.UNSPECIFIED.,.F.,.F.,(9,9),(6.,7.),
  .PIECEWISE_BEZIER_KNOTS.);
#3709 = CARTESIAN_POINT('',(8.6,9.1,0.));
#3710 = CARTESIAN_POINT('',(6.45,9.1,0.));
#3711 = CARTESIAN_POINT('',(4.3,9.1,0.));
#3712 = CARTESIAN_POINT('',(2.15,9.1,0.));
#3713 = CARTESIAN_POINT('',(2.22044604925E-16,9.1,0.));
#3714 = CARTESIAN_POINT('',(-2.15,9.1,0.));
#3715 = CARTESIAN_POINT('',(-4.3,9.1,0.));
#3716 = CARTESIAN_POINT('',(-6.45,9.1,0.));
#3717 = CARTESIAN_POINT('',(-8.6,9.1,0.));
#3718 = PCURVE('',#3153,#3719);
#3719 = DEFINITIONAL_REPRESENTATION('',(#3720),#3730);
#3720 = B_SPLINE_CURVE_WITH_KNOTS('',8,(#3721,#3722,#3723,#3724,#3725,
    #3726,#3727,#3728,#3729),.UNSPECIFIED.,.F.,.F.,(9,9),(6.,7.),
  .PIECEWISE_BEZIER_KNOTS.);
#3721 = CARTESIAN_POINT('',(12.341733044325,12.697307803728));
#3722 = CARTESIAN_POINT('',(10.800257453042,11.198523962916));
#3723 = CARTESIAN_POINT('',(9.25878186176,9.699740122104));
#3724 = CARTESIAN_POINT('',(7.717306270477,8.200956281292));
#3725 = CARTESIAN_POINT('',(6.175830679194,6.70217244048));
#3726 = CARTESIAN_POINT('',(4.634355087911,5.203388599668));
#3727 = CARTESIAN_POINT('',(3.092879496629,3.704604758856));
#3728 = CARTESIAN_POINT('',(1.551403905346,2.205820918043));
#3729 = CARTESIAN_POINT('',(9.92831406295E-03,0.707037077231));
#3730 = ( GEOMETRIC_REPRESENTATION_CONTEXT(2) 
PARAMETRIC_REPRESENTATION_CONTEXT() REPRESENTATION_CONTEXT('2D SPACE',''
  ) );
#3731 = PCURVE('',#3732,#3760);
#3732 = B_SPLINE_SURFACE_WITH_KNOTS('',8,2,(
    (#3733,#3734,#3735)
    ,(#3736,#3737,#3738)
    ,(#3739,#3740,#3741)
    ,(#3742,#3743,#3744)
    ,(#3745,#3746,#3747)
    ,(#3748,#3749,#3750)
    ,(#3751,#3752,#3753)
    ,(#3754,#3755,#3756)
    ,(#3757,#3758,#3759
  )),.UNSPECIFIED.,.F.,.F.,.F.,(9,9),(3,3),(6.,7.),(0.,1.),
  .PIECEWISE_BEZIER_KNOTS.);
#3733 = CARTESIAN_POINT('',(8.6,9.1,0.));
#3734 = CARTESIAN_POINT('',(9.139564915894,10.763302289631,0.));
#3735 = CARTESIAN_POINT('',(3.520870168212,5.773395420737,10.));
#3736 = CARTESIAN_POINT('',(6.45,9.1,0.));
#3737 = CARTESIAN_POINT('',(6.823018460612,10.560327074534,0.));
#3738 = CARTESIAN_POINT('',(2.703963078775,6.179345850932,10.));
#3739 = CARTESIAN_POINT('',(4.3,9.1,0.));
#3740 = CARTESIAN_POINT('',(4.533217953404,10.411173654326,0.));
#3741 = CARTESIAN_POINT('',(1.833564093193,6.477652691348,10.));
#3742 = CARTESIAN_POINT('',(2.15,9.1,0.));
#3743 = CARTESIAN_POINT('',(2.261889299387,10.319953278576,0.));
#3744 = CARTESIAN_POINT('',(0.926221401227,6.660093442849,10.));
#3745 = CARTESIAN_POINT('',(2.22044604925E-16,9.1,0.));
#3746 = CARTESIAN_POINT('',(0.,10.289252445307,0.));
#3747 = CARTESIAN_POINT('',(0.,6.721495109386,10.));
#3748 = CARTESIAN_POINT('',(-2.15,9.1,0.));
#3749 = CARTESIAN_POINT('',(-2.261889299387,10.319953278576,0.));
#3750 = CARTESIAN_POINT('',(-0.926221401227,6.660093442848,10.));
#3751 = CARTESIAN_POINT('',(-4.3,9.1,0.));
#3752 = CARTESIAN_POINT('',(-4.533217953404,10.411173654326,0.));
#3753 = CARTESIAN_POINT('',(-1.833564093193,6.477652691348,10.));
#3754 = CARTESIAN_POINT('',(-6.45,9.1,0.));
#3755 = CARTESIAN_POINT('',(-6.823018460612,10.560327074534,0.));
#3756 = CARTESIAN_POINT('',(-2.703963078775,6.179345850932,10.));
#3757 = CARTESIAN_POINT('',(-8.6,9.1,0.));
#3758 = CARTESIAN_POINT('',(-9.139564915894,10.763302289631,0.));
#3759 = CARTESIAN_POINT('',(-3.520870168212,5.773395420737,10.));
#3760 = DEFINITIONAL_REPRESENTATION('',(#3761),#3765);
#3761 = LINE('',#3762,#3763);
#3762 = CARTESIAN_POINT('',(0.,0.));
#3763 = VECTOR('',#3764,1.);
#3764 = DIRECTION('',(1.,0.));
#3765 = ( GEOMETRIC_REPRESENTATION_CONTEXT(2) 
PARAMETRIC_REPRESENTATION_CONTEXT() REPRESENTATION_CONTEXT('2D SPACE',''
  ) );
#3766 = ORIENTED_EDGE('',*,*,#3767,.T.);
#3767 = EDGE_CURVE('',#3705,#3325,#3768,.T.);
#3768 = SURFACE_CURVE('',#3769,(#3779,#3792),.PCURVE_S1.);
#3769 = B_SPLINE_CURVE_WITH_KNOTS('',8,(#3770,#3771,#3772,#3773,#3774,
    #3775,#3776,#3777,#3778),.UNSPECIFIED.,.F.,.F.,(9,9),(7.,8.),
  .PIECEWISE_BEZIER_KNOTS.);
#3770 = CARTESIAN_POINT('',(-8.6,9.1,0.));
#3771 = CARTESIAN_POINT('',(-8.698174770425,9.1,0.));
#3772 = CARTESIAN_POINT('',(-8.796349133776,9.077969167543,0.));
#3773 = CARTESIAN_POINT('',(-8.888758018692,9.03391043446,0.));
#3774 = CARTESIAN_POINT('',(-8.969627415756,8.969627415756,0.));
#3775 = CARTESIAN_POINT('',(-9.03391043446,8.888758018691,0.));
#3776 = CARTESIAN_POINT('',(-9.077969167543,8.796349133776,0.));
#3777 = CARTESIAN_POINT('',(-9.1,8.698174770425,0.));
#3778 = CARTESIAN_POINT('',(-9.1,8.6,0.));
#3779 = PCURVE('',#3153,#3780);
#3780 = DEFINITIONAL_REPRESENTATION('',(#3781),#3791);
#3781 = B_SPLINE_CURVE_WITH_KNOTS('',8,(#3782,#3783,#3784,#3785,#3786,
    #3787,#3788,#3789,#3790),.UNSPECIFIED.,.F.,.F.,(9,9),(7.,8.),
  .PIECEWISE_BEZIER_KNOTS.);
#3782 = CARTESIAN_POINT('',(9.92831406295E-03,0.707037077231));
#3783 = CARTESIAN_POINT('',(-6.045959862982E-02,0.638598584446));
#3784 = CARTESIAN_POINT('',(-0.115489333099,0.554365031023));
#3785 = CARTESIAN_POINT('',(-0.151029576506,0.458357400748));
#3786 = CARTESIAN_POINT('',(-0.164197879755,0.355893935724));
#3787 = CARTESIAN_POINT('',(-0.153911814047,0.253101121153));
#3788 = CARTESIAN_POINT('',(-0.121081357383,0.156133419894));
#3789 = CARTESIAN_POINT('',(-6.843849278508E-02,7.038791269275E-02));
#3790 = CARTESIAN_POINT('',(-1.7763568394E-15,5.273559366969E-16));
#3791 = ( GEOMETRIC_REPRESENTATION_CONTEXT(2) 
PARAMETRIC_REPRESENTATION_CONTEXT() REPRESENTATION_CONTEXT('2D SPACE',''
  ) );
#3792 = PCURVE('',#3793,#3821);
#3793 = B_SPLINE_SURFACE_WITH_KNOTS('',8,2,(
    (#3794,#3795,#3796)
    ,(#3797,#3798,#3799)
    ,(#3800,#3801,#3802)
    ,(#3803,#3804,#3805)
    ,(#3806,#3807,#3808)
    ,(#3809,#3810,#3811)
    ,(#3812,#3813,#3814)
    ,(#3815,#3816,#3817)
    ,(#3818,#3819,#3820
  )),.UNSPECIFIED.,.F.,.F.,.F.,(9,9),(3,3),(7.,8.),(0.,1.),
  .PIECEWISE_BEZIER_KNOTS.);
#3794 = CARTESIAN_POINT('',(-8.6,9.1,0.));
#3795 = CARTESIAN_POINT('',(-9.139564915894,10.763302289631,0.));
#3796 = CARTESIAN_POINT('',(-3.520870168212,5.773395420737,10.));
#3797 = CARTESIAN_POINT('',(-8.698174770425,9.1,0.));
#3798 = CARTESIAN_POINT('',(-9.498068264371,10.853475222388,0.));
#3799 = CARTESIAN_POINT('',(-3.883785945929,5.593049555224,10.));
#3800 = CARTESIAN_POINT('',(-8.796349133776,9.077969167543,0.));
#3801 = CARTESIAN_POINT('',(-9.864924776771,10.839289585916,0.));
#3802 = CARTESIAN_POINT('',(-4.229996173708,5.379086926858,10.));
#3803 = CARTESIAN_POINT('',(-8.888758018692,9.03391043446,0.));
#3804 = CARTESIAN_POINT('',(-10.21022644975,10.719842802873,0.));
#3805 = CARTESIAN_POINT('',(-4.555868487817,5.133312355021,10.));
#3806 = CARTESIAN_POINT('',(-8.969627415756,8.969627415756,0.));
#3807 = CARTESIAN_POINT('',(-10.50396099658,10.50396099658,0.));
#3808 = CARTESIAN_POINT('',(-4.858003125763,4.858003125763,10.));
#3809 = CARTESIAN_POINT('',(-9.03391043446,8.888758018691,0.));
#3810 = CARTESIAN_POINT('',(-10.71984280287,10.21022644975,0.));
#3811 = CARTESIAN_POINT('',(-5.133312355021,4.555868487817,10.));
#3812 = CARTESIAN_POINT('',(-9.077969167543,8.796349133776,0.));
#3813 = CARTESIAN_POINT('',(-10.83928958591,9.864924776771,0.));
#3814 = CARTESIAN_POINT('',(-5.379086926858,4.229996173708,10.));
#3815 = CARTESIAN_POINT('',(-9.1,8.698174770425,0.));
#3816 = CARTESIAN_POINT('',(-10.85347522238,9.498068264371,0.));
#3817 = CARTESIAN_POINT('',(-5.593049555224,3.883785945929,10.));
#3818 = CARTESIAN_POINT('',(-9.1,8.6,0.));
#3819 = CARTESIAN_POINT('',(-10.76330228963,9.139564915894,0.));
#3820 = CARTESIAN_POINT('',(-5.773395420737,3.520870168212,10.));
#3821 = DEFINITIONAL_REPRESENTATION('',(#3822),#3826);
#3822 = LINE('',#3823,#3824);
#3823 = CARTESIAN_POINT('',(0.,0.));
#3824 = VECTOR('',#3825,1.);
#3825 = DIRECTION('',(1.,0.));
#3826 = ( GEOMETRIC_REPRESENTATION_CONTEXT(2) 
PARAMETRIC_REPRESENTATION_CONTEXT() REPRESENTATION_CONTEXT('2D SPACE',''
  ) );
#3827 = FACE_BOUND('',#3828,.F.);
#3828 = EDGE_LOOP('',(#3829,#3830,#3831,#3832));
#3829 = ORIENTED_EDGE('',*,*,#3296,.F.);
#3830 = ORIENTED_EDGE('',*,*,#3138,.F.);
#3831 = ORIENTED_EDGE('',*,*,#3216,.F.);
#3832 = ORIENTED_EDGE('',*,*,#3267,.F.);
#3833 = ADVANCED_FACE('',(#3834),#3354,.T.);
#3834 = FACE_BOUND('',#3835,.T.);
#3835 = EDGE_LOOP('',(#3836,#3859,#3860,#3883));
#3836 = ORIENTED_EDGE('',*,*,#3837,.F.);
#3837 = EDGE_CURVE('',#3325,#3838,#3840,.T.);
#3838 = VERTEX_POINT('',#3839);
#3839 = CARTESIAN_POINT('',(-6.742334642712,4.626425610047,
    8.021906035794));
#3840 = SURFACE_CURVE('',#3841,(#3845,#3852),.PCURVE_S1.);
#3841 = B_SPLINE_CURVE_WITH_KNOTS('',2,(#3842,#3843,#3844),
  .UNSPECIFIED.,.F.,.F.,(3,3),(0.,1.),.PIECEWISE_BEZIER_KNOTS.);
#3842 = CARTESIAN_POINT('',(-9.1,8.6,0.));
#3843 = CARTESIAN_POINT('',(-10.76330228963,9.139564915894,0.));
#3844 = CARTESIAN_POINT('',(-5.773395420737,3.520870168212,10.));
#3845 = PCURVE('',#3354,#3846);
#3846 = DEFINITIONAL_REPRESENTATION('',(#3847),#3851);
#3847 = LINE('',#3848,#3849);
#3848 = CARTESIAN_POINT('',(0.,0.));
#3849 = VECTOR('',#3850,1.);
#3850 = DIRECTION('',(0.,1.));
#3851 = ( GEOMETRIC_REPRESENTATION_CONTEXT(2) 
PARAMETRIC_REPRESENTATION_CONTEXT() REPRESENTATION_CONTEXT('2D SPACE',''
  ) );
#3852 = PCURVE('',#3793,#3853);
#3853 = DEFINITIONAL_REPRESENTATION('',(#3854),#3858);
#3854 = LINE('',#3855,#3856);
#3855 = CARTESIAN_POINT('',(8.,0.));
#3856 = VECTOR('',#3857,1.);
#3857 = DIRECTION('',(0.,1.));
#3858 = ( GEOMETRIC_REPRESENTATION_CONTEXT(2) 
PARAMETRIC_REPRESENTATION_CONTEXT() REPRESENTATION_CONTEXT('2D SPACE',''
  ) );
#3859 = ORIENTED_EDGE('',*,*,#3324,.T.);
#3860 = ORIENTED_EDGE('',*,*,#3861,.T.);
#3861 = EDGE_CURVE('',#3327,#3862,#3864,.T.);
#3862 = VERTEX_POINT('',#3863);
#3863 = CARTESIAN_POINT('',(-6.746060806857,-4.630742293879,
    8.014136187388));
#3864 = SURFACE_CURVE('',#3865,(#3869,#3876),.PCURVE_S1.);
#3865 = B_SPLINE_CURVE_WITH_KNOTS('',2,(#3866,#3867,#3868),
  .UNSPECIFIED.,.F.,.F.,(3,3),(0.,1.),.PIECEWISE_BEZIER_KNOTS.);
#3866 = CARTESIAN_POINT('',(-9.1,-8.6,0.));
#3867 = CARTESIAN_POINT('',(-10.76330228963,-9.139564915894,0.));
#3868 = CARTESIAN_POINT('',(-5.773395420737,-3.520870168212,10.));
#3869 = PCURVE('',#3354,#3870);
#3870 = DEFINITIONAL_REPRESENTATION('',(#3871),#3875);
#3871 = LINE('',#3872,#3873);
#3872 = CARTESIAN_POINT('',(1.,0.));
#3873 = VECTOR('',#3874,1.);
#3874 = DIRECTION('',(0.,1.));
#3875 = ( GEOMETRIC_REPRESENTATION_CONTEXT(2) 
PARAMETRIC_REPRESENTATION_CONTEXT() REPRESENTATION_CONTEXT('2D SPACE',''
  ) );
#3876 = PCURVE('',#3417,#3877);
#3877 = DEFINITIONAL_REPRESENTATION('',(#3878),#3882);
#3878 = LINE('',#3879,#3880);
#3879 = CARTESIAN_POINT('',(1.,0.));
#3880 = VECTOR('',#3881,1.);
#3881 = DIRECTION('',(0.,1.));
#3882 = ( GEOMETRIC_REPRESENTATION_CONTEXT(2) 
PARAMETRIC_REPRESENTATION_CONTEXT() REPRESENTATION_CONTEXT('2D SPACE',''
  ) );
#3883 = ORIENTED_EDGE('',*,*,#3884,.F.);
#3884 = EDGE_CURVE('',#3838,#3862,#3885,.T.);
#3885 = SURFACE_CURVE('',#3886,(#3954,#4060),.PCURVE_S1.);
#3886 = ( BOUNDED_CURVE() B_SPLINE_CURVE(14,(#3887,#3888,#3889,#3890,
    #3891,#3892,#3893,#3894,#3895,#3896,#3897,#3898,#3899,#3900,#3901,
    #3902,#3903,#3904,#3905,#3906,#3907,#3908,#3909,#3910,#3911,#3912,
    #3913,#3914,#3915,#3916,#3917,#3918,#3919,#3920,#3921,#3922,#3923,
    #3924,#3925,#3926,#3927,#3928,#3929,#3930,#3931,#3932,#3933,#3934,
    #3935,#3936,#3937,#3938,#3939,#3940,#3941,#3942,#3943,#3944,#3945,
    #3946,#3947,#3948,#3949,#3950,#3951,#3952,#3953),.UNSPECIFIED.,.F.,
.F.) B_SPLINE_CURVE_WITH_KNOTS((15,13,13,13,13,15),(27.237474219469,
    30.28212300818,31.837535992522,34.139985118724,35.258448542375,
36.438329279637),.UNSPECIFIED.) CURVE() GEOMETRIC_REPRESENTATION_ITEM() 
RATIONAL_B_SPLINE_CURVE((1.,1.,1.,1.,0.999999999999,1.000000000002,
    0.999999999997,1.000000000003,0.999999999997,1.000000000002,
    0.999999999999,1.,1.,1.,1.,0.999999999998,1.000000000006,
    0.999999999988,1.000000000019,0.999999999976,1.000000000025,
    0.999999999979,1.000000000015,0.999999999991,1.000000000004,
    0.999999999999,1.,1.,1.000000000001,0.999999999998,1.000000000004,
    0.999999999993,1.00000000001,0.999999999988,1.000000000011,
    0.999999999992,1.000000000005,0.999999999998,1.000000000001,1.,1.,
    0.999999999999,1.000000000002,0.999999999996,1.000000000007,
    0.99999999999,1.000000000012,0.999999999988,1.00000000001,
    0.999999999994,1.000000000003,0.999999999999,1.,1.,0.999999999999,
    1.000000000005,0.999999999989,1.000000000019,0.999999999973,
    1.00000000003,0.999999999972,1.000000000021,0.999999999987,
1.000000000006,0.999999999998,1.,1.)) REPRESENTATION_ITEM('') );
#3887 = CARTESIAN_POINT('',(-6.74607190882,4.630755156144,8.014113035244
    ));
#3888 = CARTESIAN_POINT('',(-6.821967762863,4.415933157008,
    7.981288314047));
#3889 = CARTESIAN_POINT('',(-6.891195145262,4.202863392586,
    7.950401746484));
#3890 = CARTESIAN_POINT('',(-6.95313949054,3.994997565694,7.922166306518
    ));
#3891 = CARTESIAN_POINT('',(-7.0158735202,3.773599305384,7.891727331964)
  );
#3892 = CARTESIAN_POINT('',(-7.066404059451,3.56879288018,7.867329792474
    ));
#3893 = CARTESIAN_POINT('',(-7.120130469795,3.346527446267,
    7.839760087745));
#3894 = CARTESIAN_POINT('',(-7.166381816528,3.130347225112,
    7.815623537852));
#3895 = CARTESIAN_POINT('',(-7.207040701009,2.916916223216,
    7.793989791202));
#3896 = CARTESIAN_POINT('',(-7.248666892386,2.692233030811,
    7.771035773597));
#3897 = CARTESIAN_POINT('',(-7.281747896093,2.477332435203,
    7.752640636162));
#3898 = CARTESIAN_POINT('',(-7.314267325958,2.255098589295,
    7.734104994047));
#3899 = CARTESIAN_POINT('',(-7.342031851022,2.035044126284,
    7.718072601465));
#3900 = CARTESIAN_POINT('',(-7.366691890116,1.813779055183,7.70363675187
    ));
#3901 = CARTESIAN_POINT('',(-7.398831284924,1.478957615296,
    7.684617188818));
#3902 = CARTESIAN_POINT('',(-7.408824247212,1.365633050273,7.67866228789
    ));
#3903 = CARTESIAN_POINT('',(-7.41795254546,1.252206540653,7.673188171151
    ));
#3904 = CARTESIAN_POINT('',(-7.42622493519,1.138687855655,7.668199037372
    ));
#3905 = CARTESIAN_POINT('',(-7.433649301427,1.025086657025,
    7.663698659443));
#3906 = CARTESIAN_POINT('',(-7.440232658738,0.911412499164,7.65969038433
    ));
#3907 = CARTESIAN_POINT('',(-7.445981151173,0.797674828965,
    7.656177133155));
#3908 = CARTESIAN_POINT('',(-7.450900052346,0.683882985983,7.65316140108
    ));
#3909 = CARTESIAN_POINT('',(-7.454993765337,0.570046202288,
    7.650645257444));
#3910 = CARTESIAN_POINT('',(-7.458265822794,0.456173602568,
    7.648630345626));
#3911 = CARTESIAN_POINT('',(-7.460718886842,0.342274204075,
    7.647117883164));
#3912 = CARTESIAN_POINT('',(-7.462354749152,0.228356916641,
    7.646108661666));
#3913 = CARTESIAN_POINT('',(-7.463174330898,0.114430542681,
    7.645603046864));
#3914 = CARTESIAN_POINT('',(-7.463182644504,-0.16813991057,7.64559791696
    ));
#3915 = CARTESIAN_POINT('',(-7.461399653122,-0.336782167059,
    7.646697647666));
#3916 = CARTESIAN_POINT('',(-7.457828081088,-0.505395770592,
    7.648900852026));
#3917 = CARTESIAN_POINT('',(-7.45246324653,-0.673952706615,
    7.652206040371));
#3918 = CARTESIAN_POINT('',(-7.445296413207,-0.842424167682,
    7.656609552035));
#3919 = CARTESIAN_POINT('',(-7.436314790599,-1.010780553495,
    7.662105555369));
#3920 = CARTESIAN_POINT('',(-7.425501533754,-1.178991470857,
    7.668686047727));
#3921 = CARTESIAN_POINT('',(-7.412835743503,-1.347025733711,
    7.676340855473));
#3922 = CARTESIAN_POINT('',(-7.398292466203,-1.514851363125,
    7.685057633981));
#3923 = CARTESIAN_POINT('',(-7.381842694001,-1.682435587276,
    7.694821867634));
#3924 = CARTESIAN_POINT('',(-7.363453364602,-1.84974484149,
    7.705616869823));
#3925 = CARTESIAN_POINT('',(-7.343087361441,-2.016744768195,
    7.717423782948));
#3926 = CARTESIAN_POINT('',(-7.320703513576,-2.183400216957,
    7.730221578419));
#3927 = CARTESIAN_POINT('',(-7.284380987679,-2.4304468604,7.750673929226
    ));
#3928 = CARTESIAN_POINT('',(-7.272019073083,-2.511127934083,
    7.757588803917));
#3929 = CARTESIAN_POINT('',(-7.259165585802,-2.59171437498,
    7.764728994919));
#3930 = CARTESIAN_POINT('',(-7.245815180508,-2.672201833441,
    7.772091611605));
#3931 = CARTESIAN_POINT('',(-7.231962432692,-2.752585700837,
    7.779673558531));
#3932 = CARTESIAN_POINT('',(-7.217601838691,-2.832861109291,
    7.787471535424));
#3933 = CARTESIAN_POINT('',(-7.202727815637,-2.913022932106,
    7.795482037204));
#3934 = CARTESIAN_POINT('',(-7.18733470153,-2.993065783201,
    7.803701353953));
#3935 = CARTESIAN_POINT('',(-7.171416755151,-3.07298401773,
    7.812125570948));
#3936 = CARTESIAN_POINT('',(-7.154968156151,-3.152771731513,
    7.820750568635));
#3937 = CARTESIAN_POINT('',(-7.137983004972,-3.232422761475,
    7.829572022646));
#3938 = CARTESIAN_POINT('',(-7.120455322906,-3.311930685362,
    7.838585403787));
#3939 = CARTESIAN_POINT('',(-7.102379052062,-3.391288821896,
    7.847785978047));
#3940 = CARTESIAN_POINT('',(-7.064093989235,-3.554040764978,
    7.867066867118));
#3941 = CARTESIAN_POINT('',(-7.043795875854,-3.637478923457,
    7.877185093196));
#3942 = CARTESIAN_POINT('',(-7.023142384337,-3.720113240712,
    7.887327021817));
#3943 = CARTESIAN_POINT('',(-7.000531415665,-3.805630610618,
    7.898514713096));
#3944 = CARTESIAN_POINT('',(-6.981541888703,-3.881073183995,
    7.907143664143));
#3945 = CARTESIAN_POINT('',(-6.951999147258,-3.979366862089,
    7.922327489566));
#3946 = CARTESIAN_POINT('',(-6.939141532249,-4.037025139958,
    7.926533059562));
#3947 = CARTESIAN_POINT('',(-6.901980573048,-4.149820175041,
    7.94609091415));
#3948 = CARTESIAN_POINT('',(-6.88921761943,-4.203505087406,
    7.949719498998));
#3949 = CARTESIAN_POINT('',(-6.854831657696,-4.30647360662,
    7.966913786006));
#3950 = CARTESIAN_POINT('',(-6.832850824802,-4.37805064824,7.97587615573
    ));
#3951 = CARTESIAN_POINT('',(-6.80400026336,-4.464263486648,
    7.988903466516));
#3952 = CARTESIAN_POINT('',(-6.775542135603,-4.547338458489,
    8.001368253395));
#3953 = CARTESIAN_POINT('',(-6.746060806857,-4.630742293879,
    8.014136187388));
#3954 = PCURVE('',#3354,#3955);
#3955 = DEFINITIONAL_REPRESENTATION('',(#3956),#4059);
#3956 = B_SPLINE_CURVE_WITH_KNOTS('',11,(#3957,#3958,#3959,#3960,#3961,
    #3962,#3963,#3964,#3965,#3966,#3967,#3968,#3969,#3970,#3971,#3972,
    #3973,#3974,#3975,#3976,#3977,#3978,#3979,#3980,#3981,#3982,#3983,
    #3984,#3985,#3986,#3987,#3988,#3989,#3990,#3991,#3992,#3993,#3994,
    #3995,#3996,#3997,#3998,#3999,#4000,#4001,#4002,#4003,#4004,#4005,
    #4006,#4007,#4008,#4009,#4010,#4011,#4012,#4013,#4014,#4015,#4016,
    #4017,#4018,#4019,#4020,#4021,#4022,#4023,#4024,#4025,#4026,#4027,
    #4028,#4029,#4030,#4031,#4032,#4033,#4034,#4035,#4036,#4037,#4038,
    #4039,#4040,#4041,#4042,#4043,#4044,#4045,#4046,#4047,#4048,#4049,
    #4050,#4051,#4052,#4053,#4054,#4055,#4056,#4057,#4058),
  .UNSPECIFIED.,.F.,.F.,(12,10,10,10,10,10,10,10,10,10,12),(
    27.237474219469,28.38758110199,29.537687984511,30.112741425771,
    30.687794867032,31.837901749553,34.138115514595,34.713168955855,
    35.288222397116,35.863275838376,36.438329279637),.UNSPECIFIED.);
#3957 = CARTESIAN_POINT('',(2.597112331028E-16,0.895215786012));
#3958 = CARTESIAN_POINT('',(1.258513856631E-02,0.894334372571));
#3959 = CARTESIAN_POINT('',(2.499473579204E-02,0.893477624552));
#3960 = CARTESIAN_POINT('',(3.719042700733E-02,0.892649936295));
#3961 = CARTESIAN_POINT('',(4.929046829597E-02,0.891838271902));
#3962 = CARTESIAN_POINT('',(6.131409044834E-02,0.891041332404));
#3963 = CARTESIAN_POINT('',(7.325209532758E-02,0.890261182961));
#3964 = CARTESIAN_POINT('',(8.511866512194E-02,0.88949719396));
#3965 = CARTESIAN_POINT('',(9.692841447185E-02,0.888748684779));
#3966 = CARTESIAN_POINT('',(0.108676022625,0.888017256744));
#3967 = CARTESIAN_POINT('',(0.120373337461,0.887302460587));
#3968 = CARTESIAN_POINT('',(0.143667953677,0.885907870077));
#3969 = CARTESIAN_POINT('',(0.155265717132,0.88522802096));
#3970 = CARTESIAN_POINT('',(0.166816830029,0.884566179448));
#3971 = CARTESIAN_POINT('',(0.178323065026,0.883922994254));
#3972 = CARTESIAN_POINT('',(0.189785996678,0.883299090558));
#3973 = CARTESIAN_POINT('',(0.201207291878,0.882695041921));
#3974 = CARTESIAN_POINT('',(0.212588626229,0.882111389909));
#3975 = CARTESIAN_POINT('',(0.223931485192,0.881548676493));
#3976 = CARTESIAN_POINT('',(0.235237108846,0.881007454254));
#3977 = CARTESIAN_POINT('',(0.246506839086,0.880488239453));
#3978 = CARTESIAN_POINT('',(0.263361272622,0.879742939773));
#3979 = CARTESIAN_POINT('',(0.268970991479,0.87950010254));
#3980 = CARTESIAN_POINT('',(0.274572620651,0.879262899707));
#3981 = CARTESIAN_POINT('',(0.280166415485,0.879031378472));
#3982 = CARTESIAN_POINT('',(0.28575257455,0.878805591728));
#3983 = CARTESIAN_POINT('',(0.291331263497,0.878585594963));
#3984 = CARTESIAN_POINT('',(0.296902638905,0.878371443166));
#3985 = CARTESIAN_POINT('',(0.302466872139,0.878163187728));
#3986 = CARTESIAN_POINT('',(0.308024173203,0.877960873346));
#3987 = CARTESIAN_POINT('',(0.313574814586,0.877764534924));
#3988 = CARTESIAN_POINT('',(0.32466349566,0.877383854036));
#3989 = CARTESIAN_POINT('',(0.330201666986,0.877199496615));
#3990 = CARTESIAN_POINT('',(0.335732628715,0.87702130552));
#3991 = CARTESIAN_POINT('',(0.341265076363,0.876848343744));
#3992 = CARTESIAN_POINT('',(0.346772977055,0.876683667948));
#3993 = CARTESIAN_POINT('',(0.352302232131,0.87652207439));
#3994 = CARTESIAN_POINT('',(0.357801613317,0.876369485415));
#3995 = CARTESIAN_POINT('',(0.363311646772,0.876221322432));
#3996 = CARTESIAN_POINT('',(0.368810301601,0.876080157645));
#3997 = CARTESIAN_POINT('',(0.374306241798,0.875945055303));
#3998 = CARTESIAN_POINT('',(0.390780656184,0.87555869257));
#3999 = CARTESIAN_POINT('',(0.401746626507,0.875326274023));
#4000 = CARTESIAN_POINT('',(0.412697498362,0.875119212604));
#4001 = CARTESIAN_POINT('',(0.423635149189,0.874937683475));
#4002 = CARTESIAN_POINT('',(0.434561459742,0.874781836446));
#4003 = CARTESIAN_POINT('',(0.44547831408,0.874651795961));
#4004 = CARTESIAN_POINT('',(0.456387599574,0.874547661117));
#4005 = CARTESIAN_POINT('',(0.467291206905,0.874469505648));
#4006 = CARTESIAN_POINT('',(0.478191030063,0.874417377934));
#4007 = CARTESIAN_POINT('',(0.489088966348,0.874391300998));
#4008 = CARTESIAN_POINT('',(0.521782816413,0.874391215517));
#4009 = CARTESIAN_POINT('',(0.543578500618,0.874495309453));
#4010 = CARTESIAN_POINT('',(0.565389445849,0.874703620348));
#4011 = CARTESIAN_POINT('',(0.587230932353,0.875015790463));
#4012 = CARTESIAN_POINT('',(0.609118076713,0.875431039113));
#4013 = CARTESIAN_POINT('',(0.631065864775,0.875948163477));
#4014 = CARTESIAN_POINT('',(0.653089184612,0.876565539428));
#4015 = CARTESIAN_POINT('',(0.675202859451,0.877281122343));
#4016 = CARTESIAN_POINT('',(0.697421680627,0.87809244793));
#4017 = CARTESIAN_POINT('',(0.719760440522,0.878996633044));
#4018 = CARTESIAN_POINT('',(0.74785234676,0.880238812373));
#4019 = CARTESIAN_POINT('',(0.753479114767,0.880492839426));
#4020 = CARTESIAN_POINT('',(0.759114501407,0.880752405662));
#4021 = CARTESIAN_POINT('',(0.764758733219,0.881017456665));
#4022 = CARTESIAN_POINT('',(0.770412031395,0.881287935609));
#4023 = CARTESIAN_POINT('',(0.776074611796,0.881563783258));
#4024 = CARTESIAN_POINT('',(0.781746684937,0.881844937966));
#4025 = CARTESIAN_POINT('',(0.787428455998,0.882131335675));
#4026 = CARTESIAN_POINT('',(0.793120124818,0.882422909917));
#4027 = CARTESIAN_POINT('',(0.798821885896,0.882719591814));
#4028 = CARTESIAN_POINT('',(0.810245970891,0.883323028339));
#4029 = CARTESIAN_POINT('',(0.815968472427,0.88362980441));
#4030 = CARTESIAN_POINT('',(0.821700036182,0.883941376525));
#4031 = CARTESIAN_POINT('',(0.827447546406,0.884258476208));
#4032 = CARTESIAN_POINT('',(0.833193292206,0.884578878395));
#4033 = CARTESIAN_POINT('',(0.838970751132,0.884906505471));
#4034 = CARTESIAN_POINT('',(0.844734812021,0.885235837987));
#4035 = CARTESIAN_POINT('',(0.850531291008,0.885572276183));
#4036 = CARTESIAN_POINT('',(0.856326360717,0.885911655411));
#4037 = CARTESIAN_POINT('',(0.862138130631,0.886256040903));
#4038 = CARTESIAN_POINT('',(0.873783382007,0.886953212687));
#4039 = CARTESIAN_POINT('',(0.879616050341,0.88730590075));
#4040 = CARTESIAN_POINT('',(0.885463858137,0.887663189448));
#4041 = CARTESIAN_POINT('',(0.891324689664,0.888024725079));
#4042 = CARTESIAN_POINT('',(0.897189795281,0.888389312191));
#4043 = CARTESIAN_POINT('',(0.903075670879,0.888758815513));
#4044 = CARTESIAN_POINT('',(0.908979535824,0.889132777341));
#4045 = CARTESIAN_POINT('',(0.914887930489,0.889509429807));
#4046 = CARTESIAN_POINT('',(0.920819630439,0.88989088543));
#4047 = CARTESIAN_POINT('',(0.926767401514,0.890276129437));
#4048 = CARTESIAN_POINT('',(0.938703192135,0.891054873322));
#4049 = CARTESIAN_POINT('',(0.944690583771,0.891448298564));
#4050 = CARTESIAN_POINT('',(0.950701934316,0.891846159501));
#4051 = CARTESIAN_POINT('',(0.956725548082,0.892246936997));
#4052 = CARTESIAN_POINT('',(0.962807008182,0.892655862147));
#4053 = CARTESIAN_POINT('',(0.968856990626,0.893062311846));
#4054 = CARTESIAN_POINT('',(0.975062420022,0.893488212979));
#4055 = CARTESIAN_POINT('',(0.981114472122,0.893897217047));
#4056 = CARTESIAN_POINT('',(0.987436062229,0.894338748657));
#4057 = CARTESIAN_POINT('',(0.993694793362,0.894774727395));
#4058 = CARTESIAN_POINT('',(1.,0.895217079115));
#4059 = ( GEOMETRIC_REPRESENTATION_CONTEXT(2) 
PARAMETRIC_REPRESENTATION_CONTEXT() REPRESENTATION_CONTEXT('2D SPACE',''
  ) );
#4060 = PCURVE('',#4061,#4263);
#4061 = ( BOUNDED_SURFACE() B_SPLINE_SURFACE(2,14,(
    (#4062,#4063,#4064,#4065,#4066,#4067,#4068,#4069,#4070,#4071,#4072
      ,#4073,#4074,#4075,#4076,#4077,#4078,#4079,#4080,#4081,#4082,#4083
      ,#4084,#4085,#4086,#4087,#4088,#4089,#4090,#4091,#4092,#4093,#4094
      ,#4095,#4096,#4097,#4098,#4099,#4100,#4101,#4102,#4103,#4104,#4105
      ,#4106,#4107,#4108,#4109,#4110,#4111,#4112,#4113,#4114,#4115,#4116
      ,#4117,#4118,#4119,#4120,#4121,#4122,#4123,#4124,#4125,#4126,#4127
      ,#4128)
    ,(#4129,#4130,#4131,#4132,#4133,#4134,#4135,#4136,#4137,#4138,#4139
      ,#4140,#4141,#4142,#4143,#4144,#4145,#4146,#4147,#4148,#4149,#4150
      ,#4151,#4152,#4153,#4154,#4155,#4156,#4157,#4158,#4159,#4160,#4161
      ,#4162,#4163,#4164,#4165,#4166,#4167,#4168,#4169,#4170,#4171,#4172
      ,#4173,#4174,#4175,#4176,#4177,#4178,#4179,#4180,#4181,#4182,#4183
      ,#4184,#4185,#4186,#4187,#4188,#4189,#4190,#4191,#4192,#4193,#4194
      ,#4195)
    ,(#4196,#4197,#4198,#4199,#4200,#4201,#4202,#4203,#4204,#4205,#4206
      ,#4207,#4208,#4209,#4210,#4211,#4212,#4213,#4214,#4215,#4216,#4217
      ,#4218,#4219,#4220,#4221,#4222,#4223,#4224,#4225,#4226,#4227,#4228
      ,#4229,#4230,#4231,#4232,#4233,#4234,#4235,#4236,#4237,#4238,#4239
      ,#4240,#4241,#4242,#4243,#4244,#4245,#4246,#4247,#4248,#4249,#4250
      ,#4251,#4252,#4253,#4254,#4255,#4256,#4257,#4258,#4259,#4260,#4261
,#4262
    )),.UNSPECIFIED.,.F.,.F.,.F.) B_SPLINE_SURFACE_WITH_KNOTS((3,3),(15,
    13,13,13,13,15),(0.,9.200855060168),(27.237474219469,30.28212300818,
    31.837535992522,34.139985118724,35.258448542375,36.438329279637),
.UNSPECIFIED.) GEOMETRIC_REPRESENTATION_ITEM() RATIONAL_B_SPLINE_SURFACE
((
    (1.,1.,1.,1.,0.999999999999,1.000000000002,0.999999999997
      ,1.000000000003,0.999999999997,1.000000000002,0.999999999999,1.,1.
      ,1.,1.,0.999999999998,1.000000000006,0.999999999988,1.000000000019
      ,0.999999999976,1.000000000025,0.999999999979,1.000000000015
      ,0.999999999991,1.000000000004,0.999999999999,1.,1.,1.000000000001
      ,0.999999999998,1.000000000004,0.999999999993,1.00000000001
      ,0.999999999988,1.000000000011,0.999999999992,1.000000000005
      ,0.999999999998,1.000000000001,1.,1.,0.999999999999,1.000000000002
      ,0.999999999996,1.000000000007,0.99999999999,1.000000000012
      ,0.999999999988,1.00000000001,0.999999999994,1.000000000003
      ,0.999999999999,1.,1.,0.999999999999,1.000000000005,0.999999999989
      ,1.000000000019,0.999999999973,1.00000000003,0.999999999972
      ,1.000000000021,0.999999999987,1.000000000006,0.999999999998,1.,1.
      )
    ,(0.79597641308,0.790536837449,0.785677255439,0.781624427453
      ,0.776613439884,0.773562957398,0.769166845267,0.765732175701
      ,0.762912514724,0.759329931774,0.757040881255,0.75436311299
      ,0.752214308606,0.750256906172,0.747702152163,0.746905764981
      ,0.746176589121,0.745514405675,0.744919014094,0.744390232045
      ,0.743927895624,0.743531859098,0.743201995165,0.742938194733
      ,0.74274036708,0.742608439754,0.742542358626,0.742541687073
      ,0.742685143551,0.742972846086,0.743405198457,0.743982619338
      ,0.744705542495,0.745574416466,0.746589705002,0.747751886546
      ,0.749061454761,0.750518918075,0.752124800012,0.753879638989
      ,0.756709066484,0.757669231629,0.758664520958,0.759694926171
      ,0.760760393605,0.761860824144,0.762996073372,0.764165951352
      ,0.765370222903,0.766608607301,0.767880778553,0.769186365187
      ,0.770524950384,0.773342484774,0.774831633771,0.776291171573
      ,0.778107430315,0.778926226261,0.78217493547,0.781269839479
      ,0.78609258396,0.784919647726,0.788792015652,0.789567305332
      ,0.791829174177,0.793865339281,0.795992113692)
    ,(1.,1.,1.,1.,0.999999999999,1.000000000002,0.999999999997
      ,1.000000000003,0.999999999997,1.000000000002,0.999999999999,1.,1.
      ,1.,1.,0.999999999998,1.000000000006,0.999999999988,1.000000000019
      ,0.999999999976,1.000000000025,0.999999999979,1.000000000015
      ,0.999999999991,1.000000000004,0.999999999999,1.,1.,1.000000000001
      ,0.999999999998,1.000000000004,0.999999999993,1.00000000001
      ,0.999999999988,1.000000000011,0.999999999992,1.000000000005
      ,0.999999999998,1.000000000001,1.,1.,0.999999999999,1.000000000002
      ,0.999999999996,1.000000000007,0.99999999999,1.000000000012
      ,0.999999999988,1.00000000001,0.999999999994,1.000000000003
      ,0.999999999999,1.,1.,0.999999999999,1.000000000005,0.999999999989
      ,1.000000000019,0.999999999973,1.00000000003,0.999999999972
      ,1.000000000021,0.999999999987,1.000000000006,0.999999999998,1.,1.
))) REPRESENTATION_ITEM('') SURFACE() );
#4062 = CARTESIAN_POINT('',(-6.132827212666,4.339449980665,
    8.272413769117));
#4063 = CARTESIAN_POINT('',(-6.187986513605,4.158662321634,
    8.252878489932));
#4064 = CARTESIAN_POINT('',(-6.242353017318,3.975452680681,
    8.234170923976));
#4065 = CARTESIAN_POINT('',(-6.303132681128,3.769447842232,
    8.214424696889));
#4066 = CARTESIAN_POINT('',(-6.346421712309,3.583553857874,
    8.196297507614));
#4067 = CARTESIAN_POINT('',(-6.407006306239,3.360354066126,
    8.176935165443));
#4068 = CARTESIAN_POINT('',(-6.444923993788,3.164594740283,
    8.159966205282));
#4069 = CARTESIAN_POINT('',(-6.486992502658,2.95994301486,8.143616443767
    ));
#4070 = CARTESIAN_POINT('',(-6.530129039529,2.746939363841,
    8.127739968997));
#4071 = CARTESIAN_POINT('',(-6.558133630218,2.549230965876,
    8.113658406751));
#4072 = CARTESIAN_POINT('',(-6.594622999483,2.335131224691,8.09996281031
    ));
#4073 = CARTESIAN_POINT('',(-6.620516084448,2.130784245265,
    8.087828328452));
#4074 = CARTESIAN_POINT('',(-6.646395762939,1.921405699494,
    8.076667805864));
#4075 = CARTESIAN_POINT('',(-6.668442487876,1.712738219054,
    8.066762822437));
#4076 = CARTESIAN_POINT('',(-6.697382148251,1.396612008668,8.05365683578
    ));
#4077 = CARTESIAN_POINT('',(-6.706387269901,1.289612250742,
    8.049548185759));
#4078 = CARTESIAN_POINT('',(-6.714619101694,1.182513291563,
    8.045766866121));
#4079 = CARTESIAN_POINT('',(-6.722083935566,1.075324301455,
    8.042316942056));
#4080 = CARTESIAN_POINT('',(-6.728787436677,0.968054414175,
    8.039202073986));
#4081 = CARTESIAN_POINT('',(-6.7347346434,0.860712727021,8.036425517569)
  );
#4082 = CARTESIAN_POINT('',(-6.739929967338,0.753308300699,
    8.033990123693));
#4083 = CARTESIAN_POINT('',(-6.744377193303,0.64585015945,8.031898338483
    ));
#4084 = CARTESIAN_POINT('',(-6.748079479336,0.538347290959,
    8.030152203297));
#4085 = CARTESIAN_POINT('',(-6.751039356691,0.430808646398,
    8.028753354726));
#4086 = CARTESIAN_POINT('',(-6.753258729845,0.323243140425,
    8.027703024594));
#4087 = CARTESIAN_POINT('',(-6.754738876495,0.215659651161,
    8.027002039962));
#4088 = CARTESIAN_POINT('',(-6.755480447557,0.108067020215,
    8.026650823121));
#4089 = CARTESIAN_POINT('',(-6.75548793704,-0.158793830908,
    8.026647272541));
#4090 = CARTESIAN_POINT('',(-6.753874333821,-0.318061305606,
    8.02741177019));
#4091 = CARTESIAN_POINT('',(-6.750642369943,-0.477300017196,
    8.028942724388));
#4092 = CARTESIAN_POINT('',(-6.745788806775,-0.636481362186,
    8.031238062255));
#4093 = CARTESIAN_POINT('',(-6.739307454621,-0.795576487736,
    8.034293798189));
#4094 = CARTESIAN_POINT('',(-6.731189172711,-0.95455629181,
    8.038104033867));
#4095 = CARTESIAN_POINT('',(-6.721421869218,-1.113391422946,
    8.042660958243));
#4096 = CARTESIAN_POINT('',(-6.709990501241,-1.272052280549,
    8.047954847553));
#4097 = CARTESIAN_POINT('',(-6.696877074818,-1.430509014575,
    8.053974065306));
#4098 = CARTESIAN_POINT('',(-6.682060644915,-1.58873152582,
    8.060705062294));
#4099 = CARTESIAN_POINT('',(-6.665517315436,-1.746689465696,
    8.068132376585));
#4100 = CARTESIAN_POINT('',(-6.647220239216,-1.904352236377,
    8.076238633526));
#4101 = CARTESIAN_POINT('',(-6.627139618024,-2.06168899072,
    8.085004545742));
#4102 = CARTESIAN_POINT('',(-6.594605812151,-2.294924817668,
    8.098977283763));
#4103 = CARTESIAN_POINT('',(-6.583540160225,-2.371096089893,
    8.103696456265));
#4104 = CARTESIAN_POINT('',(-6.572042377055,-2.447179109731,
    8.108563945738));
#4105 = CARTESIAN_POINT('',(-6.560108655377,-2.523171229867,
    8.113577259679));
#4106 = CARTESIAN_POINT('',(-6.547734750395,-2.599070494946,
    8.118733897994));
#4107 = CARTESIAN_POINT('',(-6.534915979767,-2.674875641527,
    8.124031352981));
#4108 = CARTESIAN_POINT('',(-6.521647223635,-2.750586098136,
    8.129467109364));
#4109 = CARTESIAN_POINT('',(-6.507922924582,-2.82620198523,
    8.135038644243));
#4110 = CARTESIAN_POINT('',(-6.493737087683,-2.901724115185,
    8.140743427153));
#4111 = CARTESIAN_POINT('',(-6.47908328045,-2.977153992373,
    8.146578920006));
#4112 = CARTESIAN_POINT('',(-6.463954632886,-3.052493813035,
    8.152542577138));
#4113 = CARTESIAN_POINT('',(-6.448343837437,-3.127746465417,
    8.158631845279));
#4114 = CARTESIAN_POINT('',(-6.43224314903,-3.202915529664,
    8.164844163566));
#4115 = CARTESIAN_POINT('',(-6.398134146028,-3.357218371145,
    8.177857511645));
#4116 = CARTESIAN_POINT('',(-6.380165563187,-3.436151393028,
    8.184660492994));
#4117 = CARTESIAN_POINT('',(-6.36067749866,-3.51690489345,8.191711998879
    ));
#4118 = CARTESIAN_POINT('',(-6.345356396626,-3.588057681935,
    8.19830131391));
#4119 = CARTESIAN_POINT('',(-6.314214459885,-3.689734720982,
    8.206922229828));
#4120 = CARTESIAN_POINT('',(-6.31813657134,-3.719056819558,
    8.211116983357));
#4121 = CARTESIAN_POINT('',(-6.258892118313,-3.875542933406,
    8.223486706711));
#4122 = CARTESIAN_POINT('',(-6.28498579522,-3.855363620965,
    8.224645245403));
#4123 = CARTESIAN_POINT('',(-6.218916384276,-4.024340618501,
    8.238152899731));
#4124 = CARTESIAN_POINT('',(-6.229640293116,-4.030844618865,
    8.241053037418));
#4125 = CARTESIAN_POINT('',(-6.19096515639,-4.140747510952,
    8.250961551334));
#4126 = CARTESIAN_POINT('',(-6.175345699208,-4.198958208756,
    8.257374912908));
#4127 = CARTESIAN_POINT('',(-6.154309870298,-4.269048551183,
    8.264809624967));
#4128 = CARTESIAN_POINT('',(-6.133209733188,-4.338595443286,
    8.272350862233));
#4129 = CARTESIAN_POINT('',(-6.536934625403,4.508120186267,
    8.400666271582));
#4130 = CARTESIAN_POINT('',(-6.612316430268,4.302146613227,
    8.380445461464));
#4131 = CARTESIAN_POINT('',(-6.682096602206,4.097083917385,8.36089824641
    ));
#4132 = CARTESIAN_POINT('',(-6.74700861428,3.89155389375,8.341832315841)
  );
#4133 = CARTESIAN_POINT('',(-6.809701822945,3.679440479734,
    8.322986209037));
#4134 = CARTESIAN_POINT('',(-6.864736208096,3.47420389714,8.305403400288
    ));
#4135 = CARTESIAN_POINT('',(-6.918852432452,3.260183187507,
    8.288017811087));
#4136 = CARTESIAN_POINT('',(-6.967225076763,3.04949975689,8.271812462878
    ));
#4137 = CARTESIAN_POINT('',(-7.010846993143,2.839990277764,8.25666014235
    ));
#4138 = CARTESIAN_POINT('',(-7.053035417212,2.623381331461,8.24200168083
    ));
#4139 = CARTESIAN_POINT('',(-7.088878702197,2.413002855153,
    8.228909345287));
#4140 = CARTESIAN_POINT('',(-7.12267723435,2.197492485528,8.216565289973
    ));
#4141 = CARTESIAN_POINT('',(-7.152165441682,1.983347579701,
    8.205507994609));
#4142 = CARTESIAN_POINT('',(-7.178278740591,1.768169132386,
    8.195597365586));
#4143 = CARTESIAN_POINT('',(-7.212453870852,1.44204126416,8.18246204843)
  );
#4144 = CARTESIAN_POINT('',(-7.223110037902,1.331448353639,
    8.178334177375));
#4145 = CARTESIAN_POINT('',(-7.232849509554,1.22078983067,8.174534455686
    ));
#4146 = CARTESIAN_POINT('',(-7.241680327677,1.110070528525,8.17106705919
    ));
#4147 = CARTESIAN_POINT('',(-7.249609727836,0.999295115033,
    8.167935775488));
#4148 = CARTESIAN_POINT('',(-7.256644125734,0.888468101068,
    8.165144000142));
#4149 = CARTESIAN_POINT('',(-7.262789104902,0.777593849475,
    8.162694733299));
#4150 = CARTESIAN_POINT('',(-7.268049406043,0.66667658399,8.160590576654
    ));
#4151 = CARTESIAN_POINT('',(-7.27242891753,0.555720398856,8.158833730911
    ));
#4152 = CARTESIAN_POINT('',(-7.275930667647,0.444729268138,
    8.157425993556));
#4153 = CARTESIAN_POINT('',(-7.278556818036,0.333707055795,
    8.156368757131));
#4154 = CARTESIAN_POINT('',(-7.280308658811,0.222657525498,
    8.155663007845));
#4155 = CARTESIAN_POINT('',(-7.281186605032,0.111584350928,
    8.155309324652));
#4156 = CARTESIAN_POINT('',(-7.281195508479,-0.163958272577,
    8.155305738289));
#4157 = CARTESIAN_POINT('',(-7.27928536891,-0.328341446754,
    8.156075154877));
#4158 = CARTESIAN_POINT('',(-7.27546178406,-0.492648637089,
    8.157615456394));
#4159 = CARTESIAN_POINT('',(-7.269722610517,-0.656869033784,
    8.15992397099));
#4160 = CARTESIAN_POINT('',(-7.262061576426,-0.820990783544,
    8.162996031781));
#4161 = CARTESIAN_POINT('',(-7.252468316972,-0.985000999731,
    8.166824987168));
#4162 = CARTESIAN_POINT('',(-7.240928422545,-1.148885775591,
    8.171402216786));
#4163 = CARTESIAN_POINT('',(-7.227423498905,-1.312630200603,
    8.176717152923));
#4164 = CARTESIAN_POINT('',(-7.211931239786,-1.476218379976,
    8.182757307489));
#4165 = CARTESIAN_POINT('',(-7.194425510881,-1.639633456874,
    8.189508304223));
#4166 = CARTESIAN_POINT('',(-7.174876445582,-1.80285763789,
    8.196953916237));
#4167 = CARTESIAN_POINT('',(-7.15325055147,-1.965872220919,
    8.205076108521));
#4168 = CARTESIAN_POINT('',(-7.129510827504,-2.12865762603,
    8.213855085403));
#4169 = CARTESIAN_POINT('',(-7.091085395838,-2.369853413772,
    8.227825417803));
#4170 = CARTESIAN_POINT('',(-7.078053019408,-2.448432161322,
    8.232528962129));
#4171 = CARTESIAN_POINT('',(-7.064515525383,-2.526927516415,
    8.23737739671));
#4172 = CARTESIAN_POINT('',(-7.050468569727,-2.605337093036,
    8.242368045135));
#4173 = CARTESIAN_POINT('',(-7.035907699455,-2.68365830005,
    8.247498136818));
#4174 = CARTESIAN_POINT('',(-7.020828350864,-2.761888367126,
    8.252764810507));
#4175 = CARTESIAN_POINT('',(-7.005225847419,-2.84002437035,
    8.258165117914));
#4176 = CARTESIAN_POINT('',(-6.989095397203,-2.918063257878,
    8.263696027536));
#4177 = CARTESIAN_POINT('',(-6.972432090056,-2.996001874985,
    8.269354428542));
#4178 = CARTESIAN_POINT('',(-6.955230894239,-3.07383698933,
    8.275137134846));
#4179 = CARTESIAN_POINT('',(-6.937486652787,-3.15156531541,
    8.281040889215));
#4180 = CARTESIAN_POINT('',(-6.919194079392,-3.229183539177,
    8.287062367535));
#4181 = CARTESIAN_POINT('',(-6.900347753944,-3.306688341939,
    8.293198183106));
#4182 = CARTESIAN_POINT('',(-6.860545457947,-3.465416625945,
    8.306010611092));
#4183 = CARTESIAN_POINT('',(-6.839526353081,-3.546631623342,
    8.312698455607));
#4184 = CARTESIAN_POINT('',(-6.817966274125,-3.62752811602,
    8.319496841628));
#4185 = CARTESIAN_POINT('',(-6.795399803419,-3.70908068803,
    8.326438028391));
#4186 = CARTESIAN_POINT('',(-6.773384953737,-3.788006099954,
    8.333404115483));
#4187 = CARTESIAN_POINT('',(-6.748082156773,-3.872180254396,
    8.340635602141));
#4188 = CARTESIAN_POINT('',(-6.72660374606,-3.947252276072,
    8.347738055008));
#4189 = CARTESIAN_POINT('',(-6.69866763454,-4.033438483067,
    8.355152607055));
#4190 = CARTESIAN_POINT('',(-6.675948274467,-4.108335232202,
    8.362517274445));
#4191 = CARTESIAN_POINT('',(-6.647994371145,-4.19131767772,
    8.369970734712));
#4192 = CARTESIAN_POINT('',(-6.622055167596,-4.269452605828,
    8.377562061079));
#4193 = CARTESIAN_POINT('',(-6.594369548113,-4.349038808112,
    8.385136825948));
#4194 = CARTESIAN_POINT('',(-6.566093863979,-4.428437894013,
    8.392843098944));
#4195 = CARTESIAN_POINT('',(-6.53699369672,-4.507940491063,
    8.400645423396));
#4196 = CARTESIAN_POINT('',(-6.74607190882,4.630755156144,8.014113035244
    ));
#4197 = CARTESIAN_POINT('',(-6.821967762863,4.415933157008,
    7.981288314047));
#4198 = CARTESIAN_POINT('',(-6.891195145262,4.202863392586,
    7.950401746484));
#4199 = CARTESIAN_POINT('',(-6.95313949054,3.994997565694,7.922166306518
    ));
#4200 = CARTESIAN_POINT('',(-7.0158735202,3.773599305384,7.891727331964)
  );
#4201 = CARTESIAN_POINT('',(-7.066404059451,3.56879288018,7.867329792474
    ));
#4202 = CARTESIAN_POINT('',(-7.120130469795,3.346527446267,
    7.839760087745));
#4203 = CARTESIAN_POINT('',(-7.166381816528,3.130347225112,
    7.815623537852));
#4204 = CARTESIAN_POINT('',(-7.207040701009,2.916916223216,
    7.793989791202));
#4205 = CARTESIAN_POINT('',(-7.248666892386,2.692233030811,
    7.771035773597));
#4206 = CARTESIAN_POINT('',(-7.281747896093,2.477332435203,
    7.752640636162));
#4207 = CARTESIAN_POINT('',(-7.314267325958,2.255098589295,
    7.734104994047));
#4208 = CARTESIAN_POINT('',(-7.342031851022,2.035044126284,
    7.718072601465));
#4209 = CARTESIAN_POINT('',(-7.366691890116,1.813779055183,7.70363675187
    ));
#4210 = CARTESIAN_POINT('',(-7.398831284924,1.478957615296,
    7.684617188818));
#4211 = CARTESIAN_POINT('',(-7.408824247212,1.365633050273,7.67866228789
    ));
#4212 = CARTESIAN_POINT('',(-7.41795254546,1.252206540653,7.673188171151
    ));
#4213 = CARTESIAN_POINT('',(-7.42622493519,1.138687855655,7.668199037372
    ));
#4214 = CARTESIAN_POINT('',(-7.433649301427,1.025086657025,
    7.663698659443));
#4215 = CARTESIAN_POINT('',(-7.440232658738,0.911412499164,7.65969038433
    ));
#4216 = CARTESIAN_POINT('',(-7.445981151173,0.797674828965,
    7.656177133155));
#4217 = CARTESIAN_POINT('',(-7.450900052346,0.683882985983,7.65316140108
    ));
#4218 = CARTESIAN_POINT('',(-7.454993765337,0.570046202288,
    7.650645257444));
#4219 = CARTESIAN_POINT('',(-7.458265822794,0.456173602568,
    7.648630345626));
#4220 = CARTESIAN_POINT('',(-7.460718886842,0.342274204075,
    7.647117883164));
#4221 = CARTESIAN_POINT('',(-7.462354749152,0.228356916641,
    7.646108661666));
#4222 = CARTESIAN_POINT('',(-7.463174330898,0.114430542681,
    7.645603046864));
#4223 = CARTESIAN_POINT('',(-7.463182644504,-0.16813991057,7.64559791696
    ));
#4224 = CARTESIAN_POINT('',(-7.461399653122,-0.336782167059,
    7.646697647666));
#4225 = CARTESIAN_POINT('',(-7.457828081088,-0.505395770592,
    7.648900852026));
#4226 = CARTESIAN_POINT('',(-7.45246324653,-0.673952706615,
    7.652206040371));
#4227 = CARTESIAN_POINT('',(-7.445296413207,-0.842424167682,
    7.656609552035));
#4228 = CARTESIAN_POINT('',(-7.436314790599,-1.010780553495,
    7.662105555369));
#4229 = CARTESIAN_POINT('',(-7.425501533754,-1.178991470857,
    7.668686047727));
#4230 = CARTESIAN_POINT('',(-7.412835743503,-1.347025733711,
    7.676340855473));
#4231 = CARTESIAN_POINT('',(-7.398292466203,-1.514851363125,
    7.685057633981));
#4232 = CARTESIAN_POINT('',(-7.381842694001,-1.682435587276,
    7.694821867634));
#4233 = CARTESIAN_POINT('',(-7.363453364602,-1.84974484149,
    7.705616869823));
#4234 = CARTESIAN_POINT('',(-7.343087361441,-2.016744768195,
    7.717423782948));
#4235 = CARTESIAN_POINT('',(-7.320703513576,-2.183400216957,
    7.730221578419));
#4236 = CARTESIAN_POINT('',(-7.284380987679,-2.4304468604,7.750673929226
    ));
#4237 = CARTESIAN_POINT('',(-7.272019073083,-2.511127934083,
    7.757588803917));
#4238 = CARTESIAN_POINT('',(-7.259165585802,-2.59171437498,
    7.764728994919));
#4239 = CARTESIAN_POINT('',(-7.245815180508,-2.672201833441,
    7.772091611605));
#4240 = CARTESIAN_POINT('',(-7.231962432692,-2.752585700837,
    7.779673558531));
#4241 = CARTESIAN_POINT('',(-7.217601838691,-2.832861109291,
    7.787471535424));
#4242 = CARTESIAN_POINT('',(-7.202727815637,-2.913022932106,
    7.795482037204));
#4243 = CARTESIAN_POINT('',(-7.18733470153,-2.993065783201,
    7.803701353953));
#4244 = CARTESIAN_POINT('',(-7.171416755151,-3.07298401773,
    7.812125570948));
#4245 = CARTESIAN_POINT('',(-7.154968156151,-3.152771731513,
    7.820750568635));
#4246 = CARTESIAN_POINT('',(-7.137983004972,-3.232422761475,
    7.829572022646));
#4247 = CARTESIAN_POINT('',(-7.120455322906,-3.311930685362,
    7.838585403787));
#4248 = CARTESIAN_POINT('',(-7.102379052062,-3.391288821896,
    7.847785978047));
#4249 = CARTESIAN_POINT('',(-7.064093989235,-3.554040764978,
    7.867066867118));
#4250 = CARTESIAN_POINT('',(-7.043795875854,-3.637478923457,
    7.877185093196));
#4251 = CARTESIAN_POINT('',(-7.023142384337,-3.720113240712,
    7.887327021817));
#4252 = CARTESIAN_POINT('',(-7.000531415665,-3.805630610618,
    7.898514713096));
#4253 = CARTESIAN_POINT('',(-6.981541888703,-3.881073183995,
    7.907143664143));
#4254 = CARTESIAN_POINT('',(-6.951999147258,-3.979366862089,
    7.922327489566));
#4255 = CARTESIAN_POINT('',(-6.939141532249,-4.037025139958,
    7.926533059562));
#4256 = CARTESIAN_POINT('',(-6.901980573048,-4.149820175041,
    7.94609091415));
#4257 = CARTESIAN_POINT('',(-6.88921761943,-4.203505087406,
    7.949719498998));
#4258 = CARTESIAN_POINT('',(-6.854831657696,-4.30647360662,
    7.966913786006));
#4259 = CARTESIAN_POINT('',(-6.832850824802,-4.37805064824,7.97587615573
    ));
#4260 = CARTESIAN_POINT('',(-6.80400026336,-4.464263486648,
    7.988903466516));
#4261 = CARTESIAN_POINT('',(-6.775542135603,-4.547338458489,
    8.001368253395));
#4262 = CARTESIAN_POINT('',(-6.746060806857,-4.630742293879,
    8.014136187388));
#4263 = DEFINITIONAL_REPRESENTATION('',(#4264),#4268);
#4264 = LINE('',#4265,#4266);
#4265 = CARTESIAN_POINT('',(9.200855060168,0.));
#4266 = VECTOR('',#4267,1.);
#4267 = DIRECTION('',(0.,1.));
#4268 = ( GEOMETRIC_REPRESENTATION_CONTEXT(2) 
PARAMETRIC_REPRESENTATION_CONTEXT() REPRESENTATION_CONTEXT('2D SPACE',''
  ) );
#4269 = ADVANCED_FACE('',(#4270),#3793,.T.);
#4270 = FACE_BOUND('',#4271,.T.);
#4271 = EDGE_LOOP('',(#4272,#4295,#4296,#4297));
#4272 = ORIENTED_EDGE('',*,*,#4273,.F.);
#4273 = EDGE_CURVE('',#3705,#4274,#4276,.T.);
#4274 = VERTEX_POINT('',#4275);
#4275 = CARTESIAN_POINT('',(-4.630866529605,6.746168039757,
    8.013912562287));
#4276 = SURFACE_CURVE('',#4277,(#4281,#4288),.PCURVE_S1.);
#4277 = B_SPLINE_CURVE_WITH_KNOTS('',2,(#4278,#4279,#4280),
  .UNSPECIFIED.,.F.,.F.,(3,3),(0.,1.),.PIECEWISE_BEZIER_KNOTS.);
#4278 = CARTESIAN_POINT('',(-8.6,9.1,0.));
#4279 = CARTESIAN_POINT('',(-9.139564915894,10.763302289631,0.));
#4280 = CARTESIAN_POINT('',(-3.520870168212,5.773395420737,10.));
#4281 = PCURVE('',#3793,#4282);
#4282 = DEFINITIONAL_REPRESENTATION('',(#4283),#4287);
#4283 = LINE('',#4284,#4285);
#4284 = CARTESIAN_POINT('',(7.,0.));
#4285 = VECTOR('',#4286,1.);
#4286 = DIRECTION('',(0.,1.));
#4287 = ( GEOMETRIC_REPRESENTATION_CONTEXT(2) 
PARAMETRIC_REPRESENTATION_CONTEXT() REPRESENTATION_CONTEXT('2D SPACE',''
  ) );
#4288 = PCURVE('',#3732,#4289);
#4289 = DEFINITIONAL_REPRESENTATION('',(#4290),#4294);
#4290 = LINE('',#4291,#4292);
#4291 = CARTESIAN_POINT('',(7.,0.));
#4292 = VECTOR('',#4293,1.);
#4293 = DIRECTION('',(0.,1.));
#4294 = ( GEOMETRIC_REPRESENTATION_CONTEXT(2) 
PARAMETRIC_REPRESENTATION_CONTEXT() REPRESENTATION_CONTEXT('2D SPACE',''
  ) );
#4295 = ORIENTED_EDGE('',*,*,#3767,.T.);
#4296 = ORIENTED_EDGE('',*,*,#3837,.T.);
#4297 = ORIENTED_EDGE('',*,*,#4298,.F.);
#4298 = EDGE_CURVE('',#4274,#3838,#4299,.T.);
#4299 = SURFACE_CURVE('',#4300,(#4315,#4339),.PCURVE_S1.);
#4300 = ( BOUNDED_CURVE() B_SPLINE_CURVE(13,(#4301,#4302,#4303,#4304,
    #4305,#4306,#4307,#4308,#4309,#4310,#4311,#4312,#4313,#4314),
.UNSPECIFIED.,.F.,.F.) B_SPLINE_CURVE_WITH_KNOTS((14,14),(
24.320889866117,27.239269151592),.PIECEWISE_BEZIER_KNOTS.) CURVE() 
GEOMETRIC_REPRESENTATION_ITEM() RATIONAL_B_SPLINE_CURVE((1.,1.,
    1.000000000001,0.999999999999,1.000000000003,0.999999999995,
    1.000000000006,0.999999999994,1.000000000005,0.999999999997,
1.000000000002,0.999999999999,1.,1.)) REPRESENTATION_ITEM('') );
#4301 = CARTESIAN_POINT('',(-4.626530747489,6.742425403398,
    8.021716797694));
#4302 = CARTESIAN_POINT('',(-4.841097379805,6.64564800026,8.051882786479
    ));
#4303 = CARTESIAN_POINT('',(-5.050101561729,6.534039007293,
    8.075850775114));
#4304 = CARTESIAN_POINT('',(-5.247599549552,6.410745421352,
    8.093176727015));
#4305 = CARTESIAN_POINT('',(-5.43961883839,6.278985408014,8.107480011751
    ));
#4306 = CARTESIAN_POINT('',(-5.634554518826,6.119417832549,
    8.115595337173));
#4307 = CARTESIAN_POINT('',(-5.791904834754,5.982976569031,
    8.120330145376));
#4308 = CARTESIAN_POINT('',(-5.982654956171,5.790184519286,
    8.119831237924));
#4309 = CARTESIAN_POINT('',(-6.119157342309,5.636679369045,
    8.116362933045));
#4310 = CARTESIAN_POINT('',(-6.280181204643,5.43636349327,8.106983476865
    ));
#4311 = CARTESIAN_POINT('',(-6.409509129171,5.249545437007,
    8.093809830413));
#4312 = CARTESIAN_POINT('',(-6.534330945869,5.049452569827,
    8.076031758089));
#4313 = CARTESIAN_POINT('',(-6.645905292507,4.840202926378,
    8.051968255129));
#4314 = CARTESIAN_POINT('',(-6.742334642712,4.626425610047,
    8.021906035794));
#4315 = PCURVE('',#3793,#4316);
#4316 = DEFINITIONAL_REPRESENTATION('',(#4317),#4338);
#4317 = B_SPLINE_CURVE_WITH_KNOTS('',10,(#4318,#4319,#4320,#4321,#4322,
    #4323,#4324,#4325,#4326,#4327,#4328,#4329,#4330,#4331,#4332,#4333,
    #4334,#4335,#4336,#4337),.UNSPECIFIED.,.F.,.F.,(11,9,11),(
    24.320889866117,25.780079508854,27.239269151592),.UNSPECIFIED.);
#4318 = CARTESIAN_POINT('',(7.,0.895640374129));
#4319 = CARTESIAN_POINT('',(7.052324230615,0.89673500392));
#4320 = CARTESIAN_POINT('',(7.103969088999,0.897678236784));
#4321 = CARTESIAN_POINT('',(7.154485831727,0.898463256888));
#4322 = CARTESIAN_POINT('',(7.204406478631,0.899131644751));
#4323 = CARTESIAN_POINT('',(7.254357544924,0.899676928386));
#4324 = CARTESIAN_POINT('',(7.303708082222,0.900110862384));
#4325 = CARTESIAN_POINT('',(7.352972478456,0.900432465345));
#4326 = CARTESIAN_POINT('',(7.402036940071,0.900646942982));
#4327 = CARTESIAN_POINT('',(7.451043416134,0.900754709668));
#4328 = CARTESIAN_POINT('',(7.549050132667,0.900757070003));
#4329 = CARTESIAN_POINT('',(7.598054658741,0.900651635992));
#4330 = CARTESIAN_POINT('',(7.647108989792,0.900439545977));
#4331 = CARTESIAN_POINT('',(7.696379853779,0.900119156194));
#4332 = CARTESIAN_POINT('',(7.745669057314,0.899688313317));
#4333 = CARTESIAN_POINT('',(7.795661857695,0.89914215679));
#4334 = CARTESIAN_POINT('',(7.845434001367,0.898479420978));
#4335 = CARTESIAN_POINT('',(7.896247701876,0.897686098273));
#4336 = CARTESIAN_POINT('',(7.947867437711,0.896741789922));
#4337 = CARTESIAN_POINT('',(8.,0.895650938468));
#4338 = ( GEOMETRIC_REPRESENTATION_CONTEXT(2) 
PARAMETRIC_REPRESENTATION_CONTEXT() REPRESENTATION_CONTEXT('2D SPACE',''
  ) );
#4339 = PCURVE('',#4340,#4383);
#4340 = ( BOUNDED_SURFACE() B_SPLINE_SURFACE(2,13,(
    (#4341,#4342,#4343,#4344,#4345,#4346,#4347,#4348,#4349,#4350,#4351
      ,#4352,#4353,#4354)
    ,(#4355,#4356,#4357,#4358,#4359,#4360,#4361,#4362,#4363,#4364,#4365
      ,#4366,#4367,#4368)
    ,(#4369,#4370,#4371,#4372,#4373,#4374,#4375,#4376,#4377,#4378,#4379
      ,#4380,#4381,#4382
)),.UNSPECIFIED.,.F.,.F.,.F.) B_SPLINE_SURFACE_WITH_KNOTS((3,3),(14,14),
  (0.,2.918379285476),(24.320889866117,27.239269151592),
.PIECEWISE_BEZIER_KNOTS.) GEOMETRIC_REPRESENTATION_ITEM() 
RATIONAL_B_SPLINE_SURFACE((
    (1.,1.,1.000000000001,0.999999999999,1.000000000003,0.999999999995
      ,1.000000000006,0.999999999994,1.000000000005,0.999999999997
      ,1.000000000002,0.999999999999,1.,1.)
    ,(0.800642115649,0.807562292469,0.812730878093,0.816093126043
      ,0.819014301801,0.820469478819,0.821366931988,0.821165787737
      ,0.820690920933,0.818728888535,0.816232534091,0.812703966055
      ,0.807542589866,0.800717941771)
    ,(1.,1.,1.000000000001,0.999999999999,1.000000000003,0.999999999995
      ,1.000000000006,0.999999999994,1.000000000005,0.999999999997
,1.000000000002,0.999999999999,1.,1.
  ))) REPRESENTATION_ITEM('') SURFACE() );
#4341 = CARTESIAN_POINT('',(-4.337703773762,6.133454218089,
    8.272022703588));
#4342 = CARTESIAN_POINT('',(-4.514638221096,6.061252786286,
    8.286681371005));
#4343 = CARTESIAN_POINT('',(-4.686191702618,5.97619921875,8.298758762341
    ));
#4344 = CARTESIAN_POINT('',(-4.874512354749,5.87175508071,8.31031789157)
  );
#4345 = CARTESIAN_POINT('',(-5.042697388884,5.741485769756,
    8.315628943544));
#4346 = CARTESIAN_POINT('',(-5.169928726514,5.666583631333,
    8.322985219142));
#4347 = CARTESIAN_POINT('',(-5.395213269282,5.443179558631,
    8.323175217903));
#4348 = CARTESIAN_POINT('',(-5.447930478566,5.406630977975,
    8.325494011289));
#4349 = CARTESIAN_POINT('',(-5.668134051866,5.153504451505,
    8.321086237701));
#4350 = CARTESIAN_POINT('',(-5.735604659959,5.059261519675,
    8.317247575304));
#4351 = CARTESIAN_POINT('',(-5.877138797939,4.863343478982,
    8.309841676217));
#4352 = CARTESIAN_POINT('',(-5.974460148567,4.688004861605,
    8.299023484142));
#4353 = CARTESIAN_POINT('',(-6.059740093888,4.517675343067,
    8.287142463156));
#4354 = CARTESIAN_POINT('',(-6.133349023648,4.337985536985,
    8.272273685363));
#4355 = CARTESIAN_POINT('',(-4.503877705008,6.530981579172,
    8.398341081596));
#4356 = CARTESIAN_POINT('',(-4.705241523035,6.436530922904,
    8.412610496221));
#4357 = CARTESIAN_POINT('',(-4.90196307674,6.329331758038,8.424619338799
    ));
#4358 = CARTESIAN_POINT('',(-5.093753285434,6.210228684247,
    8.434525411702));
#4359 = CARTESIAN_POINT('',(-5.279131722121,6.078058330205,
    8.441674992049));
#4360 = CARTESIAN_POINT('',(-5.454162953213,5.939818960239,
    8.446816691723));
#4361 = CARTESIAN_POINT('',(-5.628207180315,5.782650484238,
    8.449083681072));
#4362 = CARTESIAN_POINT('',(-5.783158064314,5.629239154093,
    8.449454773229));
#4363 = CARTESIAN_POINT('',(-5.939873102067,5.452492966653,
    8.446675751966));
#4364 = CARTESIAN_POINT('',(-6.077682884511,5.280331606877,
    8.442110133905));
#4365 = CARTESIAN_POINT('',(-6.210393145729,5.092743906914,
    8.434668640732));
#4366 = CARTESIAN_POINT('',(-6.329161416856,4.901952862518,
    8.424874689159));
#4367 = CARTESIAN_POINT('',(-6.436495454454,4.705110109694,
    8.412812494983));
#4368 = CARTESIAN_POINT('',(-6.530990198747,4.503696996924,
    8.398420265747));
#4369 = CARTESIAN_POINT('',(-4.626530747489,6.742425403398,
    8.021716797694));
#4370 = CARTESIAN_POINT('',(-4.841097379805,6.64564800026,8.051882786479
    ));
#4371 = CARTESIAN_POINT('',(-5.050101561729,6.534039007293,
    8.075850775114));
#4372 = CARTESIAN_POINT('',(-5.247599549552,6.410745421352,
    8.093176727015));
#4373 = CARTESIAN_POINT('',(-5.43961883839,6.278985408014,8.107480011751
    ));
#4374 = CARTESIAN_POINT('',(-5.634554518826,6.119417832549,
    8.115595337173));
#4375 = CARTESIAN_POINT('',(-5.791904834754,5.982976569031,
    8.120330145376));
#4376 = CARTESIAN_POINT('',(-5.982654956171,5.790184519286,
    8.119831237924));
#4377 = CARTESIAN_POINT('',(-6.119157342309,5.636679369045,
    8.116362933045));
#4378 = CARTESIAN_POINT('',(-6.280181204643,5.43636349327,8.106983476865
    ));
#4379 = CARTESIAN_POINT('',(-6.409509129171,5.249545437007,
    8.093809830413));
#4380 = CARTESIAN_POINT('',(-6.534330945869,5.049452569827,
    8.076031758089));
#4381 = CARTESIAN_POINT('',(-6.645905292507,4.840202926378,
    8.051968255129));
#4382 = CARTESIAN_POINT('',(-6.742334642712,4.626425610047,
    8.021906035794));
#4383 = DEFINITIONAL_REPRESENTATION('',(#4384),#4388);
#4384 = LINE('',#4385,#4386);
#4385 = CARTESIAN_POINT('',(2.918379285476,0.));
#4386 = VECTOR('',#4387,1.);
#4387 = DIRECTION('',(0.,1.));
#4388 = ( GEOMETRIC_REPRESENTATION_CONTEXT(2) 
PARAMETRIC_REPRESENTATION_CONTEXT() REPRESENTATION_CONTEXT('2D SPACE',''
  ) );
#4389 = ADVANCED_FACE('',(#4390),#3417,.T.);
#4390 = FACE_BOUND('',#4391,.T.);
#4391 = EDGE_LOOP('',(#4392,#4393,#4394,#4417));
#4392 = ORIENTED_EDGE('',*,*,#3861,.F.);
#4393 = ORIENTED_EDGE('',*,*,#3389,.T.);
#4394 = ORIENTED_EDGE('',*,*,#4395,.T.);
#4395 = EDGE_CURVE('',#3390,#4396,#4398,.T.);
#4396 = VERTEX_POINT('',#4397);
#4397 = CARTESIAN_POINT('',(-4.626535552101,-6.742429551008,
    8.021708149811));
#4398 = SURFACE_CURVE('',#4399,(#4403,#4410),.PCURVE_S1.);
#4399 = B_SPLINE_CURVE_WITH_KNOTS('',2,(#4400,#4401,#4402),
  .UNSPECIFIED.,.F.,.F.,(3,3),(0.,1.),.PIECEWISE_BEZIER_KNOTS.);
#4400 = CARTESIAN_POINT('',(-8.6,-9.1,0.));
#4401 = CARTESIAN_POINT('',(-9.139564915894,-10.76330228963,0.));
#4402 = CARTESIAN_POINT('',(-3.520870168212,-5.773395420737,10.));
#4403 = PCURVE('',#3417,#4404);
#4404 = DEFINITIONAL_REPRESENTATION('',(#4405),#4409);
#4405 = LINE('',#4406,#4407);
#4406 = CARTESIAN_POINT('',(2.,0.));
#4407 = VECTOR('',#4408,1.);
#4408 = DIRECTION('',(0.,1.));
#4409 = ( GEOMETRIC_REPRESENTATION_CONTEXT(2) 
PARAMETRIC_REPRESENTATION_CONTEXT() REPRESENTATION_CONTEXT('2D SPACE',''
  ) );
#4410 = PCURVE('',#3480,#4411);
#4411 = DEFINITIONAL_REPRESENTATION('',(#4412),#4416);
#4412 = LINE('',#4413,#4414);
#4413 = CARTESIAN_POINT('',(2.,0.));
#4414 = VECTOR('',#4415,1.);
#4415 = DIRECTION('',(0.,1.));
#4416 = ( GEOMETRIC_REPRESENTATION_CONTEXT(2) 
PARAMETRIC_REPRESENTATION_CONTEXT() REPRESENTATION_CONTEXT('2D SPACE',''
  ) );
#4417 = ORIENTED_EDGE('',*,*,#4418,.F.);
#4418 = EDGE_CURVE('',#3862,#4396,#4419,.T.);
#4419 = SURFACE_CURVE('',#4420,(#4436,#4462),.PCURVE_S1.);
#4420 = ( BOUNDED_CURVE() B_SPLINE_CURVE(14,(#4421,#4422,#4423,#4424,
    #4425,#4426,#4427,#4428,#4429,#4430,#4431,#4432,#4433,#4434,#4435),
.UNSPECIFIED.,.F.,.F.) B_SPLINE_CURVE_WITH_KNOTS((15,15),(
36.436545095676,39.354868606466),.PIECEWISE_BEZIER_KNOTS.) CURVE() 
GEOMETRIC_REPRESENTATION_ITEM() RATIONAL_B_SPLINE_CURVE((1.,1.,
    1.000000000001,0.999999999998,1.000000000005,0.999999999991,
    1.000000000013,0.999999999985,1.000000000014,0.999999999989,
    1.000000000006,0.999999999997,1.000000000001,1.,1.)) 
REPRESENTATION_ITEM('') );
#4421 = CARTESIAN_POINT('',(-6.742331148543,-4.626421562398,
    8.021913321201));
#4422 = CARTESIAN_POINT('',(-6.652619304674,-4.825282331407,8.0498939315
    ));
#4423 = CARTESIAN_POINT('',(-6.550318008774,-5.019022231858,
    8.072431883244));
#4424 = CARTESIAN_POINT('',(-6.438025344926,-5.20556144482,
    8.090272909626));
#4425 = CARTESIAN_POINT('',(-6.311664667496,-5.386432402686,
    8.102309867335));
#4426 = CARTESIAN_POINT('',(-6.188948731139,-5.557660716622,
    8.115275463932));
#4427 = CARTESIAN_POINT('',(-6.022119714027,-5.734905255269,
    8.114329363622));
#4428 = CARTESIAN_POINT('',(-5.910101020724,-5.874461558517,
    8.125143052894));
#4429 = CARTESIAN_POINT('',(-5.7046490912,-6.051632111447,8.113686346907
    ));
#4430 = CARTESIAN_POINT('',(-5.577887000026,-6.169535225664,
    8.115690738763));
#4431 = CARTESIAN_POINT('',(-5.37965787841,-6.319502491266,
    8.102161118407));
#4432 = CARTESIAN_POINT('',(-5.2061534596,-6.436433710295,8.089665283397
    ));
#4433 = CARTESIAN_POINT('',(-5.021237967955,-6.549557854866,
    8.072586626035));
#4434 = CARTESIAN_POINT('',(-4.825480963358,-6.652706970793,
    8.049664732614));
#4435 = CARTESIAN_POINT('',(-4.626535552101,-6.742429551008,
    8.021708149811));
#4436 = PCURVE('',#3417,#4437);
#4437 = DEFINITIONAL_REPRESENTATION('',(#4438),#4461);
#4438 = B_SPLINE_CURVE_WITH_KNOTS('',11,(#4439,#4440,#4441,#4442,#4443,
    #4444,#4445,#4446,#4447,#4448,#4449,#4450,#4451,#4452,#4453,#4454,
    #4455,#4456,#4457,#4458,#4459,#4460),.UNSPECIFIED.,.F.,.F.,(12,10,12
    ),(36.436545095676,37.895706851071,39.354868606466),.UNSPECIFIED.);
#4439 = CARTESIAN_POINT('',(1.,0.895651345179));
#4440 = CARTESIAN_POINT('',(1.04747954597,0.896645361601));
#4441 = CARTESIAN_POINT('',(1.094344280669,0.897512672894));
#4442 = CARTESIAN_POINT('',(1.140548990533,0.898263575301));
#4443 = CARTESIAN_POINT('',(1.186243650774,0.898897753003));
#4444 = CARTESIAN_POINT('',(1.231539782359,0.899440070924));
#4445 = CARTESIAN_POINT('',(1.276617683897,0.899885291718));
#4446 = CARTESIAN_POINT('',(1.321509965658,0.900233388922));
#4447 = CARTESIAN_POINT('',(1.366184284603,0.900497638286));
#4448 = CARTESIAN_POINT('',(1.410788561241,0.900670393265));
#4449 = CARTESIAN_POINT('',(1.455332816588,0.900756875072));
#4450 = CARTESIAN_POINT('',(1.544428516925,0.900754965434));
#4451 = CARTESIAN_POINT('',(1.5889766915,0.900666782451));
#4452 = CARTESIAN_POINT('',(1.633592424671,0.900491010514));
#4453 = CARTESIAN_POINT('',(1.678250808685,0.900229065494));
#4454 = CARTESIAN_POINT('',(1.723233992875,0.899873108504));
#4455 = CARTESIAN_POINT('',(1.768099802547,0.899434368682));
#4456 = CARTESIAN_POINT('',(1.813879702364,0.898883061056));
#4457 = CARTESIAN_POINT('',(1.859070283929,0.898254718508));
#4458 = CARTESIAN_POINT('',(1.905315750783,0.897508813911));
#4459 = CARTESIAN_POINT('',(1.952504576961,0.896633066894));
#4460 = CARTESIAN_POINT('',(2.,0.895639891352));
#4461 = ( GEOMETRIC_REPRESENTATION_CONTEXT(2) 
PARAMETRIC_REPRESENTATION_CONTEXT() REPRESENTATION_CONTEXT('2D SPACE',''
  ) );
#4462 = PCURVE('',#4463,#4509);
#4463 = ( BOUNDED_SURFACE() B_SPLINE_SURFACE(2,14,(
    (#4464,#4465,#4466,#4467,#4468,#4469,#4470,#4471,#4472,#4473,#4474
      ,#4475,#4476,#4477,#4478)
    ,(#4479,#4480,#4481,#4482,#4483,#4484,#4485,#4486,#4487,#4488,#4489
      ,#4490,#4491,#4492,#4493)
    ,(#4494,#4495,#4496,#4497,#4498,#4499,#4500,#4501,#4502,#4503,#4504
      ,#4505,#4506,#4507,#4508
)),.UNSPECIFIED.,.F.,.F.,.F.) B_SPLINE_SURFACE_WITH_KNOTS((3,3),(15,15),
  (0.,2.91832351079),(36.436545095676,39.354868606466),
.PIECEWISE_BEZIER_KNOTS.) GEOMETRIC_REPRESENTATION_ITEM() 
RATIONAL_B_SPLINE_SURFACE((
    (1.,1.,1.000000000001,0.999999999998,1.000000000005,0.999999999991
      ,1.000000000013,0.999999999985,1.000000000014,0.999999999989
      ,1.000000000006,0.999999999997,1.000000000001,1.,1.)
    ,(0.80072388361,0.807084485995,0.811911995541,0.815580874095
      ,0.817657768943,0.82089880879,0.819348570574,0.823305545498
      ,0.819114853183,0.821172367742,0.817656876367,0.815472038566
      ,0.812039884508,0.807041930226,0.800635193691)
    ,(1.,1.,1.000000000001,0.999999999998,1.000000000005,0.999999999991
      ,1.000000000013,0.999999999985,1.000000000014,0.999999999989
      ,1.000000000006,0.999999999997,1.000000000001,1.,1.
))) REPRESENTATION_ITEM('') SURFACE() );
#4464 = CARTESIAN_POINT('',(-6.133722602171,-4.337150968583,
    8.272212299284));
#4465 = CARTESIAN_POINT('',(-6.066050674424,-4.502654687532,
    8.285931658561));
#4466 = CARTESIAN_POINT('',(-5.987044174838,-4.664918625782,
    8.297545237603));
#4467 = CARTESIAN_POINT('',(-5.891315274284,-4.829448835979,
    8.30714184861));
#4468 = CARTESIAN_POINT('',(-5.798738747368,-4.988809712985,
    8.316116525997));
#4469 = CARTESIAN_POINT('',(-5.643457787863,-5.148109453306,
    8.317291005859));
#4470 = CARTESIAN_POINT('',(-5.619560034901,-5.257082670754,
    8.327871116772));
#4471 = CARTESIAN_POINT('',(-5.330717400543,-5.470165565947,
    8.318970466872));
#4472 = CARTESIAN_POINT('',(-5.378958764251,-5.499760103856,
    8.327905611599));
#4473 = CARTESIAN_POINT('',(-5.073520009492,-5.718583965959,
    8.317397137227));
#4474 = CARTESIAN_POINT('',(-5.015937587655,-5.767156501115,
    8.315175241104));
#4475 = CARTESIAN_POINT('',(-4.83159130206,-5.896367061949,
    8.307875006807));
#4476 = CARTESIAN_POINT('',(-4.658805114781,-5.989337429007,
    8.296770785607));
#4477 = CARTESIAN_POINT('',(-4.504114097975,-6.065375130359,
    8.28577543189));
#4478 = CARTESIAN_POINT('',(-4.338750209155,-6.132987566685,
    8.272099836711));
#4479 = CARTESIAN_POINT('',(-6.531063675399,-4.503521626497,
    8.398403798127));
#4480 = CARTESIAN_POINT('',(-6.443269781074,-4.690641099018,
    8.411768861514));
#4481 = CARTESIAN_POINT('',(-6.344624488094,-4.873753950426,
    8.423170510465));
#4482 = CARTESIAN_POINT('',(-6.235321405294,-5.052243571806,
    8.432530706752));
#4483 = CARTESIAN_POINT('',(-6.117302630675,-5.225687250232,
    8.440131750452));
#4484 = CARTESIAN_POINT('',(-5.985609154167,-5.392559489313,
    8.444635459054));
#4485 = CARTESIAN_POINT('',(-5.855919153383,-5.551460644475,
    8.44901214269));
#4486 = CARTESIAN_POINT('',(-5.6995995089,-5.707421166995,8.448311095585
    ));
#4487 = CARTESIAN_POINT('',(-5.559150246462,-5.848780658393,
    8.44900052023));
#4488 = CARTESIAN_POINT('',(-5.388562866471,-5.989496520075,
    8.444410128114));
#4489 = CARTESIAN_POINT('',(-5.227973705853,-6.115367405975,
    8.439892106157));
#4490 = CARTESIAN_POINT('',(-5.052566958957,-6.235643536149,
    8.432369214101));
#4491 = CARTESIAN_POINT('',(-4.874235596182,-6.344397129081,
    8.422908493768));
#4492 = CARTESIAN_POINT('',(-4.691201403893,-6.443126558348,
    8.411623789661));
#4493 = CARTESIAN_POINT('',(-4.504097131637,-6.530889879752,
    8.398361335469));
#4494 = CARTESIAN_POINT('',(-6.742331148543,-4.626421562398,
    8.021913321201));
#4495 = CARTESIAN_POINT('',(-6.652619304674,-4.825282331407,8.0498939315
    ));
#4496 = CARTESIAN_POINT('',(-6.550318008774,-5.019022231858,
    8.072431883244));
#4497 = CARTESIAN_POINT('',(-6.438025344926,-5.20556144482,
    8.090272909626));
#4498 = CARTESIAN_POINT('',(-6.311664667496,-5.386432402686,
    8.102309867335));
#4499 = CARTESIAN_POINT('',(-6.188948731139,-5.557660716622,
    8.115275463932));
#4500 = CARTESIAN_POINT('',(-6.022119714027,-5.734905255269,
    8.114329363622));
#4501 = CARTESIAN_POINT('',(-5.910101020724,-5.874461558517,
    8.125143052894));
#4502 = CARTESIAN_POINT('',(-5.7046490912,-6.051632111447,8.113686346907
    ));
#4503 = CARTESIAN_POINT('',(-5.577887000026,-6.169535225664,
    8.115690738763));
#4504 = CARTESIAN_POINT('',(-5.37965787841,-6.319502491266,
    8.102161118407));
#4505 = CARTESIAN_POINT('',(-5.2061534596,-6.436433710295,8.089665283397
    ));
#4506 = CARTESIAN_POINT('',(-5.021237967955,-6.549557854866,
    8.072586626035));
#4507 = CARTESIAN_POINT('',(-4.825480963358,-6.652706970793,
    8.049664732614));
#4508 = CARTESIAN_POINT('',(-4.626535552101,-6.742429551008,
    8.021708149811));
#4509 = DEFINITIONAL_REPRESENTATION('',(#4510),#4514);
#4510 = LINE('',#4511,#4512);
#4511 = CARTESIAN_POINT('',(2.91832351079,0.));
#4512 = VECTOR('',#4513,1.);
#4513 = DIRECTION('',(0.,1.));
#4514 = ( GEOMETRIC_REPRESENTATION_CONTEXT(2) 
PARAMETRIC_REPRESENTATION_CONTEXT() REPRESENTATION_CONTEXT('2D SPACE',''
  ) );
#4515 = ADVANCED_FACE('',(#4516),#3732,.T.);
#4516 = FACE_BOUND('',#4517,.T.);
#4517 = EDGE_LOOP('',(#4518,#4541,#4542,#4543));
#4518 = ORIENTED_EDGE('',*,*,#4519,.F.);
#4519 = EDGE_CURVE('',#3642,#4520,#4522,.T.);
#4520 = VERTEX_POINT('',#4521);
#4521 = CARTESIAN_POINT('',(4.626535559644,6.742429557519,8.021708136236
    ));
#4522 = SURFACE_CURVE('',#4523,(#4527,#4534),.PCURVE_S1.);
#4523 = B_SPLINE_CURVE_WITH_KNOTS('',2,(#4524,#4525,#4526),
  .UNSPECIFIED.,.F.,.F.,(3,3),(0.,1.),.PIECEWISE_BEZIER_KNOTS.);
#4524 = CARTESIAN_POINT('',(8.6,9.1,0.));
#4525 = CARTESIAN_POINT('',(9.139564915894,10.763302289631,0.));
#4526 = CARTESIAN_POINT('',(3.520870168212,5.773395420737,10.));
#4527 = PCURVE('',#3732,#4528);
#4528 = DEFINITIONAL_REPRESENTATION('',(#4529),#4533);
#4529 = LINE('',#4530,#4531);
#4530 = CARTESIAN_POINT('',(6.,0.));
#4531 = VECTOR('',#4532,1.);
#4532 = DIRECTION('',(0.,1.));
#4533 = ( GEOMETRIC_REPRESENTATION_CONTEXT(2) 
PARAMETRIC_REPRESENTATION_CONTEXT() REPRESENTATION_CONTEXT('2D SPACE',''
  ) );
#4534 = PCURVE('',#3669,#4535);
#4535 = DEFINITIONAL_REPRESENTATION('',(#4536),#4540);
#4536 = LINE('',#4537,#4538);
#4537 = CARTESIAN_POINT('',(6.,0.));
#4538 = VECTOR('',#4539,1.);
#4539 = DIRECTION('',(0.,1.));
#4540 = ( GEOMETRIC_REPRESENTATION_CONTEXT(2) 
PARAMETRIC_REPRESENTATION_CONTEXT() REPRESENTATION_CONTEXT('2D SPACE',''
  ) );
#4541 = ORIENTED_EDGE('',*,*,#3704,.T.);
#4542 = ORIENTED_EDGE('',*,*,#4273,.T.);
#4543 = ORIENTED_EDGE('',*,*,#4544,.F.);
#4544 = EDGE_CURVE('',#4520,#4274,#4545,.T.);
#4545 = SURFACE_CURVE('',#4546,(#4614,#4710),.PCURVE_S1.);
#4546 = ( BOUNDED_CURVE() B_SPLINE_CURVE(14,(#4547,#4548,#4549,#4550,
    #4551,#4552,#4553,#4554,#4555,#4556,#4557,#4558,#4559,#4560,#4561,
    #4562,#4563,#4564,#4565,#4566,#4567,#4568,#4569,#4570,#4571,#4572,
    #4573,#4574,#4575,#4576,#4577,#4578,#4579,#4580,#4581,#4582,#4583,
    #4584,#4585,#4586,#4587,#4588,#4589,#4590,#4591,#4592,#4593,#4594,
    #4595,#4596,#4597,#4598,#4599,#4600,#4601,#4602,#4603,#4604,#4605,
    #4606,#4607,#4608,#4609,#4610,#4611,#4612,#4613),.UNSPECIFIED.,.F.,
.F.) B_SPLINE_CURVE_WITH_KNOTS((15,13,13,13,13,15),(15.122678607658,
    16.653488755595,19.722376708556,22.088331711704,23.171798025604,
24.322683062943),.UNSPECIFIED.) CURVE() GEOMETRIC_REPRESENTATION_ITEM() 
RATIONAL_B_SPLINE_CURVE((1.,1.,1.000000000001,0.999999999996,
    1.000000000008,0.999999999987,1.000000000016,0.999999999984,
    1.000000000013,0.999999999992,1.000000000004,0.999999999998,1.,1.,1.
    ,1.,0.999999999999,1.000000000003,0.999999999995,1.000000000006,
    0.999999999994,1.000000000005,0.999999999997,1.000000000002,
    0.999999999999,1.,1.,1.,1.000000000001,0.999999999997,1.000000000007
    ,0.999999999989,1.000000000013,0.999999999986,1.000000000012,
    0.999999999992,1.000000000004,0.999999999998,1.000000000001,1.,1.,1.
    ,0.999999999999,1.000000000004,0.999999999993,1.000000000009,
    0.99999999999,1.000000000009,0.999999999994,1.000000000003,
    0.999999999999,1.,1.,1.,1.000000000003,0.999999999992,1.000000000017
    ,0.999999999972,1.000000000037,0.999999999959,1.000000000037,
    0.999999999973,1.000000000016,0.999999999992,1.000000000003,
0.999999999999,1.)) REPRESENTATION_ITEM('') );
#4547 = CARTESIAN_POINT('',(4.630882286404,6.74618164006,8.013884199923)
  );
#4548 = CARTESIAN_POINT('',(4.522637978926,6.784424710535,7.997339498658
    ));
#4549 = CARTESIAN_POINT('',(4.414739073165,6.821000928519,7.981283450057
    ));
#4550 = CARTESIAN_POINT('',(4.311281092044,6.854349163806,7.966729983196
    ));
#4551 = CARTESIAN_POINT('',(4.195214908106,6.891653786062,7.94917434602)
  );
#4552 = CARTESIAN_POINT('',(4.105478424218,6.916514474633,7.939071593417
    ));
#4553 = CARTESIAN_POINT('',(3.974170436333,6.957775384156,7.91803601238)
  );
#4554 = CARTESIAN_POINT('',(3.892789191061,6.976472622584,7.911038736669
    ));
#4555 = CARTESIAN_POINT('',(3.76349694926,7.014445552074,7.891266581924)
  );
#4556 = CARTESIAN_POINT('',(3.669426226505,7.036097971591,7.881615335586
    ));
#4557 = CARTESIAN_POINT('',(3.554601233096,7.0654820928,7.866635015724)
  );
#4558 = CARTESIAN_POINT('',(3.448430486545,7.089972480805,7.854479189745
    ));
#4559 = CARTESIAN_POINT('',(3.339184899511,7.114641267555,7.841900213185
    ));
#4560 = CARTESIAN_POINT('',(3.230251478017,7.138049414,7.829847328163));
#4561 = CARTESIAN_POINT('',(2.902020765839,7.205462616928,7.79471411081)
  );
#4562 = CARTESIAN_POINT('',(2.682044654765,7.24642657697,7.772788555905)
  );
#4563 = CARTESIAN_POINT('',(2.461204497731,7.283507028768,7.752458085696
    ));
#4564 = CARTESIAN_POINT('',(2.239608000854,7.316825647443,7.733792301271
    ));
#4565 = CARTESIAN_POINT('',(2.017353159904,7.346494888324,7.716851075246
    ));
#4566 = CARTESIAN_POINT('',(1.794529562689,7.372617263983,7.701685213093
    ));
#4567 = CARTESIAN_POINT('',(1.571219691597,7.395284621257,7.688337114429
    ));
#4568 = CARTESIAN_POINT('',(1.347500225968,7.414577418281,7.676841434363
    ));
#4569 = CARTESIAN_POINT('',(1.12344334461,7.430564001526,7.667225744767)
  );
#4570 = CARTESIAN_POINT('',(0.899118028222,7.443299882809,7.659511195636
    ));
#4571 = CARTESIAN_POINT('',(0.674591361858,7.452827016348,7.653713176354
    ));
#4572 = CARTESIAN_POINT('',(0.449929837389,7.459173075767,7.649841977047
    ));
#4573 = CARTESIAN_POINT('',(0.225200655946,7.462350731146,7.647903449867
    ));
#4574 = CARTESIAN_POINT('',(-0.172780427609,7.46236170198,7.647896756489
    ));
#4575 = CARTESIAN_POINT('',(-0.346031963334,7.460483562457,7.64904189002
    ));
#4576 = CARTESIAN_POINT('',(-0.519253586003,7.456721787358,
    7.651336066994));
#4577 = CARTESIAN_POINT('',(-0.692416267783,7.451071078899,
    7.654778059654));
#4578 = CARTESIAN_POINT('',(-0.865489943753,7.443521561584,
    7.659364416405));
#4579 = CARTESIAN_POINT('',(-1.038443511964,7.434058782275,
    7.665089461816));
#4580 = CARTESIAN_POINT('',(-1.211244833377,7.422663710081,
    7.671945296623));
#4581 = CARTESIAN_POINT('',(-1.383860731898,7.409312736508,7.67992179772
    ));
#4582 = CARTESIAN_POINT('',(-1.556256994395,7.393977675285,7.68900661817
    ));
#4583 = CARTESIAN_POINT('',(-1.728398370629,7.376625762539,
    7.699185187195));
#4584 = CARTESIAN_POINT('',(-1.900248573351,7.357219656643,
    7.710440710186));
#4585 = CARTESIAN_POINT('',(-2.071770278207,7.335717438329,
    7.722754168694));
#4586 = CARTESIAN_POINT('',(-2.24292512381,7.312072610618,7.736104320434
    ));
#4587 = CARTESIAN_POINT('',(-2.491866383527,7.274401601167,
    7.757045270339));
#4588 = CARTESIAN_POINT('',(-2.569973041571,7.262109594272,
    7.763834897559));
#4589 = CARTESIAN_POINT('',(-2.647989905837,7.249353097937,
    7.770834278509));
#4590 = CARTESIAN_POINT('',(-2.725912932737,7.23612707345,7.778040920051
    ));
#4591 = CARTESIAN_POINT('',(-2.803737815042,7.222426423617,
    7.785452138334));
#4592 = CARTESIAN_POINT('',(-2.881459981954,7.208245992782,
    7.793065058819));
#4593 = CARTESIAN_POINT('',(-2.959074599023,7.193580566782,
    7.800876616242));
#4594 = CARTESIAN_POINT('',(-3.03657656821,7.178424873012,7.808883554658
    ));
#4595 = CARTESIAN_POINT('',(-3.113960527875,7.162773580349,
    7.817082427396));
#4596 = CARTESIAN_POINT('',(-3.191220852726,7.146621299231,7.8254695971)
  );
#4597 = CARTESIAN_POINT('',(-3.268351653917,7.129962581583,
    7.834041235696));
#4598 = CARTESIAN_POINT('',(-3.345346778937,7.112791920879,
    7.842793324414));
#4599 = CARTESIAN_POINT('',(-3.422199811704,7.095103752095,
    7.851721653777));
#4600 = CARTESIAN_POINT('',(-3.580381258195,7.057547952683,
    7.870488251771));
#4601 = CARTESIAN_POINT('',(-3.661624577844,7.037640966115,
    7.880331043735));
#4602 = CARTESIAN_POINT('',(-3.743236611586,7.016909758948,
    7.890506685789));
#4603 = CARTESIAN_POINT('',(-3.822506736299,6.996477145751,
    7.900293981839));
#4604 = CARTESIAN_POINT('',(-3.906870776207,6.973235713664,
    7.911651295428));
#4605 = CARTESIAN_POINT('',(-3.98274676038,6.952827923192,7.92099663657)
  );
#4606 = CARTESIAN_POINT('',(-4.066488541623,6.928463244717,7.93261340104
    ));
#4607 = CARTESIAN_POINT('',(-4.147895055688,6.904335482316,
    7.943843634326));
#4608 = CARTESIAN_POINT('',(-4.222927444519,6.882147730698,
    7.953590093548));
#4609 = CARTESIAN_POINT('',(-4.30988155273,6.854306971294,7.966639823028
    ));
#4610 = CARTESIAN_POINT('',(-4.385627263052,6.830304537155,
    7.976995291723));
#4611 = CARTESIAN_POINT('',(-4.468042839699,6.802855720255,7.9892215077)
  );
#4612 = CARTESIAN_POINT('',(-4.54936108516,6.77497716139,8.001434307184)
  );
#4613 = CARTESIAN_POINT('',(-4.630866529605,6.746168039757,
    8.013912562287));
#4614 = PCURVE('',#3732,#4615);
#4615 = DEFINITIONAL_REPRESENTATION('',(#4616),#4709);
#4616 = B_SPLINE_CURVE_WITH_KNOTS('',10,(#4617,#4618,#4619,#4620,#4621,
    #4622,#4623,#4624,#4625,#4626,#4627,#4628,#4629,#4630,#4631,#4632,
    #4633,#4634,#4635,#4636,#4637,#4638,#4639,#4640,#4641,#4642,#4643,
    #4644,#4645,#4646,#4647,#4648,#4649,#4650,#4651,#4652,#4653,#4654,
    #4655,#4656,#4657,#4658,#4659,#4660,#4661,#4662,#4663,#4664,#4665,
    #4666,#4667,#4668,#4669,#4670,#4671,#4672,#4673,#4674,#4675,#4676,
    #4677,#4678,#4679,#4680,#4681,#4682,#4683,#4684,#4685,#4686,#4687,
    #4688,#4689,#4690,#4691,#4692,#4693,#4694,#4695,#4696,#4697,#4698,
    #4699,#4700,#4701,#4702,#4703,#4704,#4705,#4706,#4707,#4708),
  .UNSPECIFIED.,.F.,.F.,(11,9,9,9,9,9,9,9,9,9,11),(15.122678607658,
    15.697678886113,16.272679164569,16.560179303796,16.847679443024,
    17.422679721479,19.722680835301,22.022681949122,23.172682506033,
    23.747682784488,24.322683062943),.UNSPECIFIED.);
#4617 = CARTESIAN_POINT('',(6.,0.895203004906));
#4618 = CARTESIAN_POINT('',(6.006936170305,0.894717065452));
#4619 = CARTESIAN_POINT('',(6.013821644947,0.894238644184));
#4620 = CARTESIAN_POINT('',(6.020576470262,0.893776628998));
#4621 = CARTESIAN_POINT('',(6.027365687053,0.893312017564));
#4622 = CARTESIAN_POINT('',(6.034062799283,0.892859752162));
#4623 = CARTESIAN_POINT('',(6.040751356242,0.892410141905));
#4624 = CARTESIAN_POINT('',(6.047395470023,0.891967557787));
#4625 = CARTESIAN_POINT('',(6.054018061511,0.891529471334));
#4626 = CARTESIAN_POINT('',(6.060614279692,0.891096623337));
#4627 = CARTESIAN_POINT('',(6.073760390245,0.8902409909));
#4628 = CARTESIAN_POINT('',(6.080310240926,0.889818211187));
#4629 = CARTESIAN_POINT('',(6.086837903528,0.889400520319));
#4630 = CARTESIAN_POINT('',(6.093345673688,0.888987817555));
#4631 = CARTESIAN_POINT('',(6.099835142772,0.888580085603));
#4632 = CARTESIAN_POINT('',(6.106306905332,0.888177423863));
#4633 = CARTESIAN_POINT('',(6.112761187182,0.887779971396));
#4634 = CARTESIAN_POINT('',(6.119198623963,0.887387812657));
#4635 = CARTESIAN_POINT('',(6.125620419949,0.887000958992));
#4636 = CARTESIAN_POINT('',(6.135230465497,0.886428768911));
#4637 = CARTESIAN_POINT('',(6.13843007621,0.886239382806));
#4638 = CARTESIAN_POINT('',(6.14162591788,0.886051363469));
#4639 = CARTESIAN_POINT('',(6.144818007739,0.885864727615));
#4640 = CARTESIAN_POINT('',(6.148006399288,0.885679487316));
#4641 = CARTESIAN_POINT('',(6.15119117004,0.885495651472));
#4642 = CARTESIAN_POINT('',(6.154372409326,0.885313227297));
#4643 = CARTESIAN_POINT('',(6.157550206044,0.885132221793));
#4644 = CARTESIAN_POINT('',(6.160724636451,0.884952643234));
#4645 = CARTESIAN_POINT('',(6.167066867395,0.884596362048));
#4646 = CARTESIAN_POINT('',(6.170234807681,0.884419642557));
#4647 = CARTESIAN_POINT('',(6.1733983273,0.884244511082));
#4648 = CARTESIAN_POINT('',(6.176559290741,0.884070760146));
#4649 = CARTESIAN_POINT('',(6.179717321112,0.883898450981));
#4650 = CARTESIAN_POINT('',(6.182871533176,0.88372770604));
#4651 = CARTESIAN_POINT('',(6.186022313371,0.883558495263));
#4652 = CARTESIAN_POINT('',(6.189170425535,0.88339074295));
#4653 = CARTESIAN_POINT('',(6.192315036386,0.883224564471));
#4654 = CARTESIAN_POINT('',(6.201739640128,0.882730644522));
#4655 = CARTESIAN_POINT('',(6.208010128648,0.882407551519));
#4656 = CARTESIAN_POINT('',(6.214268309031,0.882090736586));
#4657 = CARTESIAN_POINT('',(6.220514458237,0.881780287562));
#4658 = CARTESIAN_POINT('',(6.226748857642,0.881476289028));
#4659 = CARTESIAN_POINT('',(6.232971793103,0.881178822298));
#4660 = CARTESIAN_POINT('',(6.239183554878,0.880887965427));
#4661 = CARTESIAN_POINT('',(6.245384437706,0.880603793204));
#4662 = CARTESIAN_POINT('',(6.251574740743,0.880326377158));
#4663 = CARTESIAN_POINT('',(6.282474875032,0.878973419127));
#4664 = CARTESIAN_POINT('',(6.307030500932,0.878000246753));
#4665 = CARTESIAN_POINT('',(6.331441080658,0.877140654937));
#4666 = CARTESIAN_POINT('',(6.355726742967,0.876398249633));
#4667 = CARTESIAN_POINT('',(6.379908117849,0.875775913351));
#4668 = CARTESIAN_POINT('',(6.404006144392,0.875275862247));
#4669 = CARTESIAN_POINT('',(6.428041878602,0.874899703222));
#4670 = CARTESIAN_POINT('',(6.452036301272,0.874648491027));
#4671 = CARTESIAN_POINT('',(6.476010125812,0.874522785351));
#4672 = CARTESIAN_POINT('',(6.523957086387,0.874522630504));
#4673 = CARTESIAN_POINT('',(6.547930249341,0.87464801085));
#4674 = CARTESIAN_POINT('',(6.571924494185,0.874898983533));
#4675 = CARTESIAN_POINT('',(6.595960859159,0.875275065751));
#4676 = CARTESIAN_POINT('',(6.620060099342,0.875775159165));
#4677 = CARTESIAN_POINT('',(6.644242764464,0.876397551733));
#4678 = CARTESIAN_POINT('',(6.668529276739,0.877139919539));
#4679 = CARTESIAN_POINT('',(6.692940008673,0.87799932863));
#4680 = CARTESIAN_POINT('',(6.71749536089,0.878972236845));
#4681 = CARTESIAN_POINT('',(6.754576079476,0.880595625054));
#4682 = CARTESIAN_POINT('',(6.766977667105,0.881164105941));
#4683 = CARTESIAN_POINT('',(6.779422611278,0.88175931216));
#4684 = CARTESIAN_POINT('',(6.791913745225,0.882380716309));
#4685 = CARTESIAN_POINT('',(6.804453530975,0.883027699211));
#4686 = CARTESIAN_POINT('',(6.817043915036,0.883699521654));
#4687 = CARTESIAN_POINT('',(6.829686698361,0.884395378018));
#4688 = CARTESIAN_POINT('',(6.842383883884,0.8851144514));
#4689 = CARTESIAN_POINT('',(6.855137464177,0.885855889847));
#4690 = CARTESIAN_POINT('',(6.874353436565,0.886999990057));
#4691 = CARTESIAN_POINT('',(6.880769742172,0.887386301776));
#4692 = CARTESIAN_POINT('',(6.887220379834,0.887780113569));
#4693 = CARTESIAN_POINT('',(6.893635720381,0.888173236461));
#4694 = CARTESIAN_POINT('',(6.900138117999,0.888579612289));
#4695 = CARTESIAN_POINT('',(6.906595385655,0.888983852251));
#4696 = CARTESIAN_POINT('',(6.913102991536,0.889396747957));
#4697 = CARTESIAN_POINT('',(6.919618920791,0.889813287485));
#4698 = CARTESIAN_POINT('',(6.926159508642,0.890235148971));
#4699 = CARTESIAN_POINT('',(6.939287569935,0.891088850769));
#4700 = CARTESIAN_POINT('',(6.945876085095,0.891520809678));
#4701 = CARTESIAN_POINT('',(6.952485740257,0.891957308538));
#4702 = CARTESIAN_POINT('',(6.959145267383,0.892401418022));
#4703 = CARTESIAN_POINT('',(6.965790738116,0.892845742354));
#4704 = CARTESIAN_POINT('',(6.972580980152,0.893308142511));
#4705 = CARTESIAN_POINT('',(6.979249142253,0.893758382753));
#4706 = CARTESIAN_POINT('',(6.986153121114,0.894236708368));
#4707 = CARTESIAN_POINT('',(6.993052185546,0.894717099035));
#4708 = CARTESIAN_POINT('',(7.,0.895204589035));
#4709 = ( GEOMETRIC_REPRESENTATION_CONTEXT(2) 
PARAMETRIC_REPRESENTATION_CONTEXT() REPRESENTATION_CONTEXT('2D SPACE',''
  ) );
#4710 = PCURVE('',#4711,#4913);
#4711 = ( BOUNDED_SURFACE() B_SPLINE_SURFACE(2,14,(
    (#4712,#4713,#4714,#4715,#4716,#4717,#4718,#4719,#4720,#4721,#4722
      ,#4723,#4724,#4725,#4726,#4727,#4728,#4729,#4730,#4731,#4732,#4733
      ,#4734,#4735,#4736,#4737,#4738,#4739,#4740,#4741,#4742,#4743,#4744
      ,#4745,#4746,#4747,#4748,#4749,#4750,#4751,#4752,#4753,#4754,#4755
      ,#4756,#4757,#4758,#4759,#4760,#4761,#4762,#4763,#4764,#4765,#4766
      ,#4767,#4768,#4769,#4770,#4771,#4772,#4773,#4774,#4775,#4776,#4777
      ,#4778)
    ,(#4779,#4780,#4781,#4782,#4783,#4784,#4785,#4786,#4787,#4788,#4789
      ,#4790,#4791,#4792,#4793,#4794,#4795,#4796,#4797,#4798,#4799,#4800
      ,#4801,#4802,#4803,#4804,#4805,#4806,#4807,#4808,#4809,#4810,#4811
      ,#4812,#4813,#4814,#4815,#4816,#4817,#4818,#4819,#4820,#4821,#4822
      ,#4823,#4824,#4825,#4826,#4827,#4828,#4829,#4830,#4831,#4832,#4833
      ,#4834,#4835,#4836,#4837,#4838,#4839,#4840,#4841,#4842,#4843,#4844
      ,#4845)
    ,(#4846,#4847,#4848,#4849,#4850,#4851,#4852,#4853,#4854,#4855,#4856
      ,#4857,#4858,#4859,#4860,#4861,#4862,#4863,#4864,#4865,#4866,#4867
      ,#4868,#4869,#4870,#4871,#4872,#4873,#4874,#4875,#4876,#4877,#4878
      ,#4879,#4880,#4881,#4882,#4883,#4884,#4885,#4886,#4887,#4888,#4889
      ,#4890,#4891,#4892,#4893,#4894,#4895,#4896,#4897,#4898,#4899,#4900
      ,#4901,#4902,#4903,#4904,#4905,#4906,#4907,#4908,#4909,#4910,#4911
,#4912
    )),.UNSPECIFIED.,.F.,.F.,.F.) B_SPLINE_SURFACE_WITH_KNOTS((3,3),(15,
    13,13,13,13,15),(0.,9.200004455286),(15.122678607658,16.653488755595
    ,19.722376708556,22.088331711704,23.171798025604,24.322683062943),
.UNSPECIFIED.) GEOMETRIC_REPRESENTATION_ITEM() RATIONAL_B_SPLINE_SURFACE
((
    (1.,1.,1.000000000001,0.999999999996,1.000000000008,0.999999999987
      ,1.000000000016,0.999999999984,1.000000000013,0.999999999992
      ,1.000000000004,0.999999999998,1.,1.,1.,1.,0.999999999999
      ,1.000000000003,0.999999999995,1.000000000006,0.999999999994
      ,1.000000000005,0.999999999997,1.000000000002,0.999999999999,1.,1.
      ,1.,1.000000000001,0.999999999997,1.000000000007,0.999999999989
      ,1.000000000013,0.999999999986,1.000000000012,0.999999999992
      ,1.000000000004,0.999999999998,1.000000000001,1.,1.,1.
      ,0.999999999999,1.000000000004,0.999999999993,1.000000000009
      ,0.99999999999,1.000000000009,0.999999999994,1.000000000003
      ,0.999999999999,1.,1.,1.,1.000000000003,0.999999999992
      ,1.000000000017,0.999999999972,1.000000000037,0.999999999959
      ,1.000000000037,0.999999999973,1.000000000016,0.999999999992
      ,1.000000000003,0.999999999999,1.)
    ,(0.795874499195,0.793096591291,0.790462792589,0.788337886324
      ,0.785052258341,0.784505898744,0.779797191981,0.78032458282
      ,0.775964467405,0.775372160012,0.772692484739,0.771014403988
      ,0.769101772972,0.767312244932,0.762106742685,0.758888647264
      ,0.755932167416,0.753241941571,0.75082090738,0.748670597192
      ,0.746791433276,0.745183023423,0.743844456083,0.742774595981
      ,0.741972379312,0.741437109252,0.741168751267,0.741167825528
      ,0.741325781923,0.741642524848,0.742118425873,0.742753800933
      ,0.743548910467,0.744503959197,0.745619096418,0.746894415683
      ,0.74832995509,0.74992569706,0.751681568483,0.753597440638
      ,0.756623670831,0.757607543893,0.758624704265,0.759675064956
      ,0.760758496093,0.761874825014,0.763023836103,0.764205271026
      ,0.76541882845,0.766664164326,0.767940891648,0.769248580624
      ,0.770586758576,0.773408194661,0.774888856068,0.776455742472
      ,0.777845198945,0.779777660477,0.780940180512,0.782903689338
      ,0.784697994655,0.785918535405,0.788319973274,0.789713921187
      ,0.79176106456,0.793789284119,0.795893531946)
    ,(1.,1.,1.000000000001,0.999999999996,1.000000000008,0.999999999987
      ,1.000000000016,0.999999999984,1.000000000013,0.999999999992
      ,1.000000000004,0.999999999998,1.,1.,1.,1.,0.999999999999
      ,1.000000000003,0.999999999995,1.000000000006,0.999999999994
      ,1.000000000005,0.999999999997,1.000000000002,0.999999999999,1.,1.
      ,1.,1.000000000001,0.999999999997,1.000000000007,0.999999999989
      ,1.000000000013,0.999999999986,1.000000000012,0.999999999992
      ,1.000000000004,0.999999999998,1.000000000001,1.,1.,1.
      ,0.999999999999,1.000000000004,0.999999999993,1.000000000009
      ,0.99999999999,1.000000000009,0.999999999994,1.000000000003
      ,0.999999999999,1.,1.,1.,1.000000000003,0.999999999992
      ,1.000000000017,0.999999999972,1.000000000037,0.999999999959
      ,1.000000000037,0.999999999973,1.000000000016,0.999999999992
,1.000000000003,0.999999999999,1.
  ))) REPRESENTATION_ITEM('') SURFACE() );
#4712 = CARTESIAN_POINT('',(4.340211747542,6.132468609333,8.272239767231
    ));
#4713 = CARTESIAN_POINT('',(4.250103012359,6.159790743988,8.26247952623)
  );
#4714 = CARTESIAN_POINT('',(4.159973644007,6.186746406533,8.25299061521)
  );
#4715 = CARTESIAN_POINT('',(4.052795065381,6.220553567321,8.242489760756
    ));
#4716 = CARTESIAN_POINT('',(3.991349225973,6.23222279051,8.235302566592)
  );
#4717 = CARTESIAN_POINT('',(3.827015028192,6.290336316132,8.22121591484)
  );
#4718 = CARTESIAN_POINT('',(3.820726375271,6.273586762737,8.218075218071
    ));
#4719 = CARTESIAN_POINT('',(3.619126027405,6.346935729353,8.201855155671
    ));
#4720 = CARTESIAN_POINT('',(3.601758222861,6.332682594644,8.198311582801
    ));
#4721 = CARTESIAN_POINT('',(3.44559850242,6.382548267403,8.18561288226)
  );
#4722 = CARTESIAN_POINT('',(3.368860722483,6.393898090717,8.17849481326)
  );
#4723 = CARTESIAN_POINT('',(3.256946925524,6.420803488272,8.169248983431
    ));
#4724 = CARTESIAN_POINT('',(3.155790947371,6.441615194232,8.160971221317
    ));
#4725 = CARTESIAN_POINT('',(3.052236021566,6.46258393599,8.152784786968)
  );
#4726 = CARTESIAN_POINT('',(2.741306079207,6.522594704079,8.128978508336
    ));
#4727 = CARTESIAN_POINT('',(2.533255101037,6.559063162312,8.114092745845
    ));
#4728 = CARTESIAN_POINT('',(2.324591514893,6.592096101904,8.10025604015)
  );
#4729 = CARTESIAN_POINT('',(2.115323984607,6.621811220286,8.087516953285
    ));
#4730 = CARTESIAN_POINT('',(1.905479018858,6.648310166661,8.075920789088
    ));
#4731 = CARTESIAN_POINT('',(1.695098134615,6.671679604432,8.065509201634
    ));
#4732 = CARTESIAN_POINT('',(1.484235020646,6.691992273682,8.056319803659
    ));
#4733 = CARTESIAN_POINT('',(1.272952700996,6.709308053562,8.048385775));
#4734 = CARTESIAN_POINT('',(1.061320698445,6.723675024804,8.041735471016
    ));
#4735 = CARTESIAN_POINT('',(0.849412198028,6.735130532097,8.036392031024
    ));
#4736 = CARTESIAN_POINT('',(0.637301210475,6.743702246588,8.032372986726
    ));
#4737 = CARTESIAN_POINT('',(0.425059735728,6.749409228286,8.029689870644
    ));
#4738 = CARTESIAN_POINT('',(0.212754926395,6.75226298853,8.028347824545)
  );
#4739 = CARTESIAN_POINT('',(-0.163232833776,6.752272841897,
    8.028343190558));
#4740 = CARTESIAN_POINT('',(-0.326911464456,6.75058274051,8.029137933718
    ));
#4741 = CARTESIAN_POINT('',(-0.490559618199,6.747197887109,
    8.030729423861));
#4742 = CARTESIAN_POINT('',(-0.654146879749,6.742114500841,
    8.033115683391));
#4743 = CARTESIAN_POINT('',(-0.817642441186,6.73532538115,8.036292770613
    ));
#4744 = CARTESIAN_POINT('',(-0.981015101906,6.726819907782,
    8.040254779734));
#4745 = CARTESIAN_POINT('',(-1.14423326869,6.71658404077,8.044993840862)
  );
#4746 = CARTESIAN_POINT('',(-1.307264955561,6.704600320459,
    8.050500120002));
#4747 = CARTESIAN_POINT('',(-1.470077784006,6.690847867478,
    8.056761819066));
#4748 = CARTESIAN_POINT('',(-1.632638982701,6.675302382767,
    8.063765175859));
#4749 = CARTESIAN_POINT('',(-1.794915387791,6.657936147551,
    8.071494464094));
#4750 = CARTESIAN_POINT('',(-1.956873442653,6.638718023363,
    8.079931993381));
#4751 = CARTESIAN_POINT('',(-2.118479198063,6.617613452028,8.08905810923
    ));
#4752 = CARTESIAN_POINT('',(-2.353527053128,6.584038548515,
    8.103335841502));
#4753 = CARTESIAN_POINT('',(-2.427274038774,6.573088923231,
    8.107960438721));
#4754 = CARTESIAN_POINT('',(-2.500936187361,6.56173231662,8.112722839498
    ));
#4755 = CARTESIAN_POINT('',(-2.574511124432,6.549965037057,
    8.117620899876));
#4756 = CARTESIAN_POINT('',(-2.647997182724,6.537782964503,
    8.122652477158));
#4757 = CARTESIAN_POINT('',(-2.721393402204,6.525181550478,
    8.127815429906));
#4758 = CARTESIAN_POINT('',(-2.794699530028,6.512155818104,
    8.133107617938));
#4759 = CARTESIAN_POINT('',(-2.867916020573,6.498700362054,
    8.138526902331));
#4760 = CARTESIAN_POINT('',(-2.941044035431,6.4848093486,8.144071145422)
  );
#4761 = CARTESIAN_POINT('',(-3.01408544338,6.470476515575,8.149738210802
    ));
#4762 = CARTESIAN_POINT('',(-3.087042820442,6.455695172398,
    8.155525963326));
#4763 = CARTESIAN_POINT('',(-3.159919449814,6.44045820006,8.161432269101
    ));
#4764 = CARTESIAN_POINT('',(-3.232719321929,6.424758051133,
    8.167454995497));
#4765 = CARTESIAN_POINT('',(-3.38270043718,6.391409188686,8.180110902764
    ));
#4766 = CARTESIAN_POINT('',(-3.460086911663,6.373598825215,
    8.186773250353));
#4767 = CARTESIAN_POINT('',(-3.535601104352,6.356087440502,
    8.193441254947));
#4768 = CARTESIAN_POINT('',(-3.618140607807,6.334699729336,
    8.200712293146));
#4769 = CARTESIAN_POINT('',(-3.683011754019,6.320914319882,
    8.206909457318));
#4770 = CARTESIAN_POINT('',(-3.775329719993,6.293764727956,
    8.215098451128));
#4771 = CARTESIAN_POINT('',(-3.840157392523,6.278562713254,
    8.221505652067));
#4772 = CARTESIAN_POINT('',(-3.912163553713,6.259490012548,
    8.228536206541));
#4773 = CARTESIAN_POINT('',(-4.004030478641,6.230401067315,
    8.236999901693));
#4774 = CARTESIAN_POINT('',(-4.054186318095,6.21964200605,8.242655465256
    ));
#4775 = CARTESIAN_POINT('',(-4.141914624152,6.191289564922,
    8.251044765077));
#4776 = CARTESIAN_POINT('',(-4.204430788571,6.173320942394,
    8.257671166358));
#4777 = CARTESIAN_POINT('',(-4.271785999646,6.153264079577,
    8.264842829424));
#4778 = CARTESIAN_POINT('',(-4.339145115165,6.132944317405,
    8.272161090384));
#4779 = CARTESIAN_POINT('',(4.508534956626,6.536860907809,8.400617485702
    ));
#4780 = CARTESIAN_POINT('',(4.405321062763,6.574615752391,8.390536917177
    ));
#4781 = CARTESIAN_POINT('',(4.302291903266,6.610977142623,8.380632937271
    ));
#4782 = CARTESIAN_POINT('',(4.199700543998,6.645759953184,8.370862324315
    ));
#4783 = CARTESIAN_POINT('',(4.094919284867,6.680499831795,8.361250518271
    ));
#4784 = CARTESIAN_POINT('',(3.993711027122,6.711806275862,8.351726163968
    ));
#4785 = CARTESIAN_POINT('',(3.885546608076,6.745797414378,8.342404590956
    ));
#4786 = CARTESIAN_POINT('',(3.785547619037,6.773956761386,8.333227105678
    ));
#4787 = CARTESIAN_POINT('',(3.676622489393,6.80571837825,8.324202440943)
  );
#4788 = CARTESIAN_POINT('',(3.574264560455,6.832803974879,8.315418804844
    ));
#4789 = CARTESIAN_POINT('',(3.467449081645,6.860992424539,8.306783952427
    ));
#4790 = CARTESIAN_POINT('',(3.362337967859,6.887168894597,8.298388185491
    ));
#4791 = CARTESIAN_POINT('',(3.256353905631,6.912632214329,8.290196982574
    ));
#4792 = CARTESIAN_POINT('',(3.150290328796,6.937015125771,8.282233669945
    ));
#4793 = CARTESIAN_POINT('',(2.829462500885,7.007611949835,8.258896876297
    ));
#4794 = CARTESIAN_POINT('',(2.614275415023,7.050694484084,8.24425293212)
  );
#4795 = CARTESIAN_POINT('',(2.398505675711,7.089771574914,8.230628680789
    ));
#4796 = CARTESIAN_POINT('',(2.182215457739,7.124954270253,8.218077674772
    ));
#4797 = CARTESIAN_POINT('',(1.965461854301,7.156344155775,8.206648495263
    ));
#4798 = CARTESIAN_POINT('',(1.748295962907,7.184032998965,8.196384560842
    ));
#4799 = CARTESIAN_POINT('',(1.530762482082,7.208102246491,8.187324017264
    ));
#4800 = CARTESIAN_POINT('',(1.312899840971,7.22862241291,8.179499704393)
  );
#4801 = CARTESIAN_POINT('',(1.094740876528,7.245652397587,8.172939194268
    ));
#4802 = CARTESIAN_POINT('',(0.87631406777,7.259238765941,8.167664891918)
  );
#4803 = CARTESIAN_POINT('',(0.657645328109,7.269415029964,8.163694189111
    ));
#4804 = CARTESIAN_POINT('',(0.438760352519,7.276200962175,8.161039659634
    ));
#4805 = CARTESIAN_POINT('',(0.219687508247,7.279601976338,8.159709283889
    ));
#4806 = CARTESIAN_POINT('',(-0.168551141827,7.279613720414,
    8.159704690108));
#4807 = CARTESIAN_POINT('',(-0.337487084619,7.277602361773,
    8.160491122112));
#4808 = CARTESIAN_POINT('',(-0.506338526365,7.273576766326,
    8.162065507939));
#4809 = CARTESIAN_POINT('',(-0.675095645522,7.267534513392,
    8.164425438881));
#4810 = CARTESIAN_POINT('',(-0.843746936255,7.259468550879,
    8.167566581456));
#4811 = CARTESIAN_POINT('',(-1.012279302011,7.249367231598,
    8.171482690398));
#4812 = CARTESIAN_POINT('',(-1.180678153723,7.23721436185,8.17616562867)
  );
#4813 = CARTESIAN_POINT('',(-1.348927512171,7.222989262347,
    8.181605394318));
#4814 = CARTESIAN_POINT('',(-1.517010114133,7.206666840635,
    8.187790154061));
#4815 = CARTESIAN_POINT('',(-1.684907521445,7.188217675158,
    8.194706283313));
#4816 = CARTESIAN_POINT('',(-1.852600232888,7.167608109775,
    8.202338412458));
#4817 = CARTESIAN_POINT('',(-2.020067797821,7.144800358719,
    8.210669478967));
#4818 = CARTESIAN_POINT('',(-2.187288931395,7.119752620811,
    8.219680785098));
#4819 = CARTESIAN_POINT('',(-2.430390220779,7.079952190706,
    8.233763214351));
#4820 = CARTESIAN_POINT('',(-2.506460936129,7.067013302616,
    8.238310298617));
#4821 = CARTESIAN_POINT('',(-2.582451764266,7.053598525071,
    8.242991236125));
#4822 = CARTESIAN_POINT('',(-2.658360475257,7.039703753816,
    8.247803861089));
#4823 = CARTESIAN_POINT('',(-2.734184645435,7.025324791594,
    8.252745922337));
#4824 = CARTESIAN_POINT('',(-2.809921680577,7.010457345874,
    8.257815086446));
#4825 = CARTESIAN_POINT('',(-2.885568840057,6.995097026256,
    8.263008941032));
#4826 = CARTESIAN_POINT('',(-2.961123259014,6.979239341501,
    8.268324998104));
#4827 = CARTESIAN_POINT('',(-3.036581972686,6.96287969624,8.273760697602
    ));
#4828 = CARTESIAN_POINT('',(-3.111941937784,6.946013387303,
    8.279313410943));
#4829 = CARTESIAN_POINT('',(-3.187200056237,6.928635599706,8.28498044475
    ));
#4830 = CARTESIAN_POINT('',(-3.262353196454,6.910741402275,
    8.290759044567));
#4831 = CARTESIAN_POINT('',(-3.337398215809,6.8923257429,8.296646398714)
  );
#4832 = CARTESIAN_POINT('',(-3.491638131231,6.853335861272,8.30898259119
    ));
#4833 = CARTESIAN_POINT('',(-3.570791653698,6.832709040576,
    8.315442703334));
#4834 = CARTESIAN_POINT('',(-3.649924399213,6.81143066597,8.322019872596
    ));
#4835 = CARTESIAN_POINT('',(-3.728457257194,6.789782138721,
    8.328697857148));
#4836 = CARTESIAN_POINT('',(-3.807885524999,6.766993011677,
    8.335499957809));
#4837 = CARTESIAN_POINT('',(-3.885603459512,6.744409708667,
    8.342385632274));
#4838 = CARTESIAN_POINT('',(-3.964526254544,6.720466417617,
    8.349373606391));
#4839 = CARTESIAN_POINT('',(-4.042950526828,6.696085840429,
    8.356459582684));
#4840 = CARTESIAN_POINT('',(-4.120175772001,6.671646440265,
    8.363630286668));
#4841 = CARTESIAN_POINT('',(-4.198790351329,6.645612030042,8.3708471114)
  );
#4842 = CARTESIAN_POINT('',(-4.275912427077,6.619768377776,
    8.378193631413));
#4843 = CARTESIAN_POINT('',(-4.353308117114,6.592891171998,
    8.385546659127));
#4844 = CARTESIAN_POINT('',(-4.430762436746,6.565303567467,
    8.393019903097));
#4845 = CARTESIAN_POINT('',(-4.508311194013,6.536934242046,
    8.400591883934));
#4846 = CARTESIAN_POINT('',(4.630882286404,6.74618164006,8.013884199923)
  );
#4847 = CARTESIAN_POINT('',(4.522637978926,6.784424710535,7.997339498658
    ));
#4848 = CARTESIAN_POINT('',(4.414739073165,6.821000928519,7.981283450057
    ));
#4849 = CARTESIAN_POINT('',(4.311281092044,6.854349163806,7.966729983196
    ));
#4850 = CARTESIAN_POINT('',(4.195214908106,6.891653786062,7.94917434602)
  );
#4851 = CARTESIAN_POINT('',(4.105478424218,6.916514474633,7.939071593417
    ));
#4852 = CARTESIAN_POINT('',(3.974170436333,6.957775384156,7.91803601238)
  );
#4853 = CARTESIAN_POINT('',(3.892789191061,6.976472622584,7.911038736669
    ));
#4854 = CARTESIAN_POINT('',(3.76349694926,7.014445552074,7.891266581924)
  );
#4855 = CARTESIAN_POINT('',(3.669426226505,7.036097971591,7.881615335586
    ));
#4856 = CARTESIAN_POINT('',(3.554601233096,7.0654820928,7.866635015724)
  );
#4857 = CARTESIAN_POINT('',(3.448430486545,7.089972480805,7.854479189745
    ));
#4858 = CARTESIAN_POINT('',(3.339184899511,7.114641267555,7.841900213185
    ));
#4859 = CARTESIAN_POINT('',(3.230251478017,7.138049414,7.829847328163));
#4860 = CARTESIAN_POINT('',(2.902020765839,7.205462616928,7.79471411081)
  );
#4861 = CARTESIAN_POINT('',(2.682044654765,7.24642657697,7.772788555905)
  );
#4862 = CARTESIAN_POINT('',(2.461204497731,7.283507028768,7.752458085696
    ));
#4863 = CARTESIAN_POINT('',(2.239608000854,7.316825647443,7.733792301271
    ));
#4864 = CARTESIAN_POINT('',(2.017353159904,7.346494888324,7.716851075246
    ));
#4865 = CARTESIAN_POINT('',(1.794529562689,7.372617263983,7.701685213093
    ));
#4866 = CARTESIAN_POINT('',(1.571219691597,7.395284621257,7.688337114429
    ));
#4867 = CARTESIAN_POINT('',(1.347500225968,7.414577418281,7.676841434363
    ));
#4868 = CARTESIAN_POINT('',(1.12344334461,7.430564001526,7.667225744767)
  );
#4869 = CARTESIAN_POINT('',(0.899118028222,7.443299882809,7.659511195636
    ));
#4870 = CARTESIAN_POINT('',(0.674591361858,7.452827016348,7.653713176354
    ));
#4871 = CARTESIAN_POINT('',(0.449929837389,7.459173075767,7.649841977047
    ));
#4872 = CARTESIAN_POINT('',(0.225200655946,7.462350731146,7.647903449867
    ));
#4873 = CARTESIAN_POINT('',(-0.172780427609,7.46236170198,7.647896756489
    ));
#4874 = CARTESIAN_POINT('',(-0.346031963334,7.460483562457,7.64904189002
    ));
#4875 = CARTESIAN_POINT('',(-0.519253586003,7.456721787358,
    7.651336066994));
#4876 = CARTESIAN_POINT('',(-0.692416267783,7.451071078899,
    7.654778059654));
#4877 = CARTESIAN_POINT('',(-0.865489943753,7.443521561584,
    7.659364416405));
#4878 = CARTESIAN_POINT('',(-1.038443511964,7.434058782275,
    7.665089461816));
#4879 = CARTESIAN_POINT('',(-1.211244833377,7.422663710081,
    7.671945296623));
#4880 = CARTESIAN_POINT('',(-1.383860731898,7.409312736508,7.67992179772
    ));
#4881 = CARTESIAN_POINT('',(-1.556256994395,7.393977675285,7.68900661817
    ));
#4882 = CARTESIAN_POINT('',(-1.728398370629,7.376625762539,
    7.699185187195));
#4883 = CARTESIAN_POINT('',(-1.900248573351,7.357219656643,
    7.710440710186));
#4884 = CARTESIAN_POINT('',(-2.071770278207,7.335717438329,
    7.722754168694));
#4885 = CARTESIAN_POINT('',(-2.24292512381,7.312072610618,7.736104320434
    ));
#4886 = CARTESIAN_POINT('',(-2.491866383527,7.274401601167,
    7.757045270339));
#4887 = CARTESIAN_POINT('',(-2.569973041571,7.262109594272,
    7.763834897559));
#4888 = CARTESIAN_POINT('',(-2.647989905837,7.249353097937,
    7.770834278509));
#4889 = CARTESIAN_POINT('',(-2.725912932737,7.23612707345,7.778040920051
    ));
#4890 = CARTESIAN_POINT('',(-2.803737815042,7.222426423617,
    7.785452138334));
#4891 = CARTESIAN_POINT('',(-2.881459981954,7.208245992782,
    7.793065058819));
#4892 = CARTESIAN_POINT('',(-2.959074599023,7.193580566782,
    7.800876616242));
#4893 = CARTESIAN_POINT('',(-3.03657656821,7.178424873012,7.808883554658
    ));
#4894 = CARTESIAN_POINT('',(-3.113960527875,7.162773580349,
    7.817082427396));
#4895 = CARTESIAN_POINT('',(-3.191220852726,7.146621299231,7.8254695971)
  );
#4896 = CARTESIAN_POINT('',(-3.268351653917,7.129962581583,
    7.834041235696));
#4897 = CARTESIAN_POINT('',(-3.345346778937,7.112791920879,
    7.842793324414));
#4898 = CARTESIAN_POINT('',(-3.422199811704,7.095103752095,
    7.851721653777));
#4899 = CARTESIAN_POINT('',(-3.580381258195,7.057547952683,
    7.870488251771));
#4900 = CARTESIAN_POINT('',(-3.661624577844,7.037640966115,
    7.880331043735));
#4901 = CARTESIAN_POINT('',(-3.743236611586,7.016909758948,
    7.890506685789));
#4902 = CARTESIAN_POINT('',(-3.822506736299,6.996477145751,
    7.900293981839));
#4903 = CARTESIAN_POINT('',(-3.906870776207,6.973235713664,
    7.911651295428));
#4904 = CARTESIAN_POINT('',(-3.98274676038,6.952827923192,7.92099663657)
  );
#4905 = CARTESIAN_POINT('',(-4.066488541623,6.928463244717,7.93261340104
    ));
#4906 = CARTESIAN_POINT('',(-4.147895055688,6.904335482316,
    7.943843634326));
#4907 = CARTESIAN_POINT('',(-4.222927444519,6.882147730698,
    7.953590093548));
#4908 = CARTESIAN_POINT('',(-4.30988155273,6.854306971294,7.966639823028
    ));
#4909 = CARTESIAN_POINT('',(-4.385627263052,6.830304537155,
    7.976995291723));
#4910 = CARTESIAN_POINT('',(-4.468042839699,6.802855720255,7.9892215077)
  );
#4911 = CARTESIAN_POINT('',(-4.54936108516,6.77497716139,8.001434307184)
  );
#4912 = CARTESIAN_POINT('',(-4.630866529605,6.746168039757,
    8.013912562287));
#4913 = DEFINITIONAL_REPRESENTATION('',(#4914),#4918);
#4914 = LINE('',#4915,#4916);
#4915 = CARTESIAN_POINT('',(9.200004455286,0.));
#4916 = VECTOR('',#4917,1.);
#4917 = DIRECTION('',(0.,1.));
#4918 = ( GEOMETRIC_REPRESENTATION_CONTEXT(2) 
PARAMETRIC_REPRESENTATION_CONTEXT() REPRESENTATION_CONTEXT('2D SPACE',''
  ) );
#4919 = ADVANCED_FACE('',(#4920),#3480,.T.);
#4920 = FACE_BOUND('',#4921,.T.);
#4921 = EDGE_LOOP('',(#4922,#4923,#4924,#4947));
#4922 = ORIENTED_EDGE('',*,*,#4395,.F.);
#4923 = ORIENTED_EDGE('',*,*,#3452,.T.);
#4924 = ORIENTED_EDGE('',*,*,#4925,.T.);
#4925 = EDGE_CURVE('',#3453,#4926,#4928,.T.);
#4926 = VERTEX_POINT('',#4927);
#4927 = CARTESIAN_POINT('',(4.626479394374,-6.742381072473,
    8.021809228792));
#4928 = SURFACE_CURVE('',#4929,(#4933,#4940),.PCURVE_S1.);
#4929 = B_SPLINE_CURVE_WITH_KNOTS('',2,(#4930,#4931,#4932),
  .UNSPECIFIED.,.F.,.F.,(3,3),(0.,1.),.PIECEWISE_BEZIER_KNOTS.);
#4930 = CARTESIAN_POINT('',(8.6,-9.1,0.));
#4931 = CARTESIAN_POINT('',(9.139564915894,-10.76330228963,0.));
#4932 = CARTESIAN_POINT('',(3.520870168212,-5.773395420737,10.));
#4933 = PCURVE('',#3480,#4934);
#4934 = DEFINITIONAL_REPRESENTATION('',(#4935),#4939);
#4935 = LINE('',#4936,#4937);
#4936 = CARTESIAN_POINT('',(3.,0.));
#4937 = VECTOR('',#4938,1.);
#4938 = DIRECTION('',(0.,1.));
#4939 = ( GEOMETRIC_REPRESENTATION_CONTEXT(2) 
PARAMETRIC_REPRESENTATION_CONTEXT() REPRESENTATION_CONTEXT('2D SPACE',''
  ) );
#4940 = PCURVE('',#3543,#4941);
#4941 = DEFINITIONAL_REPRESENTATION('',(#4942),#4946);
#4942 = LINE('',#4943,#4944);
#4943 = CARTESIAN_POINT('',(3.,0.));
#4944 = VECTOR('',#4945,1.);
#4945 = DIRECTION('',(0.,1.));
#4946 = ( GEOMETRIC_REPRESENTATION_CONTEXT(2) 
PARAMETRIC_REPRESENTATION_CONTEXT() REPRESENTATION_CONTEXT('2D SPACE',''
  ) );
#4947 = ORIENTED_EDGE('',*,*,#4948,.F.);
#4948 = EDGE_CURVE('',#4396,#4926,#4949,.T.);
#4949 = SURFACE_CURVE('',#4950,(#5032,#5279),.PCURVE_S1.);
#4950 = ( BOUNDED_CURVE() B_SPLINE_CURVE(14,(#4951,#4952,#4953,#4954,
    #4955,#4956,#4957,#4958,#4959,#4960,#4961,#4962,#4963,#4964,#4965,
    #4966,#4967,#4968,#4969,#4970,#4971,#4972,#4973,#4974,#4975,#4976,
    #4977,#4978,#4979,#4980,#4981,#4982,#4983,#4984,#4985,#4986,#4987,
    #4988,#4989,#4990,#4991,#4992,#4993,#4994,#4995,#4996,#4997,#4998,
    #4999,#5000,#5001,#5002,#5003,#5004,#5005,#5006,#5007,#5008,#5009,
    #5010,#5011,#5012,#5013,#5014,#5015,#5016,#5017,#5018,#5019,#5020,
    #5021,#5022,#5023,#5024,#5025,#5026,#5027,#5028,#5029,#5030,#5031),
.UNSPECIFIED.,.F.,.F.) B_SPLINE_CURVE_WITH_KNOTS((15,13,13,13,13,14,15),
  (39.353063431081,40.883871452633,43.952755968789,46.318708322332,
47.402173422871,48.460775541963,48.54927494675),.UNSPECIFIED.) CURVE() 
GEOMETRIC_REPRESENTATION_ITEM() RATIONAL_B_SPLINE_CURVE((1.,1.,
    1.000000000001,0.999999999998,1.000000000005,0.999999999992,
    1.000000000012,0.999999999987,1.000000000012,0.999999999991,
    1.000000000005,0.999999999998,1.000000000001,1.,1.,1.000000000001,
    0.999999999996,1.000000000008,0.999999999986,1.000000000019,
    0.999999999978,1.00000000002,0.999999999985,1.000000000009,
    0.999999999996,1.000000000001,1.,1.,1.,0.999999999999,1.000000000003
    ,0.999999999996,1.000000000004,0.999999999996,1.000000000003,
    0.999999999999,1.,1.,1.,1.,1.,1.000000000003,0.999999999991,
    1.000000000019,0.999999999968,1.000000000043,0.999999999953,
    1.000000000041,0.99999999997,1.000000000017,0.999999999992,
    1.000000000003,1.,1.,0.999999999999,1.000000000003,0.999999999994,
    1.00000000001,0.999999999986,1.000000000017,0.999999999984,
    1.000000000012,0.999999999992,1.000000000004,0.999999999999,1.,1.,1.
    ,1.,1.,1.000000000001,0.999999999997,1.000000000005,0.999999999992,
    1.000000000008,0.999999999994,1.000000000004,0.999999999998,
1.000000000001,1.,1.)) REPRESENTATION_ITEM('') );
#4951 = CARTESIAN_POINT('',(-4.630882261102,-6.74618161822,
    8.013884245469));
#4952 = CARTESIAN_POINT('',(-4.52263771233,-6.784424799315,
    7.997339467355));
#4953 = CARTESIAN_POINT('',(-4.41473824692,-6.821001244219,
    7.981283271265));
#4954 = CARTESIAN_POINT('',(-4.311282543172,-6.854348510141,
    7.966730423461));
#4955 = CARTESIAN_POINT('',(-4.195210328497,-6.891655705893,
    7.949173121019));
#4956 = CARTESIAN_POINT('',(-4.105485028889,-6.916511584198,
    7.939073484433));
#4957 = CARTESIAN_POINT('',(-3.974161542001,-6.957779184858,
    7.918033551659));
#4958 = CARTESIAN_POINT('',(-3.892796960544,-6.976469207961,
    7.911040971651));
#4959 = CARTESIAN_POINT('',(-3.763490971588,-7.014448110167,
    7.891264919777));
#4960 = CARTESIAN_POINT('',(-3.669429069564,-7.036096696106,
    7.881616174275));
#4961 = CARTESIAN_POINT('',(-3.554599914262,-7.06548263728,
    7.866634663422));
#4962 = CARTESIAN_POINT('',(-3.448430651611,-7.089972383832,
    7.854479255634));
#4963 = CARTESIAN_POINT('',(-3.339184777668,-7.114641302914,
    7.841900191355));
#4964 = CARTESIAN_POINT('',(-3.230251428644,-7.138049424941,
    7.829847321412));
#4965 = CARTESIAN_POINT('',(-2.902020760839,-7.205462617854,
    7.79471410998));
#4966 = CARTESIAN_POINT('',(-2.682044654242,-7.246426576824,
    7.77278855588));
#4967 = CARTESIAN_POINT('',(-2.461204498514,-7.283507028424,
    7.752458085883));
#4968 = CARTESIAN_POINT('',(-2.239608001405,-7.316825647286,
    7.733792301387));
#4969 = CARTESIAN_POINT('',(-2.017353159801,-7.346494888421,
    7.716851075224));
#4970 = CARTESIAN_POINT('',(-1.794529562069,-7.37261726424,
    7.701685212964));
#4971 = CARTESIAN_POINT('',(-1.571219690894,-7.395284621517,
    7.688337114288));
#4972 = CARTESIAN_POINT('',(-1.347500225538,-7.414577418423,
    7.676841434274));
#4973 = CARTESIAN_POINT('',(-1.123443344649,-7.430564001491,
    7.667225744778));
#4974 = CARTESIAN_POINT('',(-0.899118028671,-7.443299882636,
    7.659511195725));
#4975 = CARTESIAN_POINT('',(-0.674591362436,-7.452827016134,
    7.653713176471));
#4976 = CARTESIAN_POINT('',(-0.449929837762,-7.459173075635,
    7.64984197712));
#4977 = CARTESIAN_POINT('',(-0.22520065595,-7.462350731146,
    7.647903449867));
#4978 = CARTESIAN_POINT('',(0.172780427602,-7.46236170198,7.647896756489
    ));
#4979 = CARTESIAN_POINT('',(0.346031963325,-7.460483562456,7.64904189002
    ));
#4980 = CARTESIAN_POINT('',(0.519253585997,-7.456721787361,
    7.651336066993));
#4981 = CARTESIAN_POINT('',(0.69241626777,-7.451071078893,7.654778059654
    ));
#4982 = CARTESIAN_POINT('',(0.865489943752,-7.443521561596,
    7.659364416403));
#4983 = CARTESIAN_POINT('',(1.038443511949,-7.434058782261,
    7.665089461818));
#4984 = CARTESIAN_POINT('',(1.211244833377,-7.422663710097,7.67194529662
    ));
#4985 = CARTESIAN_POINT('',(1.383860731886,-7.409312736494,
    7.679921797722));
#4986 = CARTESIAN_POINT('',(1.556256994392,-7.393977675296,
    7.689006618168));
#4987 = CARTESIAN_POINT('',(1.728398370622,-7.376625762533,
    7.699185187196));
#4988 = CARTESIAN_POINT('',(1.900248573347,-7.357219656647,
    7.710440710186));
#4989 = CARTESIAN_POINT('',(2.071770278202,-7.335717438329,
    7.722754168694));
#4990 = CARTESIAN_POINT('',(2.242925123807,-7.312072610618,
    7.736104320434));
#4991 = CARTESIAN_POINT('',(2.491866383524,-7.274401601167,
    7.757045270339));
#4992 = CARTESIAN_POINT('',(2.569974653268,-7.262110695152,
    7.763836705351));
#4993 = CARTESIAN_POINT('',(2.647993856912,-7.249355897442,
    7.770838773006));
#4994 = CARTESIAN_POINT('',(2.725919330459,-7.236131724667,
    7.778048241987));
#4995 = CARTESIAN_POINT('',(2.80374640988,-7.222432693467,7.785461880974
    ));
#4996 = CARTESIAN_POINT('',(2.881470431181,-7.208253320466,
    7.793076458655));
#4997 = CARTESIAN_POINT('',(2.959086730359,-7.193588122307,
    7.800888743706));
#4998 = CARTESIAN_POINT('',(3.036590643362,-7.178431615616,
    7.808895504816));
#4999 = CARTESIAN_POINT('',(3.113977506256,-7.162778317029,
    7.817093510663));
#5000 = CARTESIAN_POINT('',(3.191242654941,-7.146622743182,
    7.825479529933));
#5001 = CARTESIAN_POINT('',(3.268381425489,-7.129959410703,
    7.834050331307));
#5002 = CARTESIAN_POINT('',(3.345389153833,-7.11278283623,7.842802683468
    ));
#5003 = CARTESIAN_POINT('',(3.422261175995,-7.095087536393,
    7.851733355099));
#5004 = CARTESIAN_POINT('',(3.573963668566,-7.059066614227,
    7.869735918849));
#5005 = CARTESIAN_POINT('',(3.648799145646,-7.040763955088,
    7.878798149952));
#5006 = CARTESIAN_POINT('',(3.723494224461,-7.021954292337,
    7.888021936846));
#5007 = CARTESIAN_POINT('',(3.798043735511,-7.002631921903,7.89740323885
    ));
#5008 = CARTESIAN_POINT('',(3.872442374087,-6.982791193712,
    7.906937845948));
#5009 = CARTESIAN_POINT('',(3.946684701155,-6.962426511695,
    7.916621378786));
#5010 = CARTESIAN_POINT('',(4.020765141893,-6.941532333778,
    7.926449288678));
#5011 = CARTESIAN_POINT('',(4.09467798773,-6.920103171892,7.936416857601
    ));
#5012 = CARTESIAN_POINT('',(4.168417393928,-6.898133591966,
    7.946519198195));
#5013 = CARTESIAN_POINT('',(4.241977382032,-6.875618213927,7.95675125377
    ));
#5014 = CARTESIAN_POINT('',(4.315351837749,-6.852551711708,
    7.967107798294));
#5015 = CARTESIAN_POINT('',(4.388534512511,-6.828928813236,
    7.977583436404));
#5016 = CARTESIAN_POINT('',(4.461519022504,-6.804744300444,7.9881726034)
  );
#5017 = CARTESIAN_POINT('',(4.534298849165,-6.77999300926,7.998869565248
    ));
#5018 = CARTESIAN_POINT('',(4.565110212244,-6.76801524957,8.005830169083
    ));
#5019 = CARTESIAN_POINT('',(4.522660976775,-6.785365290019,
    7.994833566167));
#5020 = CARTESIAN_POINT('',(4.61029201951,-6.750628040289,8.015724764664
    ));
#5021 = CARTESIAN_POINT('',(4.499678961967,-6.795260366437,
    7.988021504702));
#5022 = CARTESIAN_POINT('',(4.651139479913,-6.734956960281,
    8.024561596459));
#5023 = CARTESIAN_POINT('',(4.500272464173,-6.795696786151,
    7.986993218253));
#5024 = CARTESIAN_POINT('',(4.654507709642,-6.734272728232,
    8.024215819389));
#5025 = CARTESIAN_POINT('',(4.539559646257,-6.780621362327,
    7.995454597254));
#5026 = CARTESIAN_POINT('',(4.631428853723,-6.744158146488,8.01739171708
    ));
#5027 = CARTESIAN_POINT('',(4.58602091142,-6.762654069555,8.005679203729
    ));
#5028 = CARTESIAN_POINT('',(4.618252947659,-6.750059058435,8.01299975546
    ));
#5029 = CARTESIAN_POINT('',(4.613947997384,-6.752088098541,
    8.011365133931));
#5030 = CARTESIAN_POINT('',(4.623334148544,-6.748630498485,
    8.013087762143));
#5031 = CARTESIAN_POINT('',(4.62902110592,-6.746649101129,8.013904748006
    ));
#5032 = PCURVE('',#3480,#5033);
#5033 = DEFINITIONAL_REPRESENTATION('',(#5034),#5278);
#5034 = B_SPLINE_CURVE_WITH_KNOTS('',11,(#5035,#5036,#5037,#5038,#5039,
    #5040,#5041,#5042,#5043,#5044,#5045,#5046,#5047,#5048,#5049,#5050,
    #5051,#5052,#5053,#5054,#5055,#5056,#5057,#5058,#5059,#5060,#5061,
    #5062,#5063,#5064,#5065,#5066,#5067,#5068,#5069,#5070,#5071,#5072,
    #5073,#5074,#5075,#5076,#5077,#5078,#5079,#5080,#5081,#5082,#5083,
    #5084,#5085,#5086,#5087,#5088,#5089,#5090,#5091,#5092,#5093,#5094,
    #5095,#5096,#5097,#5098,#5099,#5100,#5101,#5102,#5103,#5104,#5105,
    #5106,#5107,#5108,#5109,#5110,#5111,#5112,#5113,#5114,#5115,#5116,
    #5117,#5118,#5119,#5120,#5121,#5122,#5123,#5124,#5125,#5126,#5127,
    #5128,#5129,#5130,#5131,#5132,#5133,#5134,#5135,#5136,#5137,#5138,
    #5139,#5140,#5141,#5142,#5143,#5144,#5145,#5146,#5147,#5148,#5149,
    #5150,#5151,#5152,#5153,#5154,#5155,#5156,#5157,#5158,#5159,#5160,
    #5161,#5162,#5163,#5164,#5165,#5166,#5167,#5168,#5169,#5170,#5171,
    #5172,#5173,#5174,#5175,#5176,#5177,#5178,#5179,#5180,#5181,#5182,
    #5183,#5184,#5185,#5186,#5187,#5188,#5189,#5190,#5191,#5192,#5193,
    #5194,#5195,#5196,#5197,#5198,#5199,#5200,#5201,#5202,#5203,#5204,
    #5205,#5206,#5207,#5208,#5209,#5210,#5211,#5212,#5213,#5214,#5215,
    #5216,#5217,#5218,#5219,#5220,#5221,#5222,#5223,#5224,#5225,#5226,
    #5227,#5228,#5229,#5230,#5231,#5232,#5233,#5234,#5235,#5236,#5237,
    #5238,#5239,#5240,#5241,#5242,#5243,#5244,#5245,#5246,#5247,#5248,
    #5249,#5250,#5251,#5252,#5253,#5254,#5255,#5256,#5257,#5258,#5259,
    #5260,#5261,#5262,#5263,#5264,#5265,#5266,#5267,#5268,#5269,#5270,
    #5271,#5272,#5273,#5274,#5275,#5276,#5277),.UNSPECIFIED.,.F.,.F.,(12
    ,11,11,11,11,11,11,11,11,11,11,11,11,11,11,11,11,11,11,11,11,11,12),
  (39.353063431081,40.50258987054,41.652116309998,43.951169188915,
    46.250222067832,47.399748507291,47.97451172702,48.261893336885,
    48.405584141817,48.44150684305,48.459468193667,48.46059077808,
    48.460731101132,48.460766181895,48.460801262658,48.460871424184,
    48.461152070287,48.461713362494,48.463958531321,48.468448868975,
    48.477429544283,48.513352245517,48.54927494675),.UNSPECIFIED.);
#5035 = CARTESIAN_POINT('',(2.,0.89520300745));
#5036 = CARTESIAN_POINT('',(2.012610299476,0.894319343246));
#5037 = CARTESIAN_POINT('',(2.025010482077,0.893465471238));
#5038 = CARTESIAN_POINT('',(2.037018405384,0.892659860514));
#5039 = CARTESIAN_POINT('',(2.049568212139,0.891798912229));
#5040 = CARTESIAN_POINT('',(2.060924509886,0.89108065338));
#5041 = CARTESIAN_POINT('',(2.073531820308,0.890225334796));
#5042 = CARTESIAN_POINT('',(2.084899201464,0.889522002128));
#5043 = CARTESIAN_POINT('',(2.096964622985,0.888746518699));
#5044 = CARTESIAN_POINT('',(2.10861857313,0.888029146328));
#5045 = CARTESIAN_POINT('',(2.120332938583,0.887315702167));
#5046 = CARTESIAN_POINT('',(2.131974484009,0.886622632741));
#5047 = CARTESIAN_POINT('',(2.143618608965,0.885929263651));
#5048 = CARTESIAN_POINT('',(2.155212259249,0.885253648987));
#5049 = CARTESIAN_POINT('',(2.166759451603,0.884596218387));
#5050 = CARTESIAN_POINT('',(2.178262274457,0.883957553987));
#5051 = CARTESIAN_POINT('',(2.189721933416,0.883338288813));
#5052 = CARTESIAN_POINT('',(2.201139493723,0.882739035284));
#5053 = CARTESIAN_POINT('',(2.212516319571,0.882160343719));
#5054 = CARTESIAN_POINT('',(2.22385421043,0.881602690976));
#5055 = CARTESIAN_POINT('',(2.235155234222,0.8810664991));
#5056 = CARTESIAN_POINT('',(2.246421257479,0.880552184083));
#5057 = CARTESIAN_POINT('',(2.257653172388,0.880060234657));
#5058 = CARTESIAN_POINT('',(2.280117687166,0.879076194664));
#5059 = CARTESIAN_POINT('',(2.302447014786,0.878181605039));
#5060 = CARTESIAN_POINT('',(2.32465591127,0.877379465544));
#5061 = CARTESIAN_POINT('',(2.34675920607,0.876672388632));
#5062 = CARTESIAN_POINT('',(2.368771802012,0.876062599431));
#5063 = CARTESIAN_POINT('',(2.390708675394,0.875551935774));
#5064 = CARTESIAN_POINT('',(2.412584875852,0.875141848158));
#5065 = CARTESIAN_POINT('',(2.434415526508,0.87483339979));
#5066 = CARTESIAN_POINT('',(2.456215823836,0.874627266542));
#5067 = CARTESIAN_POINT('',(2.47800103776,0.874523736989));
#5068 = CARTESIAN_POINT('',(2.499786511599,0.874522712383));
#5069 = CARTESIAN_POINT('',(2.521571505676,0.874521797821));
#5070 = CARTESIAN_POINT('',(2.543356362896,0.87462344857));
#5071 = CARTESIAN_POINT('',(2.565156387255,0.874827760604));
#5072 = CARTESIAN_POINT('',(2.586986797586,0.875134440733));
#5073 = CARTESIAN_POINT('',(2.608862727571,0.875542806603));
#5074 = CARTESIAN_POINT('',(2.630799225721,0.876051786693));
#5075 = CARTESIAN_POINT('',(2.652811255406,0.876659920319));
#5076 = CARTESIAN_POINT('',(2.674913694819,0.877365357633));
#5077 = CARTESIAN_POINT('',(2.69712133701,0.878165859623));
#5078 = CARTESIAN_POINT('',(2.71944888986,0.879058798109));
#5079 = CARTESIAN_POINT('',(2.741910976098,0.88004115575));
#5080 = CARTESIAN_POINT('',(2.753142072651,0.880532247393));
#5081 = CARTESIAN_POINT('',(2.764407080371,0.881045921577));
#5082 = CARTESIAN_POINT('',(2.775707644706,0.881581647659));
#5083 = CARTESIAN_POINT('',(2.787045411078,0.882138894992));
#5084 = CARTESIAN_POINT('',(2.798422024954,0.882717132939));
#5085 = CARTESIAN_POINT('',(2.809839131736,0.883315830849));
#5086 = CARTESIAN_POINT('',(2.821298376903,0.883934458086));
#5087 = CARTESIAN_POINT('',(2.832801405861,0.884572484));
#5088 = CARTESIAN_POINT('',(2.84434986407,0.885229377953));
#5089 = CARTESIAN_POINT('',(2.855945396959,0.885904609298));
#5090 = CARTESIAN_POINT('',(2.867589649971,0.886597647393));
#5091 = CARTESIAN_POINT('',(2.87341177864,0.886944152672));
#5092 = CARTESIAN_POINT('',(2.87924606314,0.887295079596));
#5093 = CARTESIAN_POINT('',(2.885092664297,0.887650335206));
#5094 = CARTESIAN_POINT('',(2.890951742933,0.888009826539));
#5095 = CARTESIAN_POINT('',(2.896823459878,0.88837346064));
#5096 = CARTESIAN_POINT('',(2.902707975951,0.888741144544));
#5097 = CARTESIAN_POINT('',(2.908605451984,0.889112785296));
#5098 = CARTESIAN_POINT('',(2.914516048796,0.889488289932));
#5099 = CARTESIAN_POINT('',(2.920439927214,0.889867565495));
#5100 = CARTESIAN_POINT('',(2.926377248064,0.890250519024));
#5101 = CARTESIAN_POINT('',(2.93232817217,0.890637057559));
#5102 = CARTESIAN_POINT('',(2.935303494918,0.890830418592));
#5103 = CARTESIAN_POINT('',(2.938282278665,0.891024612485));
#5104 = CARTESIAN_POINT('',(2.941264523413,0.891219639241));
#5105 = CARTESIAN_POINT('',(2.944250229156,0.891415498855));
#5106 = CARTESIAN_POINT('',(2.947239395906,0.891612191334));
#5107 = CARTESIAN_POINT('',(2.950232023647,0.891809716669));
#5108 = CARTESIAN_POINT('',(2.953228112394,0.892008074869));
#5109 = CARTESIAN_POINT('',(2.956227662136,0.892207265927));
#5110 = CARTESIAN_POINT('',(2.95923067288,0.892407289848));
#5111 = CARTESIAN_POINT('',(2.962237144622,0.892608146629));
#5112 = CARTESIAN_POINT('',(2.965247077364,0.892809836271));
#5113 = CARTESIAN_POINT('',(2.966752115305,0.892910645623));
#5114 = CARTESIAN_POINT('',(2.968258041798,0.893011639884));
#5115 = CARTESIAN_POINT('',(2.969764856839,0.893112819053));
#5116 = CARTESIAN_POINT('',(2.971272560437,0.893214183132));
#5117 = CARTESIAN_POINT('',(2.97278115258,0.893315732117));
#5118 = CARTESIAN_POINT('',(2.97429063328,0.893417466014));
#5119 = CARTESIAN_POINT('',(2.975801002527,0.893519384817));
#5120 = CARTESIAN_POINT('',(2.977312260327,0.893621488531));
#5121 = CARTESIAN_POINT('',(2.978824406678,0.893723777152));
#5122 = CARTESIAN_POINT('',(2.980337441581,0.893826250682));
#5123 = CARTESIAN_POINT('',(2.981851365035,0.893928909121));
#5124 = CARTESIAN_POINT('',(2.98222984387,0.893954570261));
#5125 = CARTESIAN_POINT('',(2.982608377787,0.893980242257));
#5126 = CARTESIAN_POINT('',(2.982986966778,0.894005925105));
#5127 = CARTESIAN_POINT('',(2.983365610862,0.894031618811));
#5128 = CARTESIAN_POINT('',(2.983744310007,0.894057323368));
#5129 = CARTESIAN_POINT('',(2.984123064254,0.894083038784));
#5130 = CARTESIAN_POINT('',(2.984501873561,0.89410876505));
#5131 = CARTESIAN_POINT('',(2.984880737963,0.894134502175));
#5132 = CARTESIAN_POINT('',(2.985259657436,0.894160250152));
#5133 = CARTESIAN_POINT('',(2.985638631994,0.894186008985));
#5134 = CARTESIAN_POINT('',(2.98601766163,0.894211778672));
#5135 = CARTESIAN_POINT('',(2.986207245041,0.894224676727));
#5136 = CARTESIAN_POINT('',(2.986396828452,0.894237574781));
#5137 = CARTESIAN_POINT('',(2.986586411864,0.894250472835));
#5138 = CARTESIAN_POINT('',(2.986775995273,0.894263370889));
#5139 = CARTESIAN_POINT('',(2.986965578686,0.894276268944));
#5140 = CARTESIAN_POINT('',(2.987155162095,0.894289166997));
#5141 = CARTESIAN_POINT('',(2.987344745508,0.894302065052));
#5142 = CARTESIAN_POINT('',(2.987534328917,0.894314963105));
#5143 = CARTESIAN_POINT('',(2.987723912329,0.89432786116));
#5144 = CARTESIAN_POINT('',(2.98791349574,0.894340759214));
#5145 = CARTESIAN_POINT('',(2.988103079151,0.894353657268));
#5146 = CARTESIAN_POINT('',(2.988114932672,0.894354464277));
#5147 = CARTESIAN_POINT('',(2.988126786192,0.894355271287));
#5148 = CARTESIAN_POINT('',(2.988138639714,0.894356078296));
#5149 = CARTESIAN_POINT('',(2.988150493232,0.894356885305));
#5150 = CARTESIAN_POINT('',(2.988162346756,0.894357692315));
#5151 = CARTESIAN_POINT('',(2.988174200274,0.894358499324));
#5152 = CARTESIAN_POINT('',(2.988186053796,0.894359306333));
#5153 = CARTESIAN_POINT('',(2.988197907317,0.894360113343));
#5154 = CARTESIAN_POINT('',(2.988209760837,0.894360920352));
#5155 = CARTESIAN_POINT('',(2.988221614358,0.894361727361));
#5156 = CARTESIAN_POINT('',(2.988233467879,0.894362534371));
#5157 = CARTESIAN_POINT('',(2.988234949607,0.894362635254));
#5158 = CARTESIAN_POINT('',(2.988236431335,0.894362736138));
#5159 = CARTESIAN_POINT('',(2.988237913062,0.894362837021));
#5160 = CARTESIAN_POINT('',(2.98823939479,0.894362937904));
#5161 = CARTESIAN_POINT('',(2.988240876517,0.894363038788));
#5162 = CARTESIAN_POINT('',(2.988242358246,0.894363139671));
#5163 = CARTESIAN_POINT('',(2.988243839973,0.894363240554));
#5164 = CARTESIAN_POINT('',(2.988245321701,0.894363341438));
#5165 = CARTESIAN_POINT('',(2.988246803429,0.894363442321));
#5166 = CARTESIAN_POINT('',(2.988248285157,0.894363543205));
#5167 = CARTESIAN_POINT('',(2.988249766884,0.894363644088));
#5168 = CARTESIAN_POINT('',(2.988250137317,0.894363669309));
#5169 = CARTESIAN_POINT('',(2.988250507751,0.89436369453));
#5170 = CARTESIAN_POINT('',(2.988250878183,0.894363719752));
#5171 = CARTESIAN_POINT('',(2.988251248619,0.894363744972));
#5172 = CARTESIAN_POINT('',(2.988251619049,0.894363770194));
#5173 = CARTESIAN_POINT('',(2.988251989486,0.894363795415));
#5174 = CARTESIAN_POINT('',(2.988252359916,0.894363820636));
#5175 = CARTESIAN_POINT('',(2.988252730351,0.894363845857));
#5176 = CARTESIAN_POINT('',(2.988253100783,0.894363871078));
#5177 = CARTESIAN_POINT('',(2.988253471217,0.894363896299));
#5178 = CARTESIAN_POINT('',(2.98825384165,0.89436392152));
#5179 = CARTESIAN_POINT('',(2.988253373516,0.894363855974));
#5180 = CARTESIAN_POINT('',(2.988258939522,0.89436444357));
#5181 = CARTESIAN_POINT('',(2.988246180598,0.894363047656));
#5182 = CARTESIAN_POINT('',(2.988259529053,0.89436447763));
#5183 = CARTESIAN_POINT('',(2.988262446924,0.894364778591));
#5184 = CARTESIAN_POINT('',(2.988257927586,0.894364274537));
#5185 = CARTESIAN_POINT('',(2.988262569299,0.894364762087));
#5186 = CARTESIAN_POINT('',(2.988266293431,0.894365150317));
#5187 = CARTESIAN_POINT('',(2.988265863977,0.894365088958));
#5188 = CARTESIAN_POINT('',(2.988268845263,0.894365396782));
#5189 = CARTESIAN_POINT('',(2.988270592246,0.894365571003));
#5190 = CARTESIAN_POINT('',(2.988274411581,0.894365954668));
#5191 = CARTESIAN_POINT('',(2.988278230916,0.894366338332));
#5192 = CARTESIAN_POINT('',(2.98828205025,0.894366721996));
#5193 = CARTESIAN_POINT('',(2.988285869587,0.894367105662));
#5194 = CARTESIAN_POINT('',(2.98828968892,0.894367489325));
#5195 = CARTESIAN_POINT('',(2.988293508257,0.894367872991));
#5196 = CARTESIAN_POINT('',(2.988297327592,0.894368256654));
#5197 = CARTESIAN_POINT('',(2.988301146927,0.894368640319));
#5198 = CARTESIAN_POINT('',(2.988304966262,0.894369023983));
#5199 = CARTESIAN_POINT('',(2.988308785597,0.894369407647));
#5200 = CARTESIAN_POINT('',(2.988312604932,0.894369791312));
#5201 = CARTESIAN_POINT('',(2.988327681786,0.894371304281));
#5202 = CARTESIAN_POINT('',(2.988342617433,0.894372801975));
#5203 = CARTESIAN_POINT('',(2.988357411866,0.894374284392));
#5204 = CARTESIAN_POINT('',(2.988372065101,0.894375751536));
#5205 = CARTESIAN_POINT('',(2.98838657711,0.894377203401));
#5206 = CARTESIAN_POINT('',(2.988400947931,0.894378639994));
#5207 = CARTESIAN_POINT('',(2.988415177523,0.894380061307));
#5208 = CARTESIAN_POINT('',(2.988429265922,0.894381467348));
#5209 = CARTESIAN_POINT('',(2.988443213103,0.894382858111));
#5210 = CARTESIAN_POINT('',(2.988457019079,0.8943842336));
#5211 = CARTESIAN_POINT('',(2.988470683845,0.894385593812));
#5212 = CARTESIAN_POINT('',(2.988497948939,0.894388307267));
#5213 = CARTESIAN_POINT('',(2.988524733414,0.894390968729));
#5214 = CARTESIAN_POINT('',(2.988551037271,0.894393578199));
#5215 = CARTESIAN_POINT('',(2.988576860507,0.894396135677));
#5216 = CARTESIAN_POINT('',(2.988602203127,0.894398641162));
#5217 = CARTESIAN_POINT('',(2.988627065125,0.894401094656));
#5218 = CARTESIAN_POINT('',(2.988651446508,0.894403496157));
#5219 = CARTESIAN_POINT('',(2.988675347268,0.894405845666));
#5220 = CARTESIAN_POINT('',(2.988698767412,0.894408143183));
#5221 = CARTESIAN_POINT('',(2.988721706935,0.894410388708));
#5222 = CARTESIAN_POINT('',(2.988744165841,0.89441258224));
#5223 = CARTESIAN_POINT('',(2.988834029204,0.894421359372));
#5224 = CARTESIAN_POINT('',(2.98891738112,0.894429432115));
#5225 = CARTESIAN_POINT('',(2.98899468508,0.894436850608));
#5226 = CARTESIAN_POINT('',(2.989066404593,0.894443664997));
#5227 = CARTESIAN_POINT('',(2.989133003134,0.894449925415));
#5228 = CARTESIAN_POINT('',(2.989194944228,0.894455682013));
#5229 = CARTESIAN_POINT('',(2.989252691341,0.894460984923));
#5230 = CARTESIAN_POINT('',(2.989306707995,0.894465884293));
#5231 = CARTESIAN_POINT('',(2.989357457669,0.894470430258));
#5232 = CARTESIAN_POINT('',(2.989405403868,0.894474672964));
#5233 = CARTESIAN_POINT('',(2.989451010086,0.89447866255));
#5234 = CARTESIAN_POINT('',(2.989541436812,0.894486556723));
#5235 = CARTESIAN_POINT('',(2.989621665126,0.894493347708));
#5236 = CARTESIAN_POINT('',(2.989693701087,0.894499252523));
#5237 = CARTESIAN_POINT('',(2.989759302785,0.894504461354));
#5238 = CARTESIAN_POINT('',(2.989819980408,0.894509137577));
#5239 = CARTESIAN_POINT('',(2.98987699614,0.894513417732));
#5240 = CARTESIAN_POINT('',(2.989931364285,0.894517411549));
#5241 = CARTESIAN_POINT('',(2.989983851143,0.894521201924));
#5242 = CARTESIAN_POINT('',(2.990034975116,0.894524844938));
#5243 = CARTESIAN_POINT('',(2.99008500663,0.894528369846));
#5244 = CARTESIAN_POINT('',(2.990133968182,0.894531779081));
#5245 = CARTESIAN_POINT('',(2.990231534957,0.894538559005));
#5246 = CARTESIAN_POINT('',(2.99032758433,0.894545175079));
#5247 = CARTESIAN_POINT('',(2.990422910012,0.894551713167));
#5248 = CARTESIAN_POINT('',(2.99051813078,0.894558240205));
#5249 = CARTESIAN_POINT('',(2.990613690494,0.894564804212));
#5250 = CARTESIAN_POINT('',(2.990709858075,0.894571434272));
#5251 = CARTESIAN_POINT('',(2.990806727529,0.89457814056));
#5252 = CARTESIAN_POINT('',(2.990904217923,0.894584914315));
#5253 = CARTESIAN_POINT('',(2.991002073409,0.894591727859));
#5254 = CARTESIAN_POINT('',(2.991099863203,0.894598534587));
#5255 = CARTESIAN_POINT('',(2.991196981599,0.894605268974));
#5256 = CARTESIAN_POINT('',(2.991586978849,0.894632371275));
#5257 = CARTESIAN_POINT('',(2.991976714119,0.894659449986));
#5258 = CARTESIAN_POINT('',(2.992366357287,0.894686523307));
#5259 = CARTESIAN_POINT('',(2.992756041275,0.894713605468));
#5260 = CARTESIAN_POINT('',(2.993145862021,0.894740706718));
#5261 = CARTESIAN_POINT('',(2.993535878525,0.894767833342));
#5262 = CARTESIAN_POINT('',(2.993926112786,0.894794987638));
#5263 = CARTESIAN_POINT('',(2.994316549871,0.894822167941));
#5264 = CARTESIAN_POINT('',(2.994707137855,0.894849368601));
#5265 = CARTESIAN_POINT('',(2.995097787862,0.894876580002));
#5266 = CARTESIAN_POINT('',(2.995488374044,0.894903788548));
#5267 = CARTESIAN_POINT('',(2.995877980667,0.894930891292));
#5268 = CARTESIAN_POINT('',(2.99627530424,0.894958833171));
#5269 = CARTESIAN_POINT('',(2.996649630692,0.894984291704));
#5270 = CARTESIAN_POINT('',(2.997063014112,0.895013980077));
#5271 = CARTESIAN_POINT('',(2.997445258404,0.89504030464));
#5272 = CARTESIAN_POINT('',(2.997817188279,0.895065518376));
#5273 = CARTESIAN_POINT('',(2.998236498568,0.895095862892));
#5274 = CARTESIAN_POINT('',(2.998639578357,0.895124456917));
#5275 = CARTESIAN_POINT('',(2.998961428363,0.895144268991));
#5276 = CARTESIAN_POINT('',(2.999434126235,0.895180405463));
#5277 = CARTESIAN_POINT('',(2.99979224495,0.895204152581));
#5278 = ( GEOMETRIC_REPRESENTATION_CONTEXT(2) 
PARAMETRIC_REPRESENTATION_CONTEXT() REPRESENTATION_CONTEXT('2D SPACE',''
  ) );
#5279 = PCURVE('',#5280,#5524);
#5280 = ( BOUNDED_SURFACE() B_SPLINE_SURFACE(2,14,(
    (#5281,#5282,#5283,#5284,#5285,#5286,#5287,#5288,#5289,#5290,#5291
      ,#5292,#5293,#5294,#5295,#5296,#5297,#5298,#5299,#5300,#5301,#5302
      ,#5303,#5304,#5305,#5306,#5307,#5308,#5309,#5310,#5311,#5312,#5313
      ,#5314,#5315,#5316,#5317,#5318,#5319,#5320,#5321,#5322,#5323,#5324
      ,#5325,#5326,#5327,#5328,#5329,#5330,#5331,#5332,#5333,#5334,#5335
      ,#5336,#5337,#5338,#5339,#5340,#5341,#5342,#5343,#5344,#5345,#5346
      ,#5347,#5348,#5349,#5350,#5351,#5352,#5353,#5354,#5355,#5356,#5357
      ,#5358,#5359,#5360,#5361)
    ,(#5362,#5363,#5364,#5365,#5366,#5367,#5368,#5369,#5370,#5371,#5372
      ,#5373,#5374,#5375,#5376,#5377,#5378,#5379,#5380,#5381,#5382,#5383
      ,#5384,#5385,#5386,#5387,#5388,#5389,#5390,#5391,#5392,#5393,#5394
      ,#5395,#5396,#5397,#5398,#5399,#5400,#5401,#5402,#5403,#5404,#5405
      ,#5406,#5407,#5408,#5409,#5410,#5411,#5412,#5413,#5414,#5415,#5416
      ,#5417,#5418,#5419,#5420,#5421,#5422,#5423,#5424,#5425,#5426,#5427
      ,#5428,#5429,#5430,#5431,#5432,#5433,#5434,#5435,#5436,#5437,#5438
      ,#5439,#5440,#5441,#5442)
    ,(#5443,#5444,#5445,#5446,#5447,#5448,#5449,#5450,#5451,#5452,#5453
      ,#5454,#5455,#5456,#5457,#5458,#5459,#5460,#5461,#5462,#5463,#5464
      ,#5465,#5466,#5467,#5468,#5469,#5470,#5471,#5472,#5473,#5474,#5475
      ,#5476,#5477,#5478,#5479,#5480,#5481,#5482,#5483,#5484,#5485,#5486
      ,#5487,#5488,#5489,#5490,#5491,#5492,#5493,#5494,#5495,#5496,#5497
      ,#5498,#5499,#5500,#5501,#5502,#5503,#5504,#5505,#5506,#5507,#5508
      ,#5509,#5510,#5511,#5512,#5513,#5514,#5515,#5516,#5517,#5518,#5519
      ,#5520,#5521,#5522,#5523
)),.UNSPECIFIED.,.F.,.F.,.F.) B_SPLINE_SURFACE_WITH_KNOTS((3,3),(15,13,
    13,13,13,14,15),(0.,9.196211515668),(39.353063431081,40.883871452633
    ,43.952755968789,46.318708322332,47.402173422871,48.460775541963,
48.54927494675),.UNSPECIFIED.) GEOMETRIC_REPRESENTATION_ITEM() 
RATIONAL_B_SPLINE_SURFACE((
    (1.,1.,1.000000000001,0.999999999998,1.000000000005,0.999999999992
      ,1.000000000012,0.999999999987,1.000000000012,0.999999999991
      ,1.000000000005,0.999999999998,1.000000000001,1.,1.,1.000000000001
      ,0.999999999996,1.000000000008,0.999999999986,1.000000000019
      ,0.999999999978,1.00000000002,0.999999999985,1.000000000009
      ,0.999999999996,1.000000000001,1.,1.,1.,0.999999999999
      ,1.000000000003,0.999999999996,1.000000000004,0.999999999996
      ,1.000000000003,0.999999999999,1.,1.,1.,1.,1.,1.000000000003
      ,0.999999999991,1.000000000019,0.999999999968,1.000000000043
      ,0.999999999953,1.000000000041,0.99999999997,1.000000000017
      ,0.999999999992,1.000000000003,1.,1.,0.999999999999,1.000000000003
      ,0.999999999994,1.00000000001,0.999999999986,1.000000000017
      ,0.999999999984,1.000000000012,0.999999999992,1.000000000004
      ,0.999999999999,1.,1.,1.,1.,1.,1.000000000001,0.999999999997
      ,1.000000000005,0.999999999992,1.000000000008,0.999999999994
      ,1.000000000004,0.999999999998,1.000000000001,1.,1.)
    ,(0.795874529732,0.79309659113,0.790462737009,0.788338062549
      ,0.785051802707,0.784506627647,0.779796259333,0.780325444563
      ,0.775963835431,0.775372486107,0.77269235258,0.771014431622
      ,0.769101766016,0.767312242984,0.762106742286,0.758888647203
      ,0.755932167466,0.75324194162,0.750820907386,0.748670597167
      ,0.746791433231,0.745183023399,0.743844456077,0.742774596006
      ,0.741972379343,0.741437109274,0.741168751267,0.741167825528
      ,0.741325781922,0.74164252485,0.742118425868,0.742753800942
      ,0.743548910455,0.74450395921,0.745619096407,0.746894415692
      ,0.748329955085,0.749925697063,0.751681568482,0.753597440638
      ,0.75662367083,0.757607907137,0.758625604518,0.7596765294
      ,0.760760448075,0.76187712709,0.763026332603,0.764207831264
      ,0.765421389199,0.766666773006,0.767943748923,0.76925208342
      ,0.770591542843,0.773300798004,0.774668820643,0.776065571058
      ,0.777490610858,0.778943453789,0.780423565588,0.781930364228
      ,0.78346321956,0.78502145376,0.786604340854,0.788211107147
      ,0.789840930896,0.791492942518,0.79316622448,0.795478853384
      ,0.791360842366,0.798661759109,0.788560792718,0.801465322147
      ,0.787831364789,0.800980023412,0.790499642564,0.798174270098
      ,0.793798777099,0.796238912021,0.795472047179,0.795907278532
      ,0.796018058333)
    ,(1.,1.,1.000000000001,0.999999999998,1.000000000005,0.999999999992
      ,1.000000000012,0.999999999987,1.000000000012,0.999999999991
      ,1.000000000005,0.999999999998,1.000000000001,1.,1.,1.000000000001
      ,0.999999999996,1.000000000008,0.999999999986,1.000000000019
      ,0.999999999978,1.00000000002,0.999999999985,1.000000000009
      ,0.999999999996,1.000000000001,1.,1.,1.,0.999999999999
      ,1.000000000003,0.999999999996,1.000000000004,0.999999999996
      ,1.000000000003,0.999999999999,1.,1.,1.,1.,1.,1.000000000003
      ,0.999999999991,1.000000000019,0.999999999968,1.000000000043
      ,0.999999999953,1.000000000041,0.99999999997,1.000000000017
      ,0.999999999992,1.000000000003,1.,1.,0.999999999999,1.000000000003
      ,0.999999999994,1.00000000001,0.999999999986,1.000000000017
      ,0.999999999984,1.000000000012,0.999999999992,1.000000000004
      ,0.999999999999,1.,1.,1.,1.,1.,1.000000000001,0.999999999997
      ,1.000000000005,0.999999999992,1.000000000008,0.999999999994
      ,1.000000000004,0.999999999998,1.000000000001,1.,1.
))) REPRESENTATION_ITEM('') SURFACE() );
#5281 = CARTESIAN_POINT('',(-4.340210046895,-6.132469365807,
    8.272239641264));
#5282 = CARTESIAN_POINT('',(-4.250102074831,-6.159791061343,
    8.26247943924));
#5283 = CARTESIAN_POINT('',(-4.159974961191,-6.186745715937,
    8.252990690813));
#5284 = CARTESIAN_POINT('',(-4.052787997218,-6.220556818853,
    8.242489276364));
#5285 = CARTESIAN_POINT('',(-3.991365545862,-6.232215072525,
    8.235303651962));
#5286 = CARTESIAN_POINT('',(-3.826988572151,-6.290348935581,
    8.221214171898));
#5287 = CARTESIAN_POINT('',(-3.820759760406,-6.273570843802,
    8.218077412664));
#5288 = CARTESIAN_POINT('',(-3.619095391271,-6.346950510203,
    8.20185316115));
#5289 = CARTESIAN_POINT('',(-3.601780669429,-6.332671843019,
    8.198313045907));
#5290 = CARTESIAN_POINT('',(-3.445587091471,-6.38255384691,
    8.185612146197));
#5291 = CARTESIAN_POINT('',(-3.368865452648,-6.393895857736,
    8.178495120994));
#5292 = CARTESIAN_POINT('',(-3.256946050109,-6.420803965368,
    8.169248928588));
#5293 = CARTESIAN_POINT('',(-3.155791287186,-6.441615075679,
    8.160971244296));
#5294 = CARTESIAN_POINT('',(-3.052236196193,-6.462583894213,
    8.152784799046));
#5295 = CARTESIAN_POINT('',(-2.74130615331,-6.52259469019,8.128978512711
    ));
#5296 = CARTESIAN_POINT('',(-2.533255127393,-6.559063159304,
    8.114092746925));
#5297 = CARTESIAN_POINT('',(-2.324591518273,-6.592096102944,
    8.100256039934));
#5298 = CARTESIAN_POINT('',(-2.11532397986,-6.621811221787,
    8.087516952848));
#5299 = CARTESIAN_POINT('',(-1.905479013692,-6.648310167222,
    8.075920788875));
#5300 = CARTESIAN_POINT('',(-1.695098131973,-6.67167960398,
    8.065509201705));
#5301 = CARTESIAN_POINT('',(-1.484235020635,-6.691992272749,
    8.056319803884));
#5302 = CARTESIAN_POINT('',(-1.272952702461,-6.709308052804,
    8.048385775207));
#5303 = CARTESIAN_POINT('',(-1.061320699993,-6.723675024629,
    8.041735471081));
#5304 = CARTESIAN_POINT('',(-0.849412198837,-6.735130532539,
    8.03639203093));
#5305 = CARTESIAN_POINT('',(-0.63730121044,-6.743702247308,
    8.032372986552));
#5306 = CARTESIAN_POINT('',(-0.425059735412,-6.749409228786,
    8.029689870519));
#5307 = CARTESIAN_POINT('',(-0.212754926399,-6.75226298853,
    8.028347824545));
#5308 = CARTESIAN_POINT('',(0.163232833769,-6.752272841897,
    8.028343190558));
#5309 = CARTESIAN_POINT('',(0.326911464448,-6.75058274051,8.029137933718
    ));
#5310 = CARTESIAN_POINT('',(0.490559618194,-6.747197887109,
    8.030729423861));
#5311 = CARTESIAN_POINT('',(0.654146879736,-6.742114500841,8.03311568339
    ));
#5312 = CARTESIAN_POINT('',(0.817642441188,-6.735325381151,
    8.036292770614));
#5313 = CARTESIAN_POINT('',(0.981015101887,-6.726819907781,
    8.040254779733));
#5314 = CARTESIAN_POINT('',(1.144233268696,-6.716584040771,
    8.044993840863));
#5315 = CARTESIAN_POINT('',(1.307264955544,-6.704600320459,
    8.050500120001));
#5316 = CARTESIAN_POINT('',(1.470077784009,-6.690847867479,
    8.056761819066));
#5317 = CARTESIAN_POINT('',(1.632638982691,-6.675302382767,
    8.063765175859));
#5318 = CARTESIAN_POINT('',(1.794915387789,-6.657936147552,
    8.071494464094));
#5319 = CARTESIAN_POINT('',(1.956873442648,-6.638718023364,8.07993199338
    ));
#5320 = CARTESIAN_POINT('',(2.11847919806,-6.617613452028,8.08905810923)
  );
#5321 = CARTESIAN_POINT('',(2.353527053124,-6.584038548515,
    8.103335841502));
#5322 = CARTESIAN_POINT('',(2.427275014044,-6.573090473733,
    8.107961261251));
#5323 = CARTESIAN_POINT('',(2.500938508376,-6.561736004068,
    8.112724932258));
#5324 = CARTESIAN_POINT('',(2.574513849739,-6.549970912263,8.11762433448
    ));
#5325 = CARTESIAN_POINT('',(2.647997351529,-6.537790971065,
    8.122656947877));
#5326 = CARTESIAN_POINT('',(2.721385327542,-6.525191953213,
    8.127820252404));
#5327 = CARTESIAN_POINT('',(2.79467409099,-6.512169631454,8.133111728022
    ));
#5328 = CARTESIAN_POINT('',(2.867859955795,-6.498719778535,
    8.138528854682));
#5329 = CARTESIAN_POINT('',(2.940939235149,-6.484838167191,
    8.144069112352));
#5330 = CARTESIAN_POINT('',(3.013908242883,-6.470520570177,
    8.149729980978));
#5331 = CARTESIAN_POINT('',(3.086763292353,-6.455762760227,
    8.155508940527));
#5332 = CARTESIAN_POINT('',(3.159500697212,-6.440560510092,
    8.161403470952));
#5333 = CARTESIAN_POINT('',(3.23211677096,-6.424909592512,8.167411052212
    ));
#5334 = CARTESIAN_POINT('',(3.375435383735,-6.393071512653,
    8.179506880001));
#5335 = CARTESIAN_POINT('',(3.446142882123,-6.376903936005,
    8.185589304758));
#5336 = CARTESIAN_POINT('',(3.516726577849,-6.360298504814,
    8.191773661947));
#5337 = CARTESIAN_POINT('',(3.587182639037,-6.343250652054,
    8.198057118272));
#5338 = CARTESIAN_POINT('',(3.657507146354,-6.325755789156,8.20443678373
    ));
#5339 = CARTESIAN_POINT('',(3.727696093122,-6.307809305984,
    8.210909711595));
#5340 = CARTESIAN_POINT('',(3.797745385149,-6.289406570875,
    8.217472898452));
#5341 = CARTESIAN_POINT('',(3.867650840928,-6.270542930586,
    8.224123284145));
#5342 = CARTESIAN_POINT('',(3.93740819145,-6.251213710358,8.230857751841
    ));
#5343 = CARTESIAN_POINT('',(4.007013080342,-6.231414213844,
    8.237673127966));
#5344 = CARTESIAN_POINT('',(4.076461063793,-6.21113972318,8.24456618226)
  );
#5345 = CARTESIAN_POINT('',(4.145747610575,-6.190385498927,
    8.251533627733));
#5346 = CARTESIAN_POINT('',(4.214868102049,-6.169146780108,
    8.258572120697));
#5347 = CARTESIAN_POINT('',(4.283817832156,-6.147418784193,
    8.265678260747));
#5348 = CARTESIAN_POINT('',(4.19210610797,-6.18661910148,8.258775422473)
  );
#5349 = CARTESIAN_POINT('',(4.389584397092,-6.104267868076,
    8.274127584104));
#5350 = CARTESIAN_POINT('',(4.073589080806,-6.237732010568,
    8.249966740092));
#5351 = CARTESIAN_POINT('',(4.540141272694,-6.042281859349,
    8.286026620472));
#5352 = CARTESIAN_POINT('',(3.972192307699,-6.281639754393,
    8.242478450006));
#5353 = CARTESIAN_POINT('',(4.597647836406,-6.019396339534,
    8.290768001886));
#5354 = CARTESIAN_POINT('',(4.018751774682,-6.263350651857,
    8.246378866467));
#5355 = CARTESIAN_POINT('',(4.502427494906,-6.060693826002,
    8.283759378353));
#5356 = CARTESIAN_POINT('',(4.169719952943,-6.201168025404,8.25831683206
    ));
#5357 = CARTESIAN_POINT('',(4.378900609017,-6.113879184247,
    8.274575357477));
#5358 = CARTESIAN_POINT('',(4.281609982232,-6.155400622456,
    8.267250479455));
#5359 = CARTESIAN_POINT('',(4.328547994548,-6.136298982618,
    8.271025262026));
#5360 = CARTESIAN_POINT('',(4.321445369497,-6.139908661391,
    8.270642132458));
#5361 = CARTESIAN_POINT('',(4.328948275754,-6.137377026124,8.27138367205
    ));
#5362 = CARTESIAN_POINT('',(-4.508534593684,-6.536861026728,
    8.40061744423));
#5363 = CARTESIAN_POINT('',(-4.405320662626,-6.574615889409,
    8.390536875926));
#5364 = CARTESIAN_POINT('',(-4.302291481046,-6.610977302594,
    8.380632904312));
#5365 = CARTESIAN_POINT('',(-4.199700463272,-6.645759910415,
    8.370862288876));
#5366 = CARTESIAN_POINT('',(-4.094918415037,-6.680500281369,
    8.36125050667));
#5367 = CARTESIAN_POINT('',(-3.993711892752,-6.711805717319,
    8.351726136883));
#5368 = CARTESIAN_POINT('',(-3.885544914927,-6.745798303787,
    8.342404574699));
#5369 = CARTESIAN_POINT('',(-3.785548970584,-6.773956000413,
    8.333227105297));
#5370 = CARTESIAN_POINT('',(-3.676621161886,-6.805719029406,
    8.32420241414));
#5371 = CARTESIAN_POINT('',(-3.574265115815,-6.832803671468,
    8.315418809457));
#5372 = CARTESIAN_POINT('',(-3.467448710724,-6.860992583203,
    8.306783939723));
#5373 = CARTESIAN_POINT('',(-3.362337971113,-6.88716887815,
    8.298388183055));
#5374 = CARTESIAN_POINT('',(-3.256353851094,-6.912632229955,
    8.290196979726));
#5375 = CARTESIAN_POINT('',(-3.150290310168,-6.937015130465,
    8.282233669211));
#5376 = CARTESIAN_POINT('',(-2.82946250473,-7.007611949272,8.25889687672
    ));
#5377 = CARTESIAN_POINT('',(-2.614275416565,-7.050694483882,
    8.244252932235));
#5378 = CARTESIAN_POINT('',(-2.398505676008,-7.089771574892,
    8.230628680774));
#5379 = CARTESIAN_POINT('',(-2.182215457455,-7.124954270309,
    8.218077674729));
#5380 = CARTESIAN_POINT('',(-1.965461853831,-7.156344155846,
    8.206648495227));
#5381 = CARTESIAN_POINT('',(-1.748295962488,-7.184032999026,
    8.196384560836));
#5382 = CARTESIAN_POINT('',(-1.53076248183,-7.20810224652,8.187324017268
    ));
#5383 = CARTESIAN_POINT('',(-1.312899840933,-7.228622412912,
    8.17949970441));
#5384 = CARTESIAN_POINT('',(-1.094740876673,-7.245652397561,
    8.172939194276));
#5385 = CARTESIAN_POINT('',(-0.876314068031,-7.259238765905,
    8.167664891922));
#5386 = CARTESIAN_POINT('',(-0.657645328367,-7.269415029931,
    8.163694189107));
#5387 = CARTESIAN_POINT('',(-0.43876035267,-7.276200962158,8.16103965963
    ));
#5388 = CARTESIAN_POINT('',(-0.219687508251,-7.279601976338,
    8.159709283889));
#5389 = CARTESIAN_POINT('',(0.168551141821,-7.279613720414,
    8.159704690108));
#5390 = CARTESIAN_POINT('',(0.337487084611,-7.277602361773,
    8.160491122112));
#5391 = CARTESIAN_POINT('',(0.506338526357,-7.273576766327,
    8.162065507939));
#5392 = CARTESIAN_POINT('',(0.675095645515,-7.267534513392,
    8.164425438882));
#5393 = CARTESIAN_POINT('',(0.843746936245,-7.25946855088,8.167566581455
    ));
#5394 = CARTESIAN_POINT('',(1.01227930201,-7.249367231597,8.171482690399
    ));
#5395 = CARTESIAN_POINT('',(1.180678153707,-7.237214361853,
    8.176165628668));
#5396 = CARTESIAN_POINT('',(1.348927512176,-7.222989262345,
    8.181605394319));
#5397 = CARTESIAN_POINT('',(1.517010114118,-7.206666840638,
    8.187790154059));
#5398 = CARTESIAN_POINT('',(1.684907521446,-7.188217675157,
    8.194706283314));
#5399 = CARTESIAN_POINT('',(1.85260023288,-7.167608109777,8.202338412457
    ));
#5400 = CARTESIAN_POINT('',(2.020067797818,-7.144800358719,
    8.210669478967));
#5401 = CARTESIAN_POINT('',(2.187288931392,-7.119752620812,
    8.219680785097));
#5402 = CARTESIAN_POINT('',(2.430390220776,-7.079952190707,
    8.233763214351));
#5403 = CARTESIAN_POINT('',(2.506464408533,-7.067015776525,
    8.238311107975));
#5404 = CARTESIAN_POINT('',(2.582460361889,-7.053604708896,8.24299325731
    ));
#5405 = CARTESIAN_POINT('',(2.658374383367,-7.039713873652,
    8.247807161363));
#5406 = CARTESIAN_POINT('',(2.734202910411,-7.025338293393,
    8.252750304048));
#5407 = CARTESIAN_POINT('',(2.809942515596,-7.010473127238,8.25782015577
    ));
#5408 = CARTESIAN_POINT('',(2.885589907168,-6.995113670423,
    8.263014175036));
#5409 = CARTESIAN_POINT('',(2.96114192873,-6.979255353862,8.268329809953
    ));
#5410 = CARTESIAN_POINT('',(3.036595559859,-6.962893743474,
    8.273764499842));
#5411 = CARTESIAN_POINT('',(3.111947915402,-6.946024539568,
    8.279315676656));
#5412 = CARTESIAN_POINT('',(3.187196245876,-6.928643575939,
    8.284980766549));
#5413 = CARTESIAN_POINT('',(3.262337936754,-6.910746819037,
    8.290757191271));
#5414 = CARTESIAN_POINT('',(3.337370508373,-6.892330366901,
    8.296642369636));
#5415 = CARTESIAN_POINT('',(3.485236996435,-6.854949989159,8.3084670718)
  );
#5416 = CARTESIAN_POINT('',(3.558062966129,-6.836013970459,
    8.314399450674));
#5417 = CARTESIAN_POINT('',(3.630766479383,-6.816577745955,
    8.320428100792));
#5418 = CARTESIAN_POINT('',(3.703344170145,-6.796636763905,8.32655018713
    ));
#5419 = CARTESIAN_POINT('',(3.77579237717,-6.776186558873,8.332762798545
    ));
#5420 = CARTESIAN_POINT('',(3.848107169393,-6.755222743269,
    8.339062951929));
#5421 = CARTESIAN_POINT('',(3.920284371307,-6.733740998399,
    8.345447596498));
#5422 = CARTESIAN_POINT('',(3.992319587565,-6.711737065073,
    8.351913617966));
#5423 = CARTESIAN_POINT('',(4.06420822774,-6.689206733721,8.358457842905
    ));
#5424 = CARTESIAN_POINT('',(4.135945530178,-6.666145834069,
    8.365077042928));
#5425 = CARTESIAN_POINT('',(4.207526585857,-6.642550224362,
    8.371767939018));
#5426 = CARTESIAN_POINT('',(4.278946361514,-6.618415780128,
    8.378527205724));
#5427 = CARTESIAN_POINT('',(4.350199722469,-6.593738382519,
    8.385351475392));
#5428 = CARTESIAN_POINT('',(4.421281454883,-6.568513906201,
    8.392237342321));
#5429 = CARTESIAN_POINT('',(4.428063788617,-6.565242344128,8.39246624124
    ));
#5430 = CARTESIAN_POINT('',(4.432385220484,-6.56540518682,8.393729104232
    ));
#5431 = CARTESIAN_POINT('',(4.440991570409,-6.559495259708,
    8.393152909025));
#5432 = CARTESIAN_POINT('',(4.443184503711,-6.562793211208,
    8.395394880796));
#5433 = CARTESIAN_POINT('',(4.453694450626,-6.553969053433,
    8.393898292193));
#5434 = CARTESIAN_POINT('',(4.454804360708,-6.559040594958,8.39672988495
    ));
#5435 = CARTESIAN_POINT('',(4.465223371374,-6.550134009589,
    8.395172546863));
#5436 = CARTESIAN_POINT('',(4.467602270283,-6.553480039595,
    8.397500550366));
#5437 = CARTESIAN_POINT('',(4.476031345503,-6.547451945845,
    8.396832755201));
#5438 = CARTESIAN_POINT('',(4.480525453049,-6.54761287325,8.398163866662
    ));
#5439 = CARTESIAN_POINT('',(4.487195228943,-6.544289014308,
    8.398362597348));
#5440 = CARTESIAN_POINT('',(4.492862222556,-6.542592583911,
    8.399097839336));
#5441 = CARTESIAN_POINT('',(4.498897140114,-6.540283774235,8.39963231063
    ));
#5442 = CARTESIAN_POINT('',(4.504835176863,-6.538134031622,
    8.400221991858));
#5443 = CARTESIAN_POINT('',(-4.630882261102,-6.74618161822,
    8.013884245469));
#5444 = CARTESIAN_POINT('',(-4.52263771233,-6.784424799315,
    7.997339467355));
#5445 = CARTESIAN_POINT('',(-4.41473824692,-6.821001244219,
    7.981283271265));
#5446 = CARTESIAN_POINT('',(-4.311282543172,-6.854348510141,
    7.966730423461));
#5447 = CARTESIAN_POINT('',(-4.195210328497,-6.891655705893,
    7.949173121019));
#5448 = CARTESIAN_POINT('',(-4.105485028889,-6.916511584198,
    7.939073484433));
#5449 = CARTESIAN_POINT('',(-3.974161542001,-6.957779184858,
    7.918033551659));
#5450 = CARTESIAN_POINT('',(-3.892796960544,-6.976469207961,
    7.911040971651));
#5451 = CARTESIAN_POINT('',(-3.763490971588,-7.014448110167,
    7.891264919777));
#5452 = CARTESIAN_POINT('',(-3.669429069564,-7.036096696106,
    7.881616174275));
#5453 = CARTESIAN_POINT('',(-3.554599914262,-7.06548263728,
    7.866634663422));
#5454 = CARTESIAN_POINT('',(-3.448430651611,-7.089972383832,
    7.854479255634));
#5455 = CARTESIAN_POINT('',(-3.339184777668,-7.114641302914,
    7.841900191355));
#5456 = CARTESIAN_POINT('',(-3.230251428644,-7.138049424941,
    7.829847321412));
#5457 = CARTESIAN_POINT('',(-2.902020760839,-7.205462617854,
    7.79471410998));
#5458 = CARTESIAN_POINT('',(-2.682044654242,-7.246426576824,
    7.77278855588));
#5459 = CARTESIAN_POINT('',(-2.461204498514,-7.283507028424,
    7.752458085883));
#5460 = CARTESIAN_POINT('',(-2.239608001405,-7.316825647286,
    7.733792301387));
#5461 = CARTESIAN_POINT('',(-2.017353159801,-7.346494888421,
    7.716851075224));
#5462 = CARTESIAN_POINT('',(-1.794529562069,-7.37261726424,
    7.701685212964));
#5463 = CARTESIAN_POINT('',(-1.571219690894,-7.395284621517,
    7.688337114288));
#5464 = CARTESIAN_POINT('',(-1.347500225538,-7.414577418423,
    7.676841434274));
#5465 = CARTESIAN_POINT('',(-1.123443344649,-7.430564001491,
    7.667225744778));
#5466 = CARTESIAN_POINT('',(-0.899118028671,-7.443299882636,
    7.659511195725));
#5467 = CARTESIAN_POINT('',(-0.674591362436,-7.452827016134,
    7.653713176471));
#5468 = CARTESIAN_POINT('',(-0.449929837762,-7.459173075635,
    7.64984197712));
#5469 = CARTESIAN_POINT('',(-0.22520065595,-7.462350731146,
    7.647903449867));
#5470 = CARTESIAN_POINT('',(0.172780427602,-7.46236170198,7.647896756489
    ));
#5471 = CARTESIAN_POINT('',(0.346031963325,-7.460483562456,7.64904189002
    ));
#5472 = CARTESIAN_POINT('',(0.519253585997,-7.456721787361,
    7.651336066993));
#5473 = CARTESIAN_POINT('',(0.69241626777,-7.451071078893,7.654778059654
    ));
#5474 = CARTESIAN_POINT('',(0.865489943752,-7.443521561596,
    7.659364416403));
#5475 = CARTESIAN_POINT('',(1.038443511949,-7.434058782261,
    7.665089461818));
#5476 = CARTESIAN_POINT('',(1.211244833377,-7.422663710097,7.67194529662
    ));
#5477 = CARTESIAN_POINT('',(1.383860731886,-7.409312736494,
    7.679921797722));
#5478 = CARTESIAN_POINT('',(1.556256994392,-7.393977675296,
    7.689006618168));
#5479 = CARTESIAN_POINT('',(1.728398370622,-7.376625762533,
    7.699185187196));
#5480 = CARTESIAN_POINT('',(1.900248573347,-7.357219656647,
    7.710440710186));
#5481 = CARTESIAN_POINT('',(2.071770278202,-7.335717438329,
    7.722754168694));
#5482 = CARTESIAN_POINT('',(2.242925123807,-7.312072610618,
    7.736104320434));
#5483 = CARTESIAN_POINT('',(2.491866383524,-7.274401601167,
    7.757045270339));
#5484 = CARTESIAN_POINT('',(2.569974653268,-7.262110695152,
    7.763836705351));
#5485 = CARTESIAN_POINT('',(2.647993856912,-7.249355897442,
    7.770838773006));
#5486 = CARTESIAN_POINT('',(2.725919330459,-7.236131724667,
    7.778048241987));
#5487 = CARTESIAN_POINT('',(2.80374640988,-7.222432693467,7.785461880974
    ));
#5488 = CARTESIAN_POINT('',(2.881470431181,-7.208253320466,
    7.793076458655));
#5489 = CARTESIAN_POINT('',(2.959086730359,-7.193588122307,
    7.800888743706));
#5490 = CARTESIAN_POINT('',(3.036590643362,-7.178431615616,
    7.808895504816));
#5491 = CARTESIAN_POINT('',(3.113977506256,-7.162778317029,
    7.817093510663));
#5492 = CARTESIAN_POINT('',(3.191242654941,-7.146622743182,
    7.825479529933));
#5493 = CARTESIAN_POINT('',(3.268381425489,-7.129959410703,
    7.834050331307));
#5494 = CARTESIAN_POINT('',(3.345389153833,-7.11278283623,7.842802683468
    ));
#5495 = CARTESIAN_POINT('',(3.422261175995,-7.095087536393,
    7.851733355099));
#5496 = CARTESIAN_POINT('',(3.573963668566,-7.059066614227,
    7.869735918849));
#5497 = CARTESIAN_POINT('',(3.648799145646,-7.040763955088,
    7.878798149952));
#5498 = CARTESIAN_POINT('',(3.723494224461,-7.021954292337,
    7.888021936846));
#5499 = CARTESIAN_POINT('',(3.798043735511,-7.002631921903,7.89740323885
    ));
#5500 = CARTESIAN_POINT('',(3.872442374087,-6.982791193712,
    7.906937845948));
#5501 = CARTESIAN_POINT('',(3.946684701155,-6.962426511695,
    7.916621378786));
#5502 = CARTESIAN_POINT('',(4.020765141893,-6.941532333778,
    7.926449288678));
#5503 = CARTESIAN_POINT('',(4.09467798773,-6.920103171892,7.936416857601
    ));
#5504 = CARTESIAN_POINT('',(4.168417393928,-6.898133591966,
    7.946519198195));
#5505 = CARTESIAN_POINT('',(4.241977382032,-6.875618213927,7.95675125377
    ));
#5506 = CARTESIAN_POINT('',(4.315351837749,-6.852551711708,
    7.967107798294));
#5507 = CARTESIAN_POINT('',(4.388534512511,-6.828928813236,
    7.977583436404));
#5508 = CARTESIAN_POINT('',(4.461519022504,-6.804744300444,7.9881726034)
  );
#5509 = CARTESIAN_POINT('',(4.534298849165,-6.77999300926,7.998869565248
    ));
#5510 = CARTESIAN_POINT('',(4.565110212244,-6.76801524957,8.005830169083
    ));
#5511 = CARTESIAN_POINT('',(4.522660976775,-6.785365290019,
    7.994833566167));
#5512 = CARTESIAN_POINT('',(4.61029201951,-6.750628040289,8.015724764664
    ));
#5513 = CARTESIAN_POINT('',(4.499678961967,-6.795260366437,
    7.988021504702));
#5514 = CARTESIAN_POINT('',(4.651139479913,-6.734956960281,
    8.024561596459));
#5515 = CARTESIAN_POINT('',(4.500272464173,-6.795696786151,
    7.986993218253));
#5516 = CARTESIAN_POINT('',(4.654507709642,-6.734272728232,
    8.024215819389));
#5517 = CARTESIAN_POINT('',(4.539559646257,-6.780621362327,
    7.995454597254));
#5518 = CARTESIAN_POINT('',(4.631428853723,-6.744158146488,8.01739171708
    ));
#5519 = CARTESIAN_POINT('',(4.58602091142,-6.762654069555,8.005679203729
    ));
#5520 = CARTESIAN_POINT('',(4.618252947659,-6.750059058435,8.01299975546
    ));
#5521 = CARTESIAN_POINT('',(4.613947997384,-6.752088098541,
    8.011365133931));
#5522 = CARTESIAN_POINT('',(4.623334148544,-6.748630498485,
    8.013087762143));
#5523 = CARTESIAN_POINT('',(4.62902110592,-6.746649101129,8.013904748006
    ));
#5524 = DEFINITIONAL_REPRESENTATION('',(#5525),#5529);
#5525 = LINE('',#5526,#5527);
#5526 = CARTESIAN_POINT('',(9.196211515668,0.));
#5527 = VECTOR('',#5528,1.);
#5528 = DIRECTION('',(0.,1.));
#5529 = ( GEOMETRIC_REPRESENTATION_CONTEXT(2) 
PARAMETRIC_REPRESENTATION_CONTEXT() REPRESENTATION_CONTEXT('2D SPACE',''
  ) );
#5530 = ADVANCED_FACE('',(#5531),#3669,.T.);
#5531 = FACE_BOUND('',#5532,.T.);
#5532 = EDGE_LOOP('',(#5533,#5556,#5557,#5558));
#5533 = ORIENTED_EDGE('',*,*,#5534,.F.);
#5534 = EDGE_CURVE('',#3579,#5535,#5537,.T.);
#5535 = VERTEX_POINT('',#5536);
#5536 = CARTESIAN_POINT('',(6.746060821068,4.630742310343,8.014136157752
    ));
#5537 = SURFACE_CURVE('',#5538,(#5542,#5549),.PCURVE_S1.);
#5538 = B_SPLINE_CURVE_WITH_KNOTS('',2,(#5539,#5540,#5541),
  .UNSPECIFIED.,.F.,.F.,(3,3),(0.,1.),.PIECEWISE_BEZIER_KNOTS.);
#5539 = CARTESIAN_POINT('',(9.1,8.6,0.));
#5540 = CARTESIAN_POINT('',(10.763302289631,9.139564915894,0.));
#5541 = CARTESIAN_POINT('',(5.773395420737,3.520870168212,10.));
#5542 = PCURVE('',#3669,#5543);
#5543 = DEFINITIONAL_REPRESENTATION('',(#5544),#5548);
#5544 = LINE('',#5545,#5546);
#5545 = CARTESIAN_POINT('',(5.,0.));
#5546 = VECTOR('',#5547,1.);
#5547 = DIRECTION('',(0.,1.));
#5548 = ( GEOMETRIC_REPRESENTATION_CONTEXT(2) 
PARAMETRIC_REPRESENTATION_CONTEXT() REPRESENTATION_CONTEXT('2D SPACE',''
  ) );
#5549 = PCURVE('',#3606,#5550);
#5550 = DEFINITIONAL_REPRESENTATION('',(#5551),#5555);
#5551 = LINE('',#5552,#5553);
#5552 = CARTESIAN_POINT('',(5.,0.));
#5553 = VECTOR('',#5554,1.);
#5554 = DIRECTION('',(0.,1.));
#5555 = ( GEOMETRIC_REPRESENTATION_CONTEXT(2) 
PARAMETRIC_REPRESENTATION_CONTEXT() REPRESENTATION_CONTEXT('2D SPACE',''
  ) );
#5556 = ORIENTED_EDGE('',*,*,#3641,.T.);
#5557 = ORIENTED_EDGE('',*,*,#4519,.T.);
#5558 = ORIENTED_EDGE('',*,*,#5559,.F.);
#5559 = EDGE_CURVE('',#5535,#4520,#5560,.T.);
#5560 = SURFACE_CURVE('',#5561,(#5577,#5603),.PCURVE_S1.);
#5561 = ( BOUNDED_CURVE() B_SPLINE_CURVE(14,(#5562,#5563,#5564,#5565,
    #5566,#5567,#5568,#5569,#5570,#5571,#5572,#5573,#5574,#5575,#5576),
.UNSPECIFIED.,.F.,.F.) B_SPLINE_CURVE_WITH_KNOTS((15,15),(
12.206157611327,15.124483804482),.PIECEWISE_BEZIER_KNOTS.) CURVE() 
GEOMETRIC_REPRESENTATION_ITEM() RATIONAL_B_SPLINE_CURVE((1.,1.,
    0.999999999999,1.000000000003,0.999999999995,1.000000000007,
    0.999999999991,1.000000000009,0.999999999992,1.000000000005,
0.999999999997,1.000000000001,1.,1.,1.)) REPRESENTATION_ITEM('') );
#5562 = CARTESIAN_POINT('',(6.742331153048,4.626421567617,8.021913311807
    ));
#5563 = CARTESIAN_POINT('',(6.652619549833,4.82528183862,8.049893828638)
  );
#5564 = CARTESIAN_POINT('',(6.550317920097,5.019021713447,8.072431637465
    ));
#5565 = CARTESIAN_POINT('',(6.438029513545,5.205560211213,8.090273980303
    ));
#5566 = CARTESIAN_POINT('',(6.311645278137,5.386442872761,8.102306692106
    ));
#5567 = CARTESIAN_POINT('',(6.18899944694,5.557631893014,8.115283321382)
  );
#5568 = CARTESIAN_POINT('',(6.022025584565,5.734958463746,8.114314469402
    ));
#5569 = CARTESIAN_POINT('',(5.910231997256,5.874387886077,8.125164179362
    ));
#5570 = CARTESIAN_POINT('',(5.704511558588,6.051709433796,8.113663925264
    ));
#5571 = CARTESIAN_POINT('',(5.577995144064,6.169473868953,8.115708307221
    ));
#5572 = CARTESIAN_POINT('',(5.379597714108,6.319537081026,8.102151427948
    ));
#5573 = CARTESIAN_POINT('',(5.206174642362,6.436421142492,8.089668579442
    ));
#5574 = CARTESIAN_POINT('',(5.021235925659,6.549559247779,8.072586331371
    ));
#5575 = CARTESIAN_POINT('',(4.825480474262,6.652707213508,8.049664631504
    ));
#5576 = CARTESIAN_POINT('',(4.626535559644,6.742429557519,8.021708136236
    ));
#5577 = PCURVE('',#3669,#5578);
#5578 = DEFINITIONAL_REPRESENTATION('',(#5579),#5602);
#5579 = B_SPLINE_CURVE_WITH_KNOTS('',11,(#5580,#5581,#5582,#5583,#5584,
    #5585,#5586,#5587,#5588,#5589,#5590,#5591,#5592,#5593,#5594,#5595,
    #5596,#5597,#5598,#5599,#5600,#5601),.UNSPECIFIED.,.F.,.F.,(12,10,12
    ),(12.206157611327,13.665320707904,15.124483804482),.UNSPECIFIED.);
#5580 = CARTESIAN_POINT('',(5.,0.895651344654));
#5581 = CARTESIAN_POINT('',(5.047479424193,0.896645357757));
#5582 = CARTESIAN_POINT('',(5.094344105172,0.897512665144));
#5583 = CARTESIAN_POINT('',(5.140548781415,0.898263581026));
#5584 = CARTESIAN_POINT('',(5.186243923512,0.898897746587));
#5585 = CARTESIAN_POINT('',(5.231539752122,0.899440073709));
#5586 = CARTESIAN_POINT('',(5.276617551891,0.899885296647));
#5587 = CARTESIAN_POINT('',(5.321510138234,0.900233382766));
#5588 = CARTESIAN_POINT('',(5.366184209445,0.900497640694));
#5589 = CARTESIAN_POINT('',(5.410788552908,0.900670392786));
#5590 = CARTESIAN_POINT('',(5.455332786853,0.900756875143));
#5591 = CARTESIAN_POINT('',(5.544428477276,0.900754965419));
#5592 = CARTESIAN_POINT('',(5.588976637864,0.900666782611));
#5593 = CARTESIAN_POINT('',(5.633592443032,0.900491008903));
#5594 = CARTESIAN_POINT('',(5.678250483953,0.900229071933));
#5595 = CARTESIAN_POINT('',(5.723234403934,0.899873098138));
#5596 = CARTESIAN_POINT('',(5.768098739248,0.899434392108));
#5597 = CARTESIAN_POINT('',(5.813881305259,0.8988830226));
#5598 = CARTESIAN_POINT('',(5.859068450901,0.898254759253));
#5599 = CARTESIAN_POINT('',(5.90531616279,0.897508804735));
#5600 = CARTESIAN_POINT('',(5.952504697703,0.896633063028));
#5601 = CARTESIAN_POINT('',(6.,0.895639890594));
#5602 = ( GEOMETRIC_REPRESENTATION_CONTEXT(2) 
PARAMETRIC_REPRESENTATION_CONTEXT() REPRESENTATION_CONTEXT('2D SPACE',''
  ) );
#5603 = PCURVE('',#5604,#5650);
#5604 = ( BOUNDED_SURFACE() B_SPLINE_SURFACE(2,14,(
    (#5605,#5606,#5607,#5608,#5609,#5610,#5611,#5612,#5613,#5614,#5615
      ,#5616,#5617,#5618,#5619)
    ,(#5620,#5621,#5622,#5623,#5624,#5625,#5626,#5627,#5628,#5629,#5630
      ,#5631,#5632,#5633,#5634)
    ,(#5635,#5636,#5637,#5638,#5639,#5640,#5641,#5642,#5643,#5644,#5645
      ,#5646,#5647,#5648,#5649
)),.UNSPECIFIED.,.F.,.F.,.F.) B_SPLINE_SURFACE_WITH_KNOTS((3,3),(15,15),
  (0.,2.918326193155),(12.206157611327,15.124483804482),
.PIECEWISE_BEZIER_KNOTS.) GEOMETRIC_REPRESENTATION_ITEM() 
RATIONAL_B_SPLINE_SURFACE((
    (1.,1.,0.999999999999,1.000000000003,0.999999999995,1.000000000007
      ,0.999999999991,1.000000000009,0.999999999992,1.000000000005
      ,0.999999999997,1.000000000001,1.,1.,1.)
    ,(0.800723876032,0.807084444848,0.81191190129,0.815581261887
      ,0.81765664093,0.820901601706,0.819343246665,0.823313141203
      ,0.819106756775,0.821178731943,0.817653354484,0.815473237998
      ,0.812039768984,0.807041890215,0.800635182784)
    ,(1.,1.,0.999999999999,1.000000000003,0.999999999995,1.000000000007
      ,0.999999999991,1.000000000009,0.999999999992,1.000000000005
,0.999999999997,1.000000000001,1.,1.,1.
))) REPRESENTATION_ITEM('') SURFACE() );
#5605 = CARTESIAN_POINT('',(6.133722137485,4.337152004607,8.272212375245
    ));
#5606 = CARTESIAN_POINT('',(6.066049254068,4.502657638142,8.285931858857
    ));
#5607 = CARTESIAN_POINT('',(5.987044173579,4.664921395905,8.297545588057
    ));
#5608 = CARTESIAN_POINT('',(5.891298563994,4.829453001312,8.30714021451)
  );
#5609 = CARTESIAN_POINT('',(5.798816459464,4.98876856408,8.316121304178)
  );
#5610 = CARTESIAN_POINT('',(5.64325502735,5.148225087549,8.317279688431)
  );
#5611 = CARTESIAN_POINT('',(5.619932270685,5.256870594735,8.327891783259
    ));
#5612 = CARTESIAN_POINT('',(5.330207738841,5.470452956023,8.318941941887
    ));
#5613 = CARTESIAN_POINT('',(5.379485993208,5.499464135291,8.327935151652
    ));
#5614 = CARTESIAN_POINT('',(5.073114029304,5.718812590852,8.317374586781
    ));
#5615 = CARTESIAN_POINT('',(5.016159629766,5.767029734781,8.315187287451
    ));
#5616 = CARTESIAN_POINT('',(4.831516996723,5.896410828571,8.307871187639
    ));
#5617 = CARTESIAN_POINT('',(4.65881271434,5.989332117609,8.296771048914)
  );
#5618 = CARTESIAN_POINT('',(4.504117236463,6.065373589646,8.285775641304
    ));
#5619 = CARTESIAN_POINT('',(4.338751881506,6.132986822858,8.27209996049)
  );
#5620 = CARTESIAN_POINT('',(6.53106358216,4.50352184914,8.398403818972)
  );
#5621 = CARTESIAN_POINT('',(6.443269685148,4.690641346175,8.411768892537
    ));
#5622 = CARTESIAN_POINT('',(6.344624509249,4.873754127746,8.423170557182
    ));
#5623 = CARTESIAN_POINT('',(6.235320310118,5.052244050028,8.432530537094
    ));
#5624 = CARTESIAN_POINT('',(6.117306821975,5.225684634833,8.440132210249
    ));
#5625 = CARTESIAN_POINT('',(5.985599115372,5.392565811398,8.444634369651
    ));
#5626 = CARTESIAN_POINT('',(5.855936018345,5.551450891476,8.44901419682)
  );
#5627 = CARTESIAN_POINT('',(5.699579300525,5.707431324147,8.448308222234
    ));
#5628 = CARTESIAN_POINT('',(5.559168677134,5.848772826551,8.449003554221
    ));
#5629 = CARTESIAN_POINT('',(5.388551378328,5.989500213632,8.444407844115
    ));
#5630 = CARTESIAN_POINT('',(5.227978809332,6.115366259881,8.439893312162
    ));
#5631 = CARTESIAN_POINT('',(5.052566155722,6.23564333186,8.432368857998)
  );
#5632 = CARTESIAN_POINT('',(4.874235824741,6.344397027868,8.422908528718
    ));
#5633 = CARTESIAN_POINT('',(4.691201694676,6.443126434891,8.411623822346
    ));
#5634 = CARTESIAN_POINT('',(4.504097488134,6.530889730799,8.398361368326
    ));
#5635 = CARTESIAN_POINT('',(6.742331153048,4.626421567617,8.021913311807
    ));
#5636 = CARTESIAN_POINT('',(6.652619549833,4.82528183862,8.049893828638)
  );
#5637 = CARTESIAN_POINT('',(6.550317920097,5.019021713447,8.072431637465
    ));
#5638 = CARTESIAN_POINT('',(6.438029513545,5.205560211213,8.090273980303
    ));
#5639 = CARTESIAN_POINT('',(6.311645278137,5.386442872761,8.102306692106
    ));
#5640 = CARTESIAN_POINT('',(6.18899944694,5.557631893014,8.115283321382)
  );
#5641 = CARTESIAN_POINT('',(6.022025584565,5.734958463746,8.114314469402
    ));
#5642 = CARTESIAN_POINT('',(5.910231997256,5.874387886077,8.125164179362
    ));
#5643 = CARTESIAN_POINT('',(5.704511558588,6.051709433796,8.113663925264
    ));
#5644 = CARTESIAN_POINT('',(5.577995144064,6.169473868953,8.115708307221
    ));
#5645 = CARTESIAN_POINT('',(5.379597714108,6.319537081026,8.102151427948
    ));
#5646 = CARTESIAN_POINT('',(5.206174642362,6.436421142492,8.089668579442
    ));
#5647 = CARTESIAN_POINT('',(5.021235925659,6.549559247779,8.072586331371
    ));
#5648 = CARTESIAN_POINT('',(4.825480474262,6.652707213508,8.049664631504
    ));
#5649 = CARTESIAN_POINT('',(4.626535559644,6.742429557519,8.021708136236
    ));
#5650 = DEFINITIONAL_REPRESENTATION('',(#5651),#5655);
#5651 = LINE('',#5652,#5653);
#5652 = CARTESIAN_POINT('',(2.918326193155,0.));
#5653 = VECTOR('',#5654,1.);
#5654 = DIRECTION('',(0.,1.));
#5655 = ( GEOMETRIC_REPRESENTATION_CONTEXT(2) 
PARAMETRIC_REPRESENTATION_CONTEXT() REPRESENTATION_CONTEXT('2D SPACE',''
  ) );
#5656 = ADVANCED_FACE('',(#5657),#3543,.T.);
#5657 = FACE_BOUND('',#5658,.T.);
#5658 = EDGE_LOOP('',(#5659,#5660,#5661,#5684));
#5659 = ORIENTED_EDGE('',*,*,#4925,.F.);
#5660 = ORIENTED_EDGE('',*,*,#3515,.T.);
#5661 = ORIENTED_EDGE('',*,*,#5662,.T.);
#5662 = EDGE_CURVE('',#3516,#5663,#5665,.T.);
#5663 = VERTEX_POINT('',#5664);
#5664 = CARTESIAN_POINT('',(6.74233461907,-4.62642558266,8.021906085089)
  );
#5665 = SURFACE_CURVE('',#5666,(#5670,#5677),.PCURVE_S1.);
#5666 = B_SPLINE_CURVE_WITH_KNOTS('',2,(#5667,#5668,#5669),
  .UNSPECIFIED.,.F.,.F.,(3,3),(0.,1.),.PIECEWISE_BEZIER_KNOTS.);
#5667 = CARTESIAN_POINT('',(9.1,-8.6,0.));
#5668 = CARTESIAN_POINT('',(10.763302289631,-9.139564915894,0.));
#5669 = CARTESIAN_POINT('',(5.773395420737,-3.520870168212,10.));
#5670 = PCURVE('',#3543,#5671);
#5671 = DEFINITIONAL_REPRESENTATION('',(#5672),#5676);
#5672 = LINE('',#5673,#5674);
#5673 = CARTESIAN_POINT('',(4.,0.));
#5674 = VECTOR('',#5675,1.);
#5675 = DIRECTION('',(0.,1.));
#5676 = ( GEOMETRIC_REPRESENTATION_CONTEXT(2) 
PARAMETRIC_REPRESENTATION_CONTEXT() REPRESENTATION_CONTEXT('2D SPACE',''
  ) );
#5677 = PCURVE('',#3606,#5678);
#5678 = DEFINITIONAL_REPRESENTATION('',(#5679),#5683);
#5679 = LINE('',#5680,#5681);
#5680 = CARTESIAN_POINT('',(4.,0.));
#5681 = VECTOR('',#5682,1.);
#5682 = DIRECTION('',(0.,1.));
#5683 = ( GEOMETRIC_REPRESENTATION_CONTEXT(2) 
PARAMETRIC_REPRESENTATION_CONTEXT() REPRESENTATION_CONTEXT('2D SPACE',''
  ) );
#5684 = ORIENTED_EDGE('',*,*,#5685,.F.);
#5685 = EDGE_CURVE('',#4926,#5663,#5686,.T.);
#5686 = SURFACE_CURVE('',#5687,(#5702,#5726),.PCURVE_S1.);
#5687 = ( BOUNDED_CURVE() B_SPLINE_CURVE(13,(#5688,#5689,#5690,#5691,
    #5692,#5693,#5694,#5695,#5696,#5697,#5698,#5699,#5700,#5701),
.UNSPECIFIED.,.F.,.F.) B_SPLINE_CURVE_WITH_KNOTS((14,14),(
8.849940478609E-02,3.008872649633),.PIECEWISE_BEZIER_KNOTS.) CURVE() 
GEOMETRIC_REPRESENTATION_ITEM() RATIONAL_B_SPLINE_CURVE((1.,1.,
    1.000000000001,0.999999999998,1.000000000003,0.999999999995,
    1.000000000007,0.999999999993,1.000000000005,0.999999999997,
1.000000000002,0.999999999999,1.,1.)) REPRESENTATION_ITEM('') );
#5688 = CARTESIAN_POINT('',(4.626479394374,-6.742381072473,
    8.021809228792));
#5689 = CARTESIAN_POINT('',(4.839533929017,-6.646345119662,
    8.051672658666));
#5690 = CARTESIAN_POINT('',(5.046836899512,-6.535818296727,
    8.075365173604));
#5691 = CARTESIAN_POINT('',(5.247714641497,-6.411614644356,8.09354717774
    ));
#5692 = CARTESIAN_POINT('',(5.440072892966,-6.277477451819,
    8.107301359983));
#5693 = CARTESIAN_POINT('',(5.627759643089,-6.125607189924,
    8.115059205987));
#5694 = CARTESIAN_POINT('',(5.799568094125,-5.97698310806,8.12134295572)
  );
#5695 = CARTESIAN_POINT('',(5.974145491029,-5.796836853049,
    8.118792621635));
#5696 = CARTESIAN_POINT('',(6.123712784867,-5.63364123842,8.117116177344
    ));
#5697 = CARTESIAN_POINT('',(6.277582825362,-5.438459536038,
    8.106685565009));
#5698 = CARTESIAN_POINT('',(6.409880862545,-5.249528022699,
    8.093945240807));
#5699 = CARTESIAN_POINT('',(6.53409479505,-5.049788446171,8.0760487749)
  );
#5700 = CARTESIAN_POINT('',(6.645839967154,-4.840347736203,8.0519886257)
  );
#5701 = CARTESIAN_POINT('',(6.74233461907,-4.62642558266,8.021906085089)
  );
#5702 = PCURVE('',#3543,#5703);
#5703 = DEFINITIONAL_REPRESENTATION('',(#5704),#5725);
#5704 = B_SPLINE_CURVE_WITH_KNOTS('',10,(#5705,#5706,#5707,#5708,#5709,
    #5710,#5711,#5712,#5713,#5714,#5715,#5716,#5717,#5718,#5719,#5720,
    #5721,#5722,#5723,#5724),.UNSPECIFIED.,.F.,.F.,(11,9,11),(
    8.849940478609E-02,1.548686027209,3.008872649633),.UNSPECIFIED.);
#5705 = CARTESIAN_POINT('',(3.,0.89564553417));
#5706 = CARTESIAN_POINT('',(3.051944139574,0.896729178797));
#5707 = CARTESIAN_POINT('',(3.103174359528,0.897661968632));
#5708 = CARTESIAN_POINT('',(3.153835991704,0.898456550489));
#5709 = CARTESIAN_POINT('',(3.203985986033,0.899125435693));
#5710 = CARTESIAN_POINT('',(3.253778853906,0.899673069502));
#5711 = CARTESIAN_POINT('',(3.303273954993,0.900106249891));
#5712 = CARTESIAN_POINT('',(3.352517732321,0.900430454523));
#5713 = CARTESIAN_POINT('',(3.401639644628,0.900645391476));
#5714 = CARTESIAN_POINT('',(3.45067718532,0.90075406987));
#5715 = CARTESIAN_POINT('',(3.548749842062,0.900757711833));
#5716 = CARTESIAN_POINT('',(3.597784937273,0.900652718861));
#5717 = CARTESIAN_POINT('',(3.646878211083,0.900441214375));
#5718 = CARTESIAN_POINT('',(3.696160328881,0.900120374089));
#5719 = CARTESIAN_POINT('',(3.745549022492,0.899691571473));
#5720 = CARTESIAN_POINT('',(3.795462366743,0.899142147266));
#5721 = CARTESIAN_POINT('',(3.845371483871,0.898482244141));
#5722 = CARTESIAN_POINT('',(3.896167907939,0.897686998369));
#5723 = CARTESIAN_POINT('',(3.947832122992,0.896742530058));
#5724 = CARTESIAN_POINT('',(4.,0.89565094122));
#5725 = ( GEOMETRIC_REPRESENTATION_CONTEXT(2) 
PARAMETRIC_REPRESENTATION_CONTEXT() REPRESENTATION_CONTEXT('2D SPACE',''
  ) );
#5726 = PCURVE('',#5727,#5770);
#5727 = ( BOUNDED_SURFACE() B_SPLINE_SURFACE(2,13,(
    (#5728,#5729,#5730,#5731,#5732,#5733,#5734,#5735,#5736,#5737,#5738
      ,#5739,#5740,#5741)
    ,(#5742,#5743,#5744,#5745,#5746,#5747,#5748,#5749,#5750,#5751,#5752
      ,#5753,#5754,#5755)
    ,(#5756,#5757,#5758,#5759,#5760,#5761,#5762,#5763,#5764,#5765,#5766
      ,#5767,#5768,#5769
)),.UNSPECIFIED.,.F.,.F.,.F.) B_SPLINE_SURFACE_WITH_KNOTS((3,3),(14,14),
  (0.,2.920373244846),(8.849940478609E-02,3.008872649633),
.PIECEWISE_BEZIER_KNOTS.) GEOMETRIC_REPRESENTATION_ITEM() 
RATIONAL_B_SPLINE_SURFACE((
    (1.,1.,1.000000000001,0.999999999998,1.000000000003,0.999999999995
      ,1.000000000007,0.999999999993,1.000000000005,0.999999999997
      ,1.000000000002,0.999999999999,1.,1.)
    ,(0.800712011457,0.807517471475,0.812573888504,0.816236135762
      ,0.818987225532,0.820226109513,0.821799665298,0.820729376392
      ,0.820994250473,0.818599485732,0.816279897483,0.812704698952
      ,0.807547216839,0.800717982394)
    ,(1.,1.,1.000000000001,0.999999999998,1.000000000003,0.999999999995
      ,1.000000000007,0.999999999993,1.000000000005,0.999999999997
,1.000000000002,0.999999999999,1.,1.
  ))) REPRESENTATION_ITEM('') SURFACE() );
#5728 = CARTESIAN_POINT('',(4.328976160268,-6.137440560803,
    8.271404097762));
#5729 = CARTESIAN_POINT('',(4.512600413426,-6.06280514922,8.286618119451
    ));
#5730 = CARTESIAN_POINT('',(4.692415430644,-5.973503682418,
    8.299205507749));
#5731 = CARTESIAN_POINT('',(4.865990982502,-5.873287948158,
    8.309378075072));
#5732 = CARTESIAN_POINT('',(5.03838497668,-5.750715388712,8.316369747785
    ));
#5733 = CARTESIAN_POINT('',(5.188633823584,-5.647578382208,
    8.322758765248));
#5734 = CARTESIAN_POINT('',(5.364145390574,-5.469554143258,
    8.322787783843));
#5735 = CARTESIAN_POINT('',(5.476475423871,-5.384550181135,
    8.326144675898));
#5736 = CARTESIAN_POINT('',(5.648676983939,-5.168214782173,
    8.320586674636));
#5737 = CARTESIAN_POINT('',(5.743779535521,-5.053619695694,
    8.317528102689));
#5738 = CARTESIAN_POINT('',(5.874534198302,-4.865362339148,
    8.309780575296));
#5739 = CARTESIAN_POINT('',(5.974672388542,-4.68803331167,8.299053979304
    ));
#5740 = CARTESIAN_POINT('',(6.059690978556,-4.517796426287,
    8.287152554544));
#5741 = CARTESIAN_POINT('',(6.133351636608,-4.337979687969,
    8.272273253772));
#5742 = CARTESIAN_POINT('',(4.502033869415,-6.53175150625,8.398171509269
    ));
#5743 = CARTESIAN_POINT('',(4.703522006874,-6.43746625469,8.412506014213
    ));
#5744 = CARTESIAN_POINT('',(4.90077635773,-6.330225617121,8.424606830085
    ));
#5745 = CARTESIAN_POINT('',(5.092326361338,-6.210979933727,
    8.434393616201));
#5746 = CARTESIAN_POINT('',(5.277631487637,-6.079380196907,
    8.441674033263));
#5747 = CARTESIAN_POINT('',(5.454544640708,-5.939791544849,
    8.446879279959));
#5748 = CARTESIAN_POINT('',(5.62547597942,-5.784541533238,8.448920647253
    ));
#5749 = CARTESIAN_POINT('',(5.784467867026,-5.628865805015,8.44963828898
    ));
#5750 = CARTESIAN_POINT('',(5.938082157259,-5.453826399711,
    8.446572976399));
#5751 = CARTESIAN_POINT('',(6.077937455597,-5.28048556454,8.442184882187
    ));
#5752 = CARTESIAN_POINT('',(6.209970346788,-5.093238965105,
    8.434672570203));
#5753 = CARTESIAN_POINT('',(6.32904361134,-4.90220244058,8.424893436022)
  );
#5754 = CARTESIAN_POINT('',(6.436432172246,-4.70524516911,8.412822156825
    ));
#5755 = CARTESIAN_POINT('',(6.530990704477,-4.503695790355,
    8.398420152163));
#5756 = CARTESIAN_POINT('',(4.626479394374,-6.742381072473,
    8.021809228792));
#5757 = CARTESIAN_POINT('',(4.839533929017,-6.646345119662,
    8.051672658666));
#5758 = CARTESIAN_POINT('',(5.046836899512,-6.535818296727,
    8.075365173604));
#5759 = CARTESIAN_POINT('',(5.247714641497,-6.411614644356,8.09354717774
    ));
#5760 = CARTESIAN_POINT('',(5.440072892966,-6.277477451819,
    8.107301359983));
#5761 = CARTESIAN_POINT('',(5.627759643089,-6.125607189924,
    8.115059205987));
#5762 = CARTESIAN_POINT('',(5.799568094125,-5.97698310806,8.12134295572)
  );
#5763 = CARTESIAN_POINT('',(5.974145491029,-5.796836853049,
    8.118792621635));
#5764 = CARTESIAN_POINT('',(6.123712784867,-5.63364123842,8.117116177344
    ));
#5765 = CARTESIAN_POINT('',(6.277582825362,-5.438459536038,
    8.106685565009));
#5766 = CARTESIAN_POINT('',(6.409880862545,-5.249528022699,
    8.093945240807));
#5767 = CARTESIAN_POINT('',(6.53409479505,-5.049788446171,8.0760487749)
  );
#5768 = CARTESIAN_POINT('',(6.645839967154,-4.840347736203,8.0519886257)
  );
#5769 = CARTESIAN_POINT('',(6.74233461907,-4.62642558266,8.021906085089)
  );
#5770 = DEFINITIONAL_REPRESENTATION('',(#5771),#5775);
#5771 = LINE('',#5772,#5773);
#5772 = CARTESIAN_POINT('',(2.920373244846,0.));
#5773 = VECTOR('',#5774,1.);
#5774 = DIRECTION('',(0.,1.));
#5775 = ( GEOMETRIC_REPRESENTATION_CONTEXT(2) 
PARAMETRIC_REPRESENTATION_CONTEXT() REPRESENTATION_CONTEXT('2D SPACE',''
  ) );
#5776 = ADVANCED_FACE('',(#5777),#3606,.T.);
#5777 = FACE_BOUND('',#5778,.T.);
#5778 = EDGE_LOOP('',(#5779,#5780,#5781,#5782));
#5779 = ORIENTED_EDGE('',*,*,#5662,.F.);
#5780 = ORIENTED_EDGE('',*,*,#3578,.T.);
#5781 = ORIENTED_EDGE('',*,*,#5534,.T.);
#5782 = ORIENTED_EDGE('',*,*,#5783,.F.);
#5783 = EDGE_CURVE('',#5663,#5535,#5784,.T.);
#5784 = SURFACE_CURVE('',#5785,(#5853,#5959),.PCURVE_S1.);
#5785 = ( BOUNDED_CURVE() B_SPLINE_CURVE(14,(#5786,#5787,#5788,#5789,
    #5790,#5791,#5792,#5793,#5794,#5795,#5796,#5797,#5798,#5799,#5800,
    #5801,#5802,#5803,#5804,#5805,#5806,#5807,#5808,#5809,#5810,#5811,
    #5812,#5813,#5814,#5815,#5816,#5817,#5818,#5819,#5820,#5821,#5822,
    #5823,#5824,#5825,#5826,#5827,#5828,#5829,#5830,#5831,#5832,#5833,
    #5834,#5835,#5836,#5837,#5838,#5839,#5840,#5841,#5842,#5843,#5844,
    #5845,#5846,#5847,#5848,#5849,#5850,#5851,#5852),.UNSPECIFIED.,.F.,
.F.) B_SPLINE_CURVE_WITH_KNOTS((15,13,13,13,13,15),(3.007077757287,
    6.052924199448,7.607609473715,9.910775138923,11.02779646409,
12.207941811027),.UNSPECIFIED.) CURVE() GEOMETRIC_REPRESENTATION_ITEM() 
RATIONAL_B_SPLINE_CURVE((1.,1.,1.,0.999999999999,1.000000000002,
    0.999999999995,1.000000000007,0.999999999991,1.000000000008,
    0.999999999994,1.000000000003,0.999999999999,1.,1.,1.,1.000000000002
    ,0.999999999993,1.000000000015,0.999999999973,1.000000000037,
    0.999999999959,1.000000000037,0.999999999973,1.000000000016,
    0.999999999993,1.000000000002,1.,1.,1.,0.999999999999,1.000000000002
    ,0.999999999995,1.000000000007,0.999999999991,1.000000000008,
    0.999999999994,1.000000000004,0.999999999998,1.000000000001,1.,1.,1.
    ,0.999999999999,1.000000000003,0.999999999994,1.000000000009,
    0.999999999989,1.000000000011,0.999999999992,1.000000000005,
    0.999999999997,1.000000000001,1.,1.,0.999999999999,1.000000000003,
    0.999999999993,1.000000000011,0.999999999986,1.000000000014,
    0.999999999988,1.000000000008,0.999999999995,1.000000000002,
0.999999999999,1.,1.)) REPRESENTATION_ITEM('') );
#5786 = CARTESIAN_POINT('',(6.74607183471,-4.630755070283,8.014113189795
    ));
#5787 = CARTESIAN_POINT('',(6.821997112936,-4.415849666594,
    7.981275797529));
#5788 = CARTESIAN_POINT('',(6.891256195297,-4.202680232839,
    7.950373206186));
#5789 = CARTESIAN_POINT('',(6.953202771007,-3.994771970556,
    7.922139709626));
#5790 = CARTESIAN_POINT('',(7.015984046415,-3.773227184392,
    7.891671274485));
#5791 = CARTESIAN_POINT('',(7.066496381103,-3.56840127742,7.867286959071
    ));
#5792 = CARTESIAN_POINT('',(7.120254828127,-3.346013130531,
    7.839696307055));
#5793 = CARTESIAN_POINT('',(7.166515978545,-3.129736408125,7.81555258775
    ));
#5794 = CARTESIAN_POINT('',(7.207165184902,-2.916248037214,
    7.793924302503));
#5795 = CARTESIAN_POINT('',(7.248811665639,-2.691449254132,
    7.770955710169));
#5796 = CARTESIAN_POINT('',(7.281882465396,-2.476474275822,
    7.752565732734));
#5797 = CARTESIAN_POINT('',(7.314404649879,-2.254146472683,
    7.734026789197));
#5798 = CARTESIAN_POINT('',(7.342163853636,-2.0340040111,7.717996346419)
  );
#5799 = CARTESIAN_POINT('',(7.366817568537,-1.8126496848,7.70356318214)
  );
#5800 = CARTESIAN_POINT('',(7.398934370515,-1.47779110566,7.684555770408
    ));
#5801 = CARTESIAN_POINT('',(7.408914411832,-1.364518714952,
    7.678608238145));
#5802 = CARTESIAN_POINT('',(7.418030676314,-1.251144562669,
    7.673141076552));
#5803 = CARTESIAN_POINT('',(7.426291900445,-1.137678402828,
    7.668158474869));
#5804 = CARTESIAN_POINT('',(7.43370595179,-1.024129882385,7.663664197284
    ));
#5805 = CARTESIAN_POINT('',(7.440279829074,-0.910508541055,
    7.659661582935));
#5806 = CARTESIAN_POINT('',(7.446019662061,-0.796823811529,
    7.656153545904));
#5807 = CARTESIAN_POINT('',(7.45093071171,-0.683085019279,7.653142575231
    ));
#5808 = CARTESIAN_POINT('',(7.455017370008,-0.569301382663,7.65063073489
    ));
#5809 = CARTESIAN_POINT('',(7.458283160121,-0.455482012942,
    7.648619663821));
#5810 = CARTESIAN_POINT('',(7.460730736276,-0.341635914167,
    7.647110575896));
#5811 = CARTESIAN_POINT('',(7.462361883841,-0.227771983327,
    7.646104259947));
#5812 = CARTESIAN_POINT('',(7.463177519279,-0.113899010222,
    7.645601079749));
#5813 = CARTESIAN_POINT('',(7.463177943333,0.168670298648,7.645600817407
    ));
#5814 = CARTESIAN_POINT('',(7.461389136059,0.3373647727,7.646704135771)
  );
#5815 = CARTESIAN_POINT('',(7.457810629463,0.506030498838,7.648911607798
    ));
#5816 = CARTESIAN_POINT('',(7.452437725648,0.674639436797,7.652221738169
    ));
#5817 = CARTESIAN_POINT('',(7.445261667681,0.843162751707,7.656630857554
    ));
#5818 = CARTESIAN_POINT('',(7.436269639638,1.011570814291,7.662133122634
    ));
#5819 = CARTESIAN_POINT('',(7.425444766533,1.179833200583,7.668720516069
    ));
#5820 = CARTESIAN_POINT('',(7.41276611441,1.347918692265,7.676382846541)
  );
#5821 = CARTESIAN_POINT('',(7.39820869024,1.515795276328,7.6851077487));
#5822 = CARTESIAN_POINT('',(7.381743442023,1.683430145358,7.694880683223
    ));
#5823 = CARTESIAN_POINT('',(7.3633372587,1.850789697336,7.705684936761)
  );
#5824 = CARTESIAN_POINT('',(7.342952970219,2.017839535753,7.717501621978
    ));
#5825 = CARTESIAN_POINT('',(7.320549347491,2.184544469554,7.730309677527
    ));
#5826 = CARTESIAN_POINT('',(7.284214152525,2.431534661677,7.750767236598
    ));
#5827 = CARTESIAN_POINT('',(7.271862086255,2.512110446969,7.757675984216
    ));
#5828 = CARTESIAN_POINT('',(7.25901965594,2.592591792883,7.764809433623)
  );
#5829 = CARTESIAN_POINT('',(7.245681535316,2.672974365137,7.772164703661
    ));
#5830 = CARTESIAN_POINT('',(7.231842319563,2.753253571318,7.779738709292
    ));
#5831 = CARTESIAN_POINT('',(7.217496525226,2.833424560893,7.787528161627
    ));
#5832 = CARTESIAN_POINT('',(7.202638590347,2.913482225181,7.795529567878
    ));
#5833 = CARTESIAN_POINT('',(7.187262874279,2.993421197414,7.803739231427
    ));
#5834 = CARTESIAN_POINT('',(7.171363657903,3.073235852635,7.812153251742
    ));
#5835 = CARTESIAN_POINT('',(7.154935143416,3.152920307831,7.820767524461
    ));
#5836 = CARTESIAN_POINT('',(7.137971454508,3.232468421795,7.829577741324
    ));
#5837 = CARTESIAN_POINT('',(7.120466636235,3.311873795242,7.838579390218
    ));
#5838 = CARTESIAN_POINT('',(7.102414655094,3.391129770729,7.847767755153
    ));
#5839 = CARTESIAN_POINT('',(7.064152740765,3.55379909777,7.867037594812)
  );
#5840 = CARTESIAN_POINT('',(7.043851756016,3.637256384368,7.877157558912
    ));
#5841 = CARTESIAN_POINT('',(7.023195378144,3.719909151885,7.887301174579
    ));
#5842 = CARTESIAN_POINT('',(7.000580119554,3.805447742747,7.898491360656
    ));
#5843 = CARTESIAN_POINT('',(6.981589514196,3.880902757815,7.907120735048
    ));
#5844 = CARTESIAN_POINT('',(6.952037890689,3.979227676814,7.922309755142
    ));
#5845 = CARTESIAN_POINT('',(6.939183268327,4.036886537136,7.926513065417
    ));
#5846 = CARTESIAN_POINT('',(6.902010178626,4.149719589488,7.946077931126
    ));
#5847 = CARTESIAN_POINT('',(6.889248527472,4.203407478504,7.949705139287
    ));
#5848 = CARTESIAN_POINT('',(6.854854220784,4.306403012762,7.96690386125)
  );
#5849 = CARTESIAN_POINT('',(6.832869112984,4.377995409883,7.975868083155
    ));
#5850 = CARTESIAN_POINT('',(6.804012886714,4.464226630742,7.988897942182
    ));
#5851 = CARTESIAN_POINT('',(6.775548635624,4.547320065988,8.001365439477
    ));
#5852 = CARTESIAN_POINT('',(6.746060821068,4.630742310343,8.014136157752
    ));
#5853 = PCURVE('',#3606,#5854);
#5854 = DEFINITIONAL_REPRESENTATION('',(#5855),#5958);
#5855 = B_SPLINE_CURVE_WITH_KNOTS('',11,(#5856,#5857,#5858,#5859,#5860,
    #5861,#5862,#5863,#5864,#5865,#5866,#5867,#5868,#5869,#5870,#5871,
    #5872,#5873,#5874,#5875,#5876,#5877,#5878,#5879,#5880,#5881,#5882,
    #5883,#5884,#5885,#5886,#5887,#5888,#5889,#5890,#5891,#5892,#5893,
    #5894,#5895,#5896,#5897,#5898,#5899,#5900,#5901,#5902,#5903,#5904,
    #5905,#5906,#5907,#5908,#5909,#5910,#5911,#5912,#5913,#5914,#5915,
    #5916,#5917,#5918,#5919,#5920,#5921,#5922,#5923,#5924,#5925,#5926,
    #5927,#5928,#5929,#5930,#5931,#5932,#5933,#5934,#5935,#5936,#5937,
    #5938,#5939,#5940,#5941,#5942,#5943,#5944,#5945,#5946,#5947,#5948,
    #5949,#5950,#5951,#5952,#5953,#5954,#5955,#5956,#5957),
  .UNSPECIFIED.,.F.,.F.,(12,10,10,10,10,10,10,10,10,10,12),(
    3.007077757287,4.157185764004,5.307293770722,5.882347774081,
    6.457401777439,7.607509784157,9.907725797592,10.482779800951,
    11.057833804309,11.632887807668,12.207941811027),.UNSPECIFIED.);
#5856 = CARTESIAN_POINT('',(4.,0.895215794644));
#5857 = CARTESIAN_POINT('',(4.012585084602,0.894334386818));
#5858 = CARTESIAN_POINT('',(4.024995163032,0.893477580502));
#5859 = CARTESIAN_POINT('',(4.037190804337,0.892649903555));
#5860 = CARTESIAN_POINT('',(4.049290772802,0.891838249761));
#5861 = CARTESIAN_POINT('',(4.061314396013,0.891041309603));
#5862 = CARTESIAN_POINT('',(4.073252373436,0.890261163201));
#5863 = CARTESIAN_POINT('',(4.085118893317,0.889497179487));
#5864 = CARTESIAN_POINT('',(4.096928614266,0.888748672114));
#5865 = CARTESIAN_POINT('',(4.108676179917,0.888017248499));
#5866 = CARTESIAN_POINT('',(4.120373471917,0.887302454191));
#5867 = CARTESIAN_POINT('',(4.143668061832,0.885907865712));
#5868 = CARTESIAN_POINT('',(4.15526582231,0.885228016626));
#5869 = CARTESIAN_POINT('',(4.166816946528,0.884566173794));
#5870 = CARTESIAN_POINT('',(4.178323194502,0.883922987329));
#5871 = CARTESIAN_POINT('',(4.189786131308,0.88329908336));
#5872 = CARTESIAN_POINT('',(4.201207423527,0.882695035315));
#5873 = CARTESIAN_POINT('',(4.212588752935,0.882111383966));
#5874 = CARTESIAN_POINT('',(4.223931610871,0.881548670641));
#5875 = CARTESIAN_POINT('',(4.235237237357,0.881007448073));
#5876 = CARTESIAN_POINT('',(4.246506968505,0.880488233321));
#5877 = CARTESIAN_POINT('',(4.263361399924,0.879742934122));
#5878 = CARTESIAN_POINT('',(4.268971117506,0.879500097141));
#5879 = CARTESIAN_POINT('',(4.274572744581,0.87926289463));
#5880 = CARTESIAN_POINT('',(4.280166536839,0.879031373729));
#5881 = CARTESIAN_POINT('',(4.285752693528,0.878805587258));
#5882 = CARTESIAN_POINT('',(4.291331381027,0.878585590642));
#5883 = CARTESIAN_POINT('',(4.296902756441,0.878371438836));
#5884 = CARTESIAN_POINT('',(4.302466991167,0.878163183249));
#5885 = CARTESIAN_POINT('',(4.308024294491,0.877960868672));
#5886 = CARTESIAN_POINT('',(4.313574937155,0.877764530196));
#5887 = CARTESIAN_POINT('',(4.324663612745,0.877383850095));
#5888 = CARTESIAN_POINT('',(4.330201796817,0.877199491251));
#5889 = CARTESIAN_POINT('',(4.335732636008,0.87702131445));
#5890 = CARTESIAN_POINT('',(4.341265367366,0.876848318971));
#5891 = CARTESIAN_POINT('',(4.3467729322,0.876683683899));
#5892 = CARTESIAN_POINT('',(4.35230242476,0.876522060735));
#5893 = CARTESIAN_POINT('',(4.357801700891,0.876369485569));
#5894 = CARTESIAN_POINT('',(4.363311757616,0.876221319115));
#5895 = CARTESIAN_POINT('',(4.368810410486,0.876080154823));
#5896 = CARTESIAN_POINT('',(4.374306349032,0.875945052654));
#5897 = CARTESIAN_POINT('',(4.390780760231,0.87555869034));
#5898 = CARTESIAN_POINT('',(4.401746728444,0.875326272077));
#5899 = CARTESIAN_POINT('',(4.412697598169,0.875119210933));
#5900 = CARTESIAN_POINT('',(4.423635246843,0.874937682064));
#5901 = CARTESIAN_POINT('',(4.434561555195,0.874781835268));
#5902 = CARTESIAN_POINT('',(4.445478407318,0.874651794998));
#5903 = CARTESIAN_POINT('',(4.456387690575,0.874547660345));
#5904 = CARTESIAN_POINT('',(4.467291295702,0.874469505057));
#5905 = CARTESIAN_POINT('',(4.478191116716,0.87441737752));
#5906 = CARTESIAN_POINT('',(4.489089050981,0.874391300774));
#5907 = CARTESIAN_POINT('',(4.521782895549,0.874391215963));
#5908 = CARTESIAN_POINT('',(4.543578575824,0.874495310132));
#5909 = CARTESIAN_POINT('',(4.565389517333,0.874703621165));
#5910 = CARTESIAN_POINT('',(4.587231000692,0.875015791425));
#5911 = CARTESIAN_POINT('',(4.609118142622,0.87543104028));
#5912 = CARTESIAN_POINT('',(4.631065929058,0.875948164947));
#5913 = CARTESIAN_POINT('',(4.653089247866,0.876565541279));
#5914 = CARTESIAN_POINT('',(4.675202922004,0.877281124609));
#5915 = CARTESIAN_POINT('',(4.697421742269,0.878092450544));
#5916 = CARTESIAN_POINT('',(4.719760500359,0.878996635796));
#5917 = CARTESIAN_POINT('',(4.74785240209,0.880238814792));
#5918 = CARTESIAN_POINT('',(4.753479169651,0.880492841868));
#5919 = CARTESIAN_POINT('',(4.759114556102,0.880752408176));
#5920 = CARTESIAN_POINT('',(4.764758787801,0.881017459267));
#5921 = CARTESIAN_POINT('',(4.770412085853,0.881287938296));
#5922 = CARTESIAN_POINT('',(4.776074666005,0.881563786005));
#5923 = CARTESIAN_POINT('',(4.781746738785,0.88184494075));
#5924 = CARTESIAN_POINT('',(4.78742850935,0.882131338468));
#5925 = CARTESIAN_POINT('',(4.793120177622,0.882422912708));
#5926 = CARTESIAN_POINT('',(4.798821938191,0.882719594609));
#5927 = CARTESIAN_POINT('',(4.810246022547,0.883323031215));
#5928 = CARTESIAN_POINT('',(4.81596852579,0.883629807573));
#5929 = CARTESIAN_POINT('',(4.821700075011,0.883941378013));
#5930 = CARTESIAN_POINT('',(4.827447634013,0.884258483682));
#5931 = CARTESIAN_POINT('',(4.833193271546,0.884578872868));
#5932 = CARTESIAN_POINT('',(4.838970894325,0.884906519848));
#5933 = CARTESIAN_POINT('',(4.84473477391,0.885235830557));
#5934 = CARTESIAN_POINT('',(4.850531395482,0.885572286083));
#5935 = CARTESIAN_POINT('',(4.856326383036,0.885911655513));
#5936 = CARTESIAN_POINT('',(4.862138180613,0.886256044466));
#5937 = CARTESIAN_POINT('',(4.873783418186,0.886953214866));
#5938 = CARTESIAN_POINT('',(4.879616079679,0.887305902253));
#5939 = CARTESIAN_POINT('',(4.885463929272,0.887663196107));
#5940 = CARTESIAN_POINT('',(4.891324680876,0.888024722209));
#5941 = CARTESIAN_POINT('',(4.897189830439,0.888389314701));
#5942 = CARTESIAN_POINT('',(4.90307572936,0.888758820874));
#5943 = CARTESIAN_POINT('',(4.908979544129,0.889132776654));
#5944 = CARTESIAN_POINT('',(4.914887971379,0.889509433035));
#5945 = CARTESIAN_POINT('',(4.920819662521,0.889890887552));
#5946 = CARTESIAN_POINT('',(4.926767439134,0.890276132173));
#5947 = CARTESIAN_POINT('',(4.938703236208,0.891054876728));
#5948 = CARTESIAN_POINT('',(4.944690631359,0.891448302341));
#5949 = CARTESIAN_POINT('',(4.950701980268,0.89184616304));
#5950 = CARTESIAN_POINT('',(4.956725611233,0.892246942608));
#5951 = CARTESIAN_POINT('',(4.962807039763,0.892655863974));
#5952 = CARTESIAN_POINT('',(4.968857100076,0.893062323183));
#5953 = CARTESIAN_POINT('',(4.97506241004,0.89348821));
#5954 = CARTESIAN_POINT('',(4.981114569509,0.893897227255));
#5955 = CARTESIAN_POINT('',(4.987436087403,0.894338750351));
#5956 = CARTESIAN_POINT('',(4.993694810896,0.894774728048));
#5957 = CARTESIAN_POINT('',(5.,0.89521707746));
#5958 = ( GEOMETRIC_REPRESENTATION_CONTEXT(2) 
PARAMETRIC_REPRESENTATION_CONTEXT() REPRESENTATION_CONTEXT('2D SPACE',''
  ) );
#5959 = PCURVE('',#5960,#6162);
#5960 = ( BOUNDED_SURFACE() B_SPLINE_SURFACE(2,14,(
    (#5961,#5962,#5963,#5964,#5965,#5966,#5967,#5968,#5969,#5970,#5971
      ,#5972,#5973,#5974,#5975,#5976,#5977,#5978,#5979,#5980,#5981,#5982
      ,#5983,#5984,#5985,#5986,#5987,#5988,#5989,#5990,#5991,#5992,#5993
      ,#5994,#5995,#5996,#5997,#5998,#5999,#6000,#6001,#6002,#6003,#6004
      ,#6005,#6006,#6007,#6008,#6009,#6010,#6011,#6012,#6013,#6014,#6015
      ,#6016,#6017,#6018,#6019,#6020,#6021,#6022,#6023,#6024,#6025,#6026
      ,#6027)
    ,(#6028,#6029,#6030,#6031,#6032,#6033,#6034,#6035,#6036,#6037,#6038
      ,#6039,#6040,#6041,#6042,#6043,#6044,#6045,#6046,#6047,#6048,#6049
      ,#6050,#6051,#6052,#6053,#6054,#6055,#6056,#6057,#6058,#6059,#6060
      ,#6061,#6062,#6063,#6064,#6065,#6066,#6067,#6068,#6069,#6070,#6071
      ,#6072,#6073,#6074,#6075,#6076,#6077,#6078,#6079,#6080,#6081,#6082
      ,#6083,#6084,#6085,#6086,#6087,#6088,#6089,#6090,#6091,#6092,#6093
      ,#6094)
    ,(#6095,#6096,#6097,#6098,#6099,#6100,#6101,#6102,#6103,#6104,#6105
      ,#6106,#6107,#6108,#6109,#6110,#6111,#6112,#6113,#6114,#6115,#6116
      ,#6117,#6118,#6119,#6120,#6121,#6122,#6123,#6124,#6125,#6126,#6127
      ,#6128,#6129,#6130,#6131,#6132,#6133,#6134,#6135,#6136,#6137,#6138
      ,#6139,#6140,#6141,#6142,#6143,#6144,#6145,#6146,#6147,#6148,#6149
      ,#6150,#6151,#6152,#6153,#6154,#6155,#6156,#6157,#6158,#6159,#6160
,#6161
    )),.UNSPECIFIED.,.F.,.F.,.F.) B_SPLINE_SURFACE_WITH_KNOTS((3,3),(15,
    13,13,13,13,15),(0.,9.20086405374),(3.007077757287,6.052924199448,
    7.607609473715,9.910775138923,11.02779646409,12.207941811027),
.UNSPECIFIED.) GEOMETRIC_REPRESENTATION_ITEM() RATIONAL_B_SPLINE_SURFACE
((
    (1.,1.,1.,0.999999999999,1.000000000002,0.999999999995
      ,1.000000000007,0.999999999991,1.000000000008,0.999999999994
      ,1.000000000003,0.999999999999,1.,1.,1.,1.000000000002
      ,0.999999999993,1.000000000015,0.999999999973,1.000000000037
      ,0.999999999959,1.000000000037,0.999999999973,1.000000000016
      ,0.999999999993,1.000000000002,1.,1.,1.,0.999999999999
      ,1.000000000002,0.999999999995,1.000000000007,0.999999999991
      ,1.000000000008,0.999999999994,1.000000000004,0.999999999998
      ,1.000000000001,1.,1.,1.,0.999999999999,1.000000000003
      ,0.999999999994,1.000000000009,0.999999999989,1.000000000011
      ,0.999999999992,1.000000000005,0.999999999997,1.000000000001,1.,1.
      ,0.999999999999,1.000000000003,0.999999999993,1.000000000011
      ,0.999999999986,1.000000000014,0.999999999988,1.000000000008
      ,0.999999999995,1.000000000002,0.999999999999,1.,1.)
    ,(0.795976518202,0.790534883542,0.785671839107,0.781622353083
      ,0.776602281404,0.77355917864,0.769156797457,0.765720988573
      ,0.762904789655,0.759317460122,0.757031050439,0.75435218171
      ,0.752203938094,0.750246956884,0.747693936875,0.746898563013
      ,0.746170335783,0.745509036644,0.744914465273,0.744386439801
      ,0.743924796404,0.743529389888,0.743200092989,0.742936797078
      ,0.742739411563,0.742607864314,0.742542101412,0.742542066324
      ,0.742685991091,0.74297425165,0.743407252885,0.743985414461
      ,0.744709170887,0.745578971405,0.746595280153,0.747758575962
      ,0.749069352569,0.75052811843,0.752135396856,0.753891725931
      ,0.756722024274,0.757681386555,0.758675782067,0.759705202275
      ,0.760769593428,0.761868856589,0.763002847574,0.764171377051
      ,0.765374210411,0.766611067909,0.767881624531,0.7691855101
      ,0.770522309209,0.773338191133,0.7748275798,0.776287318722
      ,0.778104052899,0.778922555044,0.782172682027,0.781266293285
      ,0.786091073823,0.78491714791,0.788790587632,0.78956602938
      ,0.791828274622,0.793864870991,0.795992093661)
    ,(1.,1.,1.,0.999999999999,1.000000000002,0.999999999995
      ,1.000000000007,0.999999999991,1.000000000008,0.999999999994
      ,1.000000000003,0.999999999999,1.,1.,1.,1.000000000002
      ,0.999999999993,1.000000000015,0.999999999973,1.000000000037
      ,0.999999999959,1.000000000037,0.999999999973,1.000000000016
      ,0.999999999993,1.000000000002,1.,1.,1.,0.999999999999
      ,1.000000000002,0.999999999995,1.000000000007,0.999999999991
      ,1.000000000008,0.999999999994,1.000000000004,0.999999999998
      ,1.000000000001,1.,1.,1.,0.999999999999,1.000000000003
      ,0.999999999994,1.000000000009,0.999999999989,1.000000000011
      ,0.999999999992,1.000000000005,0.999999999997,1.000000000001,1.,1.
      ,0.999999999999,1.000000000003,0.999999999993,1.000000000011
      ,0.999999999986,1.000000000014,0.999999999988,1.000000000008
      ,0.999999999995,1.000000000002,0.999999999999,1.,1.
))) REPRESENTATION_ITEM('') SURFACE() );
#5961 = CARTESIAN_POINT('',(6.132829824665,-4.339444133908,
    8.272413337341));
#5962 = CARTESIAN_POINT('',(6.188012471967,-4.158580977177,
    8.252870019813));
#5963 = CARTESIAN_POINT('',(6.242370757951,-3.975359782405,
    8.234159525271));
#5964 = CARTESIAN_POINT('',(6.303240248485,-3.769148212464,8.21439902627
    ));
#5965 = CARTESIAN_POINT('',(6.346451623326,-3.583314843137,
    8.196270305694));
#5966 = CARTESIAN_POINT('',(6.407151787026,-3.359881553178,
    8.176896151438));
#5967 = CARTESIAN_POINT('',(6.445022986813,-3.164087351165,8.15992294134
    ));
#5968 = CARTESIAN_POINT('',(6.487084341462,-2.959428884391,
    8.143574118312));
#5969 = CARTESIAN_POINT('',(6.530275010476,-2.746273886436,
    8.127691232797));
#5970 = CARTESIAN_POINT('',(6.558241252873,-2.548485679483,
    8.113604978755));
#5971 = CARTESIAN_POINT('',(6.594751866494,-2.334334917863,
    8.099912106158));
#5972 = CARTESIAN_POINT('',(6.620637211391,-2.129878591231,8.08777448524
    ));
#5973 = CARTESIAN_POINT('',(6.646514538061,-1.92042510441,8.076615564589
    ));
#5974 = CARTESIAN_POINT('',(6.668555514832,-1.711671983366,
    8.066712228562));
#5975 = CARTESIAN_POINT('',(6.697475040736,-1.395510610172,
    8.053614461962));
#5976 = CARTESIAN_POINT('',(6.706468575885,-1.288560080326,
    8.049510853883));
#5977 = CARTESIAN_POINT('',(6.714689601165,-1.181510523564,
    8.045734304856));
#5978 = CARTESIAN_POINT('',(6.722144394771,-1.07437109725,8.042288871171
    ));
#5979 = CARTESIAN_POINT('',(6.728838609275,-0.967150922313,
    8.039178205101));
#5980 = CARTESIAN_POINT('',(6.734777271638,-0.859859083014,
    8.036405554896));
#5981 = CARTESIAN_POINT('',(6.739964783192,-0.752504627262,
    8.033973764793));
#5982 = CARTESIAN_POINT('',(6.744404919659,-0.645096566275,
    8.031885275003));
#5983 = CARTESIAN_POINT('',(6.748100831135,-0.537643874863,
    8.030142121723));
#5984 = CARTESIAN_POINT('',(6.751055042102,-0.43015549126,8.028745937128
    ));
#5985 = CARTESIAN_POINT('',(6.75326945142,-0.322640317167,8.027697949375
    ));
#5986 = CARTESIAN_POINT('',(6.75474533233,-0.215107217794,8.026998982602
    ));
#5987 = CARTESIAN_POINT('',(6.755483332456,-0.107565021792,
    8.026649456927));
#5988 = CARTESIAN_POINT('',(6.755483683194,0.159294736515,8.026649287006
    ));
#5989 = CARTESIAN_POINT('',(6.753864817024,0.318611516696,8.02741627796)
  );
#5990 = CARTESIAN_POINT('',(6.750626579855,0.477899439865,8.028950196462
    ));
#5991 = CARTESIAN_POINT('',(6.745765721729,0.637129876579,8.031248962622
    ));
#5992 = CARTESIAN_POINT('',(6.739276038169,0.796273947274,8.034308581519
    ));
#5993 = CARTESIAN_POINT('',(6.731148370177,0.955302522343,8.038123143189
    ));
#5994 = CARTESIAN_POINT('',(6.72137060423,1.114186222047,8.04268482264)
  );
#5995 = CARTESIAN_POINT('',(6.709927672293,1.272895416584,8.047983879834
    ));
#5996 = CARTESIAN_POINT('',(6.696801551798,1.43140022607,8.054008659707)
  );
#5997 = CARTESIAN_POINT('',(6.68197126567,1.589670520499,8.060745592149)
  );
#5998 = CARTESIAN_POINT('',(6.6654128823,1.747675919824,8.068179192022)
  );
#5999 = CARTESIAN_POINT('',(6.64709951557,1.905385793864,8.076292059145)
  );
#6000 = CARTESIAN_POINT('',(6.627001324832,2.062769262385,8.085064878307
    ));
#6001 = CARTESIAN_POINT('',(6.594456480546,2.295951816357,8.099040959314
    ));
#6002 = CARTESIAN_POINT('',(6.583399743905,2.372023697642,8.103755881951
    ));
#6003 = CARTESIAN_POINT('',(6.571911947126,2.448007512024,8.108618710697
    ));
#6004 = CARTESIAN_POINT('',(6.55998929611,2.523900623822,8.113626961795)
  );
#6005 = CARTESIAN_POINT('',(6.547627560531,2.599701088343,8.118778144203
    ));
#6006 = CARTESIAN_POINT('',(6.53482207383,2.675407652288,8.12406975958)
  );
#6007 = CARTESIAN_POINT('',(6.521567733236,2.751019753101,8.12949930231)
  );
#6008 = CARTESIAN_POINT('',(6.507858999729,2.826537519847,8.135064259472
    ));
#6009 = CARTESIAN_POINT('',(6.493689898085,2.901961772204,8.140762110872
    ));
#6010 = CARTESIAN_POINT('',(6.479054016834,2.977294021452,8.146590329014
    ));
#6011 = CARTESIAN_POINT('',(6.463944508292,3.052536469645,8.152546379121
    ));
#6012 = CARTESIAN_POINT('',(6.448354088538,3.127692010199,8.158627719123
    ));
#6013 = CARTESIAN_POINT('',(6.432275037432,3.20276422754,8.164831799663)
  );
#6014 = CARTESIAN_POINT('',(6.398186642104,3.356988508028,8.177837719198
    ));
#6015 = CARTESIAN_POINT('',(6.380215596217,3.435939352868,8.184641865165
    ));
#6016 = CARTESIAN_POINT('',(6.360723867581,3.51671291109,8.191694770587)
  );
#6017 = CARTESIAN_POINT('',(6.345403283136,3.587875535336,8.198284799088
    ));
#6018 = CARTESIAN_POINT('',(6.314248007489,3.68959396665,8.206908834971)
  );
#6019 = CARTESIAN_POINT('',(6.318186013486,3.718888770996,8.211101663319
    ));
#6020 = CARTESIAN_POINT('',(6.258909384149,3.875459468602,8.223477897755
    ));
#6021 = CARTESIAN_POINT('',(6.285029342425,3.855226177733,8.224632560971
    ));
#6022 = CARTESIAN_POINT('',(6.2189311713,4.024279690869,8.23814634391));
#6023 = CARTESIAN_POINT('',(6.229664023642,4.030767861457,8.241045494273
    ));
#6024 = CARTESIAN_POINT('',(6.190979292636,4.140700694222,8.250956729852
    ));
#6025 = CARTESIAN_POINT('',(6.175355134612,4.198926903992,8.257371600439
    ));
#6026 = CARTESIAN_POINT('',(6.154314503366,4.269033332897,8.26480797553)
  );
#6027 = CARTESIAN_POINT('',(6.133209256155,4.338596506844,8.272350940278
    ));
#6028 = CARTESIAN_POINT('',(6.53693502182,-4.508118980979,8.400666131432
    ));
#6029 = CARTESIAN_POINT('',(6.612346577494,-4.302063950774,
    8.380437306913));
#6030 = CARTESIAN_POINT('',(6.682153343384,-4.096918673292,
    8.360882742867));
#6031 = CARTESIAN_POINT('',(6.747082857242,-3.891315589268,
    8.341809968612));
#6032 = CARTESIAN_POINT('',(6.809805780832,-3.679093754563,
    8.322955567533));
#6033 = CARTESIAN_POINT('',(6.86484243369,-3.473802621622,8.305368979795
    ));
#6034 = CARTESIAN_POINT('',(6.918979929709,-3.259678052759,
    8.287976623059));
#6035 = CARTESIAN_POINT('',(6.967361624568,-3.048910517148,
    8.271767247386));
#6036 = CARTESIAN_POINT('',(7.010983089687,-2.839332312245,
    8.256612650087));
#6037 = CARTESIAN_POINT('',(7.053184305814,-2.622614745663,
    8.241949677331));
#6038 = CARTESIAN_POINT('',(7.089022127765,-2.412167504642,8.22885740873
    ));
#6039 = CARTESIAN_POINT('',(7.122822154007,-2.196562442364,
    8.216512063126));
#6040 = CARTESIAN_POINT('',(7.152305434896,-1.982333402746,
    8.205455609287));
#6041 = CARTESIAN_POINT('',(7.178412268334,-1.767067867567,
    8.195546667973));
#6042 = CARTESIAN_POINT('',(7.212563686404,-1.440903998805,
    8.182419518178));
#6043 = CARTESIAN_POINT('',(7.223206154487,-1.330362116988,
    8.178296695195));
#6044 = CARTESIAN_POINT('',(7.232932851916,-1.219754749298,
    8.174501752561));
#6045 = CARTESIAN_POINT('',(7.241751803449,-1.10908672043,8.171038856894
    ));
#6046 = CARTESIAN_POINT('',(7.24967022894,-0.998362690063,8.167911787288
    ));
#6047 = CARTESIAN_POINT('',(7.2566945298,-0.887587161236,8.165123931533)
  );
#6048 = CARTESIAN_POINT('',(7.262830276766,-0.776764489359,
    8.162678282698));
#6049 = CARTESIAN_POINT('',(7.268082199215,-0.665898891147,
    8.160577436193));
#6050 = CARTESIAN_POINT('',(7.272454175766,-0.554994454076,
    8.158823587133));
#6051 = CARTESIAN_POINT('',(7.275949226471,-0.444055145983,
    8.157418528224));
#6052 = CARTESIAN_POINT('',(7.27856950635,-0.333084824794,8.156363647954
    ));
#6053 = CARTESIAN_POINT('',(7.280316300479,-0.222087248645,
    8.155659929277));
#6054 = CARTESIAN_POINT('',(7.281190020498,-0.111066085956,8.15530794865
    ));
#6055 = CARTESIAN_POINT('',(7.281190472464,0.164475377713,8.155307767171
    ));
#6056 = CARTESIAN_POINT('',(7.27927410615,0.328909337506,8.15607969223)
  );
#6057 = CARTESIAN_POINT('',(7.275443104939,0.493267189346,8.157622973459
    ));
#6058 = CARTESIAN_POINT('',(7.269695313725,0.657538115407,8.159934931262
    ));
#6059 = CARTESIAN_POINT('',(7.262024444128,0.821710251354,8.163010888441
    ));
#6060 = CARTESIAN_POINT('',(7.252420110124,0.985770696747,8.166844180542
    ));
#6061 = CARTESIAN_POINT('',(7.240867876236,1.149705528468,8.171426171852
    ));
#6062 = CARTESIAN_POINT('',(7.227349317953,1.313499817358,8.176746276884
    ));
#6063 = CARTESIAN_POINT('',(7.211842094318,1.477137647912,8.182791987398
    ));
#6064 = CARTESIAN_POINT('',(7.194320032229,1.640602140817,8.189548904718
    ));
#6065 = CARTESIAN_POINT('',(7.174753222209,1.803875478632,8.197000777343
    ));
#6066 = CARTESIAN_POINT('',(7.153108125169,1.966938933972,8.205129543586
    ));
#6067 = CARTESIAN_POINT('',(7.129347689721,2.129772900611,8.213915379127
    ));
#6068 = CARTESIAN_POINT('',(7.090909286826,2.370914265954,8.227888966226
    ));
#6069 = CARTESIAN_POINT('',(7.077887453903,2.449390540697,8.232588238835
    ));
#6070 = CARTESIAN_POINT('',(7.064361759299,2.527783602292,8.237431996913
    ));
#6071 = CARTESIAN_POINT('',(7.050327874564,2.606091072154,8.24241757335)
  );
#6072 = CARTESIAN_POINT('',(7.035781362888,2.684310367799,8.247542207399
    ));
#6073 = CARTESIAN_POINT('',(7.020717677323,2.762438728777,8.252803048158
    ));
#6074 = CARTESIAN_POINT('',(7.005132158693,2.840473241888,8.258197158192
    ));
#6075 = CARTESIAN_POINT('',(6.989020033036,2.918410867032,8.263721517314
    ));
#6076 = CARTESIAN_POINT('',(6.972376408763,2.99624846175,8.269373026467)
  );
#6077 = CARTESIAN_POINT('',(6.955196273338,3.073982806674,8.275148511755
    ));
#6078 = CARTESIAN_POINT('',(6.937474489638,3.151610629617,8.281044728546
    ));
#6079 = CARTESIAN_POINT('',(6.919205791873,3.229128630178,8.287058365697
    ));
#6080 = CARTESIAN_POINT('',(6.900384781126,3.306533503461,8.293186049827
    ));
#6081 = CARTESIAN_POINT('',(6.860606490469,3.465180747686,8.305991183715
    ));
#6082 = CARTESIAN_POINT('',(6.839584349866,3.546414291405,8.312680208068
    ));
#6083 = CARTESIAN_POINT('',(6.81802102962,3.627329164623,8.31947983755)
  );
#6084 = CARTESIAN_POINT('',(6.795450785221,3.708900588147,8.326422326101
    ));
#6085 = CARTESIAN_POINT('',(6.773432666884,3.787843315929,8.333389791579
    ));
#6086 = CARTESIAN_POINT('',(6.748124704603,3.872037731377,8.340622653113
    ));
#6087 = CARTESIAN_POINT('',(6.726643346519,3.947125498745,8.347726667697
    ));
#6088 = CARTESIAN_POINT('',(6.698701103093,4.033332340436,8.355142614657
    ));
#6089 = CARTESIAN_POINT('',(6.675977829335,4.108245608584,8.362508983413
    ));
#6090 = CARTESIAN_POINT('',(6.648018170652,4.191246773679,8.369963949862
    ));
#6091 = CARTESIAN_POINT('',(6.622073533668,4.269399582324,8.377556976033
    ));
#6092 = CARTESIAN_POINT('',(6.594382135733,4.34900346489,8.385133394669)
  );
#6093 = CARTESIAN_POINT('',(6.566100291421,4.428420341434,8.392841376653
    ));
#6094 = CARTESIAN_POINT('',(6.536993621488,4.507940720051,8.400645449895
    ));
#6095 = CARTESIAN_POINT('',(6.74607183471,-4.630755070283,8.014113189795
    ));
#6096 = CARTESIAN_POINT('',(6.821997112936,-4.415849666594,
    7.981275797529));
#6097 = CARTESIAN_POINT('',(6.891256195297,-4.202680232839,
    7.950373206186));
#6098 = CARTESIAN_POINT('',(6.953202771007,-3.994771970556,
    7.922139709626));
#6099 = CARTESIAN_POINT('',(7.015984046415,-3.773227184392,
    7.891671274485));
#6100 = CARTESIAN_POINT('',(7.066496381103,-3.56840127742,7.867286959071
    ));
#6101 = CARTESIAN_POINT('',(7.120254828127,-3.346013130531,
    7.839696307055));
#6102 = CARTESIAN_POINT('',(7.166515978545,-3.129736408125,7.81555258775
    ));
#6103 = CARTESIAN_POINT('',(7.207165184902,-2.916248037214,
    7.793924302503));
#6104 = CARTESIAN_POINT('',(7.248811665639,-2.691449254132,
    7.770955710169));
#6105 = CARTESIAN_POINT('',(7.281882465396,-2.476474275822,
    7.752565732734));
#6106 = CARTESIAN_POINT('',(7.314404649879,-2.254146472683,
    7.734026789197));
#6107 = CARTESIAN_POINT('',(7.342163853636,-2.0340040111,7.717996346419)
  );
#6108 = CARTESIAN_POINT('',(7.366817568537,-1.8126496848,7.70356318214)
  );
#6109 = CARTESIAN_POINT('',(7.398934370515,-1.47779110566,7.684555770408
    ));
#6110 = CARTESIAN_POINT('',(7.408914411832,-1.364518714952,
    7.678608238145));
#6111 = CARTESIAN_POINT('',(7.418030676314,-1.251144562669,
    7.673141076552));
#6112 = CARTESIAN_POINT('',(7.426291900445,-1.137678402828,
    7.668158474869));
#6113 = CARTESIAN_POINT('',(7.43370595179,-1.024129882385,7.663664197284
    ));
#6114 = CARTESIAN_POINT('',(7.440279829074,-0.910508541055,
    7.659661582935));
#6115 = CARTESIAN_POINT('',(7.446019662061,-0.796823811529,
    7.656153545904));
#6116 = CARTESIAN_POINT('',(7.45093071171,-0.683085019279,7.653142575231
    ));
#6117 = CARTESIAN_POINT('',(7.455017370008,-0.569301382663,7.65063073489
    ));
#6118 = CARTESIAN_POINT('',(7.458283160121,-0.455482012942,
    7.648619663821));
#6119 = CARTESIAN_POINT('',(7.460730736276,-0.341635914167,
    7.647110575896));
#6120 = CARTESIAN_POINT('',(7.462361883841,-0.227771983327,
    7.646104259947));
#6121 = CARTESIAN_POINT('',(7.463177519279,-0.113899010222,
    7.645601079749));
#6122 = CARTESIAN_POINT('',(7.463177943333,0.168670298648,7.645600817407
    ));
#6123 = CARTESIAN_POINT('',(7.461389136059,0.3373647727,7.646704135771)
  );
#6124 = CARTESIAN_POINT('',(7.457810629463,0.506030498838,7.648911607798
    ));
#6125 = CARTESIAN_POINT('',(7.452437725648,0.674639436797,7.652221738169
    ));
#6126 = CARTESIAN_POINT('',(7.445261667681,0.843162751707,7.656630857554
    ));
#6127 = CARTESIAN_POINT('',(7.436269639638,1.011570814291,7.662133122634
    ));
#6128 = CARTESIAN_POINT('',(7.425444766533,1.179833200583,7.668720516069
    ));
#6129 = CARTESIAN_POINT('',(7.41276611441,1.347918692265,7.676382846541)
  );
#6130 = CARTESIAN_POINT('',(7.39820869024,1.515795276328,7.6851077487));
#6131 = CARTESIAN_POINT('',(7.381743442023,1.683430145358,7.694880683223
    ));
#6132 = CARTESIAN_POINT('',(7.3633372587,1.850789697336,7.705684936761)
  );
#6133 = CARTESIAN_POINT('',(7.342952970219,2.017839535753,7.717501621978
    ));
#6134 = CARTESIAN_POINT('',(7.320549347491,2.184544469554,7.730309677527
    ));
#6135 = CARTESIAN_POINT('',(7.284214152525,2.431534661677,7.750767236598
    ));
#6136 = CARTESIAN_POINT('',(7.271862086255,2.512110446969,7.757675984216
    ));
#6137 = CARTESIAN_POINT('',(7.25901965594,2.592591792883,7.764809433623)
  );
#6138 = CARTESIAN_POINT('',(7.245681535316,2.672974365137,7.772164703661
    ));
#6139 = CARTESIAN_POINT('',(7.231842319563,2.753253571318,7.779738709292
    ));
#6140 = CARTESIAN_POINT('',(7.217496525226,2.833424560893,7.787528161627
    ));
#6141 = CARTESIAN_POINT('',(7.202638590347,2.913482225181,7.795529567878
    ));
#6142 = CARTESIAN_POINT('',(7.187262874279,2.993421197414,7.803739231427
    ));
#6143 = CARTESIAN_POINT('',(7.171363657903,3.073235852635,7.812153251742
    ));
#6144 = CARTESIAN_POINT('',(7.154935143416,3.152920307831,7.820767524461
    ));
#6145 = CARTESIAN_POINT('',(7.137971454508,3.232468421795,7.829577741324
    ));
#6146 = CARTESIAN_POINT('',(7.120466636235,3.311873795242,7.838579390218
    ));
#6147 = CARTESIAN_POINT('',(7.102414655094,3.391129770729,7.847767755153
    ));
#6148 = CARTESIAN_POINT('',(7.064152740765,3.55379909777,7.867037594812)
  );
#6149 = CARTESIAN_POINT('',(7.043851756016,3.637256384368,7.877157558912
    ));
#6150 = CARTESIAN_POINT('',(7.023195378144,3.719909151885,7.887301174579
    ));
#6151 = CARTESIAN_POINT('',(7.000580119554,3.805447742747,7.898491360656
    ));
#6152 = CARTESIAN_POINT('',(6.981589514196,3.880902757815,7.907120735048
    ));
#6153 = CARTESIAN_POINT('',(6.952037890689,3.979227676814,7.922309755142
    ));
#6154 = CARTESIAN_POINT('',(6.939183268327,4.036886537136,7.926513065417
    ));
#6155 = CARTESIAN_POINT('',(6.902010178626,4.149719589488,7.946077931126
    ));
#6156 = CARTESIAN_POINT('',(6.889248527472,4.203407478504,7.949705139287
    ));
#6157 = CARTESIAN_POINT('',(6.854854220784,4.306403012762,7.96690386125)
  );
#6158 = CARTESIAN_POINT('',(6.832869112984,4.377995409883,7.975868083155
    ));
#6159 = CARTESIAN_POINT('',(6.804012886714,4.464226630742,7.988897942182
    ));
#6160 = CARTESIAN_POINT('',(6.775548635624,4.547320065988,8.001365439477
    ));
#6161 = CARTESIAN_POINT('',(6.746060821068,4.630742310343,8.014136157752
    ));
#6162 = DEFINITIONAL_REPRESENTATION('',(#6163),#6167);
#6163 = LINE('',#6164,#6165);
#6164 = CARTESIAN_POINT('',(9.20086405374,0.));
#6165 = VECTOR('',#6166,1.);
#6166 = DIRECTION('',(0.,1.));
#6167 = ( GEOMETRIC_REPRESENTATION_CONTEXT(2) 
PARAMETRIC_REPRESENTATION_CONTEXT() REPRESENTATION_CONTEXT('2D SPACE',''
  ) );
#6168 = ADVANCED_FACE('',(#6169),#4061,.T.);
#6169 = FACE_BOUND('',#6170,.T.);
#6170 = EDGE_LOOP('',(#6171,#6237,#6238,#6294));
#6171 = ORIENTED_EDGE('',*,*,#6172,.T.);
#6172 = EDGE_CURVE('',#6173,#3838,#6175,.T.);
#6173 = VERTEX_POINT('',#6174);
#6174 = CARTESIAN_POINT('',(-6.133349023648,4.337985536985,
    8.272273685363));
#6175 = SURFACE_CURVE('',#6176,(#6180,#6231),.PCURVE_S1.);
#6176 = ( BOUNDED_CURVE() B_SPLINE_CURVE(2,(#6177,#6178,#6179),
.UNSPECIFIED.,.F.,.F.) B_SPLINE_CURVE_WITH_KNOTS((3,3),(0.,
2.918379285476),.PIECEWISE_BEZIER_KNOTS.) CURVE() 
GEOMETRIC_REPRESENTATION_ITEM() RATIONAL_B_SPLINE_CURVE((1.,
0.800717941771,1.)) REPRESENTATION_ITEM('') );
#6177 = CARTESIAN_POINT('',(-6.133349023648,4.337985536985,
    8.272273685363));
#6178 = CARTESIAN_POINT('',(-6.530990198747,4.503696996924,
    8.398420265747));
#6179 = CARTESIAN_POINT('',(-6.742334642712,4.626425610047,
    8.021906035794));
#6180 = PCURVE('',#4061,#6181);
#6181 = DEFINITIONAL_REPRESENTATION('',(#6182),#6230);
#6182 = B_SPLINE_CURVE_WITH_KNOTS('',10,(#6183,#6184,#6185,#6186,#6187,
    #6188,#6189,#6190,#6191,#6192,#6193,#6194,#6195,#6196,#6197,#6198,
    #6199,#6200,#6201,#6202,#6203,#6204,#6205,#6206,#6207,#6208,#6209,
    #6210,#6211,#6212,#6213,#6214,#6215,#6216,#6217,#6218,#6219,#6220,
    #6221,#6222,#6223,#6224,#6225,#6226,#6227,#6228,#6229),
  .UNSPECIFIED.,.F.,.F.,(11,9,9,9,9,11),(0.,1.459189642738,
    2.188784464107,2.553581874791,2.735980580133,2.918379285476),
  .UNSPECIFIED.);
#6183 = CARTESIAN_POINT('',(-1.33226762955E-15,27.237474219469));
#6184 = CARTESIAN_POINT('',(0.455265390176,27.237474219471));
#6185 = CARTESIAN_POINT('',(0.909254427012,27.237474219469));
#6186 = CARTESIAN_POINT('',(1.363332591192,27.237474219469));
#6187 = CARTESIAN_POINT('',(1.818009946665,27.237474219466));
#6188 = CARTESIAN_POINT('',(2.273203719889,27.237474219469));
#6189 = CARTESIAN_POINT('',(2.728500879052,27.237474219468));
#6190 = CARTESIAN_POINT('',(3.183420713334,27.23747421947));
#6191 = CARTESIAN_POINT('',(3.637677412118,27.237474219469));
#6192 = CARTESIAN_POINT('',(4.091442644246,27.237474219468));
#6193 = CARTESIAN_POINT('',(4.772690883748,27.237474219469));
#6194 = CARTESIAN_POINT('',(4.999733019238,27.237474219469));
#6195 = CARTESIAN_POINT('',(5.226736123114,27.237474219471));
#6196 = CARTESIAN_POINT('',(5.453701774767,27.23747421947));
#6197 = CARTESIAN_POINT('',(5.680631553599,27.237474219476));
#6198 = CARTESIAN_POINT('',(5.907527038994,27.237474219469));
#6199 = CARTESIAN_POINT('',(6.134389810357,27.237474219476));
#6200 = CARTESIAN_POINT('',(6.361221447076,27.237474219471));
#6201 = CARTESIAN_POINT('',(6.588023528549,27.237474219471));
#6202 = CARTESIAN_POINT('',(6.928184686979,27.237474219467));
#6203 = CARTESIAN_POINT('',(7.04156332911,27.237474219467));
#6204 = CARTESIAN_POINT('',(7.154933730962,27.237474219466));
#6205 = CARTESIAN_POINT('',(7.268296062938,27.237474219467));
#6206 = CARTESIAN_POINT('',(7.381650495439,27.237474219465));
#6207 = CARTESIAN_POINT('',(7.494997198868,27.237474219468));
#6208 = CARTESIAN_POINT('',(7.608336343626,27.237474219467));
#6209 = CARTESIAN_POINT('',(7.721668100115,27.237474219469));
#6210 = CARTESIAN_POINT('',(7.834992638737,27.237474219469));
#6211 = CARTESIAN_POINT('',(8.004968875472,27.237474219469));
#6212 = CARTESIAN_POINT('',(8.061659542774,27.237474219469));
#6213 = CARTESIAN_POINT('',(8.118367970101,27.237474219467));
#6214 = CARTESIAN_POINT('',(8.175079995754,27.23747421947));
#6215 = CARTESIAN_POINT('',(8.231781458034,27.237474219462));
#6216 = CARTESIAN_POINT('',(8.288458195243,27.23747421947));
#6217 = CARTESIAN_POINT('',(8.34509604568,27.237474219462));
#6218 = CARTESIAN_POINT('',(8.401680847648,27.237474219467));
#6219 = CARTESIAN_POINT('',(8.458198439447,27.237474219466));
#6220 = CARTESIAN_POINT('',(8.571070879311,27.237474219471));
#6221 = CARTESIAN_POINT('',(8.679769761063,27.237474219459));
#6222 = CARTESIAN_POINT('',(8.389853007958,27.237474219486));
#6223 = CARTESIAN_POINT('',(9.563595564331,27.237474219448));
#6224 = CARTESIAN_POINT('',(7.415361219636,27.237474219484));
#6225 = CARTESIAN_POINT('',(10.206479162271,27.237474219463));
#6226 = CARTESIAN_POINT('',(8.290656314748,27.237474219468));
#6227 = CARTESIAN_POINT('',(8.881453120997,27.23747421947));
#6228 = CARTESIAN_POINT('',(9.143946886397,27.237474219468));
#6229 = CARTESIAN_POINT('',(9.200855060168,27.237474219469));
#6230 = ( GEOMETRIC_REPRESENTATION_CONTEXT(2) 
PARAMETRIC_REPRESENTATION_CONTEXT() REPRESENTATION_CONTEXT('2D SPACE',''
  ) );
#6231 = PCURVE('',#4340,#6232);
#6232 = DEFINITIONAL_REPRESENTATION('',(#6233),#6236);
#6233 = B_SPLINE_CURVE_WITH_KNOTS('',1,(#6234,#6235),.UNSPECIFIED.,.F.,
  .F.,(2,2),(0.,2.918379285476),.PIECEWISE_BEZIER_KNOTS.);
#6234 = CARTESIAN_POINT('',(0.,27.239269151592));
#6235 = CARTESIAN_POINT('',(2.918379285476,27.239269151592));
#6236 = ( GEOMETRIC_REPRESENTATION_CONTEXT(2) 
PARAMETRIC_REPRESENTATION_CONTEXT() REPRESENTATION_CONTEXT('2D SPACE',''
  ) );
#6237 = ORIENTED_EDGE('',*,*,#3884,.T.);
#6238 = ORIENTED_EDGE('',*,*,#6239,.F.);
#6239 = EDGE_CURVE('',#6240,#3862,#6242,.T.);
#6240 = VERTEX_POINT('',#6241);
#6241 = CARTESIAN_POINT('',(-6.133209733188,-4.338595443286,
    8.272350862233));
#6242 = SURFACE_CURVE('',#6243,(#6247,#6253),.PCURVE_S1.);
#6243 = ( BOUNDED_CURVE() B_SPLINE_CURVE(2,(#6244,#6245,#6246),
.UNSPECIFIED.,.F.,.F.) B_SPLINE_CURVE_WITH_KNOTS((3,3),(0.,
9.200855060168),.PIECEWISE_BEZIER_KNOTS.) CURVE() 
GEOMETRIC_REPRESENTATION_ITEM() RATIONAL_B_SPLINE_CURVE((1.,
0.795992113692,1.)) REPRESENTATION_ITEM('') );
#6244 = CARTESIAN_POINT('',(-6.133209733188,-4.338595443286,
    8.272350862233));
#6245 = CARTESIAN_POINT('',(-6.53699369672,-4.507940491063,
    8.400645423396));
#6246 = CARTESIAN_POINT('',(-6.746060806857,-4.630742293879,
    8.014136187388));
#6247 = PCURVE('',#4061,#6248);
#6248 = DEFINITIONAL_REPRESENTATION('',(#6249),#6252);
#6249 = B_SPLINE_CURVE_WITH_KNOTS('',1,(#6250,#6251),.UNSPECIFIED.,.F.,
  .F.,(2,2),(0.,9.200855060168),.PIECEWISE_BEZIER_KNOTS.);
#6250 = CARTESIAN_POINT('',(0.,36.438329279637));
#6251 = CARTESIAN_POINT('',(9.200855060168,36.438329279637));
#6252 = ( GEOMETRIC_REPRESENTATION_CONTEXT(2) 
PARAMETRIC_REPRESENTATION_CONTEXT() REPRESENTATION_CONTEXT('2D SPACE',''
  ) );
#6253 = PCURVE('',#4463,#6254);
#6254 = DEFINITIONAL_REPRESENTATION('',(#6255),#6293);
#6255 = B_SPLINE_CURVE_WITH_KNOTS('',8,(#6256,#6257,#6258,#6259,#6260,
    #6261,#6262,#6263,#6264,#6265,#6266,#6267,#6268,#6269,#6270,#6271,
    #6272,#6273,#6274,#6275,#6276,#6277,#6278,#6279,#6280,#6281,#6282,
    #6283,#6284,#6285,#6286,#6287,#6288,#6289,#6290,#6291,#6292),
  .UNSPECIFIED.,.F.,.F.,(9,7,7,7,7,9),(0.,4.600427530084,6.900641295126,
    8.050748177647,8.625801618908,9.200855060168),.UNSPECIFIED.);
#6256 = CARTESIAN_POINT('',(-2.22044604925E-16,36.436545095676));
#6257 = CARTESIAN_POINT('',(0.18430535517,36.436545095676));
#6258 = CARTESIAN_POINT('',(0.368904661352,36.436545095676));
#6259 = CARTESIAN_POINT('',(0.553601500112,36.436545095676));
#6260 = CARTESIAN_POINT('',(0.738271992317,36.436545095677));
#6261 = CARTESIAN_POINT('',(0.922864798136,36.436545095676));
#6262 = CARTESIAN_POINT('',(1.107401117039,36.436545095677));
#6263 = CARTESIAN_POINT('',(1.291974687799,36.436545095676));
#6264 = CARTESIAN_POINT('',(1.569140338838,36.436545095677));
#6265 = CARTESIAN_POINT('',(1.661539208759,36.436545095675));
#6266 = CARTESIAN_POINT('',(1.753951333423,36.436545095681));
#6267 = CARTESIAN_POINT('',(1.846379647996,36.436545095672));
#6268 = CARTESIAN_POINT('',(1.938827087649,36.43654509568));
#6269 = CARTESIAN_POINT('',(2.031296587549,36.436545095675));
#6270 = CARTESIAN_POINT('',(2.123791082863,36.436545095677));
#6271 = CARTESIAN_POINT('',(2.262574721709,36.436545095676));
#6272 = CARTESIAN_POINT('',(2.308766736217,36.436545095675));
#6273 = CARTESIAN_POINT('',(2.354928239714,36.436545095679));
#6274 = CARTESIAN_POINT('',(2.401097919628,36.436545095673));
#6275 = CARTESIAN_POINT('',(2.447314463391,36.436545095679));
#6276 = CARTESIAN_POINT('',(2.493616558431,36.436545095675));
#6277 = CARTESIAN_POINT('',(2.540042892178,36.436545095677));
#6278 = CARTESIAN_POINT('',(2.609926782005,36.436545095676));
#6279 = CARTESIAN_POINT('',(2.632387061512,36.436545095676));
#6280 = CARTESIAN_POINT('',(2.655084326805,36.436545095677));
#6281 = CARTESIAN_POINT('',(2.678521030194,36.436545095675));
#6282 = CARTESIAN_POINT('',(2.702630740077,36.436545095677));
#6283 = CARTESIAN_POINT('',(2.726778140943,36.436545095676));
#6284 = CARTESIAN_POINT('',(2.749759033368,36.436545095676));
#6285 = CARTESIAN_POINT('',(2.789841634668,36.436545095676));
#6286 = CARTESIAN_POINT('',(2.81007750086,36.436545095676));
#6287 = CARTESIAN_POINT('',(2.818418459629,36.436545095676));
#6288 = CARTESIAN_POINT('',(2.967664907934,36.436545095676));
#6289 = CARTESIAN_POINT('',(2.83034150041,36.436545095676));
#6290 = CARTESIAN_POINT('',(2.906508071693,36.436545095676));
#6291 = CARTESIAN_POINT('',(2.895285341393,36.436545095676));
#6292 = CARTESIAN_POINT('',(2.91832351079,36.436545095676));
#6293 = ( GEOMETRIC_REPRESENTATION_CONTEXT(2) 
PARAMETRIC_REPRESENTATION_CONTEXT() REPRESENTATION_CONTEXT('2D SPACE',''
  ) );
#6294 = ORIENTED_EDGE('',*,*,#6295,.F.);
#6295 = EDGE_CURVE('',#6173,#6240,#6296,.T.);
#6296 = SURFACE_CURVE('',#6297,(#6365,#6372),.PCURVE_S1.);
#6297 = ( BOUNDED_CURVE() B_SPLINE_CURVE(14,(#6298,#6299,#6300,#6301,
    #6302,#6303,#6304,#6305,#6306,#6307,#6308,#6309,#6310,#6311,#6312,
    #6313,#6314,#6315,#6316,#6317,#6318,#6319,#6320,#6321,#6322,#6323,
    #6324,#6325,#6326,#6327,#6328,#6329,#6330,#6331,#6332,#6333,#6334,
    #6335,#6336,#6337,#6338,#6339,#6340,#6341,#6342,#6343,#6344,#6345,
    #6346,#6347,#6348,#6349,#6350,#6351,#6352,#6353,#6354,#6355,#6356,
    #6357,#6358,#6359,#6360,#6361,#6362,#6363,#6364),.UNSPECIFIED.,.F.,
.F.) B_SPLINE_CURVE_WITH_KNOTS((15,13,13,13,13,15),(27.237474219469,
    30.28212300818,31.837535992522,34.139985118724,35.258448542375,
36.438329279637),.UNSPECIFIED.) CURVE() GEOMETRIC_REPRESENTATION_ITEM() 
RATIONAL_B_SPLINE_CURVE((1.,1.,1.,1.,0.999999999999,1.000000000002,
    0.999999999997,1.000000000003,0.999999999997,1.000000000002,
    0.999999999999,1.,1.,1.,1.,0.999999999998,1.000000000006,
    0.999999999988,1.000000000019,0.999999999976,1.000000000025,
    0.999999999979,1.000000000015,0.999999999991,1.000000000004,
    0.999999999999,1.,1.,1.000000000001,0.999999999998,1.000000000004,
    0.999999999993,1.00000000001,0.999999999988,1.000000000011,
    0.999999999992,1.000000000005,0.999999999998,1.000000000001,1.,1.,
    0.999999999999,1.000000000002,0.999999999996,1.000000000007,
    0.99999999999,1.000000000012,0.999999999988,1.00000000001,
    0.999999999994,1.000000000003,0.999999999999,1.,1.,0.999999999999,
    1.000000000005,0.999999999989,1.000000000019,0.999999999973,
    1.00000000003,0.999999999972,1.000000000021,0.999999999987,
1.000000000006,0.999999999998,1.,1.)) REPRESENTATION_ITEM('') );
#6298 = CARTESIAN_POINT('',(-6.132827212666,4.339449980665,
    8.272413769117));
#6299 = CARTESIAN_POINT('',(-6.187986513605,4.158662321634,
    8.252878489932));
#6300 = CARTESIAN_POINT('',(-6.242353017318,3.975452680681,
    8.234170923976));
#6301 = CARTESIAN_POINT('',(-6.303132681128,3.769447842232,
    8.214424696889));
#6302 = CARTESIAN_POINT('',(-6.346421712309,3.583553857874,
    8.196297507614));
#6303 = CARTESIAN_POINT('',(-6.407006306239,3.360354066126,
    8.176935165443));
#6304 = CARTESIAN_POINT('',(-6.444923993788,3.164594740283,
    8.159966205282));
#6305 = CARTESIAN_POINT('',(-6.486992502658,2.95994301486,8.143616443767
    ));
#6306 = CARTESIAN_POINT('',(-6.530129039529,2.746939363841,
    8.127739968997));
#6307 = CARTESIAN_POINT('',(-6.558133630218,2.549230965876,
    8.113658406751));
#6308 = CARTESIAN_POINT('',(-6.594622999483,2.335131224691,8.09996281031
    ));
#6309 = CARTESIAN_POINT('',(-6.620516084448,2.130784245265,
    8.087828328452));
#6310 = CARTESIAN_POINT('',(-6.646395762939,1.921405699494,
    8.076667805864));
#6311 = CARTESIAN_POINT('',(-6.668442487876,1.712738219054,
    8.066762822437));
#6312 = CARTESIAN_POINT('',(-6.697382148251,1.396612008668,8.05365683578
    ));
#6313 = CARTESIAN_POINT('',(-6.706387269901,1.289612250742,
    8.049548185759));
#6314 = CARTESIAN_POINT('',(-6.714619101694,1.182513291563,
    8.045766866121));
#6315 = CARTESIAN_POINT('',(-6.722083935566,1.075324301455,
    8.042316942056));
#6316 = CARTESIAN_POINT('',(-6.728787436677,0.968054414175,
    8.039202073986));
#6317 = CARTESIAN_POINT('',(-6.7347346434,0.860712727021,8.036425517569)
  );
#6318 = CARTESIAN_POINT('',(-6.739929967338,0.753308300699,
    8.033990123693));
#6319 = CARTESIAN_POINT('',(-6.744377193303,0.64585015945,8.031898338483
    ));
#6320 = CARTESIAN_POINT('',(-6.748079479336,0.538347290959,
    8.030152203297));
#6321 = CARTESIAN_POINT('',(-6.751039356691,0.430808646398,
    8.028753354726));
#6322 = CARTESIAN_POINT('',(-6.753258729845,0.323243140425,
    8.027703024594));
#6323 = CARTESIAN_POINT('',(-6.754738876495,0.215659651161,
    8.027002039962));
#6324 = CARTESIAN_POINT('',(-6.755480447557,0.108067020215,
    8.026650823121));
#6325 = CARTESIAN_POINT('',(-6.75548793704,-0.158793830908,
    8.026647272541));
#6326 = CARTESIAN_POINT('',(-6.753874333821,-0.318061305606,
    8.02741177019));
#6327 = CARTESIAN_POINT('',(-6.750642369943,-0.477300017196,
    8.028942724388));
#6328 = CARTESIAN_POINT('',(-6.745788806775,-0.636481362186,
    8.031238062255));
#6329 = CARTESIAN_POINT('',(-6.739307454621,-0.795576487736,
    8.034293798189));
#6330 = CARTESIAN_POINT('',(-6.731189172711,-0.95455629181,
    8.038104033867));
#6331 = CARTESIAN_POINT('',(-6.721421869218,-1.113391422946,
    8.042660958243));
#6332 = CARTESIAN_POINT('',(-6.709990501241,-1.272052280549,
    8.047954847553));
#6333 = CARTESIAN_POINT('',(-6.696877074818,-1.430509014575,
    8.053974065306));
#6334 = CARTESIAN_POINT('',(-6.682060644915,-1.58873152582,
    8.060705062294));
#6335 = CARTESIAN_POINT('',(-6.665517315436,-1.746689465696,
    8.068132376585));
#6336 = CARTESIAN_POINT('',(-6.647220239216,-1.904352236377,
    8.076238633526));
#6337 = CARTESIAN_POINT('',(-6.627139618024,-2.06168899072,
    8.085004545742));
#6338 = CARTESIAN_POINT('',(-6.594605812151,-2.294924817668,
    8.098977283763));
#6339 = CARTESIAN_POINT('',(-6.583540160225,-2.371096089893,
    8.103696456265));
#6340 = CARTESIAN_POINT('',(-6.572042377055,-2.447179109731,
    8.108563945738));
#6341 = CARTESIAN_POINT('',(-6.560108655377,-2.523171229867,
    8.113577259679));
#6342 = CARTESIAN_POINT('',(-6.547734750395,-2.599070494946,
    8.118733897994));
#6343 = CARTESIAN_POINT('',(-6.534915979767,-2.674875641527,
    8.124031352981));
#6344 = CARTESIAN_POINT('',(-6.521647223635,-2.750586098136,
    8.129467109364));
#6345 = CARTESIAN_POINT('',(-6.507922924582,-2.82620198523,
    8.135038644243));
#6346 = CARTESIAN_POINT('',(-6.493737087683,-2.901724115185,
    8.140743427153));
#6347 = CARTESIAN_POINT('',(-6.47908328045,-2.977153992373,
    8.146578920006));
#6348 = CARTESIAN_POINT('',(-6.463954632886,-3.052493813035,
    8.152542577138));
#6349 = CARTESIAN_POINT('',(-6.448343837437,-3.127746465417,
    8.158631845279));
#6350 = CARTESIAN_POINT('',(-6.43224314903,-3.202915529664,
    8.164844163566));
#6351 = CARTESIAN_POINT('',(-6.398134146028,-3.357218371145,
    8.177857511645));
#6352 = CARTESIAN_POINT('',(-6.380165563187,-3.436151393028,
    8.184660492994));
#6353 = CARTESIAN_POINT('',(-6.36067749866,-3.51690489345,8.191711998879
    ));
#6354 = CARTESIAN_POINT('',(-6.345356396626,-3.588057681935,
    8.19830131391));
#6355 = CARTESIAN_POINT('',(-6.314214459885,-3.689734720982,
    8.206922229828));
#6356 = CARTESIAN_POINT('',(-6.31813657134,-3.719056819558,
    8.211116983357));
#6357 = CARTESIAN_POINT('',(-6.258892118313,-3.875542933406,
    8.223486706711));
#6358 = CARTESIAN_POINT('',(-6.28498579522,-3.855363620965,
    8.224645245403));
#6359 = CARTESIAN_POINT('',(-6.218916384276,-4.024340618501,
    8.238152899731));
#6360 = CARTESIAN_POINT('',(-6.229640293116,-4.030844618865,
    8.241053037418));
#6361 = CARTESIAN_POINT('',(-6.19096515639,-4.140747510952,
    8.250961551334));
#6362 = CARTESIAN_POINT('',(-6.175345699208,-4.198958208756,
    8.257374912908));
#6363 = CARTESIAN_POINT('',(-6.154309870298,-4.269048551183,
    8.264809624967));
#6364 = CARTESIAN_POINT('',(-6.133209733188,-4.338595443286,
    8.272350862233));
#6365 = PCURVE('',#4061,#6366);
#6366 = DEFINITIONAL_REPRESENTATION('',(#6367),#6371);
#6367 = LINE('',#6368,#6369);
#6368 = CARTESIAN_POINT('',(0.,0.));
#6369 = VECTOR('',#6370,1.);
#6370 = DIRECTION('',(0.,1.));
#6371 = ( GEOMETRIC_REPRESENTATION_CONTEXT(2) 
PARAMETRIC_REPRESENTATION_CONTEXT() REPRESENTATION_CONTEXT('2D SPACE',''
  ) );
#6372 = PCURVE('',#6373,#6398);
#6373 = B_SPLINE_SURFACE_WITH_KNOTS('',7,2,(
    (#6374,#6375,#6376)
    ,(#6377,#6378,#6379)
    ,(#6380,#6381,#6382)
    ,(#6383,#6384,#6385)
    ,(#6386,#6387,#6388)
    ,(#6389,#6390,#6391)
    ,(#6392,#6393,#6394)
    ,(#6395,#6396,#6397
  )),.UNSPECIFIED.,.F.,.F.,.F.,(8,8),(3,3),(0.,1.),(0.,1.),
  .PIECEWISE_BEZIER_KNOTS.);
#6374 = CARTESIAN_POINT('',(9.1,-7.1,10.));
#6375 = CARTESIAN_POINT('',(-2.6645352591E-15,-15.1,9.));
#6376 = CARTESIAN_POINT('',(-9.1,-7.1,10.));
#6377 = CARTESIAN_POINT('',(9.1,-5.160915554681,9.265281222073));
#6378 = CARTESIAN_POINT('',(3.552713678801E-15,-11.05326413385,
    7.142826095571));
#6379 = CARTESIAN_POINT('',(-9.1,-5.160915554681,9.265281222073));
#6380 = CARTESIAN_POINT('',(9.1,-3.133129657049,8.764665148436));
#6381 = CARTESIAN_POINT('',(-2.13162820728E-14,-6.742186506347,
    5.866882023649));
#6382 = CARTESIAN_POINT('',(-9.1,-3.133129657049,8.764665148436));
#6383 = CARTESIAN_POINT('',(9.1,-1.050557741945,8.511001813505));
#6384 = CARTESIAN_POINT('',(3.01980662698E-14,-2.26612006573,
    5.217019878446));
#6385 = CARTESIAN_POINT('',(-9.1,-1.050557741945,8.511001813505));
#6386 = CARTESIAN_POINT('',(9.1,1.050557741945,8.511001813505));
#6387 = CARTESIAN_POINT('',(-3.907985046681E-14,2.26612006573,
    5.217019878446));
#6388 = CARTESIAN_POINT('',(-9.1,1.050557741945,8.511001813505));
#6389 = CARTESIAN_POINT('',(9.1,3.133129657049,8.764665148436));
#6390 = CARTESIAN_POINT('',(2.13162820728E-14,6.742186506347,
    5.866882023649));
#6391 = CARTESIAN_POINT('',(-9.1,3.133129657049,8.764665148436));
#6392 = CARTESIAN_POINT('',(9.1,5.160915554681,9.265281222073));
#6393 = CARTESIAN_POINT('',(-1.15463194561E-14,11.053264133854,
    7.142826095571));
#6394 = CARTESIAN_POINT('',(-9.1,5.160915554681,9.265281222073));
#6395 = CARTESIAN_POINT('',(9.1,7.1,10.));
#6396 = CARTESIAN_POINT('',(-2.6645352591E-15,15.1,9.));
#6397 = CARTESIAN_POINT('',(-9.1,7.1,10.));
#6398 = DEFINITIONAL_REPRESENTATION('',(#6399),#6552);
#6399 = B_SPLINE_CURVE_WITH_KNOTS('',11,(#6400,#6401,#6402,#6403,#6404,
    #6405,#6406,#6407,#6408,#6409,#6410,#6411,#6412,#6413,#6414,#6415,
    #6416,#6417,#6418,#6419,#6420,#6421,#6422,#6423,#6424,#6425,#6426,
    #6427,#6428,#6429,#6430,#6431,#6432,#6433,#6434,#6435,#6436,#6437,
    #6438,#6439,#6440,#6441,#6442,#6443,#6444,#6445,#6446,#6447,#6448,
    #6449,#6450,#6451,#6452,#6453,#6454,#6455,#6456,#6457,#6458,#6459,
    #6460,#6461,#6462,#6463,#6464,#6465,#6466,#6467,#6468,#6469,#6470,
    #6471,#6472,#6473,#6474,#6475,#6476,#6477,#6478,#6479,#6480,#6481,
    #6482,#6483,#6484,#6485,#6486,#6487,#6488,#6489,#6490,#6491,#6492,
    #6493,#6494,#6495,#6496,#6497,#6498,#6499,#6500,#6501,#6502,#6503,
    #6504,#6505,#6506,#6507,#6508,#6509,#6510,#6511,#6512,#6513,#6514,
    #6515,#6516,#6517,#6518,#6519,#6520,#6521,#6522,#6523,#6524,#6525,
    #6526,#6527,#6528,#6529,#6530,#6531,#6532,#6533,#6534,#6535,#6536,
    #6537,#6538,#6539,#6540,#6541,#6542,#6543,#6544,#6545,#6546,#6547,
    #6548,#6549,#6550,#6551),.UNSPECIFIED.,.F.,.F.,(12,10,10,10,10,10,10
    ,10,10,10,10,10,10,10,10,12),(27.237474219469,28.38758110199,
    29.537687984511,30.112741425771,30.400268146401,30.687794867032,
    31.837901749553,34.138115514595,34.713168955855,35.000695676485,
    35.144459036801,35.216340716958,35.288222397116,35.863275838376,
    36.150802559006,36.438329279637),.UNSPECIFIED.);
#6400 = CARTESIAN_POINT('',(0.728985408827,0.836968528168));
#6401 = CARTESIAN_POINT('',(0.724744485343,0.838425609239));
#6402 = CARTESIAN_POINT('',(0.72045908434,0.83987244975));
#6403 = CARTESIAN_POINT('',(0.716012760395,0.841355793137));
#6404 = CARTESIAN_POINT('',(0.711465906751,0.842818365645));
#6405 = CARTESIAN_POINT('',(0.706819089469,0.844257772052));
#6406 = CARTESIAN_POINT('',(0.702077018713,0.845670676061));
#6407 = CARTESIAN_POINT('',(0.697255049283,0.847048378639));
#6408 = CARTESIAN_POINT('',(0.692363398837,0.848388507286));
#6409 = CARTESIAN_POINT('',(0.687416528491,0.849685430186));
#6410 = CARTESIAN_POINT('',(0.682422821973,0.850937863504));
#6411 = CARTESIAN_POINT('',(0.672355786797,0.853351343574));
#6412 = CARTESIAN_POINT('',(0.667282396725,0.854512444414));
#6413 = CARTESIAN_POINT('',(0.662176004622,0.855626794126));
#6414 = CARTESIAN_POINT('',(0.657040458048,0.856694847736));
#6415 = CARTESIAN_POINT('',(0.651877396855,0.857717300474));
#6416 = CARTESIAN_POINT('',(0.646687356216,0.858694832275));
#6417 = CARTESIAN_POINT('',(0.641470673561,0.859628218122));
#6418 = CARTESIAN_POINT('',(0.636227957832,0.860518375063));
#6419 = CARTESIAN_POINT('',(0.630960121853,0.861366193014));
#6420 = CARTESIAN_POINT('',(0.625668220959,0.862172272721));
#6421 = CARTESIAN_POINT('',(0.617696264644,0.863319319466));
#6422 = CARTESIAN_POINT('',(0.615033252846,0.863691328227));
#6423 = CARTESIAN_POINT('',(0.61236470772,0.864053048985));
#6424 = CARTESIAN_POINT('',(0.609690784897,0.86440452578));
#6425 = CARTESIAN_POINT('',(0.607011617687,0.864745815412));
#6426 = CARTESIAN_POINT('',(0.604327311526,0.865076996745));
#6427 = CARTESIAN_POINT('',(0.601637951165,0.865398168447));
#6428 = CARTESIAN_POINT('',(0.598943620553,0.865709435149));
#6429 = CARTESIAN_POINT('',(0.596244435447,0.866010882053));
#6430 = CARTESIAN_POINT('',(0.59354058874,0.866302537959));
#6431 = CARTESIAN_POINT('',(0.589478318381,0.866725221121));
#6432 = CARTESIAN_POINT('',(0.588123149259,0.86686364537));
#6433 = CARTESIAN_POINT('',(0.586766829385,0.866999678235));
#6434 = CARTESIAN_POINT('',(0.585410022198,0.867132817954));
#6435 = CARTESIAN_POINT('',(0.584050530394,0.867264841246));
#6436 = CARTESIAN_POINT('',(0.582693539651,0.867391584342));
#6437 = CARTESIAN_POINT('',(0.581330831263,0.867519682958));
#6438 = CARTESIAN_POINT('',(0.57997078233,0.867642445904));
#6439 = CARTESIAN_POINT('',(0.57860804923,0.867764166099));
#6440 = CARTESIAN_POINT('',(0.577244853632,0.867883097059));
#6441 = CARTESIAN_POINT('',(0.574516497841,0.868116246411));
#6442 = CARTESIAN_POINT('',(0.573151398249,0.868230416955));
#6443 = CARTESIAN_POINT('',(0.571785397524,0.868342187769));
#6444 = CARTESIAN_POINT('',(0.570418516235,0.868451563267));
#6445 = CARTESIAN_POINT('',(0.569050774942,0.868558547844));
#6446 = CARTESIAN_POINT('',(0.567682194218,0.86866314592));
#6447 = CARTESIAN_POINT('',(0.56631279462,0.868765361887));
#6448 = CARTESIAN_POINT('',(0.56494259672,0.868865200164));
#6449 = CARTESIAN_POINT('',(0.563571621079,0.868962665148));
#6450 = CARTESIAN_POINT('',(0.562199888265,0.86905776125));
#6451 = CARTESIAN_POINT('',(0.555337541152,0.869521419375));
#6452 = CARTESIAN_POINT('',(0.549835866055,0.869854503293));
#6453 = CARTESIAN_POINT('',(0.544323714771,0.870149994892));
#6454 = CARTESIAN_POINT('',(0.538802401679,0.870408113719));
#6455 = CARTESIAN_POINT('',(0.533273236942,0.870629048338));
#6456 = CARTESIAN_POINT('',(0.527737528488,0.870812956132));
#6457 = CARTESIAN_POINT('',(0.522196583357,0.870959963195));
#6458 = CARTESIAN_POINT('',(0.516651708413,0.871070164283));
#6459 = CARTESIAN_POINT('',(0.511104210404,0.871143622861));
#6460 = CARTESIAN_POINT('',(0.505555395404,0.871180371212));
#6461 = CARTESIAN_POINT('',(0.488908912001,0.871180489455));
#6462 = CARTESIAN_POINT('',(0.477811287368,0.871033755599));
#6463 = CARTESIAN_POINT('',(0.466724091867,0.870740177544));
#6464 = CARTESIAN_POINT('',(0.455657759328,0.870299227222));
#6465 = CARTESIAN_POINT('',(0.444622762606,0.869709885585));
#6466 = CARTESIAN_POINT('',(0.433629611529,0.868970646011));
#6467 = CARTESIAN_POINT('',(0.422688845476,0.868079515569));
#6468 = CARTESIAN_POINT('',(0.411811020554,0.867034014108));
#6469 = CARTESIAN_POINT('',(0.401006691394,0.865831171203));
#6470 = CARTESIAN_POINT('',(0.390286387559,0.86446752093));
#6471 = CARTESIAN_POINT('',(0.377004133808,0.862556987884));
#6472 = CARTESIAN_POINT('',(0.374353604128,0.86216457892));
#6473 = CARTESIAN_POINT('',(0.371709154741,0.861761812345));
#6474 = CARTESIAN_POINT('',(0.369070936979,0.861348627779));
#6475 = CARTESIAN_POINT('',(0.366439094277,0.860924959724));
#6476 = CARTESIAN_POINT('',(0.363813762181,0.860490737559));
#6477 = CARTESIAN_POINT('',(0.361195068342,0.860045885542));
#6478 = CARTESIAN_POINT('',(0.358583132519,0.859590322808));
#6479 = CARTESIAN_POINT('',(0.35597806658,0.859123963376));
#6480 = CARTESIAN_POINT('',(0.353379974496,0.858646716137));
#6481 = CARTESIAN_POINT('',(0.349493441277,0.857914369231));
#6482 = CARTESIAN_POINT('',(0.348199697852,0.857667507598));
#6483 = CARTESIAN_POINT('',(0.346907734125,0.857417887934));
#6484 = CARTESIAN_POINT('',(0.345617561686,0.857165497892));
#6485 = CARTESIAN_POINT('',(0.344329191664,0.856910324808));
#6486 = CARTESIAN_POINT('',(0.343042634729,0.856652355702));
#6487 = CARTESIAN_POINT('',(0.34175790109,0.856391577281));
#6488 = CARTESIAN_POINT('',(0.340475000497,0.856127975936));
#6489 = CARTESIAN_POINT('',(0.339193942237,0.855861537741));
#6490 = CARTESIAN_POINT('',(0.337914735141,0.855592248456));
#6491 = CARTESIAN_POINT('',(0.335998713794,0.855184016062));
#6492 = CARTESIAN_POINT('',(0.335360504906,0.85504722227));
#6493 = CARTESIAN_POINT('',(0.334722761861,0.854909710254));
#6494 = CARTESIAN_POINT('',(0.334085485606,0.854771478123));
#6495 = CARTESIAN_POINT('',(0.333448677089,0.854632523978));
#6496 = CARTESIAN_POINT('',(0.332812337259,0.85449284593));
#6497 = CARTESIAN_POINT('',(0.332176467063,0.85435244208));
#6498 = CARTESIAN_POINT('',(0.331541067449,0.854211310538));
#6499 = CARTESIAN_POINT('',(0.330906139366,0.854069449405));
#6500 = CARTESIAN_POINT('',(0.33027168376,0.853926856791));
#6501 = CARTESIAN_POINT('',(0.32932071049,0.853711867802));
#6502 = CARTESIAN_POINT('',(0.329003837796,0.853640021456));
#6503 = CARTESIAN_POINT('',(0.328687083588,0.853567991507));
#6504 = CARTESIAN_POINT('',(0.328370447955,0.853495777702));
#6505 = CARTESIAN_POINT('',(0.328053930989,0.85342337979));
#6506 = CARTESIAN_POINT('',(0.327737532778,0.853350797514));
#6507 = CARTESIAN_POINT('',(0.327421253416,0.853278030626));
#6508 = CARTESIAN_POINT('',(0.327105092989,0.85320507887));
#6509 = CARTESIAN_POINT('',(0.326789051589,0.853131941994));
#6510 = CARTESIAN_POINT('',(0.326473129307,0.853058619745));
#6511 = CARTESIAN_POINT('',(0.325841523157,0.852911603997));
#6512 = CARTESIAN_POINT('',(0.32552585943,0.852837922599));
#6513 = CARTESIAN_POINT('',(0.325210219849,0.852763998222));
#6514 = CARTESIAN_POINT('',(0.324894861302,0.852689984832));
#6515 = CARTESIAN_POINT('',(0.32457955697,0.852615745796));
#6516 = CARTESIAN_POINT('',(0.324264246556,0.852541244742));
#6517 = CARTESIAN_POINT('',(0.323949138133,0.852466606477));
#6518 = CARTESIAN_POINT('',(0.323634289478,0.852391865162));
#6519 = CARTESIAN_POINT('',(0.323319492436,0.8523168951));
#6520 = CARTESIAN_POINT('',(0.323004793056,0.852241723834));
#6521 = CARTESIAN_POINT('',(0.320173481673,0.851563428325));
#6522 = CARTESIAN_POINT('',(0.317663167563,0.850947678059));
#6523 = CARTESIAN_POINT('',(0.315160853299,0.850319797092));
#6524 = CARTESIAN_POINT('',(0.312679814373,0.849687543345));
#6525 = CARTESIAN_POINT('',(0.31017427363,0.849022788986));
#6526 = CARTESIAN_POINT('',(0.307723683813,0.848372716119));
#6527 = CARTESIAN_POINT('',(0.305254150659,0.847692521276));
#6528 = CARTESIAN_POINT('',(0.302813248303,0.84700994323));
#6529 = CARTESIAN_POINT('',(0.300385398015,0.846314994484));
#6530 = CARTESIAN_POINT('',(0.297979381576,0.845612368556));
#6531 = CARTESIAN_POINT('',(0.294404868768,0.844547333391));
#6532 = CARTESIAN_POINT('',(0.293219144584,0.844190488803));
#6533 = CARTESIAN_POINT('',(0.292039554601,0.843831971498));
#6534 = CARTESIAN_POINT('',(0.290866370084,0.84347189958));
#6535 = CARTESIAN_POINT('',(0.289699974026,0.843110469274));
#6536 = CARTESIAN_POINT('',(0.288540873383,0.842747968838));
#6537 = CARTESIAN_POINT('',(0.287389604797,0.842384730093));
#6538 = CARTESIAN_POINT('',(0.286246609595,0.842021061384));
#6539 = CARTESIAN_POINT('',(0.285112153888,0.84165720583));
#6540 = CARTESIAN_POINT('',(0.283986369579,0.841293368688));
#6541 = CARTESIAN_POINT('',(0.281752614592,0.840566346668));
#6542 = CARTESIAN_POINT('',(0.280644612846,0.840203144827));
#6543 = CARTESIAN_POINT('',(0.279545936672,0.839840683537));
#6544 = CARTESIAN_POINT('',(0.278456299624,0.8394790281));
#6545 = CARTESIAN_POINT('',(0.277377149484,0.839119286789));
#6546 = CARTESIAN_POINT('',(0.276308768025,0.838762000365));
#6547 = CARTESIAN_POINT('',(0.275251650038,0.83840795122));
#6548 = CARTESIAN_POINT('',(0.274206025346,0.838057926636));
#6549 = CARTESIAN_POINT('',(0.273164171328,0.837708326233));
#6550 = CARTESIAN_POINT('',(0.27210751768,0.837349120656));
#6551 = CARTESIAN_POINT('',(0.27105446942,0.83698954578));
#6552 = ( GEOMETRIC_REPRESENTATION_CONTEXT(2) 
PARAMETRIC_REPRESENTATION_CONTEXT() REPRESENTATION_CONTEXT('2D SPACE',''
  ) );
#6553 = ADVANCED_FACE('',(#6554),#4340,.T.);
#6554 = FACE_BOUND('',#6555,.T.);
#6555 = EDGE_LOOP('',(#6556,#6612,#6613,#6614));
#6556 = ORIENTED_EDGE('',*,*,#6557,.T.);
#6557 = EDGE_CURVE('',#6558,#4274,#6560,.T.);
#6558 = VERTEX_POINT('',#6559);
#6559 = CARTESIAN_POINT('',(-4.339145115165,6.132944317405,
    8.272161090384));
#6560 = SURFACE_CURVE('',#6561,(#6565,#6606),.PCURVE_S1.);
#6561 = ( BOUNDED_CURVE() B_SPLINE_CURVE(2,(#6562,#6563,#6564),
.UNSPECIFIED.,.F.,.F.) B_SPLINE_CURVE_WITH_KNOTS((3,3),(0.,
9.200004455286),.PIECEWISE_BEZIER_KNOTS.) CURVE() 
GEOMETRIC_REPRESENTATION_ITEM() RATIONAL_B_SPLINE_CURVE((1.,
0.795893531946,1.)) REPRESENTATION_ITEM('') );
#6562 = CARTESIAN_POINT('',(-4.339145115165,6.132944317405,
    8.272161090384));
#6563 = CARTESIAN_POINT('',(-4.508311194013,6.536934242046,
    8.400591883934));
#6564 = CARTESIAN_POINT('',(-4.630866529605,6.746168039757,
    8.013912562287));
#6565 = PCURVE('',#4340,#6566);
#6566 = DEFINITIONAL_REPRESENTATION('',(#6567),#6605);
#6567 = B_SPLINE_CURVE_WITH_KNOTS('',8,(#6568,#6569,#6570,#6571,#6572,
    #6573,#6574,#6575,#6576,#6577,#6578,#6579,#6580,#6581,#6582,#6583,
    #6584,#6585,#6586,#6587,#6588,#6589,#6590,#6591,#6592,#6593,#6594,
    #6595,#6596,#6597,#6598,#6599,#6600,#6601,#6602,#6603,#6604),
  .UNSPECIFIED.,.F.,.F.,(9,7,7,7,7,9),(0.,4.600002227643,6.900003341464,
    8.050003898375,8.62500417683,9.200004455286),.UNSPECIFIED.);
#6568 = CARTESIAN_POINT('',(0.,24.320889866117));
#6569 = CARTESIAN_POINT('',(0.184314718963,24.320889866116));
#6570 = CARTESIAN_POINT('',(0.368924571651,24.320889866116));
#6571 = CARTESIAN_POINT('',(0.553632300254,24.320889866117));
#6572 = CARTESIAN_POINT('',(0.738313501484,24.320889866116));
#6573 = CARTESIAN_POINT('',(0.922916626567,24.320889866117));
#6574 = CARTESIAN_POINT('',(1.107462981252,24.320889866117));
#6575 = CARTESIAN_POINT('',(1.292046725803,24.320889866117));
#6576 = CARTESIAN_POINT('',(1.569228949608,24.320889866117));
#6577 = CARTESIAN_POINT('',(1.661633367545,24.320889866116));
#6578 = CARTESIAN_POINT('',(1.754051083852,24.320889866116));
#6579 = CARTESIAN_POINT('',(1.846485053565,24.320889866116));
#6580 = CARTESIAN_POINT('',(1.93893823172,24.320889866116));
#6581 = CARTESIAN_POINT('',(2.031413573353,24.320889866116));
#6582 = CARTESIAN_POINT('',(2.123914033498,24.320889866116));
#6583 = CARTESIAN_POINT('',(2.262706834039,24.320889866117));
#6584 = CARTESIAN_POINT('',(2.30890147396,24.320889866117));
#6585 = CARTESIAN_POINT('',(2.355065405827,24.320889866117));
#6586 = CARTESIAN_POINT('',(2.401237548513,24.320889866118));
#6587 = CARTESIAN_POINT('',(2.44745682089,24.320889866116));
#6588 = CARTESIAN_POINT('',(2.493762141831,24.320889866117));
#6589 = CARTESIAN_POINT('',(2.540192430208,24.320889866116));
#6590 = CARTESIAN_POINT('',(2.610083692235,24.320889866117));
#6591 = CARTESIAN_POINT('',(2.63254208516,24.320889866116));
#6592 = CARTESIAN_POINT('',(2.655238641986,24.320889866118));
#6593 = CARTESIAN_POINT('',(2.678678394642,24.320889866115));
#6594 = CARTESIAN_POINT('',(2.70279454867,24.320889866118));
#6595 = CARTESIAN_POINT('',(2.726948483223,24.320889866116));
#6596 = CARTESIAN_POINT('',(2.749929751065,24.320889866117));
#6597 = CARTESIAN_POINT('',(2.789982406081,24.320889866116));
#6598 = CARTESIAN_POINT('',(2.810108250415,24.320889866118));
#6599 = CARTESIAN_POINT('',(2.818743805012,24.320889866115));
#6600 = CARTESIAN_POINT('',(2.968127919791,24.320889866119));
#6601 = CARTESIAN_POINT('',(2.830101677044,24.320889866115));
#6602 = CARTESIAN_POINT('',(2.906762465175,24.320889866117));
#6603 = CARTESIAN_POINT('',(2.895339945605,24.320889866117));
#6604 = CARTESIAN_POINT('',(2.918379285476,24.320889866117));
#6605 = ( GEOMETRIC_REPRESENTATION_CONTEXT(2) 
PARAMETRIC_REPRESENTATION_CONTEXT() REPRESENTATION_CONTEXT('2D SPACE',''
  ) );
#6606 = PCURVE('',#4711,#6607);
#6607 = DEFINITIONAL_REPRESENTATION('',(#6608),#6611);
#6608 = B_SPLINE_CURVE_WITH_KNOTS('',1,(#6609,#6610),.UNSPECIFIED.,.F.,
  .F.,(2,2),(0.,9.200004455286),.PIECEWISE_BEZIER_KNOTS.);
#6609 = CARTESIAN_POINT('',(0.,24.322683062943));
#6610 = CARTESIAN_POINT('',(9.200004455286,24.322683062943));
#6611 = ( GEOMETRIC_REPRESENTATION_CONTEXT(2) 
PARAMETRIC_REPRESENTATION_CONTEXT() REPRESENTATION_CONTEXT('2D SPACE',''
  ) );
#6612 = ORIENTED_EDGE('',*,*,#4298,.T.);
#6613 = ORIENTED_EDGE('',*,*,#6172,.F.);
#6614 = ORIENTED_EDGE('',*,*,#6615,.F.);
#6615 = EDGE_CURVE('',#6558,#6173,#6616,.T.);
#6616 = SURFACE_CURVE('',#6617,(#6632,#6639),.PCURVE_S1.);
#6617 = ( BOUNDED_CURVE() B_SPLINE_CURVE(13,(#6618,#6619,#6620,#6621,
    #6622,#6623,#6624,#6625,#6626,#6627,#6628,#6629,#6630,#6631),
.UNSPECIFIED.,.F.,.F.) B_SPLINE_CURVE_WITH_KNOTS((14,14),(
24.320889866117,27.239269151592),.PIECEWISE_BEZIER_KNOTS.) CURVE() 
GEOMETRIC_REPRESENTATION_ITEM() RATIONAL_B_SPLINE_CURVE((1.,1.,
    1.000000000001,0.999999999999,1.000000000003,0.999999999995,
    1.000000000006,0.999999999994,1.000000000005,0.999999999997,
1.000000000002,0.999999999999,1.,1.)) REPRESENTATION_ITEM('') );
#6618 = CARTESIAN_POINT('',(-4.337703773762,6.133454218089,
    8.272022703588));
#6619 = CARTESIAN_POINT('',(-4.514638221096,6.061252786286,
    8.286681371005));
#6620 = CARTESIAN_POINT('',(-4.686191702618,5.97619921875,8.298758762341
    ));
#6621 = CARTESIAN_POINT('',(-4.874512354749,5.87175508071,8.31031789157)
  );
#6622 = CARTESIAN_POINT('',(-5.042697388884,5.741485769756,
    8.315628943544));
#6623 = CARTESIAN_POINT('',(-5.169928726514,5.666583631333,
    8.322985219142));
#6624 = CARTESIAN_POINT('',(-5.395213269282,5.443179558631,
    8.323175217903));
#6625 = CARTESIAN_POINT('',(-5.447930478566,5.406630977975,
    8.325494011289));
#6626 = CARTESIAN_POINT('',(-5.668134051866,5.153504451505,
    8.321086237701));
#6627 = CARTESIAN_POINT('',(-5.735604659959,5.059261519675,
    8.317247575304));
#6628 = CARTESIAN_POINT('',(-5.877138797939,4.863343478982,
    8.309841676217));
#6629 = CARTESIAN_POINT('',(-5.974460148567,4.688004861605,
    8.299023484142));
#6630 = CARTESIAN_POINT('',(-6.059740093888,4.517675343067,
    8.287142463156));
#6631 = CARTESIAN_POINT('',(-6.133349023648,4.337985536985,
    8.272273685363));
#6632 = PCURVE('',#4340,#6633);
#6633 = DEFINITIONAL_REPRESENTATION('',(#6634),#6638);
#6634 = LINE('',#6635,#6636);
#6635 = CARTESIAN_POINT('',(0.,0.));
#6636 = VECTOR('',#6637,1.);
#6637 = DIRECTION('',(0.,1.));
#6638 = ( GEOMETRIC_REPRESENTATION_CONTEXT(2) 
PARAMETRIC_REPRESENTATION_CONTEXT() REPRESENTATION_CONTEXT('2D SPACE',''
  ) );
#6639 = PCURVE('',#6373,#6640);
#6640 = DEFINITIONAL_REPRESENTATION('',(#6641),#6664);
#6641 = B_SPLINE_CURVE_WITH_KNOTS('',11,(#6642,#6643,#6644,#6645,#6646,
    #6647,#6648,#6649,#6650,#6651,#6652,#6653,#6654,#6655,#6656,#6657,
    #6658,#6659,#6660,#6661,#6662,#6663),.UNSPECIFIED.,.F.,.F.,(12,10,12
    ),(24.320889866117,25.780079508854,27.239269151592),.UNSPECIFIED.);
#6642 = CARTESIAN_POINT('',(0.795666755486,0.738335372185));
#6643 = CARTESIAN_POINT('',(0.794875914428,0.744079997098));
#6644 = CARTESIAN_POINT('',(0.793864451014,0.749719569521));
#6645 = CARTESIAN_POINT('',(0.792617733378,0.755519576025));
#6646 = CARTESIAN_POINT('',(0.791029511612,0.761296831265));
#6647 = CARTESIAN_POINT('',(0.789321147974,0.766817739413));
#6648 = CARTESIAN_POINT('',(0.787331468265,0.772271055226));
#6649 = CARTESIAN_POINT('',(0.785139948709,0.777567179952));
#6650 = CARTESIAN_POINT('',(0.782713384299,0.782732370827));
#6651 = CARTESIAN_POINT('',(0.780069783605,0.787735862362));
#6652 = CARTESIAN_POINT('',(0.777204541257,0.792574088073));
#6653 = CARTESIAN_POINT('',(0.771035087755,0.801899602037));
#6654 = CARTESIAN_POINT('',(0.767730617471,0.806387166074));
#6655 = CARTESIAN_POINT('',(0.764208875583,0.810689147085));
#6656 = CARTESIAN_POINT('',(0.760464774215,0.814803835403));
#6657 = CARTESIAN_POINT('',(0.756522653726,0.81869915407));
#6658 = CARTESIAN_POINT('',(0.752340365277,0.82240979402));
#6659 = CARTESIAN_POINT('',(0.748009209514,0.825822031891));
#6660 = CARTESIAN_POINT('',(0.743345268323,0.829140568678));
#6661 = CARTESIAN_POINT('',(0.738685180047,0.831990032583));
#6662 = CARTESIAN_POINT('',(0.733930507262,0.834607298785));
#6663 = CARTESIAN_POINT('',(0.728915072228,0.836997199102));
#6664 = ( GEOMETRIC_REPRESENTATION_CONTEXT(2) 
PARAMETRIC_REPRESENTATION_CONTEXT() REPRESENTATION_CONTEXT('2D SPACE',''
  ) );
#6665 = ADVANCED_FACE('',(#6666),#4463,.T.);
#6666 = FACE_BOUND('',#6667,.T.);
#6667 = EDGE_LOOP('',(#6668,#6669,#6670,#6736));
#6668 = ORIENTED_EDGE('',*,*,#6239,.T.);
#6669 = ORIENTED_EDGE('',*,*,#4418,.T.);
#6670 = ORIENTED_EDGE('',*,*,#6671,.F.);
#6671 = EDGE_CURVE('',#6672,#4396,#6674,.T.);
#6672 = VERTEX_POINT('',#6673);
#6673 = CARTESIAN_POINT('',(-4.338750209155,-6.132987566685,
    8.272099836711));
#6674 = SURFACE_CURVE('',#6675,(#6679,#6685),.PCURVE_S1.);
#6675 = ( BOUNDED_CURVE() B_SPLINE_CURVE(2,(#6676,#6677,#6678),
.UNSPECIFIED.,.F.,.F.) B_SPLINE_CURVE_WITH_KNOTS((3,3),(0.,2.91832351079
),.PIECEWISE_BEZIER_KNOTS.) CURVE() GEOMETRIC_REPRESENTATION_ITEM() 
RATIONAL_B_SPLINE_CURVE((1.,0.800635193691,1.)) REPRESENTATION_ITEM('') 
  );
#6676 = CARTESIAN_POINT('',(-4.338750209155,-6.132987566685,
    8.272099836711));
#6677 = CARTESIAN_POINT('',(-4.504097131637,-6.530889879752,
    8.398361335469));
#6678 = CARTESIAN_POINT('',(-4.626535552101,-6.742429551008,
    8.021708149811));
#6679 = PCURVE('',#4463,#6680);
#6680 = DEFINITIONAL_REPRESENTATION('',(#6681),#6684);
#6681 = B_SPLINE_CURVE_WITH_KNOTS('',1,(#6682,#6683),.UNSPECIFIED.,.F.,
  .F.,(2,2),(0.,2.91832351079),.PIECEWISE_BEZIER_KNOTS.);
#6682 = CARTESIAN_POINT('',(0.,39.354868606466));
#6683 = CARTESIAN_POINT('',(2.91832351079,39.354868606466));
#6684 = ( GEOMETRIC_REPRESENTATION_CONTEXT(2) 
PARAMETRIC_REPRESENTATION_CONTEXT() REPRESENTATION_CONTEXT('2D SPACE',''
  ) );
#6685 = PCURVE('',#5280,#6686);
#6686 = DEFINITIONAL_REPRESENTATION('',(#6687),#6735);
#6687 = B_SPLINE_CURVE_WITH_KNOTS('',10,(#6688,#6689,#6690,#6691,#6692,
    #6693,#6694,#6695,#6696,#6697,#6698,#6699,#6700,#6701,#6702,#6703,
    #6704,#6705,#6706,#6707,#6708,#6709,#6710,#6711,#6712,#6713,#6714,
    #6715,#6716,#6717,#6718,#6719,#6720,#6721,#6722,#6723,#6724,#6725,
    #6726,#6727,#6728,#6729,#6730,#6731,#6732,#6733,#6734),
  .UNSPECIFIED.,.F.,.F.,(11,9,9,9,9,11),(0.,1.459161755395,
    2.188742633092,2.553533071941,2.735928291365,2.91832351079),
  .UNSPECIFIED.);
#6688 = CARTESIAN_POINT('',(-4.440892098501E-16,39.353063431081));
#6689 = CARTESIAN_POINT('',(0.455018941668,39.353063431085));
#6690 = CARTESIAN_POINT('',(0.907493105261,39.353063431075));
#6691 = CARTESIAN_POINT('',(1.361845992863,39.353063431092));
#6692 = CARTESIAN_POINT('',(1.817749872095,39.353063431062));
#6693 = CARTESIAN_POINT('',(2.27342133891,39.353063431101));
#6694 = CARTESIAN_POINT('',(2.727697400398,39.353063431067));
#6695 = CARTESIAN_POINT('',(3.18089207763,39.353063431092));
#6696 = CARTESIAN_POINT('',(3.634433528514,39.353063431076));
#6697 = CARTESIAN_POINT('',(4.089281690691,39.353063431081));
#6698 = CARTESIAN_POINT('',(4.770048821322,39.353063431083));
#6699 = CARTESIAN_POINT('',(4.996946043464,39.353063431082));
#6700 = CARTESIAN_POINT('',(5.22381676712,39.353063431086));
#6701 = CARTESIAN_POINT('',(5.450659648535,39.353063431079));
#6702 = CARTESIAN_POINT('',(5.677473343959,39.353063431087));
#6703 = CARTESIAN_POINT('',(5.904256509635,39.353063431079));
#6704 = CARTESIAN_POINT('',(6.131007801815,39.353063431083));
#6705 = CARTESIAN_POINT('',(6.357725876741,39.353063431081));
#6706 = CARTESIAN_POINT('',(6.584409390664,39.35306343108));
#6707 = CARTESIAN_POINT('',(6.924380804412,39.353063431082));
#6708 = CARTESIAN_POINT('',(7.037696068927,39.353063431077));
#6709 = CARTESIAN_POINT('',(7.151003003461,39.35306343109));
#6710 = CARTESIAN_POINT('',(7.264301818087,39.353063431067));
#6711 = CARTESIAN_POINT('',(7.377592722904,39.353063431093));
#6712 = CARTESIAN_POINT('',(7.490875927976,39.353063431072));
#6713 = CARTESIAN_POINT('',(7.604151643403,39.353063431083));
#6714 = CARTESIAN_POINT('',(7.717420079258,39.35306343108));
#6715 = CARTESIAN_POINT('',(7.830681445627,39.353063431081));
#6716 = CARTESIAN_POINT('',(8.000563206077,39.353063431084));
#6717 = CARTESIAN_POINT('',(8.057222131575,39.353063431077));
#6718 = CARTESIAN_POINT('',(8.113898635466,39.353063431093));
#6719 = CARTESIAN_POINT('',(8.170578624113,39.353063431063));
#6720 = CARTESIAN_POINT('',(8.227248003907,39.353063431094));
#6721 = CARTESIAN_POINT('',(8.2838926812,39.353063431065));
#6722 = CARTESIAN_POINT('',(8.340498562383,39.353063431082));
#6723 = CARTESIAN_POINT('',(8.397051553819,39.353063431075));
#6724 = CARTESIAN_POINT('',(8.453537561886,39.353063431078));
#6725 = CARTESIAN_POINT('',(8.566347424027,39.353063431086));
#6726 = CARTESIAN_POINT('',(8.676173361859,39.35306343106));
#6727 = CARTESIAN_POINT('',(8.379303673329,39.353063431126));
#6728 = CARTESIAN_POINT('',(9.572003875973,39.353063431021));
#6729 = CARTESIAN_POINT('',(7.39398238701,39.353063431136));
#6730 = CARTESIAN_POINT('',(10.210119596277,39.353063431048));
#6731 = CARTESIAN_POINT('',(8.287611071701,39.353063431094));
#6732 = CARTESIAN_POINT('',(8.872121354951,39.353063431079));
#6733 = CARTESIAN_POINT('',(9.13933414796,39.353063431081));
#6734 = CARTESIAN_POINT('',(9.196211515668,39.353063431081));
#6735 = ( GEOMETRIC_REPRESENTATION_CONTEXT(2) 
PARAMETRIC_REPRESENTATION_CONTEXT() REPRESENTATION_CONTEXT('2D SPACE',''
  ) );
#6736 = ORIENTED_EDGE('',*,*,#6737,.F.);
#6737 = EDGE_CURVE('',#6240,#6672,#6738,.T.);
#6738 = SURFACE_CURVE('',#6739,(#6755,#6762),.PCURVE_S1.);
#6739 = ( BOUNDED_CURVE() B_SPLINE_CURVE(14,(#6740,#6741,#6742,#6743,
    #6744,#6745,#6746,#6747,#6748,#6749,#6750,#6751,#6752,#6753,#6754),
.UNSPECIFIED.,.F.,.F.) B_SPLINE_CURVE_WITH_KNOTS((15,15),(
36.436545095676,39.354868606466),.PIECEWISE_BEZIER_KNOTS.) CURVE() 
GEOMETRIC_REPRESENTATION_ITEM() RATIONAL_B_SPLINE_CURVE((1.,1.,
    1.000000000001,0.999999999998,1.000000000005,0.999999999991,
    1.000000000013,0.999999999985,1.000000000014,0.999999999989,
    1.000000000006,0.999999999997,1.000000000001,1.,1.)) 
REPRESENTATION_ITEM('') );
#6740 = CARTESIAN_POINT('',(-6.133722602171,-4.337150968583,
    8.272212299284));
#6741 = CARTESIAN_POINT('',(-6.066050674424,-4.502654687532,
    8.285931658561));
#6742 = CARTESIAN_POINT('',(-5.987044174838,-4.664918625782,
    8.297545237603));
#6743 = CARTESIAN_POINT('',(-5.891315274284,-4.829448835979,
    8.30714184861));
#6744 = CARTESIAN_POINT('',(-5.798738747368,-4.988809712985,
    8.316116525997));
#6745 = CARTESIAN_POINT('',(-5.643457787863,-5.148109453306,
    8.317291005859));
#6746 = CARTESIAN_POINT('',(-5.619560034901,-5.257082670754,
    8.327871116772));
#6747 = CARTESIAN_POINT('',(-5.330717400543,-5.470165565947,
    8.318970466872));
#6748 = CARTESIAN_POINT('',(-5.378958764251,-5.499760103856,
    8.327905611599));
#6749 = CARTESIAN_POINT('',(-5.073520009492,-5.718583965959,
    8.317397137227));
#6750 = CARTESIAN_POINT('',(-5.015937587655,-5.767156501115,
    8.315175241104));
#6751 = CARTESIAN_POINT('',(-4.83159130206,-5.896367061949,
    8.307875006807));
#6752 = CARTESIAN_POINT('',(-4.658805114781,-5.989337429007,
    8.296770785607));
#6753 = CARTESIAN_POINT('',(-4.504114097975,-6.065375130359,
    8.28577543189));
#6754 = CARTESIAN_POINT('',(-4.338750209155,-6.132987566685,
    8.272099836711));
#6755 = PCURVE('',#4463,#6756);
#6756 = DEFINITIONAL_REPRESENTATION('',(#6757),#6761);
#6757 = LINE('',#6758,#6759);
#6758 = CARTESIAN_POINT('',(0.,0.));
#6759 = VECTOR('',#6760,1.);
#6760 = DIRECTION('',(0.,1.));
#6761 = ( GEOMETRIC_REPRESENTATION_CONTEXT(2) 
PARAMETRIC_REPRESENTATION_CONTEXT() REPRESENTATION_CONTEXT('2D SPACE',''
  ) );
#6762 = PCURVE('',#6373,#6763);
#6763 = DEFINITIONAL_REPRESENTATION('',(#6764),#6799);
#6764 = B_SPLINE_CURVE_WITH_KNOTS('',9,(#6765,#6766,#6767,#6768,#6769,
    #6770,#6771,#6772,#6773,#6774,#6775,#6776,#6777,#6778,#6779,#6780,
    #6781,#6782,#6783,#6784,#6785,#6786,#6787,#6788,#6789,#6790,#6791,
    #6792,#6793,#6794,#6795,#6796,#6797,#6798),.UNSPECIFIED.,.F.,.F.,(10
    ,8,8,8,10),(36.436545095676,37.166125973374,37.895706851071,
    38.625287728769,39.354868606466),.UNSPECIFIED.);
#6765 = CARTESIAN_POINT('',(0.271123876292,0.837017725394));
#6766 = CARTESIAN_POINT('',(0.268082879435,0.835571744032));
#6767 = CARTESIAN_POINT('',(0.265104078809,0.834027302613));
#6768 = CARTESIAN_POINT('',(0.262173501806,0.832365012903));
#6769 = CARTESIAN_POINT('',(0.259286916766,0.830604869505));
#6770 = CARTESIAN_POINT('',(0.256454865995,0.828727947825));
#6771 = CARTESIAN_POINT('',(0.253687983114,0.826753288323));
#6772 = CARTESIAN_POINT('',(0.250992799537,0.824682336435));
#6773 = CARTESIAN_POINT('',(0.248373542941,0.822522631713));
#6774 = CARTESIAN_POINT('',(0.243291688936,0.818032505123));
#6775 = CARTESIAN_POINT('',(0.240829083145,0.815702098383));
#6776 = CARTESIAN_POINT('',(0.238447306154,0.81329054785));
#6777 = CARTESIAN_POINT('',(0.2361469166,0.810799723437));
#6778 = CARTESIAN_POINT('',(0.233928356083,0.808231700351));
#6779 = CARTESIAN_POINT('',(0.231792355027,0.805589312017));
#6780 = CARTESIAN_POINT('',(0.22973961298,0.802875614966));
#6781 = CARTESIAN_POINT('',(0.227770453846,0.800093159758));
#6782 = CARTESIAN_POINT('',(0.223999859214,0.794394764249));
#6783 = CARTESIAN_POINT('',(0.222198406048,0.79147877255));
#6784 = CARTESIAN_POINT('',(0.22048117582,0.788498540017));
#6785 = CARTESIAN_POINT('',(0.218848147009,0.78545513843));
#6786 = CARTESIAN_POINT('',(0.217299793727,0.782351263691));
#6787 = CARTESIAN_POINT('',(0.215836829444,0.779190655218));
#6788 = CARTESIAN_POINT('',(0.214459602817,0.775976196318));
#6789 = CARTESIAN_POINT('',(0.213167950008,0.772709062572));
#6790 = CARTESIAN_POINT('',(0.210756665629,0.766073507991));
#6791 = CARTESIAN_POINT('',(0.209637010565,0.762705049883));
#6792 = CARTESIAN_POINT('',(0.20860410444,0.759289153135));
#6793 = CARTESIAN_POINT('',(0.207657928442,0.755826304128));
#6794 = CARTESIAN_POINT('',(0.206804597975,0.752336225046));
#6795 = CARTESIAN_POINT('',(0.206043726764,0.748822857803));
#6796 = CARTESIAN_POINT('',(0.205396516326,0.745366967424));
#6797 = CARTESIAN_POINT('',(0.204831924106,0.741926285063));
#6798 = CARTESIAN_POINT('',(0.204343106,0.738392868635));
#6799 = ( GEOMETRIC_REPRESENTATION_CONTEXT(2) 
PARAMETRIC_REPRESENTATION_CONTEXT() REPRESENTATION_CONTEXT('2D SPACE',''
  ) );
#6800 = ADVANCED_FACE('',(#6801),#4711,.T.);
#6801 = FACE_BOUND('',#6802,.T.);
#6802 = EDGE_LOOP('',(#6803,#6869,#6870,#6871));
#6803 = ORIENTED_EDGE('',*,*,#6804,.T.);
#6804 = EDGE_CURVE('',#6805,#4520,#6807,.T.);
#6805 = VERTEX_POINT('',#6806);
#6806 = CARTESIAN_POINT('',(4.338751881506,6.132986822858,8.27209996049)
  );
#6807 = SURFACE_CURVE('',#6808,(#6812,#6863),.PCURVE_S1.);
#6808 = ( BOUNDED_CURVE() B_SPLINE_CURVE(2,(#6809,#6810,#6811),
.UNSPECIFIED.,.F.,.F.) B_SPLINE_CURVE_WITH_KNOTS((3,3),(0.,
2.918326193155),.PIECEWISE_BEZIER_KNOTS.) CURVE() 
GEOMETRIC_REPRESENTATION_ITEM() RATIONAL_B_SPLINE_CURVE((1.,
0.800635182784,1.)) REPRESENTATION_ITEM('') );
#6809 = CARTESIAN_POINT('',(4.338751881506,6.132986822858,8.27209996049)
  );
#6810 = CARTESIAN_POINT('',(4.504097488134,6.530889730799,8.398361368326
    ));
#6811 = CARTESIAN_POINT('',(4.626535559644,6.742429557519,8.021708136236
    ));
#6812 = PCURVE('',#4711,#6813);
#6813 = DEFINITIONAL_REPRESENTATION('',(#6814),#6862);
#6814 = B_SPLINE_CURVE_WITH_KNOTS('',10,(#6815,#6816,#6817,#6818,#6819,
    #6820,#6821,#6822,#6823,#6824,#6825,#6826,#6827,#6828,#6829,#6830,
    #6831,#6832,#6833,#6834,#6835,#6836,#6837,#6838,#6839,#6840,#6841,
    #6842,#6843,#6844,#6845,#6846,#6847,#6848,#6849,#6850,#6851,#6852,
    #6853,#6854,#6855,#6856,#6857,#6858,#6859,#6860,#6861),
  .UNSPECIFIED.,.F.,.F.,(11,9,9,9,9,11),(0.,1.459163096578,
    2.188744644866,2.553535419011,2.735930806083,2.918326193155),
  .UNSPECIFIED.);
#6815 = CARTESIAN_POINT('',(-4.440892098501E-16,15.122678607658));
#6816 = CARTESIAN_POINT('',(0.455206593254,15.122678607662));
#6817 = CARTESIAN_POINT('',(0.907867464079,15.122678607654));
#6818 = CARTESIAN_POINT('',(1.362407744873,15.122678607663));
#6819 = CARTESIAN_POINT('',(1.818499582529,15.122678607647));
#6820 = CARTESIAN_POINT('',(2.27435891578,15.122678607671));
#6821 = CARTESIAN_POINT('',(2.728822323105,15.122678607649));
#6822 = CARTESIAN_POINT('',(3.182203941302,15.122678607663));
#6823 = CARTESIAN_POINT('',(3.63593245459,15.122678607654));
#6824 = CARTESIAN_POINT('',(4.090968154385,15.122678607659));
#6825 = CARTESIAN_POINT('',(4.77201602725,15.122678607657));
#6826 = CARTESIAN_POINT('',(4.999006819299,15.122678607659));
#6827 = CARTESIAN_POINT('',(5.225971101514,15.122678607651));
#6828 = CARTESIAN_POINT('',(5.452907529659,15.122678607663));
#6829 = CARTESIAN_POINT('',(5.679814759454,15.122678607649));
#6830 = CARTESIAN_POINT('',(5.906691446678,15.122678607661));
#6831 = CARTESIAN_POINT('',(6.133536247046,15.122678607653));
#6832 = CARTESIAN_POINT('',(6.36034781633,15.122678607658));
#6833 = CARTESIAN_POINT('',(6.587124810262,15.122678607657));
#6834 = CARTESIAN_POINT('',(6.92723642176,15.122678607659));
#6835 = CARTESIAN_POINT('',(7.0405984152,15.122678607658));
#6836 = CARTESIAN_POINT('',(7.153952075127,15.122678607661));
#6837 = CARTESIAN_POINT('',(7.267297611745,15.122678607655));
#6838 = CARTESIAN_POINT('',(7.380635235275,15.122678607662));
#6839 = CARTESIAN_POINT('',(7.493965155913,15.122678607655));
#6840 = CARTESIAN_POINT('',(7.607287583884,15.12267860766));
#6841 = CARTESIAN_POINT('',(7.720602729386,15.122678607657));
#6842 = CARTESIAN_POINT('',(7.833910802637,15.122678607658));
#6843 = CARTESIAN_POINT('',(8.003862619448,15.122678607658));
#6844 = CARTESIAN_POINT('',(8.060544909888,15.122678607659));
#6845 = CARTESIAN_POINT('',(8.117244785782,15.122678607655));
#6846 = CARTESIAN_POINT('',(8.173948147765,15.122678607662));
#6847 = CARTESIAN_POINT('',(8.230640896444,15.122678607653));
#6848 = CARTESIAN_POINT('',(8.287308932459,15.12267860766));
#6849 = CARTESIAN_POINT('',(8.34393815642,15.122678607656));
#6850 = CARTESIAN_POINT('',(8.400514468958,15.122678607658));
#6851 = CARTESIAN_POINT('',(8.457023770694,15.122678607658));
#6852 = CARTESIAN_POINT('',(8.569880153808,15.122678607657));
#6853 = CARTESIAN_POINT('',(8.679752660566,15.12267860766));
#6854 = CARTESIAN_POINT('',(8.382752899486,15.122678607652));
#6855 = CARTESIAN_POINT('',(9.575965999057,15.122678607668));
#6856 = CARTESIAN_POINT('',(7.397013165309,15.122678607646));
#6857 = CARTESIAN_POINT('',(10.214339979704,15.122678607668));
#6858 = CARTESIAN_POINT('',(8.291030651443,15.122678607652));
#6859 = CARTESIAN_POINT('',(8.875775343779,15.122678607661));
#6860 = CARTESIAN_POINT('',(9.143103631129,15.122678607657));
#6861 = CARTESIAN_POINT('',(9.200004455286,15.122678607658));
#6862 = ( GEOMETRIC_REPRESENTATION_CONTEXT(2) 
PARAMETRIC_REPRESENTATION_CONTEXT() REPRESENTATION_CONTEXT('2D SPACE',''
  ) );
#6863 = PCURVE('',#5604,#6864);
#6864 = DEFINITIONAL_REPRESENTATION('',(#6865),#6868);
#6865 = B_SPLINE_CURVE_WITH_KNOTS('',1,(#6866,#6867),.UNSPECIFIED.,.F.,
  .F.,(2,2),(0.,2.918326193155),.PIECEWISE_BEZIER_KNOTS.);
#6866 = CARTESIAN_POINT('',(0.,15.124483804482));
#6867 = CARTESIAN_POINT('',(2.918326193155,15.124483804482));
#6868 = ( GEOMETRIC_REPRESENTATION_CONTEXT(2) 
PARAMETRIC_REPRESENTATION_CONTEXT() REPRESENTATION_CONTEXT('2D SPACE',''
  ) );
#6869 = ORIENTED_EDGE('',*,*,#4544,.T.);
#6870 = ORIENTED_EDGE('',*,*,#6557,.F.);
#6871 = ORIENTED_EDGE('',*,*,#6872,.F.);
#6872 = EDGE_CURVE('',#6805,#6558,#6873,.T.);
#6873 = SURFACE_CURVE('',#6874,(#6942,#6949),.PCURVE_S1.);
#6874 = ( BOUNDED_CURVE() B_SPLINE_CURVE(14,(#6875,#6876,#6877,#6878,
    #6879,#6880,#6881,#6882,#6883,#6884,#6885,#6886,#6887,#6888,#6889,
    #6890,#6891,#6892,#6893,#6894,#6895,#6896,#6897,#6898,#6899,#6900,
    #6901,#6902,#6903,#6904,#6905,#6906,#6907,#6908,#6909,#6910,#6911,
    #6912,#6913,#6914,#6915,#6916,#6917,#6918,#6919,#6920,#6921,#6922,
    #6923,#6924,#6925,#6926,#6927,#6928,#6929,#6930,#6931,#6932,#6933,
    #6934,#6935,#6936,#6937,#6938,#6939,#6940,#6941),.UNSPECIFIED.,.F.,
.F.) B_SPLINE_CURVE_WITH_KNOTS((15,13,13,13,13,15),(15.122678607658,
    16.653488755595,19.722376708556,22.088331711704,23.171798025604,
24.322683062943),.UNSPECIFIED.) CURVE() GEOMETRIC_REPRESENTATION_ITEM() 
RATIONAL_B_SPLINE_CURVE((1.,1.,1.000000000001,0.999999999996,
    1.000000000008,0.999999999987,1.000000000016,0.999999999984,
    1.000000000013,0.999999999992,1.000000000004,0.999999999998,1.,1.,1.
    ,1.,0.999999999999,1.000000000003,0.999999999995,1.000000000006,
    0.999999999994,1.000000000005,0.999999999997,1.000000000002,
    0.999999999999,1.,1.,1.,1.000000000001,0.999999999997,1.000000000007
    ,0.999999999989,1.000000000013,0.999999999986,1.000000000012,
    0.999999999992,1.000000000004,0.999999999998,1.000000000001,1.,1.,1.
    ,0.999999999999,1.000000000004,0.999999999993,1.000000000009,
    0.99999999999,1.000000000009,0.999999999994,1.000000000003,
    0.999999999999,1.,1.,1.,1.000000000003,0.999999999992,1.000000000017
    ,0.999999999972,1.000000000037,0.999999999959,1.000000000037,
    0.999999999973,1.000000000016,0.999999999992,1.000000000003,
0.999999999999,1.)) REPRESENTATION_ITEM('') );
#6875 = CARTESIAN_POINT('',(4.340211747542,6.132468609333,8.272239767231
    ));
#6876 = CARTESIAN_POINT('',(4.250103012359,6.159790743988,8.26247952623)
  );
#6877 = CARTESIAN_POINT('',(4.159973644007,6.186746406533,8.25299061521)
  );
#6878 = CARTESIAN_POINT('',(4.052795065381,6.220553567321,8.242489760756
    ));
#6879 = CARTESIAN_POINT('',(3.991349225973,6.23222279051,8.235302566592)
  );
#6880 = CARTESIAN_POINT('',(3.827015028192,6.290336316132,8.22121591484)
  );
#6881 = CARTESIAN_POINT('',(3.820726375271,6.273586762737,8.218075218071
    ));
#6882 = CARTESIAN_POINT('',(3.619126027405,6.346935729353,8.201855155671
    ));
#6883 = CARTESIAN_POINT('',(3.601758222861,6.332682594644,8.198311582801
    ));
#6884 = CARTESIAN_POINT('',(3.44559850242,6.382548267403,8.18561288226)
  );
#6885 = CARTESIAN_POINT('',(3.368860722483,6.393898090717,8.17849481326)
  );
#6886 = CARTESIAN_POINT('',(3.256946925524,6.420803488272,8.169248983431
    ));
#6887 = CARTESIAN_POINT('',(3.155790947371,6.441615194232,8.160971221317
    ));
#6888 = CARTESIAN_POINT('',(3.052236021566,6.46258393599,8.152784786968)
  );
#6889 = CARTESIAN_POINT('',(2.741306079207,6.522594704079,8.128978508336
    ));
#6890 = CARTESIAN_POINT('',(2.533255101037,6.559063162312,8.114092745845
    ));
#6891 = CARTESIAN_POINT('',(2.324591514893,6.592096101904,8.10025604015)
  );
#6892 = CARTESIAN_POINT('',(2.115323984607,6.621811220286,8.087516953285
    ));
#6893 = CARTESIAN_POINT('',(1.905479018858,6.648310166661,8.075920789088
    ));
#6894 = CARTESIAN_POINT('',(1.695098134615,6.671679604432,8.065509201634
    ));
#6895 = CARTESIAN_POINT('',(1.484235020646,6.691992273682,8.056319803659
    ));
#6896 = CARTESIAN_POINT('',(1.272952700996,6.709308053562,8.048385775));
#6897 = CARTESIAN_POINT('',(1.061320698445,6.723675024804,8.041735471016
    ));
#6898 = CARTESIAN_POINT('',(0.849412198028,6.735130532097,8.036392031024
    ));
#6899 = CARTESIAN_POINT('',(0.637301210475,6.743702246588,8.032372986726
    ));
#6900 = CARTESIAN_POINT('',(0.425059735728,6.749409228286,8.029689870644
    ));
#6901 = CARTESIAN_POINT('',(0.212754926395,6.75226298853,8.028347824545)
  );
#6902 = CARTESIAN_POINT('',(-0.163232833776,6.752272841897,
    8.028343190558));
#6903 = CARTESIAN_POINT('',(-0.326911464456,6.75058274051,8.029137933718
    ));
#6904 = CARTESIAN_POINT('',(-0.490559618199,6.747197887109,
    8.030729423861));
#6905 = CARTESIAN_POINT('',(-0.654146879749,6.742114500841,
    8.033115683391));
#6906 = CARTESIAN_POINT('',(-0.817642441186,6.73532538115,8.036292770613
    ));
#6907 = CARTESIAN_POINT('',(-0.981015101906,6.726819907782,
    8.040254779734));
#6908 = CARTESIAN_POINT('',(-1.14423326869,6.71658404077,8.044993840862)
  );
#6909 = CARTESIAN_POINT('',(-1.307264955561,6.704600320459,
    8.050500120002));
#6910 = CARTESIAN_POINT('',(-1.470077784006,6.690847867478,
    8.056761819066));
#6911 = CARTESIAN_POINT('',(-1.632638982701,6.675302382767,
    8.063765175859));
#6912 = CARTESIAN_POINT('',(-1.794915387791,6.657936147551,
    8.071494464094));
#6913 = CARTESIAN_POINT('',(-1.956873442653,6.638718023363,
    8.079931993381));
#6914 = CARTESIAN_POINT('',(-2.118479198063,6.617613452028,8.08905810923
    ));
#6915 = CARTESIAN_POINT('',(-2.353527053128,6.584038548515,
    8.103335841502));
#6916 = CARTESIAN_POINT('',(-2.427274038774,6.573088923231,
    8.107960438721));
#6917 = CARTESIAN_POINT('',(-2.500936187361,6.56173231662,8.112722839498
    ));
#6918 = CARTESIAN_POINT('',(-2.574511124432,6.549965037057,
    8.117620899876));
#6919 = CARTESIAN_POINT('',(-2.647997182724,6.537782964503,
    8.122652477158));
#6920 = CARTESIAN_POINT('',(-2.721393402204,6.525181550478,
    8.127815429906));
#6921 = CARTESIAN_POINT('',(-2.794699530028,6.512155818104,
    8.133107617938));
#6922 = CARTESIAN_POINT('',(-2.867916020573,6.498700362054,
    8.138526902331));
#6923 = CARTESIAN_POINT('',(-2.941044035431,6.4848093486,8.144071145422)
  );
#6924 = CARTESIAN_POINT('',(-3.01408544338,6.470476515575,8.149738210802
    ));
#6925 = CARTESIAN_POINT('',(-3.087042820442,6.455695172398,
    8.155525963326));
#6926 = CARTESIAN_POINT('',(-3.159919449814,6.44045820006,8.161432269101
    ));
#6927 = CARTESIAN_POINT('',(-3.232719321929,6.424758051133,
    8.167454995497));
#6928 = CARTESIAN_POINT('',(-3.38270043718,6.391409188686,8.180110902764
    ));
#6929 = CARTESIAN_POINT('',(-3.460086911663,6.373598825215,
    8.186773250353));
#6930 = CARTESIAN_POINT('',(-3.535601104352,6.356087440502,
    8.193441254947));
#6931 = CARTESIAN_POINT('',(-3.618140607807,6.334699729336,
    8.200712293146));
#6932 = CARTESIAN_POINT('',(-3.683011754019,6.320914319882,
    8.206909457318));
#6933 = CARTESIAN_POINT('',(-3.775329719993,6.293764727956,
    8.215098451128));
#6934 = CARTESIAN_POINT('',(-3.840157392523,6.278562713254,
    8.221505652067));
#6935 = CARTESIAN_POINT('',(-3.912163553713,6.259490012548,
    8.228536206541));
#6936 = CARTESIAN_POINT('',(-4.004030478641,6.230401067315,
    8.236999901693));
#6937 = CARTESIAN_POINT('',(-4.054186318095,6.21964200605,8.242655465256
    ));
#6938 = CARTESIAN_POINT('',(-4.141914624152,6.191289564922,
    8.251044765077));
#6939 = CARTESIAN_POINT('',(-4.204430788571,6.173320942394,
    8.257671166358));
#6940 = CARTESIAN_POINT('',(-4.271785999646,6.153264079577,
    8.264842829424));
#6941 = CARTESIAN_POINT('',(-4.339145115165,6.132944317405,
    8.272161090384));
#6942 = PCURVE('',#4711,#6943);
#6943 = DEFINITIONAL_REPRESENTATION('',(#6944),#6948);
#6944 = LINE('',#6945,#6946);
#6945 = CARTESIAN_POINT('',(0.,0.));
#6946 = VECTOR('',#6947,1.);
#6947 = DIRECTION('',(0.,1.));
#6948 = ( GEOMETRIC_REPRESENTATION_CONTEXT(2) 
PARAMETRIC_REPRESENTATION_CONTEXT() REPRESENTATION_CONTEXT('2D SPACE',''
  ) );
#6949 = PCURVE('',#6373,#6950);
#6950 = DEFINITIONAL_REPRESENTATION('',(#6951),#7044);
#6951 = B_SPLINE_CURVE_WITH_KNOTS('',10,(#6952,#6953,#6954,#6955,#6956,
    #6957,#6958,#6959,#6960,#6961,#6962,#6963,#6964,#6965,#6966,#6967,
    #6968,#6969,#6970,#6971,#6972,#6973,#6974,#6975,#6976,#6977,#6978,
    #6979,#6980,#6981,#6982,#6983,#6984,#6985,#6986,#6987,#6988,#6989,
    #6990,#6991,#6992,#6993,#6994,#6995,#6996,#6997,#6998,#6999,#7000,
    #7001,#7002,#7003,#7004,#7005,#7006,#7007,#7008,#7009,#7010,#7011,
    #7012,#7013,#7014,#7015,#7016,#7017,#7018,#7019,#7020,#7021,#7022,
    #7023,#7024,#7025,#7026,#7027,#7028,#7029,#7030,#7031,#7032,#7033,
    #7034,#7035,#7036,#7037,#7038,#7039,#7040,#7041,#7042,#7043),
  .UNSPECIFIED.,.F.,.F.,(11,9,9,9,9,9,9,9,9,9,11),(15.122678607658,
    15.697678886113,16.272679164569,16.560179303796,16.847679443024,
    17.422679721479,19.722680835301,22.022681949122,23.172682506033,
    23.747682784488,24.322683062943),.UNSPECIFIED.);
#6952 = CARTESIAN_POINT('',(0.795649650359,0.261526827058));
#6953 = CARTESIAN_POINT('',(0.79576365499,0.264130403084));
#6954 = CARTESIAN_POINT('',(0.79587912681,0.266734663315));
#6955 = CARTESIAN_POINT('',(0.796018810973,0.26948664265));
#6956 = CARTESIAN_POINT('',(0.796134263146,0.272136463988));
#6957 = CARTESIAN_POINT('',(0.796265191898,0.274902273106));
#6958 = CARTESIAN_POINT('',(0.796386051831,0.27765434256));
#6959 = CARTESIAN_POINT('',(0.79650837098,0.280455967431));
#6960 = CARTESIAN_POINT('',(0.796625383915,0.283272387986));
#6961 = CARTESIAN_POINT('',(0.796738936799,0.286113162633));
#6962 = CARTESIAN_POINT('',(0.796957768187,0.291834553678));
#6963 = CARTESIAN_POINT('',(0.797063058703,0.294715236742));
#6964 = CARTESIAN_POINT('',(0.797164234987,0.297615079074));
#6965 = CARTESIAN_POINT('',(0.797260876905,0.300530345416));
#6966 = CARTESIAN_POINT('',(0.797352795463,0.303458091158));
#6967 = CARTESIAN_POINT('',(0.797440128947,0.306396885835));
#6968 = CARTESIAN_POINT('',(0.797523131451,0.309345890325));
#6969 = CARTESIAN_POINT('',(0.797601912294,0.312303615603));
#6970 = CARTESIAN_POINT('',(0.797676384801,0.315267690919));
#6971 = CARTESIAN_POINT('',(0.797781832012,0.319721608372));
#6972 = CARTESIAN_POINT('',(0.797815925168,0.321207487126));
#6973 = CARTESIAN_POINT('',(0.797849010734,0.322694624665));
#6974 = CARTESIAN_POINT('',(0.797881120534,0.324182967285));
#6975 = CARTESIAN_POINT('',(0.797912273925,0.325672409045));
#6976 = CARTESIAN_POINT('',(0.79794248183,0.327162812408));
#6977 = CARTESIAN_POINT('',(0.797971750772,0.328654028889));
#6978 = CARTESIAN_POINT('',(0.798000086907,0.330145919697));
#6979 = CARTESIAN_POINT('',(0.798027500057,0.331638376383));
#6980 = CARTESIAN_POINT('',(0.798080515437,0.334624306583));
#6981 = CARTESIAN_POINT('',(0.798106071514,0.336117540634));
#6982 = CARTESIAN_POINT('',(0.798131117247,0.337613160889));
#6983 = CARTESIAN_POINT('',(0.798155076949,0.339108111781));
#6984 = CARTESIAN_POINT('',(0.798178100696,0.340602998103));
#6985 = CARTESIAN_POINT('',(0.798200507284,0.342099320126));
#6986 = CARTESIAN_POINT('',(0.798222206088,0.343596548889));
#6987 = CARTESIAN_POINT('',(0.798242981938,0.34509350784));
#6988 = CARTESIAN_POINT('',(0.798263132465,0.34659155487));
#6989 = CARTESIAN_POINT('',(0.798321393529,0.35108715053));
#6990 = CARTESIAN_POINT('',(0.798357400963,0.354086572575));
#6991 = CARTESIAN_POINT('',(0.798390733034,0.357088349648));
#6992 = CARTESIAN_POINT('',(0.798421542111,0.360092473296));
#6993 = CARTESIAN_POINT('',(0.798449975017,0.363098929861));
#6994 = CARTESIAN_POINT('',(0.798476173034,0.366107700472));
#6995 = CARTESIAN_POINT('',(0.798500271897,0.369118761054));
#6996 = CARTESIAN_POINT('',(0.798522401799,0.372132082321));
#6997 = CARTESIAN_POINT('',(0.798542687386,0.37514762978));
#6998 = CARTESIAN_POINT('',(0.798635489271,0.390236299532));
#6999 = CARTESIAN_POINT('',(0.798682131708,0.402342232194));
#7000 = CARTESIAN_POINT('',(0.798708822498,0.414480698211));
#7001 = CARTESIAN_POINT('',(0.798721861547,0.426648108195));
#7002 = CARTESIAN_POINT('',(0.798726296746,0.438840041087));
#7003 = CARTESIAN_POINT('',(0.798726019474,0.45105153836));
#7004 = CARTESIAN_POINT('',(0.798723860107,0.463277398233));
#7005 = CARTESIAN_POINT('',(0.798721683518,0.475512469875));
#7006 = CARTESIAN_POINT('',(0.798720484589,0.487751947616));
#7007 = CARTESIAN_POINT('',(0.798720482831,0.512231382687));
#7008 = CARTESIAN_POINT('',(0.798721424564,0.524471047179));
#7009 = CARTESIAN_POINT('',(0.798723476907,0.536706062544));
#7010 = CARTESIAN_POINT('',(0.798725752361,0.548931740471));
#7011 = CARTESIAN_POINT('',(0.798726307933,0.561143300425));
#7012 = CARTESIAN_POINT('',(0.798722145132,0.573335869641));
#7013 = CARTESIAN_POINT('',(0.798709209974,0.585504483131));
#7014 = CARTESIAN_POINT('',(0.798682392978,0.597644083676));
#7015 = CARTESIAN_POINT('',(0.798635529169,0.609749521833));
#7016 = CARTESIAN_POINT('',(0.798524332526,0.62784857298));
#7017 = CARTESIAN_POINT('',(0.7984804708,0.633871693418));
#7018 = CARTESIAN_POINT('',(0.798428745038,0.639884315541));
#7019 = CARTESIAN_POINT('',(0.798368270969,0.645885681256));
#7020 = CARTESIAN_POINT('',(0.798297985172,0.651875562405));
#7021 = CARTESIAN_POINT('',(0.798216601335,0.657854198857));
#7022 = CARTESIAN_POINT('',(0.798122723698,0.663821925734));
#7023 = CARTESIAN_POINT('',(0.798014955902,0.669778927199));
#7024 = CARTESIAN_POINT('',(0.79789184343,0.675725554179));
#7025 = CARTESIAN_POINT('',(0.797681310045,0.684632688068));
#7026 = CARTESIAN_POINT('',(0.7976059322,0.687604143597));
#7027 = CARTESIAN_POINT('',(0.797531435027,0.690545567085));
#7028 = CARTESIAN_POINT('',(0.797438650805,0.69355477403));
#7029 = CARTESIAN_POINT('',(0.79736039418,0.69645863725));
#7030 = CARTESIAN_POINT('',(0.797260602039,0.69944349033));
#7031 = CARTESIAN_POINT('',(0.797164670184,0.702372334509));
#7032 = CARTESIAN_POINT('',(0.797060913556,0.705303823747));
#7033 = CARTESIAN_POINT('',(0.796953371296,0.708213134613));
#7034 = CARTESIAN_POINT('',(0.796729430385,0.713988757));
#7035 = CARTESIAN_POINT('',(0.796613309563,0.716853546893));
#7036 = CARTESIAN_POINT('',(0.796491847605,0.719699333359));
#7037 = CARTESIAN_POINT('',(0.796372406131,0.722483124927));
#7038 = CARTESIAN_POINT('',(0.796237908379,0.725300568267));
#7039 = CARTESIAN_POINT('',(0.796130431328,0.727919013977));
#7040 = CARTESIAN_POINT('',(0.795979543574,0.730741554357));
#7041 = CARTESIAN_POINT('',(0.795879492978,0.73323838362));
#7042 = CARTESIAN_POINT('',(0.795769588828,0.735825822592));
#7043 = CARTESIAN_POINT('',(0.795659701076,0.738414566767));
#7044 = ( GEOMETRIC_REPRESENTATION_CONTEXT(2) 
PARAMETRIC_REPRESENTATION_CONTEXT() REPRESENTATION_CONTEXT('2D SPACE',''
  ) );
#7045 = ADVANCED_FACE('',(#7046),#5280,.T.);
#7046 = FACE_BOUND('',#7047,.T.);
#7047 = EDGE_LOOP('',(#7048,#7049,#7050,#7143));
#7048 = ORIENTED_EDGE('',*,*,#6671,.T.);
#7049 = ORIENTED_EDGE('',*,*,#4948,.T.);
#7050 = ORIENTED_EDGE('',*,*,#7051,.F.);
#7051 = EDGE_CURVE('',#7052,#4926,#7054,.T.);
#7052 = VERTEX_POINT('',#7053);
#7053 = CARTESIAN_POINT('',(4.328976160268,-6.137440560803,
    8.271404097762));
#7054 = SURFACE_CURVE('',#7055,(#7059,#7137),.PCURVE_S1.);
#7055 = ( BOUNDED_CURVE() B_SPLINE_CURVE(2,(#7056,#7057,#7058),
.UNSPECIFIED.,.F.,.F.) B_SPLINE_CURVE_WITH_KNOTS((3,3),(0.,
2.920373244846),.PIECEWISE_BEZIER_KNOTS.) CURVE() 
GEOMETRIC_REPRESENTATION_ITEM() RATIONAL_B_SPLINE_CURVE((1.,
0.800712011457,1.)) REPRESENTATION_ITEM('') );
#7056 = CARTESIAN_POINT('',(4.328976160268,-6.137440560803,
    8.271404097762));
#7057 = CARTESIAN_POINT('',(4.502033869415,-6.53175150625,8.398171509269
    ));
#7058 = CARTESIAN_POINT('',(4.626479394374,-6.742381072473,
    8.021809228792));
#7059 = PCURVE('',#5280,#7060);
#7060 = DEFINITIONAL_REPRESENTATION('',(#7061),#7136);
#7061 = B_SPLINE_CURVE_WITH_KNOTS('',9,(#7062,#7063,#7064,#7065,#7066,
    #7067,#7068,#7069,#7070,#7071,#7072,#7073,#7074,#7075,#7076,#7077,
    #7078,#7079,#7080,#7081,#7082,#7083,#7084,#7085,#7086,#7087,#7088,
    #7089,#7090,#7091,#7092,#7093,#7094,#7095,#7096,#7097,#7098,#7099,
    #7100,#7101,#7102,#7103,#7104,#7105,#7106,#7107,#7108,#7109,#7110,
    #7111,#7112,#7113,#7114,#7115,#7116,#7117,#7118,#7119,#7120,#7121,
    #7122,#7123,#7124,#7125,#7126,#7127,#7128,#7129,#7130,#7131,#7132,
    #7133,#7134,#7135),.UNSPECIFIED.,.F.,.F.,(10,8,8,8,8,8,8,8,8,10),(0.
    ,0.365046655606,0.730093311212,1.460186622423,2.190279933635,
    2.555326589241,2.737849917044,2.829111580945,2.874742412896,
    2.920373244846),.UNSPECIFIED.);
#7062 = CARTESIAN_POINT('',(1.110223024625E-16,48.54927494675));
#7063 = CARTESIAN_POINT('',(0.126411893774,48.549274946759));
#7064 = CARTESIAN_POINT('',(0.26056693847,48.549274946713));
#7065 = CARTESIAN_POINT('',(0.365058930174,48.549274946825));
#7066 = CARTESIAN_POINT('',(0.524721305988,48.54927494665));
#7067 = CARTESIAN_POINT('',(0.619440385904,48.54927494684));
#7068 = CARTESIAN_POINT('',(0.765097804826,48.549274946694));
#7069 = CARTESIAN_POINT('',(0.88424673502,48.549274946772));
#7070 = CARTESIAN_POINT('',(1.011864055936,48.549274946745));
#7071 = CARTESIAN_POINT('',(1.264529874141,48.549274946754));
#7072 = CARTESIAN_POINT('',(1.390848245688,48.549274946755));
#7073 = CARTESIAN_POINT('',(1.517152940539,48.549274946759));
#7074 = CARTESIAN_POINT('',(1.643444819555,48.549274946752));
#7075 = CARTESIAN_POINT('',(1.769724743599,48.549274946756));
#7076 = CARTESIAN_POINT('',(1.895993573529,48.549274946751));
#7077 = CARTESIAN_POINT('',(2.022252170207,48.549274946751));
#7078 = CARTESIAN_POINT('',(2.148501394495,48.54927494675));
#7079 = CARTESIAN_POINT('',(2.527223532767,48.549274946752));
#7080 = CARTESIAN_POINT('',(2.779663432249,48.549274946749));
#7081 = CARTESIAN_POINT('',(3.032061826928,48.549274946757));
#7082 = CARTESIAN_POINT('',(3.284418738032,48.54927494674));
#7083 = CARTESIAN_POINT('',(3.53673418679,48.549274946757));
#7084 = CARTESIAN_POINT('',(3.78900819443,48.549274946742));
#7085 = CARTESIAN_POINT('',(4.041240782182,48.549274946749));
#7086 = CARTESIAN_POINT('',(4.293431971275,48.549274946748));
#7087 = CARTESIAN_POINT('',(4.797731594599,48.549274946755));
#7088 = CARTESIAN_POINT('',(5.049840174914,48.549274946754));
#7089 = CARTESIAN_POINT('',(5.301907463118,48.549274946754));
#7090 = CARTESIAN_POINT('',(5.553933398446,48.54927494675));
#7091 = CARTESIAN_POINT('',(5.805917920131,48.549274946747));
#7092 = CARTESIAN_POINT('',(6.05786096741,48.549274946745));
#7093 = CARTESIAN_POINT('',(6.309762479515,48.549274946744));
#7094 = CARTESIAN_POINT('',(6.561622395683,48.549274946745));
#7095 = CARTESIAN_POINT('',(6.93934978488,48.549274946752));
#7096 = CARTESIAN_POINT('',(7.065250564068,48.549274946752));
#7097 = CARTESIAN_POINT('',(7.191142090529,48.549274946749));
#7098 = CARTESIAN_POINT('',(7.317023462084,48.549274946749));
#7099 = CARTESIAN_POINT('',(7.442893776547,48.549274946745));
#7100 = CARTESIAN_POINT('',(7.568752131741,48.549274946744));
#7101 = CARTESIAN_POINT('',(7.694597625481,48.549274946743));
#7102 = CARTESIAN_POINT('',(7.820429355586,48.549274946745));
#7103 = CARTESIAN_POINT('',(8.009154952021,48.549274946753));
#7104 = CARTESIAN_POINT('',(8.072093912694,48.54927494675));
#7105 = CARTESIAN_POINT('',(8.135024809905,48.549274946757));
#7106 = CARTESIAN_POINT('',(8.197926619314,48.549274946742));
#7107 = CARTESIAN_POINT('',(8.260795784253,48.549274946755));
#7108 = CARTESIAN_POINT('',(8.32364621569,48.549274946743));
#7109 = CARTESIAN_POINT('',(8.386509292272,48.54927494675));
#7110 = CARTESIAN_POINT('',(8.449433860287,48.549274946748));
#7111 = CARTESIAN_POINT('',(8.54401242039,48.549274946749));
#7112 = CARTESIAN_POINT('',(8.575664935804,48.54927494675));
#7113 = CARTESIAN_POINT('',(8.606947605729,48.54927494675));
#7114 = CARTESIAN_POINT('',(8.639609413748,48.549274946752));
#7115 = CARTESIAN_POINT('',(8.671517871135,48.549274946745));
#7116 = CARTESIAN_POINT('',(8.700085474343,48.549274946751));
#7117 = CARTESIAN_POINT('',(8.727523529635,48.549274946753));
#7118 = CARTESIAN_POINT('',(8.760197624566,48.549274946747));
#7119 = CARTESIAN_POINT('',(8.811439726548,48.54927494675));
#7120 = CARTESIAN_POINT('',(8.829279632488,48.549274946749));
#7121 = CARTESIAN_POINT('',(8.845012930834,48.549274946748));
#7122 = CARTESIAN_POINT('',(8.861854042817,48.549274946755));
#7123 = CARTESIAN_POINT('',(8.877764731157,48.549274946744));
#7124 = CARTESIAN_POINT('',(8.888418199836,48.549274946751));
#7125 = CARTESIAN_POINT('',(8.89453267632,48.54927494675));
#7126 = CARTESIAN_POINT('',(8.903646966313,48.54927494675));
#7127 = CARTESIAN_POINT('',(8.929173975882,48.549274946748));
#7128 = CARTESIAN_POINT('',(8.945515598369,48.549274946761));
#7129 = CARTESIAN_POINT('',(8.971305690386,48.549274946726));
#7130 = CARTESIAN_POINT('',(8.989015319317,48.54927494678));
#7131 = CARTESIAN_POINT('',(9.068472869416,48.549274946722));
#7132 = CARTESIAN_POINT('',(9.096751790658,48.549274946766));
#7133 = CARTESIAN_POINT('',(9.149050894331,48.549274946743));
#7134 = CARTESIAN_POINT('',(9.180410028945,48.549274946751));
#7135 = CARTESIAN_POINT('',(9.196211515668,48.54927494675));
#7136 = ( GEOMETRIC_REPRESENTATION_CONTEXT(2) 
PARAMETRIC_REPRESENTATION_CONTEXT() REPRESENTATION_CONTEXT('2D SPACE',''
  ) );
#7137 = PCURVE('',#5727,#7138);
#7138 = DEFINITIONAL_REPRESENTATION('',(#7139),#7142);
#7139 = B_SPLINE_CURVE_WITH_KNOTS('',1,(#7140,#7141),.UNSPECIFIED.,.F.,
  .F.,(2,2),(0.,2.920373244846),.PIECEWISE_BEZIER_KNOTS.);
#7140 = CARTESIAN_POINT('',(0.,8.849940478609E-02));
#7141 = CARTESIAN_POINT('',(2.920373244846,8.849940478609E-02));
#7142 = ( GEOMETRIC_REPRESENTATION_CONTEXT(2) 
PARAMETRIC_REPRESENTATION_CONTEXT() REPRESENTATION_CONTEXT('2D SPACE',''
  ) );
#7143 = ORIENTED_EDGE('',*,*,#7144,.F.);
#7144 = EDGE_CURVE('',#6672,#7052,#7145,.T.);
#7145 = SURFACE_CURVE('',#7146,(#7228,#7235),.PCURVE_S1.);
#7146 = ( BOUNDED_CURVE() B_SPLINE_CURVE(14,(#7147,#7148,#7149,#7150,
    #7151,#7152,#7153,#7154,#7155,#7156,#7157,#7158,#7159,#7160,#7161,
    #7162,#7163,#7164,#7165,#7166,#7167,#7168,#7169,#7170,#7171,#7172,
    #7173,#7174,#7175,#7176,#7177,#7178,#7179,#7180,#7181,#7182,#7183,
    #7184,#7185,#7186,#7187,#7188,#7189,#7190,#7191,#7192,#7193,#7194,
    #7195,#7196,#7197,#7198,#7199,#7200,#7201,#7202,#7203,#7204,#7205,
    #7206,#7207,#7208,#7209,#7210,#7211,#7212,#7213,#7214,#7215,#7216,
    #7217,#7218,#7219,#7220,#7221,#7222,#7223,#7224,#7225,#7226,#7227),
.UNSPECIFIED.,.F.,.F.) B_SPLINE_CURVE_WITH_KNOTS((15,13,13,13,13,14,15),
  (39.353063431081,40.883871452633,43.952755968789,46.318708322332,
47.402173422871,48.460775541963,48.54927494675),.UNSPECIFIED.) CURVE() 
GEOMETRIC_REPRESENTATION_ITEM() RATIONAL_B_SPLINE_CURVE((1.,1.,
    1.000000000001,0.999999999998,1.000000000005,0.999999999992,
    1.000000000012,0.999999999987,1.000000000012,0.999999999991,
    1.000000000005,0.999999999998,1.000000000001,1.,1.,1.000000000001,
    0.999999999996,1.000000000008,0.999999999986,1.000000000019,
    0.999999999978,1.00000000002,0.999999999985,1.000000000009,
    0.999999999996,1.000000000001,1.,1.,1.,0.999999999999,1.000000000003
    ,0.999999999996,1.000000000004,0.999999999996,1.000000000003,
    0.999999999999,1.,1.,1.,1.,1.,1.000000000003,0.999999999991,
    1.000000000019,0.999999999968,1.000000000043,0.999999999953,
    1.000000000041,0.99999999997,1.000000000017,0.999999999992,
    1.000000000003,1.,1.,0.999999999999,1.000000000003,0.999999999994,
    1.00000000001,0.999999999986,1.000000000017,0.999999999984,
    1.000000000012,0.999999999992,1.000000000004,0.999999999999,1.,1.,1.
    ,1.,1.,1.000000000001,0.999999999997,1.000000000005,0.999999999992,
    1.000000000008,0.999999999994,1.000000000004,0.999999999998,
1.000000000001,1.,1.)) REPRESENTATION_ITEM('') );
#7147 = CARTESIAN_POINT('',(-4.340210046895,-6.132469365807,
    8.272239641264));
#7148 = CARTESIAN_POINT('',(-4.250102074831,-6.159791061343,
    8.26247943924));
#7149 = CARTESIAN_POINT('',(-4.159974961191,-6.186745715937,
    8.252990690813));
#7150 = CARTESIAN_POINT('',(-4.052787997218,-6.220556818853,
    8.242489276364));
#7151 = CARTESIAN_POINT('',(-3.991365545862,-6.232215072525,
    8.235303651962));
#7152 = CARTESIAN_POINT('',(-3.826988572151,-6.290348935581,
    8.221214171898));
#7153 = CARTESIAN_POINT('',(-3.820759760406,-6.273570843802,
    8.218077412664));
#7154 = CARTESIAN_POINT('',(-3.619095391271,-6.346950510203,
    8.20185316115));
#7155 = CARTESIAN_POINT('',(-3.601780669429,-6.332671843019,
    8.198313045907));
#7156 = CARTESIAN_POINT('',(-3.445587091471,-6.38255384691,
    8.185612146197));
#7157 = CARTESIAN_POINT('',(-3.368865452648,-6.393895857736,
    8.178495120994));
#7158 = CARTESIAN_POINT('',(-3.256946050109,-6.420803965368,
    8.169248928588));
#7159 = CARTESIAN_POINT('',(-3.155791287186,-6.441615075679,
    8.160971244296));
#7160 = CARTESIAN_POINT('',(-3.052236196193,-6.462583894213,
    8.152784799046));
#7161 = CARTESIAN_POINT('',(-2.74130615331,-6.52259469019,8.128978512711
    ));
#7162 = CARTESIAN_POINT('',(-2.533255127393,-6.559063159304,
    8.114092746925));
#7163 = CARTESIAN_POINT('',(-2.324591518273,-6.592096102944,
    8.100256039934));
#7164 = CARTESIAN_POINT('',(-2.11532397986,-6.621811221787,
    8.087516952848));
#7165 = CARTESIAN_POINT('',(-1.905479013692,-6.648310167222,
    8.075920788875));
#7166 = CARTESIAN_POINT('',(-1.695098131973,-6.67167960398,
    8.065509201705));
#7167 = CARTESIAN_POINT('',(-1.484235020635,-6.691992272749,
    8.056319803884));
#7168 = CARTESIAN_POINT('',(-1.272952702461,-6.709308052804,
    8.048385775207));
#7169 = CARTESIAN_POINT('',(-1.061320699993,-6.723675024629,
    8.041735471081));
#7170 = CARTESIAN_POINT('',(-0.849412198837,-6.735130532539,
    8.03639203093));
#7171 = CARTESIAN_POINT('',(-0.63730121044,-6.743702247308,
    8.032372986552));
#7172 = CARTESIAN_POINT('',(-0.425059735412,-6.749409228786,
    8.029689870519));
#7173 = CARTESIAN_POINT('',(-0.212754926399,-6.75226298853,
    8.028347824545));
#7174 = CARTESIAN_POINT('',(0.163232833769,-6.752272841897,
    8.028343190558));
#7175 = CARTESIAN_POINT('',(0.326911464448,-6.75058274051,8.029137933718
    ));
#7176 = CARTESIAN_POINT('',(0.490559618194,-6.747197887109,
    8.030729423861));
#7177 = CARTESIAN_POINT('',(0.654146879736,-6.742114500841,8.03311568339
    ));
#7178 = CARTESIAN_POINT('',(0.817642441188,-6.735325381151,
    8.036292770614));
#7179 = CARTESIAN_POINT('',(0.981015101887,-6.726819907781,
    8.040254779733));
#7180 = CARTESIAN_POINT('',(1.144233268696,-6.716584040771,
    8.044993840863));
#7181 = CARTESIAN_POINT('',(1.307264955544,-6.704600320459,
    8.050500120001));
#7182 = CARTESIAN_POINT('',(1.470077784009,-6.690847867479,
    8.056761819066));
#7183 = CARTESIAN_POINT('',(1.632638982691,-6.675302382767,
    8.063765175859));
#7184 = CARTESIAN_POINT('',(1.794915387789,-6.657936147552,
    8.071494464094));
#7185 = CARTESIAN_POINT('',(1.956873442648,-6.638718023364,8.07993199338
    ));
#7186 = CARTESIAN_POINT('',(2.11847919806,-6.617613452028,8.08905810923)
  );
#7187 = CARTESIAN_POINT('',(2.353527053124,-6.584038548515,
    8.103335841502));
#7188 = CARTESIAN_POINT('',(2.427275014044,-6.573090473733,
    8.107961261251));
#7189 = CARTESIAN_POINT('',(2.500938508376,-6.561736004068,
    8.112724932258));
#7190 = CARTESIAN_POINT('',(2.574513849739,-6.549970912263,8.11762433448
    ));
#7191 = CARTESIAN_POINT('',(2.647997351529,-6.537790971065,
    8.122656947877));
#7192 = CARTESIAN_POINT('',(2.721385327542,-6.525191953213,
    8.127820252404));
#7193 = CARTESIAN_POINT('',(2.79467409099,-6.512169631454,8.133111728022
    ));
#7194 = CARTESIAN_POINT('',(2.867859955795,-6.498719778535,
    8.138528854682));
#7195 = CARTESIAN_POINT('',(2.940939235149,-6.484838167191,
    8.144069112352));
#7196 = CARTESIAN_POINT('',(3.013908242883,-6.470520570177,
    8.149729980978));
#7197 = CARTESIAN_POINT('',(3.086763292353,-6.455762760227,
    8.155508940527));
#7198 = CARTESIAN_POINT('',(3.159500697212,-6.440560510092,
    8.161403470952));
#7199 = CARTESIAN_POINT('',(3.23211677096,-6.424909592512,8.167411052212
    ));
#7200 = CARTESIAN_POINT('',(3.375435383735,-6.393071512653,
    8.179506880001));
#7201 = CARTESIAN_POINT('',(3.446142882123,-6.376903936005,
    8.185589304758));
#7202 = CARTESIAN_POINT('',(3.516726577849,-6.360298504814,
    8.191773661947));
#7203 = CARTESIAN_POINT('',(3.587182639037,-6.343250652054,
    8.198057118272));
#7204 = CARTESIAN_POINT('',(3.657507146354,-6.325755789156,8.20443678373
    ));
#7205 = CARTESIAN_POINT('',(3.727696093122,-6.307809305984,
    8.210909711595));
#7206 = CARTESIAN_POINT('',(3.797745385149,-6.289406570875,
    8.217472898452));
#7207 = CARTESIAN_POINT('',(3.867650840928,-6.270542930586,
    8.224123284145));
#7208 = CARTESIAN_POINT('',(3.93740819145,-6.251213710358,8.230857751841
    ));
#7209 = CARTESIAN_POINT('',(4.007013080342,-6.231414213844,
    8.237673127966));
#7210 = CARTESIAN_POINT('',(4.076461063793,-6.21113972318,8.24456618226)
  );
#7211 = CARTESIAN_POINT('',(4.145747610575,-6.190385498927,
    8.251533627733));
#7212 = CARTESIAN_POINT('',(4.214868102049,-6.169146780108,
    8.258572120697));
#7213 = CARTESIAN_POINT('',(4.283817832156,-6.147418784193,
    8.265678260747));
#7214 = CARTESIAN_POINT('',(4.19210610797,-6.18661910148,8.258775422473)
  );
#7215 = CARTESIAN_POINT('',(4.389584397092,-6.104267868076,
    8.274127584104));
#7216 = CARTESIAN_POINT('',(4.073589080806,-6.237732010568,
    8.249966740092));
#7217 = CARTESIAN_POINT('',(4.540141272694,-6.042281859349,
    8.286026620472));
#7218 = CARTESIAN_POINT('',(3.972192307699,-6.281639754393,
    8.242478450006));
#7219 = CARTESIAN_POINT('',(4.597647836406,-6.019396339534,
    8.290768001886));
#7220 = CARTESIAN_POINT('',(4.018751774682,-6.263350651857,
    8.246378866467));
#7221 = CARTESIAN_POINT('',(4.502427494906,-6.060693826002,
    8.283759378353));
#7222 = CARTESIAN_POINT('',(4.169719952943,-6.201168025404,8.25831683206
    ));
#7223 = CARTESIAN_POINT('',(4.378900609017,-6.113879184247,
    8.274575357477));
#7224 = CARTESIAN_POINT('',(4.281609982232,-6.155400622456,
    8.267250479455));
#7225 = CARTESIAN_POINT('',(4.328547994548,-6.136298982618,
    8.271025262026));
#7226 = CARTESIAN_POINT('',(4.321445369497,-6.139908661391,
    8.270642132458));
#7227 = CARTESIAN_POINT('',(4.328948275754,-6.137377026124,8.27138367205
    ));
#7228 = PCURVE('',#5280,#7229);
#7229 = DEFINITIONAL_REPRESENTATION('',(#7230),#7234);
#7230 = LINE('',#7231,#7232);
#7231 = CARTESIAN_POINT('',(0.,0.));
#7232 = VECTOR('',#7233,1.);
#7233 = DIRECTION('',(0.,1.));
#7234 = ( GEOMETRIC_REPRESENTATION_CONTEXT(2) 
PARAMETRIC_REPRESENTATION_CONTEXT() REPRESENTATION_CONTEXT('2D SPACE',''
  ) );
#7235 = PCURVE('',#6373,#7236);
#7236 = DEFINITIONAL_REPRESENTATION('',(#7237),#7525);
#7237 = B_SPLINE_CURVE_WITH_KNOTS('',11,(#7238,#7239,#7240,#7241,#7242,
    #7243,#7244,#7245,#7246,#7247,#7248,#7249,#7250,#7251,#7252,#7253,
    #7254,#7255,#7256,#7257,#7258,#7259,#7260,#7261,#7262,#7263,#7264,
    #7265,#7266,#7267,#7268,#7269,#7270,#7271,#7272,#7273,#7274,#7275,
    #7276,#7277,#7278,#7279,#7280,#7281,#7282,#7283,#7284,#7285,#7286,
    #7287,#7288,#7289,#7290,#7291,#7292,#7293,#7294,#7295,#7296,#7297,
    #7298,#7299,#7300,#7301,#7302,#7303,#7304,#7305,#7306,#7307,#7308,
    #7309,#7310,#7311,#7312,#7313,#7314,#7315,#7316,#7317,#7318,#7319,
    #7320,#7321,#7322,#7323,#7324,#7325,#7326,#7327,#7328,#7329,#7330,
    #7331,#7332,#7333,#7334,#7335,#7336,#7337,#7338,#7339,#7340,#7341,
    #7342,#7343,#7344,#7345,#7346,#7347,#7348,#7349,#7350,#7351,#7352,
    #7353,#7354,#7355,#7356,#7357,#7358,#7359,#7360,#7361,#7362,#7363,
    #7364,#7365,#7366,#7367,#7368,#7369,#7370,#7371,#7372,#7373,#7374,
    #7375,#7376,#7377,#7378,#7379,#7380,#7381,#7382,#7383,#7384,#7385,
    #7386,#7387,#7388,#7389,#7390,#7391,#7392,#7393,#7394,#7395,#7396,
    #7397,#7398,#7399,#7400,#7401,#7402,#7403,#7404,#7405,#7406,#7407,
    #7408,#7409,#7410,#7411,#7412,#7413,#7414,#7415,#7416,#7417,#7418,
    #7419,#7420,#7421,#7422,#7423,#7424,#7425,#7426,#7427,#7428,#7429,
    #7430,#7431,#7432,#7433,#7434,#7435,#7436,#7437,#7438,#7439,#7440,
    #7441,#7442,#7443,#7444,#7445,#7446,#7447,#7448,#7449,#7450,#7451,
    #7452,#7453,#7454,#7455,#7456,#7457,#7458,#7459,#7460,#7461,#7462,
    #7463,#7464,#7465,#7466,#7467,#7468,#7469,#7470,#7471,#7472,#7473,
    #7474,#7475,#7476,#7477,#7478,#7479,#7480,#7481,#7482,#7483,#7484,
    #7485,#7486,#7487,#7488,#7489,#7490,#7491,#7492,#7493,#7494,#7495,
    #7496,#7497,#7498,#7499,#7500,#7501,#7502,#7503,#7504,#7505,#7506,
    #7507,#7508,#7509,#7510,#7511,#7512,#7513,#7514,#7515,#7516,#7517,
    #7518,#7519,#7520,#7521,#7522,#7523,#7524),.UNSPECIFIED.,.F.,.F.,(12
    ,11,11,11,11,11,11,11,11,11,11,11,11,11,11,11,11,11,11,11,11,11,11,
    11,11,11,12),(39.353063431081,39.927826650811,40.50258987054,
    41.077353090269,41.652116309998,43.951169188915,46.250222067832,
    47.399748507291,47.97451172702,48.261893336885,48.405584141817,
    48.44150684305,48.459468193667,48.46059077808,48.460731101132,
    48.460766181895,48.460774952086,48.460783722277,48.460801262658,
    48.460871424184,48.461152070287,48.461713362494,48.463958531321,
    48.468448868975,48.477429544283,48.513352245517,48.54927494675),
  .UNSPECIFIED.);
#7238 = CARTESIAN_POINT('',(0.204350333716,0.7384730795));
#7239 = CARTESIAN_POINT('',(0.204246841822,0.736107716778));
#7240 = CARTESIAN_POINT('',(0.204141466206,0.733738179017));
#7241 = CARTESIAN_POINT('',(0.204020535817,0.731272753781));
#7242 = CARTESIAN_POINT('',(0.203906562193,0.72882399172));
#7243 = CARTESIAN_POINT('',(0.203795142283,0.72636309314));
#7244 = CARTESIAN_POINT('',(0.20368082116,0.723856491093));
#7245 = CARTESIAN_POINT('',(0.203568485573,0.721327233632));
#7246 = CARTESIAN_POINT('',(0.203461068197,0.718789550252));
#7247 = CARTESIAN_POINT('',(0.203353965785,0.716218494014));
#7248 = CARTESIAN_POINT('',(0.203251612093,0.713637781413));
#7249 = CARTESIAN_POINT('',(0.203152098558,0.711037906653));
#7250 = CARTESIAN_POINT('',(0.203052712604,0.708438737339));
#7251 = CARTESIAN_POINT('',(0.20295652341,0.705822223954));
#7252 = CARTESIAN_POINT('',(0.202863841814,0.703190749318));
#7253 = CARTESIAN_POINT('',(0.202774842033,0.700546293634));
#7254 = CARTESIAN_POINT('',(0.202689589833,0.697890508133));
#7255 = CARTESIAN_POINT('',(0.202608070718,0.695224788717));
#7256 = CARTESIAN_POINT('',(0.202530218098,0.692550349599));
#7257 = CARTESIAN_POINT('',(0.202455941478,0.68986829695));
#7258 = CARTESIAN_POINT('',(0.202385154631,0.687179702542));
#7259 = CARTESIAN_POINT('',(0.202317803779,0.684485677386));
#7260 = CARTESIAN_POINT('',(0.20225389577,0.68178744538));
#7261 = CARTESIAN_POINT('',(0.202189939296,0.67908899244));
#7262 = CARTESIAN_POINT('',(0.202129893393,0.676388921));
#7263 = CARTESIAN_POINT('',(0.202070460506,0.673671115547));
#7264 = CARTESIAN_POINT('',(0.202023219337,0.670997811485));
#7265 = CARTESIAN_POINT('',(0.201957519761,0.66820941866));
#7266 = CARTESIAN_POINT('',(0.201929255941,0.665598878442));
#7267 = CARTESIAN_POINT('',(0.201866644687,0.662793099169));
#7268 = CARTESIAN_POINT('',(0.201833901023,0.660126614579));
#7269 = CARTESIAN_POINT('',(0.201790139123,0.657387990956));
#7270 = CARTESIAN_POINT('',(0.201753346297,0.654670816383));
#7271 = CARTESIAN_POINT('',(0.201717926393,0.651946864782));
#7272 = CARTESIAN_POINT('',(0.201682625386,0.64922342645));
#7273 = CARTESIAN_POINT('',(0.201649616118,0.646498035819));
#7274 = CARTESIAN_POINT('',(0.201618797961,0.643770708517));
#7275 = CARTESIAN_POINT('',(0.20159007029,0.641041460177));
#7276 = CARTESIAN_POINT('',(0.201563332477,0.63831030642));
#7277 = CARTESIAN_POINT('',(0.201538483898,0.635577262887));
#7278 = CARTESIAN_POINT('',(0.201515423925,0.632842345196));
#7279 = CARTESIAN_POINT('',(0.201494051933,0.630105568984));
#7280 = CARTESIAN_POINT('',(0.201474267294,0.627366949875));
#7281 = CARTESIAN_POINT('',(0.201455969384,0.624626503502));
#7282 = CARTESIAN_POINT('',(0.201439057576,0.621884245492));
#7283 = CARTESIAN_POINT('',(0.20137150023,0.61091529642));
#7284 = CARTESIAN_POINT('',(0.20132652603,0.599917731498));
#7285 = CARTESIAN_POINT('',(0.201298577107,0.58889333653));
#7286 = CARTESIAN_POINT('',(0.201282951956,0.577844613982));
#7287 = CARTESIAN_POINT('',(0.201275753409,0.566774622515));
#7288 = CARTESIAN_POINT('',(0.201273836618,0.555686816569));
#7289 = CARTESIAN_POINT('',(0.201274757021,0.54458488588));
#7290 = CARTESIAN_POINT('',(0.201276718328,0.53347259507));
#7291 = CARTESIAN_POINT('',(0.201278520489,0.522353623171));
#7292 = CARTESIAN_POINT('',(0.201279507674,0.511231403196));
#7293 = CARTESIAN_POINT('',(0.201279516248,0.500108961686));
#7294 = CARTESIAN_POINT('',(0.201279523404,0.488986520465));
#7295 = CARTESIAN_POINT('',(0.201278760861,0.477864101643));
#7296 = CARTESIAN_POINT('',(0.20127710219,0.466745039814));
#7297 = CARTESIAN_POINT('',(0.201275091536,0.455632729289));
#7298 = CARTESIAN_POINT('',(0.201273943615,0.444530624105));
#7299 = CARTESIAN_POINT('',(0.201275543714,0.433442238015));
#7300 = CARTESIAN_POINT('',(0.201282447691,0.4223711445));
#7301 = CARTESIAN_POINT('',(0.201297881975,0.411320976755));
#7302 = CARTESIAN_POINT('',(0.201325743567,0.400295427702));
#7303 = CARTESIAN_POINT('',(0.201370600041,0.389298249981));
#7304 = CARTESIAN_POINT('',(0.20143768954,0.378333255954));
#7305 = CARTESIAN_POINT('',(0.20147138627,0.372850753767));
#7306 = CARTESIAN_POINT('',(0.201510275165,0.367376231223));
#7307 = CARTESIAN_POINT('',(0.201555252946,0.361910223668));
#7308 = CARTESIAN_POINT('',(0.20160721633,0.356453266448));
#7309 = CARTESIAN_POINT('',(0.201667062039,0.351005894915));
#7310 = CARTESIAN_POINT('',(0.201735686792,0.345568644409));
#7311 = CARTESIAN_POINT('',(0.201813987308,0.340142050284));
#7312 = CARTESIAN_POINT('',(0.201902860308,0.334726647883));
#7313 = CARTESIAN_POINT('',(0.202003202511,0.329322972554));
#7314 = CARTESIAN_POINT('',(0.202115910636,0.323931559645));
#7315 = CARTESIAN_POINT('',(0.202241881403,0.318552944502));
#7316 = CARTESIAN_POINT('',(0.202304894557,0.315863622216));
#7317 = CARTESIAN_POINT('',(0.202371271183,0.313177505536));
#7318 = CARTESIAN_POINT('',(0.202441165728,0.310494672003));
#7319 = CARTESIAN_POINT('',(0.202514732639,0.307815199158));
#7320 = CARTESIAN_POINT('',(0.202592126365,0.305139164541));
#7321 = CARTESIAN_POINT('',(0.202673501351,0.302466645692));
#7322 = CARTESIAN_POINT('',(0.202759012046,0.299797720153));
#7323 = CARTESIAN_POINT('',(0.202848812896,0.297132465465));
#7324 = CARTESIAN_POINT('',(0.20294305835,0.294470959167));
#7325 = CARTESIAN_POINT('',(0.203041902854,0.2918132788));
#7326 = CARTESIAN_POINT('',(0.203145500855,0.289159501905));
#7327 = CARTESIAN_POINT('',(0.203197314257,0.287832614983));
#7328 = CARTESIAN_POINT('',(0.203250321292,0.286506708599));
#7329 = CARTESIAN_POINT('',(0.203304544246,0.285181792892));
#7330 = CARTESIAN_POINT('',(0.203360005404,0.283857878004));
#7331 = CARTESIAN_POINT('',(0.203416727052,0.282534974075));
#7332 = CARTESIAN_POINT('',(0.203474731475,0.281213091246));
#7333 = CARTESIAN_POINT('',(0.203534040959,0.279892239658));
#7334 = CARTESIAN_POINT('',(0.203594677789,0.278572429451));
#7335 = CARTESIAN_POINT('',(0.203656664251,0.277253670767));
#7336 = CARTESIAN_POINT('',(0.203720022631,0.275935973745));
#7337 = CARTESIAN_POINT('',(0.203784775213,0.274619348526));
#7338 = CARTESIAN_POINT('',(0.203817130447,0.273961019699));
#7339 = CARTESIAN_POINT('',(0.203849847895,0.273302965959));
#7340 = CARTESIAN_POINT('',(0.203882927556,0.272645187304));
#7341 = CARTESIAN_POINT('',(0.203916369432,0.271987683737));
#7342 = CARTESIAN_POINT('',(0.203950173521,0.271330455255));
#7343 = CARTESIAN_POINT('',(0.203984339824,0.270673501861));
#7344 = CARTESIAN_POINT('',(0.20401886834,0.270016823553));
#7345 = CARTESIAN_POINT('',(0.204053759071,0.269360420331));
#7346 = CARTESIAN_POINT('',(0.204089012015,0.268704292196));
#7347 = CARTESIAN_POINT('',(0.204124627174,0.268048439147));
#7348 = CARTESIAN_POINT('',(0.204160604545,0.267392861185));
#7349 = CARTESIAN_POINT('',(0.204169604046,0.267228970538));
#7350 = CARTESIAN_POINT('',(0.204178627223,0.267065097862));
#7351 = CARTESIAN_POINT('',(0.204187674077,0.266901243159));
#7352 = CARTESIAN_POINT('',(0.204196744609,0.266737406428));
#7353 = CARTESIAN_POINT('',(0.204205838816,0.266573587667));
#7354 = CARTESIAN_POINT('',(0.204214956701,0.266409786881));
#7355 = CARTESIAN_POINT('',(0.204224098262,0.266246004064));
#7356 = CARTESIAN_POINT('',(0.204233263501,0.266082239221));
#7357 = CARTESIAN_POINT('',(0.204242452416,0.265918492349));
#7358 = CARTESIAN_POINT('',(0.204251665008,0.26575476345));
#7359 = CARTESIAN_POINT('',(0.204260901276,0.265591052522));
#7360 = CARTESIAN_POINT('',(0.204265549533,0.265509219918));
#7361 = CARTESIAN_POINT('',(0.20427019779,0.265427387314));
#7362 = CARTESIAN_POINT('',(0.204274846047,0.26534555471));
#7363 = CARTESIAN_POINT('',(0.204279494304,0.265263722105));
#7364 = CARTESIAN_POINT('',(0.204284142561,0.265181889501));
#7365 = CARTESIAN_POINT('',(0.204288790818,0.265100056897));
#7366 = CARTESIAN_POINT('',(0.204293439075,0.265018224293));
#7367 = CARTESIAN_POINT('',(0.204298087332,0.264936391688));
#7368 = CARTESIAN_POINT('',(0.204302735589,0.264854559084));
#7369 = CARTESIAN_POINT('',(0.204307383846,0.26477272648));
#7370 = CARTESIAN_POINT('',(0.204312032103,0.264690893875));
#7371 = CARTESIAN_POINT('',(0.204312324614,0.264685780852));
#7372 = CARTESIAN_POINT('',(0.204312617125,0.264680667828));
#7373 = CARTESIAN_POINT('',(0.204312909636,0.264675554804));
#7374 = CARTESIAN_POINT('',(0.204313202147,0.26467044178));
#7375 = CARTESIAN_POINT('',(0.204313494657,0.264665328756));
#7376 = CARTESIAN_POINT('',(0.204313787169,0.264660215733));
#7377 = CARTESIAN_POINT('',(0.204314079679,0.264655102708));
#7378 = CARTESIAN_POINT('',(0.20431437219,0.264649989685));
#7379 = CARTESIAN_POINT('',(0.204314664701,0.264644876661));
#7380 = CARTESIAN_POINT('',(0.204314957212,0.264639763637));
#7381 = CARTESIAN_POINT('',(0.204315249723,0.264634650613));
#7382 = CARTESIAN_POINT('',(0.204315286304,0.264634011498));
#7383 = CARTESIAN_POINT('',(0.204315322884,0.264633372382));
#7384 = CARTESIAN_POINT('',(0.204315359464,0.264632733267));
#7385 = CARTESIAN_POINT('',(0.204315396045,0.264632094152));
#7386 = CARTESIAN_POINT('',(0.204315432625,0.264631455036));
#7387 = CARTESIAN_POINT('',(0.204315469206,0.264630815921));
#7388 = CARTESIAN_POINT('',(0.204315505786,0.264630176805));
#7389 = CARTESIAN_POINT('',(0.204315542367,0.26462953769));
#7390 = CARTESIAN_POINT('',(0.204315578947,0.264628898574));
#7391 = CARTESIAN_POINT('',(0.204315615527,0.264628259459));
#7392 = CARTESIAN_POINT('',(0.204315652108,0.264627620344));
#7393 = CARTESIAN_POINT('',(0.204315661254,0.264627460565));
#7394 = CARTESIAN_POINT('',(0.204315670399,0.264627300787));
#7395 = CARTESIAN_POINT('',(0.204315679545,0.264627141008));
#7396 = CARTESIAN_POINT('',(0.204315688691,0.26462698123));
#7397 = CARTESIAN_POINT('',(0.204315697836,0.264626821451));
#7398 = CARTESIAN_POINT('',(0.204315706982,0.264626661673));
#7399 = CARTESIAN_POINT('',(0.204315716128,0.264626501895));
#7400 = CARTESIAN_POINT('',(0.204315725273,0.264626342116));
#7401 = CARTESIAN_POINT('',(0.204315734419,0.264626182338));
#7402 = CARTESIAN_POINT('',(0.204315743565,0.264626022559));
#7403 = CARTESIAN_POINT('',(0.20431575271,0.264625862781));
#7404 = CARTESIAN_POINT('',(0.204315754997,0.264625822836));
#7405 = CARTESIAN_POINT('',(0.204315757283,0.264625782892));
#7406 = CARTESIAN_POINT('',(0.20431575957,0.264625742947));
#7407 = CARTESIAN_POINT('',(0.204315761856,0.264625703003));
#7408 = CARTESIAN_POINT('',(0.204315764143,0.264625663058));
#7409 = CARTESIAN_POINT('',(0.204315766429,0.264625623114));
#7410 = CARTESIAN_POINT('',(0.204315768716,0.264625583169));
#7411 = CARTESIAN_POINT('',(0.204315771002,0.264625543224));
#7412 = CARTESIAN_POINT('',(0.204315773289,0.26462550328));
#7413 = CARTESIAN_POINT('',(0.204315775575,0.264625463335));
#7414 = CARTESIAN_POINT('',(0.204315777861,0.264625423391));
#7415 = CARTESIAN_POINT('',(0.20431578117,0.264625376721));
#7416 = CARTESIAN_POINT('',(0.204315683743,0.264625992599));
#7417 = CARTESIAN_POINT('',(0.204315556112,0.26462680713));
#7418 = CARTESIAN_POINT('',(0.204315435501,0.264627575491));
#7419 = CARTESIAN_POINT('',(0.204315334118,0.264628217384));
#7420 = CARTESIAN_POINT('',(0.20431524745,0.2646287625));
#7421 = CARTESIAN_POINT('',(0.204315162551,0.26462929597));
#7422 = CARTESIAN_POINT('',(0.204315066343,0.26462990383));
#7423 = CARTESIAN_POINT('',(0.204314953898,0.264630618473));
#7424 = CARTESIAN_POINT('',(0.204314836741,0.264631364109));
#7425 = CARTESIAN_POINT('',(0.204314751137,0.264631902224));
#7426 = CARTESIAN_POINT('',(0.204314551812,0.264633163358));
#7427 = CARTESIAN_POINT('',(0.204314352488,0.264634424492));
#7428 = CARTESIAN_POINT('',(0.204314153163,0.264635685626));
#7429 = CARTESIAN_POINT('',(0.204313953838,0.26463694676));
#7430 = CARTESIAN_POINT('',(0.204313754514,0.264638207894));
#7431 = CARTESIAN_POINT('',(0.204313555189,0.264639469028));
#7432 = CARTESIAN_POINT('',(0.204313355865,0.264640730162));
#7433 = CARTESIAN_POINT('',(0.20431315654,0.264641991296));
#7434 = CARTESIAN_POINT('',(0.204312957216,0.26464325243));
#7435 = CARTESIAN_POINT('',(0.204312757892,0.264644513564));
#7436 = CARTESIAN_POINT('',(0.204312558567,0.264645774698));
#7437 = CARTESIAN_POINT('',(0.204311764433,0.264650798377));
#7438 = CARTESIAN_POINT('',(0.204310972748,0.264655805908));
#7439 = CARTESIAN_POINT('',(0.204310183513,0.26466079729));
#7440 = CARTESIAN_POINT('',(0.204309396728,0.264665772524));
#7441 = CARTESIAN_POINT('',(0.204308612392,0.26467073161));
#7442 = CARTESIAN_POINT('',(0.204307830506,0.264675674547));
#7443 = CARTESIAN_POINT('',(0.204307051069,0.264680601335));
#7444 = CARTESIAN_POINT('',(0.204306274082,0.264685511975));
#7445 = CARTESIAN_POINT('',(0.204305499545,0.264690406467));
#7446 = CARTESIAN_POINT('',(0.204304727457,0.26469528481));
#7447 = CARTESIAN_POINT('',(0.204303957819,0.264700147004));
#7448 = CARTESIAN_POINT('',(0.204300882351,0.264719575448));
#7449 = CARTESIAN_POINT('',(0.204297843562,0.264738762091));
#7450 = CARTESIAN_POINT('',(0.204294841453,0.264757706933));
#7451 = CARTESIAN_POINT('',(0.204291876024,0.264776409975));
#7452 = CARTESIAN_POINT('',(0.204288947274,0.264794871215));
#7453 = CARTESIAN_POINT('',(0.204286055204,0.264813090655));
#7454 = CARTESIAN_POINT('',(0.204283199813,0.264831068294));
#7455 = CARTESIAN_POINT('',(0.204280381102,0.264848804132));
#7456 = CARTESIAN_POINT('',(0.20427759907,0.26486629817));
#7457 = CARTESIAN_POINT('',(0.204274853718,0.264883550406));
#7458 = CARTESIAN_POINT('',(0.204272145045,0.264900560842));
#7459 = CARTESIAN_POINT('',(0.204266744437,0.264934471377));
#7460 = CARTESIAN_POINT('',(0.204261468673,0.264967558911));
#7461 = CARTESIAN_POINT('',(0.204256317753,0.264999823444));
#7462 = CARTESIAN_POINT('',(0.204251291677,0.265031264976));
#7463 = CARTESIAN_POINT('',(0.204246390445,0.265061883507));
#7464 = CARTESIAN_POINT('',(0.204241614056,0.265091679038));
#7465 = CARTESIAN_POINT('',(0.204236962512,0.265120651568));
#7466 = CARTESIAN_POINT('',(0.204232435812,0.265148801098));
#7467 = CARTESIAN_POINT('',(0.204228033955,0.265176127626));
#7468 = CARTESIAN_POINT('',(0.204223756943,0.265202631154));
#7469 = CARTESIAN_POINT('',(0.204219604774,0.265228311681));
#7470 = CARTESIAN_POINT('',(0.204202911222,0.265331593336));
#7471 = CARTESIAN_POINT('',(0.204187997112,0.265423144513));
#7472 = CARTESIAN_POINT('',(0.204174693726,0.265504077452));
#7473 = CARTESIAN_POINT('',(0.204162844432,0.265575424744));
#7474 = CARTESIAN_POINT('',(0.204152304676,0.265638139323));
#7475 = CARTESIAN_POINT('',(0.20414294199,0.265693094476));
#7476 = CARTESIAN_POINT('',(0.204134635985,0.265741083834));
#7477 = CARTESIAN_POINT('',(0.204127278359,0.265782821378));
#7478 = CARTESIAN_POINT('',(0.204120772888,0.265818941436));
#7479 = CARTESIAN_POINT('',(0.204115035433,0.265849998687));
#7480 = CARTESIAN_POINT('',(0.204109993937,0.265876468155));
#7481 = CARTESIAN_POINT('',(0.204099959681,0.265929085812));
#7482 = CARTESIAN_POINT('',(0.204092574932,0.265964237884));
#7483 = CARTESIAN_POINT('',(0.204087318652,0.265985359235));
#7484 = CARTESIAN_POINT('',(0.204083734203,0.265995460173));
#7485 = CARTESIAN_POINT('',(0.20408142935,0.265997126463));
#7486 = CARTESIAN_POINT('',(0.204080076254,0.265992519315));
#7487 = CARTESIAN_POINT('',(0.204079411481,0.265983375396));
#7488 = CARTESIAN_POINT('',(0.204079235994,0.265971006819));
#7489 = CARTESIAN_POINT('',(0.204079415157,0.265956301149));
#7490 = CARTESIAN_POINT('',(0.204079878735,0.265939721403));
#7491 = CARTESIAN_POINT('',(0.204080620893,0.265921306047));
#7492 = CARTESIAN_POINT('',(0.204082053631,0.26588481535));
#7493 = CARTESIAN_POINT('',(0.204084142603,0.265844002081));
#7494 = CARTESIAN_POINT('',(0.204086431882,0.265801871874));
#7495 = CARTESIAN_POINT('',(0.204088655089,0.265760180784));
#7496 = CARTESIAN_POINT('',(0.204090694222,0.265719706739));
#7497 = CARTESIAN_POINT('',(0.204092538471,0.265680520993));
#7498 = CARTESIAN_POINT('',(0.204094243049,0.265642259585));
#7499 = CARTESIAN_POINT('',(0.204095888006,0.265604394791));
#7500 = CARTESIAN_POINT('',(0.204097537059,0.26556650658));
#7501 = CARTESIAN_POINT('',(0.204099196409,0.265528554066));
#7502 = CARTESIAN_POINT('',(0.20410077357,0.265491146967));
#7503 = CARTESIAN_POINT('',(0.204107123861,0.265341243913));
#7504 = CARTESIAN_POINT('',(0.204113894546,0.265188627263));
#7505 = CARTESIAN_POINT('',(0.204120655364,0.265036133143));
#7506 = CARTESIAN_POINT('',(0.204127314806,0.264884365316));
#7507 = CARTESIAN_POINT('',(0.204133934695,0.264732916838));
#7508 = CARTESIAN_POINT('',(0.204140599979,0.264581228132));
#7509 = CARTESIAN_POINT('',(0.204147343697,0.264429081476));
#7510 = CARTESIAN_POINT('',(0.204154127156,0.264276731913));
#7511 = CARTESIAN_POINT('',(0.204160875286,0.264124674568));
#7512 = CARTESIAN_POINT('',(0.204167567202,0.263973048394));
#7513 = CARTESIAN_POINT('',(0.204174381947,0.263820676323));
#7514 = CARTESIAN_POINT('',(0.204181090893,0.263669001561));
#7515 = CARTESIAN_POINT('',(0.204188397581,0.263513449405));
#7516 = CARTESIAN_POINT('',(0.204193307523,0.263373762161));
#7517 = CARTESIAN_POINT('',(0.20420423302,0.263194484653));
#7518 = CARTESIAN_POINT('',(0.204205242138,0.263080647276));
#7519 = CARTESIAN_POINT('',(0.204217124879,0.262895196805));
#7520 = CARTESIAN_POINT('',(0.204224883825,0.262737002964));
#7521 = CARTESIAN_POINT('',(0.204218844084,0.262669847569));
#7522 = CARTESIAN_POINT('',(0.204250075138,0.262357064617));
#7523 = CARTESIAN_POINT('',(0.204233730197,0.262357994954));
#7524 = CARTESIAN_POINT('',(0.204249741526,0.262145699135));
#7525 = ( GEOMETRIC_REPRESENTATION_CONTEXT(2) 
PARAMETRIC_REPRESENTATION_CONTEXT() REPRESENTATION_CONTEXT('2D SPACE',''
  ) );
#7526 = ADVANCED_FACE('',(#7527),#5604,.T.);
#7527 = FACE_BOUND('',#7528,.T.);
#7528 = EDGE_LOOP('',(#7529,#7585,#7586,#7587));
#7529 = ORIENTED_EDGE('',*,*,#7530,.T.);
#7530 = EDGE_CURVE('',#7531,#5535,#7533,.T.);
#7531 = VERTEX_POINT('',#7532);
#7532 = CARTESIAN_POINT('',(6.133209256155,4.338596506844,8.272350940278
    ));
#7533 = SURFACE_CURVE('',#7534,(#7538,#7579),.PCURVE_S1.);
#7534 = ( BOUNDED_CURVE() B_SPLINE_CURVE(2,(#7535,#7536,#7537),
.UNSPECIFIED.,.F.,.F.) B_SPLINE_CURVE_WITH_KNOTS((3,3),(0.,9.20086405374
),.PIECEWISE_BEZIER_KNOTS.) CURVE() GEOMETRIC_REPRESENTATION_ITEM() 
RATIONAL_B_SPLINE_CURVE((1.,0.795992093661,1.)) REPRESENTATION_ITEM('') 
  );
#7535 = CARTESIAN_POINT('',(6.133209256155,4.338596506844,8.272350940278
    ));
#7536 = CARTESIAN_POINT('',(6.536993621488,4.507940720051,8.400645449895
    ));
#7537 = CARTESIAN_POINT('',(6.746060821068,4.630742310343,8.014136157752
    ));
#7538 = PCURVE('',#5604,#7539);
#7539 = DEFINITIONAL_REPRESENTATION('',(#7540),#7578);
#7540 = B_SPLINE_CURVE_WITH_KNOTS('',8,(#7541,#7542,#7543,#7544,#7545,
    #7546,#7547,#7548,#7549,#7550,#7551,#7552,#7553,#7554,#7555,#7556,
    #7557,#7558,#7559,#7560,#7561,#7562,#7563,#7564,#7565,#7566,#7567,
    #7568,#7569,#7570,#7571,#7572,#7573,#7574,#7575,#7576,#7577),
  .UNSPECIFIED.,.F.,.F.,(9,7,7,7,7,9),(0.,4.60043202687,6.900648040305,
    8.050756047022,8.625810050381,9.20086405374),.UNSPECIFIED.);
#7541 = CARTESIAN_POINT('',(0.,12.206157611327));
#7542 = CARTESIAN_POINT('',(0.184305529477,12.206157611326));
#7543 = CARTESIAN_POINT('',(0.368905004477,12.206157611326));
#7544 = CARTESIAN_POINT('',(0.5536020116,12.206157611326));
#7545 = CARTESIAN_POINT('',(0.738272674889,12.206157611327));
#7546 = CARTESIAN_POINT('',(0.922865655825,12.206157611327));
#7547 = CARTESIAN_POINT('',(1.10740215333,12.206157611327));
#7548 = CARTESIAN_POINT('',(1.291975903765,12.206157611327));
#7549 = CARTESIAN_POINT('',(1.569141819517,12.206157611327));
#7550 = CARTESIAN_POINT('',(1.661540777763,12.206157611326));
#7551 = CARTESIAN_POINT('',(1.753952990844,12.206157611328));
#7552 = CARTESIAN_POINT('',(1.84638139393,12.206157611326));
#7553 = CARTESIAN_POINT('',(1.938828922196,12.206157611328));
#7554 = CARTESIAN_POINT('',(2.031298510812,12.206157611326));
#7555 = CARTESIAN_POINT('',(2.123793094951,12.206157611327));
#7556 = CARTESIAN_POINT('',(2.262576867202,12.206157611327));
#7557 = CARTESIAN_POINT('',(2.308768925782,12.206157611326));
#7558 = CARTESIAN_POINT('',(2.35493047317,12.206157611328));
#7559 = CARTESIAN_POINT('',(2.401100197012,12.206157611326));
#7560 = CARTESIAN_POINT('',(2.447316784953,12.206157611328));
#7561 = CARTESIAN_POINT('',(2.493618924638,12.206157611327));
#7562 = CARTESIAN_POINT('',(2.540045303714,12.206157611327));
#7563 = CARTESIAN_POINT('',(2.609929262879,12.206157611326));
#7564 = CARTESIAN_POINT('',(2.632389561354,12.206157611327));
#7565 = CARTESIAN_POINT('',(2.655086846747,12.206157611326));
#7566 = CARTESIAN_POINT('',(2.678523573839,12.206157611327));
#7567 = CARTESIAN_POINT('',(2.702633310684,12.206157611327));
#7568 = CARTESIAN_POINT('',(2.726780738617,12.206157611327));
#7569 = CARTESIAN_POINT('',(2.749761652248,12.206157611327));
#7570 = CARTESIAN_POINT('',(2.789844266687,12.206157611327));
#7571 = CARTESIAN_POINT('',(2.810080066117,12.206157611327));
#7572 = CARTESIAN_POINT('',(2.818421259309,12.206157611326));
#7573 = CARTESIAN_POINT('',(2.967667956475,12.206157611327));
#7574 = CARTESIAN_POINT('',(2.830343870869,12.206157611326));
#7575 = CARTESIAN_POINT('',(2.90651089857,12.206157611327));
#7576 = CARTESIAN_POINT('',(2.895288001971,12.206157611327));
#7577 = CARTESIAN_POINT('',(2.918326193155,12.206157611327));
#7578 = ( GEOMETRIC_REPRESENTATION_CONTEXT(2) 
PARAMETRIC_REPRESENTATION_CONTEXT() REPRESENTATION_CONTEXT('2D SPACE',''
  ) );
#7579 = PCURVE('',#5960,#7580);
#7580 = DEFINITIONAL_REPRESENTATION('',(#7581),#7584);
#7581 = B_SPLINE_CURVE_WITH_KNOTS('',1,(#7582,#7583),.UNSPECIFIED.,.F.,
  .F.,(2,2),(0.,9.20086405374),.PIECEWISE_BEZIER_KNOTS.);
#7582 = CARTESIAN_POINT('',(0.,12.207941811027));
#7583 = CARTESIAN_POINT('',(9.20086405374,12.207941811027));
#7584 = ( GEOMETRIC_REPRESENTATION_CONTEXT(2) 
PARAMETRIC_REPRESENTATION_CONTEXT() REPRESENTATION_CONTEXT('2D SPACE',''
  ) );
#7585 = ORIENTED_EDGE('',*,*,#5559,.T.);
#7586 = ORIENTED_EDGE('',*,*,#6804,.F.);
#7587 = ORIENTED_EDGE('',*,*,#7588,.F.);
#7588 = EDGE_CURVE('',#7531,#6805,#7589,.T.);
#7589 = SURFACE_CURVE('',#7590,(#7606,#7613),.PCURVE_S1.);
#7590 = ( BOUNDED_CURVE() B_SPLINE_CURVE(14,(#7591,#7592,#7593,#7594,
    #7595,#7596,#7597,#7598,#7599,#7600,#7601,#7602,#7603,#7604,#7605),
.UNSPECIFIED.,.F.,.F.) B_SPLINE_CURVE_WITH_KNOTS((15,15),(
12.206157611327,15.124483804482),.PIECEWISE_BEZIER_KNOTS.) CURVE() 
GEOMETRIC_REPRESENTATION_ITEM() RATIONAL_B_SPLINE_CURVE((1.,1.,
    0.999999999999,1.000000000003,0.999999999995,1.000000000007,
    0.999999999991,1.000000000009,0.999999999992,1.000000000005,
0.999999999997,1.000000000001,1.,1.,1.)) REPRESENTATION_ITEM('') );
#7591 = CARTESIAN_POINT('',(6.133722137485,4.337152004607,8.272212375245
    ));
#7592 = CARTESIAN_POINT('',(6.066049254068,4.502657638142,8.285931858857
    ));
#7593 = CARTESIAN_POINT('',(5.987044173579,4.664921395905,8.297545588057
    ));
#7594 = CARTESIAN_POINT('',(5.891298563994,4.829453001312,8.30714021451)
  );
#7595 = CARTESIAN_POINT('',(5.798816459464,4.98876856408,8.316121304178)
  );
#7596 = CARTESIAN_POINT('',(5.64325502735,5.148225087549,8.317279688431)
  );
#7597 = CARTESIAN_POINT('',(5.619932270685,5.256870594735,8.327891783259
    ));
#7598 = CARTESIAN_POINT('',(5.330207738841,5.470452956023,8.318941941887
    ));
#7599 = CARTESIAN_POINT('',(5.379485993208,5.499464135291,8.327935151652
    ));
#7600 = CARTESIAN_POINT('',(5.073114029304,5.718812590852,8.317374586781
    ));
#7601 = CARTESIAN_POINT('',(5.016159629766,5.767029734781,8.315187287451
    ));
#7602 = CARTESIAN_POINT('',(4.831516996723,5.896410828571,8.307871187639
    ));
#7603 = CARTESIAN_POINT('',(4.65881271434,5.989332117609,8.296771048914)
  );
#7604 = CARTESIAN_POINT('',(4.504117236463,6.065373589646,8.285775641304
    ));
#7605 = CARTESIAN_POINT('',(4.338751881506,6.132986822858,8.27209996049)
  );
#7606 = PCURVE('',#5604,#7607);
#7607 = DEFINITIONAL_REPRESENTATION('',(#7608),#7612);
#7608 = LINE('',#7609,#7610);
#7609 = CARTESIAN_POINT('',(0.,0.));
#7610 = VECTOR('',#7611,1.);
#7611 = DIRECTION('',(0.,1.));
#7612 = ( GEOMETRIC_REPRESENTATION_CONTEXT(2) 
PARAMETRIC_REPRESENTATION_CONTEXT() REPRESENTATION_CONTEXT('2D SPACE',''
  ) );
#7613 = PCURVE('',#6373,#7614);
#7614 = DEFINITIONAL_REPRESENTATION('',(#7615),#7650);
#7615 = B_SPLINE_CURVE_WITH_KNOTS('',9,(#7616,#7617,#7618,#7619,#7620,
    #7621,#7622,#7623,#7624,#7625,#7626,#7627,#7628,#7629,#7630,#7631,
    #7632,#7633,#7634,#7635,#7636,#7637,#7638,#7639,#7640,#7641,#7642,
    #7643,#7644,#7645,#7646,#7647,#7648,#7649),.UNSPECIFIED.,.F.,.F.,(10
    ,8,8,8,10),(12.206157611327,12.935739159615,13.665320707904,
    14.394902256193,15.124483804482),.UNSPECIFIED.);
#7616 = CARTESIAN_POINT('',(0.728876172046,0.162982300138));
#7617 = CARTESIAN_POINT('',(0.731917202957,0.164428301921));
#7618 = CARTESIAN_POINT('',(0.734896025433,0.165972743587));
#7619 = CARTESIAN_POINT('',(0.737826603913,0.167635085609));
#7620 = CARTESIAN_POINT('',(0.740713150527,0.169395172708));
#7621 = CARTESIAN_POINT('',(0.743545179843,0.171272089543));
#7622 = CARTESIAN_POINT('',(0.746312042229,0.173246728785));
#7623 = CARTESIAN_POINT('',(0.749007215395,0.175317676497));
#7624 = CARTESIAN_POINT('',(0.751626465281,0.177477376598));
#7625 = CARTESIAN_POINT('',(0.756708311617,0.181967496914));
#7626 = CARTESIAN_POINT('',(0.759170916395,0.184297901814));
#7627 = CARTESIAN_POINT('',(0.761552693012,0.186709449314));
#7628 = CARTESIAN_POINT('',(0.763853082313,0.189200272445));
#7629 = CARTESIAN_POINT('',(0.766071642758,0.191768297038));
#7630 = CARTESIAN_POINT('',(0.768207643896,0.194410687755));
#7631 = CARTESIAN_POINT('',(0.770260385867,0.197124385498));
#7632 = CARTESIAN_POINT('',(0.772229544452,0.199906839209));
#7633 = CARTESIAN_POINT('',(0.776000138005,0.205605230888));
#7634 = CARTESIAN_POINT('',(0.77780159067,0.20852122044));
#7635 = CARTESIAN_POINT('',(0.779518820275,0.211501450149));
#7636 = CARTESIAN_POINT('',(0.781151849557,0.214544853638));
#7637 = CARTESIAN_POINT('',(0.782700203955,0.217648733383));
#7638 = CARTESIAN_POINT('',(0.78416316849,0.220809343538));
#7639 = CARTESIAN_POINT('',(0.785540393907,0.224023797705));
#7640 = CARTESIAN_POINT('',(0.786832045455,0.22729092544));
#7641 = CARTESIAN_POINT('',(0.78924332996,0.233926477123));
#7642 = CARTESIAN_POINT('',(0.790362986535,0.237294938789));
#7643 = CARTESIAN_POINT('',(0.7913958952,0.240710843034));
#7644 = CARTESIAN_POINT('',(0.792342081584,0.244173730173));
#7645 = CARTESIAN_POINT('',(0.793195409759,0.247663802182));
#7646 = CARTESIAN_POINT('',(0.793956290304,0.251177206418));
#7647 = CARTESIAN_POINT('',(0.794603436087,0.254632852633));
#7648 = CARTESIAN_POINT('',(0.795168052361,0.258073591722));
#7649 = CARTESIAN_POINT('',(0.795656878337,0.261607039478));
#7650 = ( GEOMETRIC_REPRESENTATION_CONTEXT(2) 
PARAMETRIC_REPRESENTATION_CONTEXT() REPRESENTATION_CONTEXT('2D SPACE',''
  ) );
#7651 = ADVANCED_FACE('',(#7652),#5727,.T.);
#7652 = FACE_BOUND('',#7653,.T.);
#7653 = EDGE_LOOP('',(#7654,#7655,#7656,#7722));
#7654 = ORIENTED_EDGE('',*,*,#7051,.T.);
#7655 = ORIENTED_EDGE('',*,*,#5685,.T.);
#7656 = ORIENTED_EDGE('',*,*,#7657,.F.);
#7657 = EDGE_CURVE('',#7658,#5663,#7660,.T.);
#7658 = VERTEX_POINT('',#7659);
#7659 = CARTESIAN_POINT('',(6.133351636608,-4.337979687969,
    8.272273253772));
#7660 = SURFACE_CURVE('',#7661,(#7665,#7671),.PCURVE_S1.);
#7661 = ( BOUNDED_CURVE() B_SPLINE_CURVE(2,(#7662,#7663,#7664),
.UNSPECIFIED.,.F.,.F.) B_SPLINE_CURVE_WITH_KNOTS((3,3),(0.,
2.920373244846),.PIECEWISE_BEZIER_KNOTS.) CURVE() 
GEOMETRIC_REPRESENTATION_ITEM() RATIONAL_B_SPLINE_CURVE((1.,
0.800717982394,1.)) REPRESENTATION_ITEM('') );
#7662 = CARTESIAN_POINT('',(6.133351636608,-4.337979687969,
    8.272273253772));
#7663 = CARTESIAN_POINT('',(6.530990704477,-4.503695790355,
    8.398420152163));
#7664 = CARTESIAN_POINT('',(6.74233461907,-4.62642558266,8.021906085089)
  );
#7665 = PCURVE('',#5727,#7666);
#7666 = DEFINITIONAL_REPRESENTATION('',(#7667),#7670);
#7667 = B_SPLINE_CURVE_WITH_KNOTS('',1,(#7668,#7669),.UNSPECIFIED.,.F.,
  .F.,(2,2),(0.,2.920373244846),.PIECEWISE_BEZIER_KNOTS.);
#7668 = CARTESIAN_POINT('',(0.,3.008872649633));
#7669 = CARTESIAN_POINT('',(2.920373244846,3.008872649633));
#7670 = ( GEOMETRIC_REPRESENTATION_CONTEXT(2) 
PARAMETRIC_REPRESENTATION_CONTEXT() REPRESENTATION_CONTEXT('2D SPACE',''
  ) );
#7671 = PCURVE('',#5960,#7672);
#7672 = DEFINITIONAL_REPRESENTATION('',(#7673),#7721);
#7673 = B_SPLINE_CURVE_WITH_KNOTS('',10,(#7674,#7675,#7676,#7677,#7678,
    #7679,#7680,#7681,#7682,#7683,#7684,#7685,#7686,#7687,#7688,#7689,
    #7690,#7691,#7692,#7693,#7694,#7695,#7696,#7697,#7698,#7699,#7700,
    #7701,#7702,#7703,#7704,#7705,#7706,#7707,#7708,#7709,#7710,#7711,
    #7712,#7713,#7714,#7715,#7716,#7717,#7718,#7719,#7720),
  .UNSPECIFIED.,.F.,.F.,(11,9,9,9,9,11),(0.,1.460186622423,
    2.190279933635,2.555326589241,2.737849917044,2.920373244846),
  .UNSPECIFIED.);
#7674 = CARTESIAN_POINT('',(0.,3.007077757287));
#7675 = CARTESIAN_POINT('',(0.455265897879,3.007077757287));
#7676 = CARTESIAN_POINT('',(0.909255272151,3.007077757287));
#7677 = CARTESIAN_POINT('',(1.363333808965,3.007077757287));
#7678 = CARTESIAN_POINT('',(1.818011648957,3.007077757286));
#7679 = CARTESIAN_POINT('',(2.27320600604,3.007077757287));
#7680 = CARTESIAN_POINT('',(2.728503786153,3.007077757287));
#7681 = CARTESIAN_POINT('',(3.183424206063,3.007077757287));
#7682 = CARTESIAN_POINT('',(3.637681412111,3.007077757287));
#7683 = CARTESIAN_POINT('',(4.091447099006,3.007077757287));
#7684 = CARTESIAN_POINT('',(4.772696143376,3.007077757287));
#7685 = CARTESIAN_POINT('',(4.999738546367,3.007077757287));
#7686 = CARTESIAN_POINT('',(5.226741917212,3.007077757288));
#7687 = CARTESIAN_POINT('',(5.453707835553,3.007077757286));
#7688 = CARTESIAN_POINT('',(5.68063788105,3.007077757288));
#7689 = CARTESIAN_POINT('',(5.907533633339,3.007077757286));
#7690 = CARTESIAN_POINT('',(6.134396672082,3.007077757287));
#7691 = CARTESIAN_POINT('',(6.361228576918,3.007077757287));
#7692 = CARTESIAN_POINT('',(6.588030927503,3.007077757287));
#7693 = CARTESIAN_POINT('',(6.928192491472,3.007077757287));
#7694 = CARTESIAN_POINT('',(7.041571269234,3.007077757287));
#7695 = CARTESIAN_POINT('',(7.154941807031,3.007077757287));
#7696 = CARTESIAN_POINT('',(7.268304275131,3.007077757287));
#7697 = CARTESIAN_POINT('',(7.381658843793,3.007077757287));
#7698 = CARTESIAN_POINT('',(7.495005683287,3.007077757287));
#7699 = CARTESIAN_POINT('',(7.608344963873,3.007077757287));
#7700 = CARTESIAN_POINT('',(7.721676855819,3.007077757287));
#7701 = CARTESIAN_POINT('',(7.835001529387,3.007077757287));
#7702 = CARTESIAN_POINT('',(8.00497796757,3.007077757287));
#7703 = CARTESIAN_POINT('',(8.061668702932,3.007077757287));
#7704 = CARTESIAN_POINT('',(8.118377198978,3.007077757287));
#7705 = CARTESIAN_POINT('',(8.175089293766,3.007077757287));
#7706 = CARTESIAN_POINT('',(8.231790825344,3.007077757287));
#7707 = CARTESIAN_POINT('',(8.288467631769,3.007077757287));
#7708 = CARTESIAN_POINT('',(8.345105551091,3.007077757287));
#7709 = CARTESIAN_POINT('',(8.401690421365,3.007077757287));
#7710 = CARTESIAN_POINT('',(8.458208080643,3.007077757287));
#7711 = CARTESIAN_POINT('',(8.571080653313,3.007077757287));
#7712 = CARTESIAN_POINT('',(8.679775468586,3.007077757287));
#7713 = CARTESIAN_POINT('',(8.38988354135,3.007077757286));
#7714 = CARTESIAN_POINT('',(9.563557979045,3.007077757287));
#7715 = CARTESIAN_POINT('',(7.415431239274,3.007077757287));
#7716 = CARTESIAN_POINT('',(10.206457393606,3.007077757287));
#7717 = CARTESIAN_POINT('',(8.290660927275,3.007077757287));
#7718 = CARTESIAN_POINT('',(8.881478764278,3.007077757287));
#7719 = CARTESIAN_POINT('',(9.143955816505,3.007077757287));
#7720 = CARTESIAN_POINT('',(9.20086405374,3.007077757287));
#7721 = ( GEOMETRIC_REPRESENTATION_CONTEXT(2) 
PARAMETRIC_REPRESENTATION_CONTEXT() REPRESENTATION_CONTEXT('2D SPACE',''
  ) );
#7722 = ORIENTED_EDGE('',*,*,#7723,.F.);
#7723 = EDGE_CURVE('',#7052,#7658,#7724,.T.);
#7724 = SURFACE_CURVE('',#7725,(#7740,#7747),.PCURVE_S1.);
#7725 = ( BOUNDED_CURVE() B_SPLINE_CURVE(13,(#7726,#7727,#7728,#7729,
    #7730,#7731,#7732,#7733,#7734,#7735,#7736,#7737,#7738,#7739),
.UNSPECIFIED.,.F.,.F.) B_SPLINE_CURVE_WITH_KNOTS((14,14),(
8.849940478609E-02,3.008872649633),.PIECEWISE_BEZIER_KNOTS.) CURVE() 
GEOMETRIC_REPRESENTATION_ITEM() RATIONAL_B_SPLINE_CURVE((1.,1.,
    1.000000000001,0.999999999998,1.000000000003,0.999999999995,
    1.000000000007,0.999999999993,1.000000000005,0.999999999997,
1.000000000002,0.999999999999,1.,1.)) REPRESENTATION_ITEM('') );
#7726 = CARTESIAN_POINT('',(4.328976160268,-6.137440560803,
    8.271404097762));
#7727 = CARTESIAN_POINT('',(4.512600413426,-6.06280514922,8.286618119451
    ));
#7728 = CARTESIAN_POINT('',(4.692415430644,-5.973503682418,
    8.299205507749));
#7729 = CARTESIAN_POINT('',(4.865990982502,-5.873287948158,
    8.309378075072));
#7730 = CARTESIAN_POINT('',(5.03838497668,-5.750715388712,8.316369747785
    ));
#7731 = CARTESIAN_POINT('',(5.188633823584,-5.647578382208,
    8.322758765248));
#7732 = CARTESIAN_POINT('',(5.364145390574,-5.469554143258,
    8.322787783843));
#7733 = CARTESIAN_POINT('',(5.476475423871,-5.384550181135,
    8.326144675898));
#7734 = CARTESIAN_POINT('',(5.648676983939,-5.168214782173,
    8.320586674636));
#7735 = CARTESIAN_POINT('',(5.743779535521,-5.053619695694,
    8.317528102689));
#7736 = CARTESIAN_POINT('',(5.874534198302,-4.865362339148,
    8.309780575296));
#7737 = CARTESIAN_POINT('',(5.974672388542,-4.68803331167,8.299053979304
    ));
#7738 = CARTESIAN_POINT('',(6.059690978556,-4.517796426287,
    8.287152554544));
#7739 = CARTESIAN_POINT('',(6.133351636608,-4.337979687969,
    8.272273253772));
#7740 = PCURVE('',#5727,#7741);
#7741 = DEFINITIONAL_REPRESENTATION('',(#7742),#7746);
#7742 = LINE('',#7743,#7744);
#7743 = CARTESIAN_POINT('',(0.,0.));
#7744 = VECTOR('',#7745,1.);
#7745 = DIRECTION('',(0.,1.));
#7746 = ( GEOMETRIC_REPRESENTATION_CONTEXT(2) 
PARAMETRIC_REPRESENTATION_CONTEXT() REPRESENTATION_CONTEXT('2D SPACE',''
  ) );
#7747 = PCURVE('',#6373,#7748);
#7748 = DEFINITIONAL_REPRESENTATION('',(#7749),#7772);
#7749 = B_SPLINE_CURVE_WITH_KNOTS('',11,(#7750,#7751,#7752,#7753,#7754,
    #7755,#7756,#7757,#7758,#7759,#7760,#7761,#7762,#7763,#7764,#7765,
    #7766,#7767,#7768,#7769,#7770,#7771),.UNSPECIFIED.,.F.,.F.,(12,10,12
    ),(8.849940478609E-02,1.548686027209,3.008872649633),.UNSPECIFIED.);
#7750 = CARTESIAN_POINT('',(0.204246273511,0.262144167018));
#7751 = CARTESIAN_POINT('',(0.205060485239,0.256182340617));
#7752 = CARTESIAN_POINT('',(0.206117664146,0.250294851197));
#7753 = CARTESIAN_POINT('',(0.207389054349,0.244509653787));
#7754 = CARTESIAN_POINT('',(0.208936619469,0.238803600143));
#7755 = CARTESIAN_POINT('',(0.210658296917,0.233244901242));
#7756 = CARTESIAN_POINT('',(0.212643373651,0.22778964728));
#7757 = CARTESIAN_POINT('',(0.21483838149,0.222481479376));
#7758 = CARTESIAN_POINT('',(0.217262688111,0.2173159067));
#7759 = CARTESIAN_POINT('',(0.219906179018,0.212308292995));
#7760 = CARTESIAN_POINT('',(0.222771565831,0.207465776162));
#7761 = CARTESIAN_POINT('',(0.228942377728,0.198130977321));
#7762 = CARTESIAN_POINT('',(0.232247952831,0.19363860275));
#7763 = CARTESIAN_POINT('',(0.235771601204,0.189331420843));
#7764 = CARTESIAN_POINT('',(0.239515226529,0.18521690694));
#7765 = CARTESIAN_POINT('',(0.243462090278,0.181314437344));
#7766 = CARTESIAN_POINT('',(0.247638271899,0.177614005884));
#7767 = CARTESIAN_POINT('',(0.251989391395,0.17416183256));
#7768 = CARTESIAN_POINT('',(0.256636636511,0.170886106353));
#7769 = CARTESIAN_POINT('',(0.261310455752,0.168007086077));
#7770 = CARTESIAN_POINT('',(0.266066219394,0.165394237136));
#7771 = CARTESIAN_POINT('',(0.271085200814,0.163002657329));
#7772 = ( GEOMETRIC_REPRESENTATION_CONTEXT(2) 
PARAMETRIC_REPRESENTATION_CONTEXT() REPRESENTATION_CONTEXT('2D SPACE',''
  ) );
#7773 = ADVANCED_FACE('',(#7774),#5960,.T.);
#7774 = FACE_BOUND('',#7775,.T.);
#7775 = EDGE_LOOP('',(#7776,#7777,#7778,#7779));
#7776 = ORIENTED_EDGE('',*,*,#7657,.T.);
#7777 = ORIENTED_EDGE('',*,*,#5783,.T.);
#7778 = ORIENTED_EDGE('',*,*,#7530,.F.);
#7779 = ORIENTED_EDGE('',*,*,#7780,.F.);
#7780 = EDGE_CURVE('',#7658,#7531,#7781,.T.);
#7781 = SURFACE_CURVE('',#7782,(#7850,#7857),.PCURVE_S1.);
#7782 = ( BOUNDED_CURVE() B_SPLINE_CURVE(14,(#7783,#7784,#7785,#7786,
    #7787,#7788,#7789,#7790,#7791,#7792,#7793,#7794,#7795,#7796,#7797,
    #7798,#7799,#7800,#7801,#7802,#7803,#7804,#7805,#7806,#7807,#7808,
    #7809,#7810,#7811,#7812,#7813,#7814,#7815,#7816,#7817,#7818,#7819,
    #7820,#7821,#7822,#7823,#7824,#7825,#7826,#7827,#7828,#7829,#7830,
    #7831,#7832,#7833,#7834,#7835,#7836,#7837,#7838,#7839,#7840,#7841,
    #7842,#7843,#7844,#7845,#7846,#7847,#7848,#7849),.UNSPECIFIED.,.F.,
.F.) B_SPLINE_CURVE_WITH_KNOTS((15,13,13,13,13,15),(3.007077757287,
    6.052924199448,7.607609473715,9.910775138923,11.02779646409,
12.207941811027),.UNSPECIFIED.) CURVE() GEOMETRIC_REPRESENTATION_ITEM() 
RATIONAL_B_SPLINE_CURVE((1.,1.,1.,0.999999999999,1.000000000002,
    0.999999999995,1.000000000007,0.999999999991,1.000000000008,
    0.999999999994,1.000000000003,0.999999999999,1.,1.,1.,1.000000000002
    ,0.999999999993,1.000000000015,0.999999999973,1.000000000037,
    0.999999999959,1.000000000037,0.999999999973,1.000000000016,
    0.999999999993,1.000000000002,1.,1.,1.,0.999999999999,1.000000000002
    ,0.999999999995,1.000000000007,0.999999999991,1.000000000008,
    0.999999999994,1.000000000004,0.999999999998,1.000000000001,1.,1.,1.
    ,0.999999999999,1.000000000003,0.999999999994,1.000000000009,
    0.999999999989,1.000000000011,0.999999999992,1.000000000005,
    0.999999999997,1.000000000001,1.,1.,0.999999999999,1.000000000003,
    0.999999999993,1.000000000011,0.999999999986,1.000000000014,
    0.999999999988,1.000000000008,0.999999999995,1.000000000002,
0.999999999999,1.,1.)) REPRESENTATION_ITEM('') );
#7783 = CARTESIAN_POINT('',(6.132829824665,-4.339444133908,
    8.272413337341));
#7784 = CARTESIAN_POINT('',(6.188012471967,-4.158580977177,
    8.252870019813));
#7785 = CARTESIAN_POINT('',(6.242370757951,-3.975359782405,
    8.234159525271));
#7786 = CARTESIAN_POINT('',(6.303240248485,-3.769148212464,8.21439902627
    ));
#7787 = CARTESIAN_POINT('',(6.346451623326,-3.583314843137,
    8.196270305694));
#7788 = CARTESIAN_POINT('',(6.407151787026,-3.359881553178,
    8.176896151438));
#7789 = CARTESIAN_POINT('',(6.445022986813,-3.164087351165,8.15992294134
    ));
#7790 = CARTESIAN_POINT('',(6.487084341462,-2.959428884391,
    8.143574118312));
#7791 = CARTESIAN_POINT('',(6.530275010476,-2.746273886436,
    8.127691232797));
#7792 = CARTESIAN_POINT('',(6.558241252873,-2.548485679483,
    8.113604978755));
#7793 = CARTESIAN_POINT('',(6.594751866494,-2.334334917863,
    8.099912106158));
#7794 = CARTESIAN_POINT('',(6.620637211391,-2.129878591231,8.08777448524
    ));
#7795 = CARTESIAN_POINT('',(6.646514538061,-1.92042510441,8.076615564589
    ));
#7796 = CARTESIAN_POINT('',(6.668555514832,-1.711671983366,
    8.066712228562));
#7797 = CARTESIAN_POINT('',(6.697475040736,-1.395510610172,
    8.053614461962));
#7798 = CARTESIAN_POINT('',(6.706468575885,-1.288560080326,
    8.049510853883));
#7799 = CARTESIAN_POINT('',(6.714689601165,-1.181510523564,
    8.045734304856));
#7800 = CARTESIAN_POINT('',(6.722144394771,-1.07437109725,8.042288871171
    ));
#7801 = CARTESIAN_POINT('',(6.728838609275,-0.967150922313,
    8.039178205101));
#7802 = CARTESIAN_POINT('',(6.734777271638,-0.859859083014,
    8.036405554896));
#7803 = CARTESIAN_POINT('',(6.739964783192,-0.752504627262,
    8.033973764793));
#7804 = CARTESIAN_POINT('',(6.744404919659,-0.645096566275,
    8.031885275003));
#7805 = CARTESIAN_POINT('',(6.748100831135,-0.537643874863,
    8.030142121723));
#7806 = CARTESIAN_POINT('',(6.751055042102,-0.43015549126,8.028745937128
    ));
#7807 = CARTESIAN_POINT('',(6.75326945142,-0.322640317167,8.027697949375
    ));
#7808 = CARTESIAN_POINT('',(6.75474533233,-0.215107217794,8.026998982602
    ));
#7809 = CARTESIAN_POINT('',(6.755483332456,-0.107565021792,
    8.026649456927));
#7810 = CARTESIAN_POINT('',(6.755483683194,0.159294736515,8.026649287006
    ));
#7811 = CARTESIAN_POINT('',(6.753864817024,0.318611516696,8.02741627796)
  );
#7812 = CARTESIAN_POINT('',(6.750626579855,0.477899439865,8.028950196462
    ));
#7813 = CARTESIAN_POINT('',(6.745765721729,0.637129876579,8.031248962622
    ));
#7814 = CARTESIAN_POINT('',(6.739276038169,0.796273947274,8.034308581519
    ));
#7815 = CARTESIAN_POINT('',(6.731148370177,0.955302522343,8.038123143189
    ));
#7816 = CARTESIAN_POINT('',(6.72137060423,1.114186222047,8.04268482264)
  );
#7817 = CARTESIAN_POINT('',(6.709927672293,1.272895416584,8.047983879834
    ));
#7818 = CARTESIAN_POINT('',(6.696801551798,1.43140022607,8.054008659707)
  );
#7819 = CARTESIAN_POINT('',(6.68197126567,1.589670520499,8.060745592149)
  );
#7820 = CARTESIAN_POINT('',(6.6654128823,1.747675919824,8.068179192022)
  );
#7821 = CARTESIAN_POINT('',(6.64709951557,1.905385793864,8.076292059145)
  );
#7822 = CARTESIAN_POINT('',(6.627001324832,2.062769262385,8.085064878307
    ));
#7823 = CARTESIAN_POINT('',(6.594456480546,2.295951816357,8.099040959314
    ));
#7824 = CARTESIAN_POINT('',(6.583399743905,2.372023697642,8.103755881951
    ));
#7825 = CARTESIAN_POINT('',(6.571911947126,2.448007512024,8.108618710697
    ));
#7826 = CARTESIAN_POINT('',(6.55998929611,2.523900623822,8.113626961795)
  );
#7827 = CARTESIAN_POINT('',(6.547627560531,2.599701088343,8.118778144203
    ));
#7828 = CARTESIAN_POINT('',(6.53482207383,2.675407652288,8.12406975958)
  );
#7829 = CARTESIAN_POINT('',(6.521567733236,2.751019753101,8.12949930231)
  );
#7830 = CARTESIAN_POINT('',(6.507858999729,2.826537519847,8.135064259472
    ));
#7831 = CARTESIAN_POINT('',(6.493689898085,2.901961772204,8.140762110872
    ));
#7832 = CARTESIAN_POINT('',(6.479054016834,2.977294021452,8.146590329014
    ));
#7833 = CARTESIAN_POINT('',(6.463944508292,3.052536469645,8.152546379121
    ));
#7834 = CARTESIAN_POINT('',(6.448354088538,3.127692010199,8.158627719123
    ));
#7835 = CARTESIAN_POINT('',(6.432275037432,3.20276422754,8.164831799663)
  );
#7836 = CARTESIAN_POINT('',(6.398186642104,3.356988508028,8.177837719198
    ));
#7837 = CARTESIAN_POINT('',(6.380215596217,3.435939352868,8.184641865165
    ));
#7838 = CARTESIAN_POINT('',(6.360723867581,3.51671291109,8.191694770587)
  );
#7839 = CARTESIAN_POINT('',(6.345403283136,3.587875535336,8.198284799088
    ));
#7840 = CARTESIAN_POINT('',(6.314248007489,3.68959396665,8.206908834971)
  );
#7841 = CARTESIAN_POINT('',(6.318186013486,3.718888770996,8.211101663319
    ));
#7842 = CARTESIAN_POINT('',(6.258909384149,3.875459468602,8.223477897755
    ));
#7843 = CARTESIAN_POINT('',(6.285029342425,3.855226177733,8.224632560971
    ));
#7844 = CARTESIAN_POINT('',(6.2189311713,4.024279690869,8.23814634391));
#7845 = CARTESIAN_POINT('',(6.229664023642,4.030767861457,8.241045494273
    ));
#7846 = CARTESIAN_POINT('',(6.190979292636,4.140700694222,8.250956729852
    ));
#7847 = CARTESIAN_POINT('',(6.175355134612,4.198926903992,8.257371600439
    ));
#7848 = CARTESIAN_POINT('',(6.154314503366,4.269033332897,8.26480797553)
  );
#7849 = CARTESIAN_POINT('',(6.133209256155,4.338596506844,8.272350940278
    ));
#7850 = PCURVE('',#5960,#7851);
#7851 = DEFINITIONAL_REPRESENTATION('',(#7852),#7856);
#7852 = LINE('',#7853,#7854);
#7853 = CARTESIAN_POINT('',(0.,0.));
#7854 = VECTOR('',#7855,1.);
#7855 = DIRECTION('',(0.,1.));
#7856 = ( GEOMETRIC_REPRESENTATION_CONTEXT(2) 
PARAMETRIC_REPRESENTATION_CONTEXT() REPRESENTATION_CONTEXT('2D SPACE',''
  ) );
#7857 = PCURVE('',#6373,#7858);
#7858 = DEFINITIONAL_REPRESENTATION('',(#7859),#8012);
#7859 = B_SPLINE_CURVE_WITH_KNOTS('',11,(#7860,#7861,#7862,#7863,#7864,
    #7865,#7866,#7867,#7868,#7869,#7870,#7871,#7872,#7873,#7874,#7875,
    #7876,#7877,#7878,#7879,#7880,#7881,#7882,#7883,#7884,#7885,#7886,
    #7887,#7888,#7889,#7890,#7891,#7892,#7893,#7894,#7895,#7896,#7897,
    #7898,#7899,#7900,#7901,#7902,#7903,#7904,#7905,#7906,#7907,#7908,
    #7909,#7910,#7911,#7912,#7913,#7914,#7915,#7916,#7917,#7918,#7919,
    #7920,#7921,#7922,#7923,#7924,#7925,#7926,#7927,#7928,#7929,#7930,
    #7931,#7932,#7933,#7934,#7935,#7936,#7937,#7938,#7939,#7940,#7941,
    #7942,#7943,#7944,#7945,#7946,#7947,#7948,#7949,#7950,#7951,#7952,
    #7953,#7954,#7955,#7956,#7957,#7958,#7959,#7960,#7961,#7962,#7963,
    #7964,#7965,#7966,#7967,#7968,#7969,#7970,#7971,#7972,#7973,#7974,
    #7975,#7976,#7977,#7978,#7979,#7980,#7981,#7982,#7983,#7984,#7985,
    #7986,#7987,#7988,#7989,#7990,#7991,#7992,#7993,#7994,#7995,#7996,
    #7997,#7998,#7999,#8000,#8001,#8002,#8003,#8004,#8005,#8006,#8007,
    #8008,#8009,#8010,#8011),.UNSPECIFIED.,.F.,.F.,(12,10,10,10,10,10,10
    ,10,10,10,10,10,10,10,10,12),(3.007077757287,4.157185764004,
    5.307293770722,5.882347774081,6.16987477576,6.457401777439,
    7.607509784157,9.907725797592,10.482779800951,10.77030680263,
    10.91407030347,10.985952053889,11.057833804309,11.632887807668,
    11.920414809347,12.207941811027),.UNSPECIFIED.);
#7860 = CARTESIAN_POINT('',(0.271014864093,0.163031328315));
#7861 = CARTESIAN_POINT('',(0.275255893092,0.161574202286));
#7862 = CARTESIAN_POINT('',(0.279540680489,0.160127717379));
#7863 = CARTESIAN_POINT('',(0.283986938602,0.158644342541));
#7864 = CARTESIAN_POINT('',(0.288533836195,0.15718172693));
#7865 = CARTESIAN_POINT('',(0.29318072239,0.155742290805));
#7866 = CARTESIAN_POINT('',(0.297922899379,0.154329348468));
#7867 = CARTESIAN_POINT('',(0.302744986681,0.152951612685));
#7868 = CARTESIAN_POINT('',(0.307636750082,0.151611448637));
#7869 = CARTESIAN_POINT('',(0.312583698405,0.150314504698));
#7870 = CARTESIAN_POINT('',(0.317577446907,0.149062061244));
#7871 = CARTESIAN_POINT('',(0.327644499836,0.146648581013));
#7872 = CARTESIAN_POINT('',(0.332717866436,0.145487489685));
#7873 = CARTESIAN_POINT('',(0.337824206837,0.144373157829));
#7874 = CARTESIAN_POINT('',(0.342959690687,0.14330512275));
#7875 = CARTESIAN_POINT('',(0.34812270312,0.142282681612));
#7876 = CARTESIAN_POINT('',(0.353312722159,0.141305152727));
#7877 = CARTESIAN_POINT('',(0.358529402483,0.140371765901));
#7878 = CARTESIAN_POINT('',(0.363772115922,0.139481610467));
#7879 = CARTESIAN_POINT('',(0.369039941004,0.138633797421));
#7880 = CARTESIAN_POINT('',(0.374331835805,0.137827719735));
#7881 = CARTESIAN_POINT('',(0.38230378749,0.136680674101));
#7882 = CARTESIAN_POINT('',(0.384966798361,0.136308665474));
#7883 = CARTESIAN_POINT('',(0.387635344266,0.135946944106));
#7884 = CARTESIAN_POINT('',(0.390309269382,0.135595466264));
#7885 = CARTESIAN_POINT('',(0.392988439458,0.135254175769));
#7886 = CARTESIAN_POINT('',(0.395672747842,0.134922994316));
#7887 = CARTESIAN_POINT('',(0.398362108756,0.134601823492));
#7888 = CARTESIAN_POINT('',(0.401056437796,0.134290558475));
#7889 = CARTESIAN_POINT('',(0.403755619682,0.133989113436));
#7890 = CARTESIAN_POINT('',(0.406459463236,0.13369745863));
#7891 = CARTESIAN_POINT('',(0.410521733795,0.133274774444));
#7892 = CARTESIAN_POINT('',(0.411876899346,0.133136353074));
#7893 = CARTESIAN_POINT('',(0.413233248436,0.133000295461));
#7894 = CARTESIAN_POINT('',(0.414589974144,0.132867227427));
#7895 = CARTESIAN_POINT('',(0.415949614621,0.13273507052));
#7896 = CARTESIAN_POINT('',(0.417306460013,0.132608470179));
#7897 = CARTESIAN_POINT('',(0.418669238731,0.13248029082));
#7898 = CARTESIAN_POINT('',(0.420029273773,0.13235755194));
#7899 = CARTESIAN_POINT('',(0.421392005,0.132235829175));
#7900 = CARTESIAN_POINT('',(0.422755201403,0.132116898139));
#7901 = CARTESIAN_POINT('',(0.425483556982,0.131883748981));
#7902 = CARTESIAN_POINT('',(0.42684865647,0.131769578535));
#7903 = CARTESIAN_POINT('',(0.42821465709,0.131657807816));
#7904 = CARTESIAN_POINT('',(0.429581538275,0.131548432418));
#7905 = CARTESIAN_POINT('',(0.43094927946,0.131441447934));
#7906 = CARTESIAN_POINT('',(0.432317860078,0.131336849958));
#7907 = CARTESIAN_POINT('',(0.433687259563,0.131234634084));
#7908 = CARTESIAN_POINT('',(0.435057457347,0.131134795906));
#7909 = CARTESIAN_POINT('',(0.436428432866,0.131037331017));
#7910 = CARTESIAN_POINT('',(0.437800165553,0.130942235012));
#7911 = CARTESIAN_POINT('',(0.444662511993,0.130478577367));
#7912 = CARTESIAN_POINT('',(0.450164186441,0.130145493839));
#7913 = CARTESIAN_POINT('',(0.455676336956,0.129850002611));
#7914 = CARTESIAN_POINT('',(0.461197649184,0.129591884137));
#7915 = CARTESIAN_POINT('',(0.466726812985,0.129370949863));
#7916 = CARTESIAN_POINT('',(0.472262520439,0.129187042409));
#7917 = CARTESIAN_POINT('',(0.477803464488,0.129040035677));
#7918 = CARTESIAN_POINT('',(0.483348338255,0.128929834899));
#7919 = CARTESIAN_POINT('',(0.488895834979,0.128856376599));
#7920 = CARTESIAN_POINT('',(0.494444648639,0.128819628505));
#7921 = CARTESIAN_POINT('',(0.511091128337,0.128819511112));
#7922 = CARTESIAN_POINT('',(0.522188750734,0.128966245355));
#7923 = CARTESIAN_POINT('',(0.533275944121,0.129259823687));
#7924 = CARTESIAN_POINT('',(0.544342274809,0.129700774268));
#7925 = CARTESIAN_POINT('',(0.555377270112,0.130290116226));
#7926 = CARTESIAN_POINT('',(0.566370420263,0.131029356221));
#7927 = CARTESIAN_POINT('',(0.577311185751,0.131920487175));
#7928 = CARTESIAN_POINT('',(0.58818901018,0.132965989171));
#7929 = CARTESIAN_POINT('',(0.598993338544,0.134168832527));
#7930 = CARTESIAN_POINT('',(0.60971364101,0.135532483031));
#7931 = CARTESIAN_POINT('',(0.622995892421,0.137443015933));
#7932 = CARTESIAN_POINT('',(0.625646421773,0.137835424899));
#7933 = CARTESIAN_POINT('',(0.62829087074,0.138238191472));
#7934 = CARTESIAN_POINT('',(0.63092908781,0.138651376));
#7935 = CARTESIAN_POINT('',(0.633560929417,0.139075043958));
#7936 = CARTESIAN_POINT('',(0.636186259935,0.139509265945));
#7937 = CARTESIAN_POINT('',(0.638804951688,0.139954117689));
#7938 = CARTESIAN_POINT('',(0.641416884938,0.140409680041));
#7939 = CARTESIAN_POINT('',(0.644021947895,0.140876038983));
#7940 = CARTESIAN_POINT('',(0.646620036713,0.141353285618));
#7941 = CARTESIAN_POINT('',(0.650506564875,0.14208563146));
#7942 = CARTESIAN_POINT('',(0.65180030657,0.142332492717));
#7943 = CARTESIAN_POINT('',(0.653092268536,0.142582111985));
#7944 = CARTESIAN_POINT('',(0.654382439203,0.142834501618));
#7945 = CARTESIAN_POINT('',(0.65567080745,0.143089674282));
#7946 = CARTESIAN_POINT('',(0.656957362639,0.143347642963));
#7947 = CARTESIAN_POINT('',(0.65824209457,0.143608420959));
#7948 = CARTESIAN_POINT('',(0.659524993525,0.143872021887));
#7949 = CARTESIAN_POINT('',(0.660806050235,0.144138459678));
#7950 = CARTESIAN_POINT('',(0.6620852559,0.14440774858));
#7951 = CARTESIAN_POINT('',(0.664001275317,0.144815980447));
#7952 = CARTESIAN_POINT('',(0.664639483597,0.144952774072));
#7953 = CARTESIAN_POINT('',(0.665277226075,0.145090285928));
#7954 = CARTESIAN_POINT('',(0.665914501806,0.14522851791));
#7955 = CARTESIAN_POINT('',(0.666551309847,0.145367471915));
#7956 = CARTESIAN_POINT('',(0.667187649251,0.145507149837));
#7957 = CARTESIAN_POINT('',(0.667823519078,0.145647553573));
#7958 = CARTESIAN_POINT('',(0.668458918382,0.145788685018));
#7959 = CARTESIAN_POINT('',(0.669093846219,0.145930546068));
#7960 = CARTESIAN_POINT('',(0.669728301644,0.146073138618));
#7961 = CARTESIAN_POINT('',(0.67067927475,0.146288127536));
#7962 = CARTESIAN_POINT('',(0.670996147407,0.146359973864));
#7963 = CARTESIAN_POINT('',(0.671312901596,0.146432003798));
#7964 = CARTESIAN_POINT('',(0.67162953723,0.146504217595));
#7965 = CARTESIAN_POINT('',(0.671946054214,0.146576615504));
#7966 = CARTESIAN_POINT('',(0.672262452466,0.14664919778));
#7967 = CARTESIAN_POINT('',(0.672578731888,0.146721964676));
#7968 = CARTESIAN_POINT('',(0.672894892397,0.146794916445));
#7969 = CARTESIAN_POINT('',(0.673210933899,0.146868053339));
#7970 = CARTESIAN_POINT('',(0.673526856307,0.146941375613));
#7971 = CARTESIAN_POINT('',(0.674158462754,0.147088391424));
#7972 = CARTESIAN_POINT('',(0.674474126074,0.147162072515));
#7973 = CARTESIAN_POINT('',(0.674789768738,0.147235998655));
#7974 = CARTESIAN_POINT('',(0.675105122253,0.147310008961));
#7975 = CARTESIAN_POINT('',(0.6754204287,0.147384249182));
#7976 = CARTESIAN_POINT('',(0.675735745508,0.147458753954));
#7977 = CARTESIAN_POINT('',(0.676050849757,0.147533389604));
#7978 = CARTESIAN_POINT('',(0.676365690593,0.147608126137));
#7979 = CARTESIAN_POINT('',(0.676680495369,0.14768310073));
#7980 = CARTESIAN_POINT('',(0.676995193832,0.147758271332));
#7981 = CARTESIAN_POINT('',(0.679826514017,0.148436571052));
#7982 = CARTESIAN_POINT('',(0.682336839605,0.149052326889));
#7983 = CARTESIAN_POINT('',(0.684839093104,0.149680169783));
#7984 = CARTESIAN_POINT('',(0.687320269258,0.150312505852));
#7985 = CARTESIAN_POINT('',(0.689825672403,0.150977176016));
#7986 = CARTESIAN_POINT('',(0.692276345759,0.151627300142));
#7987 = CARTESIAN_POINT('',(0.694745840952,0.152307472235));
#7988 = CARTESIAN_POINT('',(0.697186755515,0.152990059082));
#7989 = CARTESIAN_POINT('',(0.699614594817,0.15368500262));
#7990 = CARTESIAN_POINT('',(0.702020604318,0.154387626011));
#7991 = CARTESIAN_POINT('',(0.705595106394,0.155452657015));
#7992 = CARTESIAN_POINT('',(0.706780827065,0.155809500229));
#7993 = CARTESIAN_POINT('',(0.707960413802,0.15616801627));
#7994 = CARTESIAN_POINT('',(0.709133595294,0.156528086968));
#7995 = CARTESIAN_POINT('',(0.710299988447,0.156889516007));
#7996 = CARTESIAN_POINT('',(0.711459086308,0.157252015096));
#7997 = CARTESIAN_POINT('',(0.712610352395,0.157615252481));
#7998 = CARTESIAN_POINT('',(0.713753345713,0.157978919992));
#7999 = CARTESIAN_POINT('',(0.714887800552,0.158342774739));
#8000 = CARTESIAN_POINT('',(0.716013585323,0.158706611647));
#8001 = CARTESIAN_POINT('',(0.718247343817,0.159433634309));
#8002 = CARTESIAN_POINT('',(0.719355348588,0.159796837017));
#8003 = CARTESIAN_POINT('',(0.720454029401,0.160159299932));
#8004 = CARTESIAN_POINT('',(0.721543671846,0.160520957259));
#8005 = CARTESIAN_POINT('',(0.722622829191,0.160880701397));
#8006 = CARTESIAN_POINT('',(0.723691219108,0.161237991329));
#8007 = CARTESIAN_POINT('',(0.724748347161,0.16159204499));
#8008 = CARTESIAN_POINT('',(0.725793986657,0.161942077195));
#8009 = CARTESIAN_POINT('',(0.726835858964,0.162291687866));
#8010 = CARTESIAN_POINT('',(0.727892521371,0.162650898763));
#8011 = CARTESIAN_POINT('',(0.7289455802,0.163010480431));
#8012 = ( GEOMETRIC_REPRESENTATION_CONTEXT(2) 
PARAMETRIC_REPRESENTATION_CONTEXT() REPRESENTATION_CONTEXT('2D SPACE',''
  ) );
#8013 = ADVANCED_FACE('',(#8014),#6373,.T.);
#8014 = FACE_BOUND('',#8015,.T.);
#8015 = EDGE_LOOP('',(#8016,#8017,#8018,#8019,#8020,#8021,#8022,#8023));
#8016 = ORIENTED_EDGE('',*,*,#7723,.T.);
#8017 = ORIENTED_EDGE('',*,*,#7780,.T.);
#8018 = ORIENTED_EDGE('',*,*,#7588,.T.);
#8019 = ORIENTED_EDGE('',*,*,#6872,.T.);
#8020 = ORIENTED_EDGE('',*,*,#6615,.T.);
#8021 = ORIENTED_EDGE('',*,*,#6295,.T.);
#8022 = ORIENTED_EDGE('',*,*,#6737,.T.);
#8023 = ORIENTED_EDGE('',*,*,#7144,.T.);
#8024 = ( GEOMETRIC_REPRESENTATION_CONTEXT(3) 
GLOBAL_UNCERTAINTY_ASSIGNED_CONTEXT((#8028)) 
GLOBAL_UNIT_ASSIGNED_CONTEXT((#8025,#8026,#8027)) REPRESENTATION_CONTEXT
('Context #1','3D Context with UNIT and UNCERTAINTY') );
#8025 = ( LENGTH_UNIT() NAMED_UNIT(*) SI_UNIT(.MILLI.,.METRE.) );
#8026 = ( NAMED_UNIT(*) PLANE_ANGLE_UNIT() SI_UNIT($,.RADIAN.) );
#8027 = ( NAMED_UNIT(*) SI_UNIT($,.STERADIAN.) SOLID_ANGLE_UNIT() );
#8028 = UNCERTAINTY_MEASURE_WITH_UNIT(LENGTH_MEASURE(1.E-03),#8025,
  'distance_accuracy_value','confusion accuracy');
#8029 = PRODUCT_RELATED_PRODUCT_CATEGORY('part',$,(#7));
ENDSEC;
END-ISO-10303-21;
