ISO-10303-21;
HEADER;
FILE_DESCRIPTION(('Open CASCADE Model'),'2;1');
FILE_NAME('Open CASCADE Shape Model','2026-07-18T11:48:16',('Author'),(
    'Open CASCADE'),'Open CASCADE STEP processor 7.9','Open CASCADE 7.9'
  ,'Unknown');
FILE_SCHEMA(('AUTOMOTIVE_DESIGN { 1 0 10303 214 1 1 1 1 }'));
ENDSEC;
DATA;
#1 = APPLICATION_PROTOCOL_DEFINITION('international standard',
  'automotive_design',2000,#2);
#2 = APPLICATION_CONTEXT(
  'core data for automotive mechanical design processes');
#3 = SHAPE_DEFINITION_REPRESENTATION(#4,#10);
#4 = PRODUCT_DEFINITION_SHAPE('','',#5);
#5 = PRODUCT_DEFINITION('design','',#6,#9);
#6 = PRODUCT_DEFINITION_FORMATION('','',#7);
#7 = PRODUCT('Open CASCADE STEP translator 7.9 2',
  'Open CASCADE STEP translator 7.9 2','',(#8));
#8 = PRODUCT_CONTEXT('',#2,'mechanical');
#9 = PRODUCT_DEFINITION_CONTEXT('part definition',#2,'design');
#10 = ADVANCED_BREP_SHAPE_REPRESENTATION('',(#11,#15),#11965);
#11 = AXIS2_PLACEMENT_3D('',#12,#13,#14);
#12 = CARTESIAN_POINT('',(0.,0.,0.));
#13 = DIRECTION('',(0.,0.,1.));
#14 = DIRECTION('',(1.,0.,-0.));
#15 = MANIFOLD_SOLID_BREP('',#16);
#16 = CLOSED_SHELL('',(#17,#396,#472,#526,#580,#634,#688,#742,#796,#850,
    #904,#958,#1012,#1044,#1550,#1626,#1675,#1724,#1773,#1822,#1871,
    #1920,#1969,#2018,#2067,#2116,#2143,#2226,#2281,#2335,#2409,#2464,
    #2510,#2564,#2670,#2717,#2768,#2814,#2922,#2977,#3023,#3077,#3123,
    #3138,#3216,#3507,#3876,#3903,#4172,#4199,#5358,#5506,#5586,#5633,
    #5683,#5729,#5803,#5830,#5837,#5884,#5935,#6277,#6323,#6397,#6424,
    #6431,#6478,#6528,#6574,#6628,#6868,#7229,#7597,#7691,#7785,#8259,
    #8636,#8729,#8776,#8850,#8875,#8950,#9026,#9080,#9134,#9188,#9242,
    #9296,#9350,#9404,#9458,#9512,#9566,#9598,#9671,#9752,#9759,#10101,
    #10177,#10226,#10275,#10324,#10373,#10422,#10471,#10520,#10569,
    #10618,#10667,#10694,#10770,#10824,#10878,#10932,#10986,#11040,
    #11094,#11148,#11202,#11256,#11310,#11342,#11357,#11433,#11482,
    #11531,#11580,#11629,#11678,#11727,#11776,#11825,#11874,#11923,
    #11950));
#17 = ADVANCED_FACE('',(#18,#361),#32,.T.);
#18 = FACE_BOUND('',#19,.T.);
#19 = EDGE_LOOP('',(#20,#55,#83,#111,#139,#167,#195,#223,#251,#279,#307,
    #335));
#20 = ORIENTED_EDGE('',*,*,#21,.F.);
#21 = EDGE_CURVE('',#22,#24,#26,.T.);
#22 = VERTEX_POINT('',#23);
#23 = CARTESIAN_POINT('',(-14.18125,0.835,0.6));
#24 = VERTEX_POINT('',#25);
#25 = CARTESIAN_POINT('',(-12.66625,0.835,0.6));
#26 = SURFACE_CURVE('',#27,(#31,#43),.PCURVE_S1.);
#27 = LINE('',#28,#29);
#28 = CARTESIAN_POINT('',(-13.98125,0.835,0.6));
#29 = VECTOR('',#30,1.);
#30 = DIRECTION('',(1.,-0.,0.));
#31 = PCURVE('',#32,#37);
#32 = PLANE('',#33);
#33 = AXIS2_PLACEMENT_3D('',#34,#35,#36);
#34 = CARTESIAN_POINT('',(-2.486254786435E-16,-1.205344939993E-17,0.6));
#35 = DIRECTION('',(-0.,-0.,-1.));
#36 = DIRECTION('',(-1.,0.,0.));
#37 = DEFINITIONAL_REPRESENTATION('',(#38),#42);
#38 = LINE('',#39,#40);
#39 = CARTESIAN_POINT('',(13.98125,0.835));
#40 = VECTOR('',#41,1.);
#41 = DIRECTION('',(-1.,0.));
#42 = ( GEOMETRIC_REPRESENTATION_CONTEXT(2) 
PARAMETRIC_REPRESENTATION_CONTEXT() REPRESENTATION_CONTEXT('2D SPACE',''
  ) );
#43 = PCURVE('',#44,#49);
#44 = PLANE('',#45);
#45 = AXIS2_PLACEMENT_3D('',#46,#47,#48);
#46 = CARTESIAN_POINT('',(-13.98125,0.735,0.7));
#47 = DIRECTION('',(-4.446609921157E-19,0.707106781187,0.707106781187));
#48 = DIRECTION('',(-1.,-3.144228028541E-19,-3.144228028541E-19));
#49 = DEFINITIONAL_REPRESENTATION('',(#50),#54);
#50 = LINE('',#51,#52);
#51 = CARTESIAN_POINT('',(-0.,-0.141421356237));
#52 = VECTOR('',#53,1.);
#53 = DIRECTION('',(-1.,0.));
#54 = ( GEOMETRIC_REPRESENTATION_CONTEXT(2) 
PARAMETRIC_REPRESENTATION_CONTEXT() REPRESENTATION_CONTEXT('2D SPACE',''
  ) );
#55 = ORIENTED_EDGE('',*,*,#56,.T.);
#56 = EDGE_CURVE('',#22,#57,#59,.T.);
#57 = VERTEX_POINT('',#58);
#58 = CARTESIAN_POINT('',(-14.18125,-0.835,0.6));
#59 = SURFACE_CURVE('',#60,(#64,#71),.PCURVE_S1.);
#60 = LINE('',#61,#62);
#61 = CARTESIAN_POINT('',(-14.18125,0.635,0.6));
#62 = VECTOR('',#63,1.);
#63 = DIRECTION('',(0.,-1.,0.));
#64 = PCURVE('',#32,#65);
#65 = DEFINITIONAL_REPRESENTATION('',(#66),#70);
#66 = LINE('',#67,#68);
#67 = CARTESIAN_POINT('',(14.18125,0.635));
#68 = VECTOR('',#69,1.);
#69 = DIRECTION('',(0.,-1.));
#70 = ( GEOMETRIC_REPRESENTATION_CONTEXT(2) 
PARAMETRIC_REPRESENTATION_CONTEXT() REPRESENTATION_CONTEXT('2D SPACE',''
  ) );
#71 = PCURVE('',#72,#77);
#72 = PLANE('',#73);
#73 = AXIS2_PLACEMENT_3D('',#74,#75,#76);
#74 = CARTESIAN_POINT('',(-14.08125,0.635,0.7));
#75 = DIRECTION('',(0.707106781187,2.06703866116E-18,-0.707106781187));
#76 = DIRECTION('',(-1.461617054281E-18,1.,1.461617054281E-18));
#77 = DEFINITIONAL_REPRESENTATION('',(#78),#82);
#78 = LINE('',#79,#80);
#79 = CARTESIAN_POINT('',(-0.,-0.141421356237));
#80 = VECTOR('',#81,1.);
#81 = DIRECTION('',(-1.,0.));
#82 = ( GEOMETRIC_REPRESENTATION_CONTEXT(2) 
PARAMETRIC_REPRESENTATION_CONTEXT() REPRESENTATION_CONTEXT('2D SPACE',''
  ) );
#83 = ORIENTED_EDGE('',*,*,#84,.T.);
#84 = EDGE_CURVE('',#57,#85,#87,.T.);
#85 = VERTEX_POINT('',#86);
#86 = CARTESIAN_POINT('',(-12.66625,-0.835,0.6));
#87 = SURFACE_CURVE('',#88,(#92,#99),.PCURVE_S1.);
#88 = LINE('',#89,#90);
#89 = CARTESIAN_POINT('',(-13.98125,-0.835,0.6));
#90 = VECTOR('',#91,1.);
#91 = DIRECTION('',(1.,-0.,0.));
#92 = PCURVE('',#32,#93);
#93 = DEFINITIONAL_REPRESENTATION('',(#94),#98);
#94 = LINE('',#95,#96);
#95 = CARTESIAN_POINT('',(13.98125,-0.835));
#96 = VECTOR('',#97,1.);
#97 = DIRECTION('',(-1.,0.));
#98 = ( GEOMETRIC_REPRESENTATION_CONTEXT(2) 
PARAMETRIC_REPRESENTATION_CONTEXT() REPRESENTATION_CONTEXT('2D SPACE',''
  ) );
#99 = PCURVE('',#100,#105);
#100 = PLANE('',#101);
#101 = AXIS2_PLACEMENT_3D('',#102,#103,#104);
#102 = CARTESIAN_POINT('',(-13.98125,-0.735,0.7));
#103 = DIRECTION('',(4.446609921157E-19,0.707106781187,-0.707106781187)
  );
#104 = DIRECTION('',(-1.,3.144228028541E-19,-3.144228028541E-19));
#105 = DEFINITIONAL_REPRESENTATION('',(#106),#110);
#106 = LINE('',#107,#108);
#107 = CARTESIAN_POINT('',(-0.,-0.141421356237));
#108 = VECTOR('',#109,1.);
#109 = DIRECTION('',(-1.,0.));
#110 = ( GEOMETRIC_REPRESENTATION_CONTEXT(2) 
PARAMETRIC_REPRESENTATION_CONTEXT() REPRESENTATION_CONTEXT('2D SPACE',''
  ) );
#111 = ORIENTED_EDGE('',*,*,#112,.T.);
#112 = EDGE_CURVE('',#85,#113,#115,.T.);
#113 = VERTEX_POINT('',#114);
#114 = CARTESIAN_POINT('',(-12.66625,-2.275,0.6));
#115 = SURFACE_CURVE('',#116,(#120,#127),.PCURVE_S1.);
#116 = LINE('',#117,#118);
#117 = CARTESIAN_POINT('',(-12.66625,-0.635,0.6));
#118 = VECTOR('',#119,1.);
#119 = DIRECTION('',(0.,-1.,0.));
#120 = PCURVE('',#32,#121);
#121 = DEFINITIONAL_REPRESENTATION('',(#122),#126);
#122 = LINE('',#123,#124);
#123 = CARTESIAN_POINT('',(12.66625,-0.635));
#124 = VECTOR('',#125,1.);
#125 = DIRECTION('',(0.,-1.));
#126 = ( GEOMETRIC_REPRESENTATION_CONTEXT(2) 
PARAMETRIC_REPRESENTATION_CONTEXT() REPRESENTATION_CONTEXT('2D SPACE',''
  ) );
#127 = PCURVE('',#128,#133);
#128 = PLANE('',#129);
#129 = AXIS2_PLACEMENT_3D('',#130,#131,#132);
#130 = CARTESIAN_POINT('',(-12.56625,-0.635,0.7));
#131 = DIRECTION('',(0.707106781187,2.06703866116E-18,-0.707106781187));
#132 = DIRECTION('',(-1.461617054281E-18,1.,1.461617054281E-18));
#133 = DEFINITIONAL_REPRESENTATION('',(#134),#138);
#134 = LINE('',#135,#136);
#135 = CARTESIAN_POINT('',(-0.,-0.141421356237));
#136 = VECTOR('',#137,1.);
#137 = DIRECTION('',(-1.,0.));
#138 = ( GEOMETRIC_REPRESENTATION_CONTEXT(2) 
PARAMETRIC_REPRESENTATION_CONTEXT() REPRESENTATION_CONTEXT('2D SPACE',''
  ) );
#139 = ORIENTED_EDGE('',*,*,#140,.T.);
#140 = EDGE_CURVE('',#113,#141,#143,.T.);
#141 = VERTEX_POINT('',#142);
#142 = CARTESIAN_POINT('',(-11.14625,-2.275,0.6));
#143 = SURFACE_CURVE('',#144,(#148,#155),.PCURVE_S1.);
#144 = LINE('',#145,#146);
#145 = CARTESIAN_POINT('',(-12.46625,-2.275,0.6));
#146 = VECTOR('',#147,1.);
#147 = DIRECTION('',(1.,-0.,0.));
#148 = PCURVE('',#32,#149);
#149 = DEFINITIONAL_REPRESENTATION('',(#150),#154);
#150 = LINE('',#151,#152);
#151 = CARTESIAN_POINT('',(12.46625,-2.275));
#152 = VECTOR('',#153,1.);
#153 = DIRECTION('',(-1.,0.));
#154 = ( GEOMETRIC_REPRESENTATION_CONTEXT(2) 
PARAMETRIC_REPRESENTATION_CONTEXT() REPRESENTATION_CONTEXT('2D SPACE',''
  ) );
#155 = PCURVE('',#156,#161);
#156 = PLANE('',#157);
#157 = AXIS2_PLACEMENT_3D('',#158,#159,#160);
#158 = CARTESIAN_POINT('',(-12.46625,-2.175,0.7));
#159 = DIRECTION('',(1.899747459932E-18,0.707106781187,-0.707106781187)
  );
#160 = DIRECTION('',(-1.,1.34332431146E-18,-1.34332431146E-18));
#161 = DEFINITIONAL_REPRESENTATION('',(#162),#166);
#162 = LINE('',#163,#164);
#163 = CARTESIAN_POINT('',(-0.,-0.141421356237));
#164 = VECTOR('',#165,1.);
#165 = DIRECTION('',(-1.,0.));
#166 = ( GEOMETRIC_REPRESENTATION_CONTEXT(2) 
PARAMETRIC_REPRESENTATION_CONTEXT() REPRESENTATION_CONTEXT('2D SPACE',''
  ) );
#167 = ORIENTED_EDGE('',*,*,#168,.F.);
#168 = EDGE_CURVE('',#169,#141,#171,.T.);
#169 = VERTEX_POINT('',#170);
#170 = CARTESIAN_POINT('',(-11.14625,-0.835,0.6));
#171 = SURFACE_CURVE('',#172,(#176,#183),.PCURVE_S1.);
#172 = LINE('',#173,#174);
#173 = CARTESIAN_POINT('',(-11.14625,-0.635,0.6));
#174 = VECTOR('',#175,1.);
#175 = DIRECTION('',(0.,-1.,0.));
#176 = PCURVE('',#32,#177);
#177 = DEFINITIONAL_REPRESENTATION('',(#178),#182);
#178 = LINE('',#179,#180);
#179 = CARTESIAN_POINT('',(11.14625,-0.635));
#180 = VECTOR('',#181,1.);
#181 = DIRECTION('',(0.,-1.));
#182 = ( GEOMETRIC_REPRESENTATION_CONTEXT(2) 
PARAMETRIC_REPRESENTATION_CONTEXT() REPRESENTATION_CONTEXT('2D SPACE',''
  ) );
#183 = PCURVE('',#184,#189);
#184 = PLANE('',#185);
#185 = AXIS2_PLACEMENT_3D('',#186,#187,#188);
#186 = CARTESIAN_POINT('',(-11.24625,-0.635,0.7));
#187 = DIRECTION('',(0.707106781187,-2.06703866116E-18,0.707106781187));
#188 = DIRECTION('',(1.461617054281E-18,1.,1.461617054281E-18));
#189 = DEFINITIONAL_REPRESENTATION('',(#190),#194);
#190 = LINE('',#191,#192);
#191 = CARTESIAN_POINT('',(-0.,-0.141421356237));
#192 = VECTOR('',#193,1.);
#193 = DIRECTION('',(-1.,0.));
#194 = ( GEOMETRIC_REPRESENTATION_CONTEXT(2) 
PARAMETRIC_REPRESENTATION_CONTEXT() REPRESENTATION_CONTEXT('2D SPACE',''
  ) );
#195 = ORIENTED_EDGE('',*,*,#196,.T.);
#196 = EDGE_CURVE('',#169,#197,#199,.T.);
#197 = VERTEX_POINT('',#198);
#198 = CARTESIAN_POINT('',(-9.63125,-0.835,0.6));
#199 = SURFACE_CURVE('',#200,(#204,#211),.PCURVE_S1.);
#200 = LINE('',#201,#202);
#201 = CARTESIAN_POINT('',(-11.34625,-0.835,0.6));
#202 = VECTOR('',#203,1.);
#203 = DIRECTION('',(1.,-0.,0.));
#204 = PCURVE('',#32,#205);
#205 = DEFINITIONAL_REPRESENTATION('',(#206),#210);
#206 = LINE('',#207,#208);
#207 = CARTESIAN_POINT('',(11.34625,-0.835));
#208 = VECTOR('',#209,1.);
#209 = DIRECTION('',(-1.,0.));
#210 = ( GEOMETRIC_REPRESENTATION_CONTEXT(2) 
PARAMETRIC_REPRESENTATION_CONTEXT() REPRESENTATION_CONTEXT('2D SPACE',''
  ) );
#211 = PCURVE('',#212,#217);
#212 = PLANE('',#213);
#213 = AXIS2_PLACEMENT_3D('',#214,#215,#216);
#214 = CARTESIAN_POINT('',(-11.34625,-0.735,0.7));
#215 = DIRECTION('',(4.446609921157E-19,0.707106781187,-0.707106781187)
  );
#216 = DIRECTION('',(-1.,3.144228028541E-19,-3.144228028541E-19));
#217 = DEFINITIONAL_REPRESENTATION('',(#218),#222);
#218 = LINE('',#219,#220);
#219 = CARTESIAN_POINT('',(-0.,-0.141421356237));
#220 = VECTOR('',#221,1.);
#221 = DIRECTION('',(-1.,0.));
#222 = ( GEOMETRIC_REPRESENTATION_CONTEXT(2) 
PARAMETRIC_REPRESENTATION_CONTEXT() REPRESENTATION_CONTEXT('2D SPACE',''
  ) );
#223 = ORIENTED_EDGE('',*,*,#224,.F.);
#224 = EDGE_CURVE('',#225,#197,#227,.T.);
#225 = VERTEX_POINT('',#226);
#226 = CARTESIAN_POINT('',(-9.63125,0.835,0.6));
#227 = SURFACE_CURVE('',#228,(#232,#239),.PCURVE_S1.);
#228 = LINE('',#229,#230);
#229 = CARTESIAN_POINT('',(-9.63125,0.635,0.6));
#230 = VECTOR('',#231,1.);
#231 = DIRECTION('',(0.,-1.,0.));
#232 = PCURVE('',#32,#233);
#233 = DEFINITIONAL_REPRESENTATION('',(#234),#238);
#234 = LINE('',#235,#236);
#235 = CARTESIAN_POINT('',(9.63125,0.635));
#236 = VECTOR('',#237,1.);
#237 = DIRECTION('',(0.,-1.));
#238 = ( GEOMETRIC_REPRESENTATION_CONTEXT(2) 
PARAMETRIC_REPRESENTATION_CONTEXT() REPRESENTATION_CONTEXT('2D SPACE',''
  ) );
#239 = PCURVE('',#240,#245);
#240 = PLANE('',#241);
#241 = AXIS2_PLACEMENT_3D('',#242,#243,#244);
#242 = CARTESIAN_POINT('',(-9.73125,0.635,0.7));
#243 = DIRECTION('',(0.707106781187,-2.06703866116E-18,0.707106781187));
#244 = DIRECTION('',(1.461617054281E-18,1.,1.461617054281E-18));
#245 = DEFINITIONAL_REPRESENTATION('',(#246),#250);
#246 = LINE('',#247,#248);
#247 = CARTESIAN_POINT('',(-0.,-0.141421356237));
#248 = VECTOR('',#249,1.);
#249 = DIRECTION('',(-1.,0.));
#250 = ( GEOMETRIC_REPRESENTATION_CONTEXT(2) 
PARAMETRIC_REPRESENTATION_CONTEXT() REPRESENTATION_CONTEXT('2D SPACE',''
  ) );
#251 = ORIENTED_EDGE('',*,*,#252,.F.);
#252 = EDGE_CURVE('',#253,#225,#255,.T.);
#253 = VERTEX_POINT('',#254);
#254 = CARTESIAN_POINT('',(-11.14625,0.835,0.6));
#255 = SURFACE_CURVE('',#256,(#260,#267),.PCURVE_S1.);
#256 = LINE('',#257,#258);
#257 = CARTESIAN_POINT('',(-11.34625,0.835,0.6));
#258 = VECTOR('',#259,1.);
#259 = DIRECTION('',(1.,-0.,0.));
#260 = PCURVE('',#32,#261);
#261 = DEFINITIONAL_REPRESENTATION('',(#262),#266);
#262 = LINE('',#263,#264);
#263 = CARTESIAN_POINT('',(11.34625,0.835));
#264 = VECTOR('',#265,1.);
#265 = DIRECTION('',(-1.,0.));
#266 = ( GEOMETRIC_REPRESENTATION_CONTEXT(2) 
PARAMETRIC_REPRESENTATION_CONTEXT() REPRESENTATION_CONTEXT('2D SPACE',''
  ) );
#267 = PCURVE('',#268,#273);
#268 = PLANE('',#269);
#269 = AXIS2_PLACEMENT_3D('',#270,#271,#272);
#270 = CARTESIAN_POINT('',(-11.34625,0.735,0.7));
#271 = DIRECTION('',(-4.446609921157E-19,0.707106781187,0.707106781187)
  );
#272 = DIRECTION('',(-1.,-3.144228028541E-19,-3.144228028541E-19));
#273 = DEFINITIONAL_REPRESENTATION('',(#274),#278);
#274 = LINE('',#275,#276);
#275 = CARTESIAN_POINT('',(-0.,-0.141421356237));
#276 = VECTOR('',#277,1.);
#277 = DIRECTION('',(-1.,0.));
#278 = ( GEOMETRIC_REPRESENTATION_CONTEXT(2) 
PARAMETRIC_REPRESENTATION_CONTEXT() REPRESENTATION_CONTEXT('2D SPACE',''
  ) );
#279 = ORIENTED_EDGE('',*,*,#280,.F.);
#280 = EDGE_CURVE('',#281,#253,#283,.T.);
#281 = VERTEX_POINT('',#282);
#282 = CARTESIAN_POINT('',(-11.14625,2.275,0.6));
#283 = SURFACE_CURVE('',#284,(#288,#295),.PCURVE_S1.);
#284 = LINE('',#285,#286);
#285 = CARTESIAN_POINT('',(-11.14625,2.075,0.6));
#286 = VECTOR('',#287,1.);
#287 = DIRECTION('',(0.,-1.,0.));
#288 = PCURVE('',#32,#289);
#289 = DEFINITIONAL_REPRESENTATION('',(#290),#294);
#290 = LINE('',#291,#292);
#291 = CARTESIAN_POINT('',(11.14625,2.075));
#292 = VECTOR('',#293,1.);
#293 = DIRECTION('',(0.,-1.));
#294 = ( GEOMETRIC_REPRESENTATION_CONTEXT(2) 
PARAMETRIC_REPRESENTATION_CONTEXT() REPRESENTATION_CONTEXT('2D SPACE',''
  ) );
#295 = PCURVE('',#296,#301);
#296 = PLANE('',#297);
#297 = AXIS2_PLACEMENT_3D('',#298,#299,#300);
#298 = CARTESIAN_POINT('',(-11.24625,2.075,0.7));
#299 = DIRECTION('',(0.707106781187,-1.348205309508E-18,0.707106781187)
  );
#300 = DIRECTION('',(9.533251167848E-19,1.,9.533251167848E-19));
#301 = DEFINITIONAL_REPRESENTATION('',(#302),#306);
#302 = LINE('',#303,#304);
#303 = CARTESIAN_POINT('',(-0.,-0.141421356237));
#304 = VECTOR('',#305,1.);
#305 = DIRECTION('',(-1.,0.));
#306 = ( GEOMETRIC_REPRESENTATION_CONTEXT(2) 
PARAMETRIC_REPRESENTATION_CONTEXT() REPRESENTATION_CONTEXT('2D SPACE',''
  ) );
#307 = ORIENTED_EDGE('',*,*,#308,.F.);
#308 = EDGE_CURVE('',#309,#281,#311,.T.);
#309 = VERTEX_POINT('',#310);
#310 = CARTESIAN_POINT('',(-12.66625,2.275,0.6));
#311 = SURFACE_CURVE('',#312,(#316,#323),.PCURVE_S1.);
#312 = LINE('',#313,#314);
#313 = CARTESIAN_POINT('',(-12.46625,2.275,0.6));
#314 = VECTOR('',#315,1.);
#315 = DIRECTION('',(1.,-0.,0.));
#316 = PCURVE('',#32,#317);
#317 = DEFINITIONAL_REPRESENTATION('',(#318),#322);
#318 = LINE('',#319,#320);
#319 = CARTESIAN_POINT('',(12.46625,2.275));
#320 = VECTOR('',#321,1.);
#321 = DIRECTION('',(-1.,0.));
#322 = ( GEOMETRIC_REPRESENTATION_CONTEXT(2) 
PARAMETRIC_REPRESENTATION_CONTEXT() REPRESENTATION_CONTEXT('2D SPACE',''
  ) );
#323 = PCURVE('',#324,#329);
#324 = PLANE('',#325);
#325 = AXIS2_PLACEMENT_3D('',#326,#327,#328);
#326 = CARTESIAN_POINT('',(-12.46625,2.175,0.7));
#327 = DIRECTION('',(-1.899747459932E-18,0.707106781187,0.707106781187)
  );
#328 = DIRECTION('',(-1.,-1.34332431146E-18,-1.34332431146E-18));
#329 = DEFINITIONAL_REPRESENTATION('',(#330),#334);
#330 = LINE('',#331,#332);
#331 = CARTESIAN_POINT('',(-0.,-0.141421356237));
#332 = VECTOR('',#333,1.);
#333 = DIRECTION('',(-1.,0.));
#334 = ( GEOMETRIC_REPRESENTATION_CONTEXT(2) 
PARAMETRIC_REPRESENTATION_CONTEXT() REPRESENTATION_CONTEXT('2D SPACE',''
  ) );
#335 = ORIENTED_EDGE('',*,*,#336,.T.);
#336 = EDGE_CURVE('',#309,#24,#337,.T.);
#337 = SURFACE_CURVE('',#338,(#342,#349),.PCURVE_S1.);
#338 = LINE('',#339,#340);
#339 = CARTESIAN_POINT('',(-12.66625,2.075,0.6));
#340 = VECTOR('',#341,1.);
#341 = DIRECTION('',(0.,-1.,0.));
#342 = PCURVE('',#32,#343);
#343 = DEFINITIONAL_REPRESENTATION('',(#344),#348);
#344 = LINE('',#345,#346);
#345 = CARTESIAN_POINT('',(12.66625,2.075));
#346 = VECTOR('',#347,1.);
#347 = DIRECTION('',(0.,-1.));
#348 = ( GEOMETRIC_REPRESENTATION_CONTEXT(2) 
PARAMETRIC_REPRESENTATION_CONTEXT() REPRESENTATION_CONTEXT('2D SPACE',''
  ) );
#349 = PCURVE('',#350,#355);
#350 = PLANE('',#351);
#351 = AXIS2_PLACEMENT_3D('',#352,#353,#354);
#352 = CARTESIAN_POINT('',(-12.56625,2.075,0.7));
#353 = DIRECTION('',(0.707106781187,1.348205309508E-18,-0.707106781187)
  );
#354 = DIRECTION('',(-9.533251167848E-19,1.,9.533251167848E-19));
#355 = DEFINITIONAL_REPRESENTATION('',(#356),#360);
#356 = LINE('',#357,#358);
#357 = CARTESIAN_POINT('',(-0.,-0.141421356237));
#358 = VECTOR('',#359,1.);
#359 = DIRECTION('',(-1.,0.));
#360 = ( GEOMETRIC_REPRESENTATION_CONTEXT(2) 
PARAMETRIC_REPRESENTATION_CONTEXT() REPRESENTATION_CONTEXT('2D SPACE',''
  ) );
#361 = FACE_BOUND('',#362,.T.);
#362 = EDGE_LOOP('',(#363));
#363 = ORIENTED_EDGE('',*,*,#364,.F.);
#364 = EDGE_CURVE('',#365,#365,#367,.T.);
#365 = VERTEX_POINT('',#366);
#366 = CARTESIAN_POINT('',(-9.15625,0.,0.6));
#367 = SURFACE_CURVE('',#368,(#373,#384),.PCURVE_S1.);
#368 = CIRCLE('',#369,2.75);
#369 = AXIS2_PLACEMENT_3D('',#370,#371,#372);
#370 = CARTESIAN_POINT('',(-11.90625,4.703859834072E-16,0.6));
#371 = DIRECTION('',(0.,0.,1.));
#372 = DIRECTION('',(1.,7.387991131778E-17,-0.));
#373 = PCURVE('',#32,#374);
#374 = DEFINITIONAL_REPRESENTATION('',(#375),#383);
#375 = ( BOUNDED_CURVE() B_SPLINE_CURVE(2,(#376,#377,#378,#379,#380,#381
,#382),.UNSPECIFIED.,.T.,.F.) B_SPLINE_CURVE_WITH_KNOTS((1,2,2,2,2,1),(
    -2.094395102393,0.,2.094395102393,4.188790204786,6.28318530718,
8.377580409573),.UNSPECIFIED.) CURVE() GEOMETRIC_REPRESENTATION_ITEM() 
RATIONAL_B_SPLINE_CURVE((1.,0.5,1.,0.5,1.,0.5,1.)) REPRESENTATION_ITEM(
  '') );
#376 = CARTESIAN_POINT('',(9.15625,6.85609188931E-16));
#377 = CARTESIAN_POINT('',(9.15625,4.763139720814));
#378 = CARTESIAN_POINT('',(13.28125,2.381569860407));
#379 = CARTESIAN_POINT('',(17.40625,7.496556600904E-16));
#380 = CARTESIAN_POINT('',(13.28125,-2.381569860407));
#381 = CARTESIAN_POINT('',(9.15625,-4.763139720814));
#382 = CARTESIAN_POINT('',(9.15625,6.85609188931E-16));
#383 = ( GEOMETRIC_REPRESENTATION_CONTEXT(2) 
PARAMETRIC_REPRESENTATION_CONTEXT() REPRESENTATION_CONTEXT('2D SPACE',''
  ) );
#384 = PCURVE('',#385,#390);
#385 = CYLINDRICAL_SURFACE('',#386,2.75);
#386 = AXIS2_PLACEMENT_3D('',#387,#388,#389);
#387 = CARTESIAN_POINT('',(-11.90625,0.,4.5));
#388 = DIRECTION('',(0.,0.,-1.));
#389 = DIRECTION('',(1.,0.,0.));
#390 = DEFINITIONAL_REPRESENTATION('',(#391),#395);
#391 = LINE('',#392,#393);
#392 = CARTESIAN_POINT('',(6.28318530718,3.9));
#393 = VECTOR('',#394,1.);
#394 = DIRECTION('',(-1.,-0.));
#395 = ( GEOMETRIC_REPRESENTATION_CONTEXT(2) 
PARAMETRIC_REPRESENTATION_CONTEXT() REPRESENTATION_CONTEXT('2D SPACE',''
  ) );
#396 = ADVANCED_FACE('',(#397),#44,.F.);
#397 = FACE_BOUND('',#398,.T.);
#398 = EDGE_LOOP('',(#399,#422,#423,#446));
#399 = ORIENTED_EDGE('',*,*,#400,.F.);
#400 = EDGE_CURVE('',#22,#401,#403,.T.);
#401 = VERTEX_POINT('',#402);
#402 = CARTESIAN_POINT('',(-13.98125,0.635,0.8));
#403 = SURFACE_CURVE('',#404,(#408,#415),.PCURVE_S1.);
#404 = LINE('',#405,#406);
#405 = CARTESIAN_POINT('',(-14.04791666666,0.701666666667,0.733333333333
    ));
#406 = VECTOR('',#407,1.);
#407 = DIRECTION('',(0.57735026919,-0.57735026919,0.57735026919));
#408 = PCURVE('',#44,#409);
#409 = DEFINITIONAL_REPRESENTATION('',(#410),#414);
#410 = LINE('',#411,#412);
#411 = CARTESIAN_POINT('',(6.666666666666E-02,4.71404520791E-02));
#412 = VECTOR('',#413,1.);
#413 = DIRECTION('',(-0.57735026919,0.816496580928));
#414 = ( GEOMETRIC_REPRESENTATION_CONTEXT(2) 
PARAMETRIC_REPRESENTATION_CONTEXT() REPRESENTATION_CONTEXT('2D SPACE',''
  ) );
#415 = PCURVE('',#72,#416);
#416 = DEFINITIONAL_REPRESENTATION('',(#417),#421);
#417 = LINE('',#418,#419);
#418 = CARTESIAN_POINT('',(6.666666666667E-02,4.71404520791E-02));
#419 = VECTOR('',#420,1.);
#420 = DIRECTION('',(-0.57735026919,0.816496580928));
#421 = ( GEOMETRIC_REPRESENTATION_CONTEXT(2) 
PARAMETRIC_REPRESENTATION_CONTEXT() REPRESENTATION_CONTEXT('2D SPACE',''
  ) );
#422 = ORIENTED_EDGE('',*,*,#21,.T.);
#423 = ORIENTED_EDGE('',*,*,#424,.T.);
#424 = EDGE_CURVE('',#24,#425,#427,.T.);
#425 = VERTEX_POINT('',#426);
#426 = CARTESIAN_POINT('',(-12.46625,0.635,0.8));
#427 = SURFACE_CURVE('',#428,(#432,#439),.PCURVE_S1.);
#428 = LINE('',#429,#430);
#429 = CARTESIAN_POINT('',(-13.02541666666,1.194166666667,0.240833333333
    ));
#430 = VECTOR('',#431,1.);
#431 = DIRECTION('',(0.57735026919,-0.57735026919,0.57735026919));
#432 = PCURVE('',#44,#433);
#433 = DEFINITIONAL_REPRESENTATION('',(#434),#438);
#434 = LINE('',#435,#436);
#435 = CARTESIAN_POINT('',(-0.955833333333,-0.64935972739));
#436 = VECTOR('',#437,1.);
#437 = DIRECTION('',(-0.57735026919,0.816496580928));
#438 = ( GEOMETRIC_REPRESENTATION_CONTEXT(2) 
PARAMETRIC_REPRESENTATION_CONTEXT() REPRESENTATION_CONTEXT('2D SPACE',''
  ) );
#439 = PCURVE('',#350,#440);
#440 = DEFINITIONAL_REPRESENTATION('',(#441),#445);
#441 = LINE('',#442,#443);
#442 = CARTESIAN_POINT('',(-0.880833333333,-0.64935972739));
#443 = VECTOR('',#444,1.);
#444 = DIRECTION('',(-0.57735026919,0.816496580928));
#445 = ( GEOMETRIC_REPRESENTATION_CONTEXT(2) 
PARAMETRIC_REPRESENTATION_CONTEXT() REPRESENTATION_CONTEXT('2D SPACE',''
  ) );
#446 = ORIENTED_EDGE('',*,*,#447,.F.);
#447 = EDGE_CURVE('',#401,#425,#448,.T.);
#448 = SURFACE_CURVE('',#449,(#453,#460),.PCURVE_S1.);
#449 = LINE('',#450,#451);
#450 = CARTESIAN_POINT('',(-13.98125,0.635,0.8));
#451 = VECTOR('',#452,1.);
#452 = DIRECTION('',(1.,-0.,0.));
#453 = PCURVE('',#44,#454);
#454 = DEFINITIONAL_REPRESENTATION('',(#455),#459);
#455 = LINE('',#456,#457);
#456 = CARTESIAN_POINT('',(-0.,0.141421356237));
#457 = VECTOR('',#458,1.);
#458 = DIRECTION('',(-1.,0.));
#459 = ( GEOMETRIC_REPRESENTATION_CONTEXT(2) 
PARAMETRIC_REPRESENTATION_CONTEXT() REPRESENTATION_CONTEXT('2D SPACE',''
  ) );
#460 = PCURVE('',#461,#466);
#461 = PLANE('',#462);
#462 = AXIS2_PLACEMENT_3D('',#463,#464,#465);
#463 = CARTESIAN_POINT('',(-13.98125,0.635,0.));
#464 = DIRECTION('',(0.,1.,-0.));
#465 = DIRECTION('',(1.,0.,0.));
#466 = DEFINITIONAL_REPRESENTATION('',(#467),#471);
#467 = LINE('',#468,#469);
#468 = CARTESIAN_POINT('',(-1.7763568394E-15,-0.8));
#469 = VECTOR('',#470,1.);
#470 = DIRECTION('',(1.,0.));
#471 = ( GEOMETRIC_REPRESENTATION_CONTEXT(2) 
PARAMETRIC_REPRESENTATION_CONTEXT() REPRESENTATION_CONTEXT('2D SPACE',''
  ) );
#472 = ADVANCED_FACE('',(#473),#72,.T.);
#473 = FACE_BOUND('',#474,.F.);
#474 = EDGE_LOOP('',(#475,#476,#477,#500));
#475 = ORIENTED_EDGE('',*,*,#400,.F.);
#476 = ORIENTED_EDGE('',*,*,#56,.T.);
#477 = ORIENTED_EDGE('',*,*,#478,.T.);
#478 = EDGE_CURVE('',#57,#479,#481,.T.);
#479 = VERTEX_POINT('',#480);
#480 = CARTESIAN_POINT('',(-13.98125,-0.635,0.8));
#481 = SURFACE_CURVE('',#482,(#486,#493),.PCURVE_S1.);
#482 = LINE('',#483,#484);
#483 = CARTESIAN_POINT('',(-13.83625,-0.49,0.945));
#484 = VECTOR('',#485,1.);
#485 = DIRECTION('',(0.57735026919,0.57735026919,0.57735026919));
#486 = PCURVE('',#72,#487);
#487 = DEFINITIONAL_REPRESENTATION('',(#488),#492);
#488 = LINE('',#489,#490);
#489 = CARTESIAN_POINT('',(-1.125,0.346482322781));
#490 = VECTOR('',#491,1.);
#491 = DIRECTION('',(0.57735026919,0.816496580928));
#492 = ( GEOMETRIC_REPRESENTATION_CONTEXT(2) 
PARAMETRIC_REPRESENTATION_CONTEXT() REPRESENTATION_CONTEXT('2D SPACE',''
  ) );
#493 = PCURVE('',#100,#494);
#494 = DEFINITIONAL_REPRESENTATION('',(#495),#499);
#495 = LINE('',#496,#497);
#496 = CARTESIAN_POINT('',(-0.145,0.346482322781));
#497 = VECTOR('',#498,1.);
#498 = DIRECTION('',(-0.57735026919,0.816496580928));
#499 = ( GEOMETRIC_REPRESENTATION_CONTEXT(2) 
PARAMETRIC_REPRESENTATION_CONTEXT() REPRESENTATION_CONTEXT('2D SPACE',''
  ) );
#500 = ORIENTED_EDGE('',*,*,#501,.F.);
#501 = EDGE_CURVE('',#401,#479,#502,.T.);
#502 = SURFACE_CURVE('',#503,(#507,#514),.PCURVE_S1.);
#503 = LINE('',#504,#505);
#504 = CARTESIAN_POINT('',(-13.98125,0.635,0.8));
#505 = VECTOR('',#506,1.);
#506 = DIRECTION('',(0.,-1.,0.));
#507 = PCURVE('',#72,#508);
#508 = DEFINITIONAL_REPRESENTATION('',(#509),#513);
#509 = LINE('',#510,#511);
#510 = CARTESIAN_POINT('',(-0.,0.141421356237));
#511 = VECTOR('',#512,1.);
#512 = DIRECTION('',(-1.,0.));
#513 = ( GEOMETRIC_REPRESENTATION_CONTEXT(2) 
PARAMETRIC_REPRESENTATION_CONTEXT() REPRESENTATION_CONTEXT('2D SPACE',''
  ) );
#514 = PCURVE('',#515,#520);
#515 = PLANE('',#516);
#516 = AXIS2_PLACEMENT_3D('',#517,#518,#519);
#517 = CARTESIAN_POINT('',(-13.98125,0.635,0.));
#518 = DIRECTION('',(1.,0.,0.));
#519 = DIRECTION('',(0.,-1.,0.));
#520 = DEFINITIONAL_REPRESENTATION('',(#521),#525);
#521 = LINE('',#522,#523);
#522 = CARTESIAN_POINT('',(0.,-0.8));
#523 = VECTOR('',#524,1.);
#524 = DIRECTION('',(1.,0.));
#525 = ( GEOMETRIC_REPRESENTATION_CONTEXT(2) 
PARAMETRIC_REPRESENTATION_CONTEXT() REPRESENTATION_CONTEXT('2D SPACE',''
  ) );
#526 = ADVANCED_FACE('',(#527),#350,.T.);
#527 = FACE_BOUND('',#528,.F.);
#528 = EDGE_LOOP('',(#529,#552,#553,#554));
#529 = ORIENTED_EDGE('',*,*,#530,.F.);
#530 = EDGE_CURVE('',#309,#531,#533,.T.);
#531 = VERTEX_POINT('',#532);
#532 = CARTESIAN_POINT('',(-12.46625,2.075,0.8));
#533 = SURFACE_CURVE('',#534,(#538,#545),.PCURVE_S1.);
#534 = LINE('',#535,#536);
#535 = CARTESIAN_POINT('',(-12.53291666666,2.141666666667,0.733333333333
    ));
#536 = VECTOR('',#537,1.);
#537 = DIRECTION('',(0.57735026919,-0.57735026919,0.57735026919));
#538 = PCURVE('',#350,#539);
#539 = DEFINITIONAL_REPRESENTATION('',(#540),#544);
#540 = LINE('',#541,#542);
#541 = CARTESIAN_POINT('',(6.666666666667E-02,4.71404520791E-02));
#542 = VECTOR('',#543,1.);
#543 = DIRECTION('',(-0.57735026919,0.816496580928));
#544 = ( GEOMETRIC_REPRESENTATION_CONTEXT(2) 
PARAMETRIC_REPRESENTATION_CONTEXT() REPRESENTATION_CONTEXT('2D SPACE',''
  ) );
#545 = PCURVE('',#324,#546);
#546 = DEFINITIONAL_REPRESENTATION('',(#547),#551);
#547 = LINE('',#548,#549);
#548 = CARTESIAN_POINT('',(6.666666666667E-02,4.71404520791E-02));
#549 = VECTOR('',#550,1.);
#550 = DIRECTION('',(-0.57735026919,0.816496580928));
#551 = ( GEOMETRIC_REPRESENTATION_CONTEXT(2) 
PARAMETRIC_REPRESENTATION_CONTEXT() REPRESENTATION_CONTEXT('2D SPACE',''
  ) );
#552 = ORIENTED_EDGE('',*,*,#336,.T.);
#553 = ORIENTED_EDGE('',*,*,#424,.T.);
#554 = ORIENTED_EDGE('',*,*,#555,.F.);
#555 = EDGE_CURVE('',#531,#425,#556,.T.);
#556 = SURFACE_CURVE('',#557,(#561,#568),.PCURVE_S1.);
#557 = LINE('',#558,#559);
#558 = CARTESIAN_POINT('',(-12.46625,2.075,0.8));
#559 = VECTOR('',#560,1.);
#560 = DIRECTION('',(0.,-1.,0.));
#561 = PCURVE('',#350,#562);
#562 = DEFINITIONAL_REPRESENTATION('',(#563),#567);
#563 = LINE('',#564,#565);
#564 = CARTESIAN_POINT('',(-0.,0.141421356237));
#565 = VECTOR('',#566,1.);
#566 = DIRECTION('',(-1.,0.));
#567 = ( GEOMETRIC_REPRESENTATION_CONTEXT(2) 
PARAMETRIC_REPRESENTATION_CONTEXT() REPRESENTATION_CONTEXT('2D SPACE',''
  ) );
#568 = PCURVE('',#569,#574);
#569 = PLANE('',#570);
#570 = AXIS2_PLACEMENT_3D('',#571,#572,#573);
#571 = CARTESIAN_POINT('',(-12.46625,2.075,0.));
#572 = DIRECTION('',(1.,0.,0.));
#573 = DIRECTION('',(0.,-1.,0.));
#574 = DEFINITIONAL_REPRESENTATION('',(#575),#579);
#575 = LINE('',#576,#577);
#576 = CARTESIAN_POINT('',(0.,-0.8));
#577 = VECTOR('',#578,1.);
#578 = DIRECTION('',(1.,0.));
#579 = ( GEOMETRIC_REPRESENTATION_CONTEXT(2) 
PARAMETRIC_REPRESENTATION_CONTEXT() REPRESENTATION_CONTEXT('2D SPACE',''
  ) );
#580 = ADVANCED_FACE('',(#581),#100,.T.);
#581 = FACE_BOUND('',#582,.F.);
#582 = EDGE_LOOP('',(#583,#584,#585,#608));
#583 = ORIENTED_EDGE('',*,*,#478,.F.);
#584 = ORIENTED_EDGE('',*,*,#84,.T.);
#585 = ORIENTED_EDGE('',*,*,#586,.T.);
#586 = EDGE_CURVE('',#85,#587,#589,.T.);
#587 = VERTEX_POINT('',#588);
#588 = CARTESIAN_POINT('',(-12.46625,-0.635,0.8));
#589 = SURFACE_CURVE('',#590,(#594,#601),.PCURVE_S1.);
#590 = LINE('',#591,#592);
#591 = CARTESIAN_POINT('',(-12.78541666666,-0.954166666667,
    0.480833333333));
#592 = VECTOR('',#593,1.);
#593 = DIRECTION('',(0.57735026919,0.57735026919,0.57735026919));
#594 = PCURVE('',#100,#595);
#595 = DEFINITIONAL_REPRESENTATION('',(#596),#600);
#596 = LINE('',#597,#598);
#597 = CARTESIAN_POINT('',(-1.195833333333,-0.30994847242));
#598 = VECTOR('',#599,1.);
#599 = DIRECTION('',(-0.57735026919,0.816496580928));
#600 = ( GEOMETRIC_REPRESENTATION_CONTEXT(2) 
PARAMETRIC_REPRESENTATION_CONTEXT() REPRESENTATION_CONTEXT('2D SPACE',''
  ) );
#601 = PCURVE('',#128,#602);
#602 = DEFINITIONAL_REPRESENTATION('',(#603),#607);
#603 = LINE('',#604,#605);
#604 = CARTESIAN_POINT('',(-0.319166666667,-0.30994847242));
#605 = VECTOR('',#606,1.);
#606 = DIRECTION('',(0.57735026919,0.816496580928));
#607 = ( GEOMETRIC_REPRESENTATION_CONTEXT(2) 
PARAMETRIC_REPRESENTATION_CONTEXT() REPRESENTATION_CONTEXT('2D SPACE',''
  ) );
#608 = ORIENTED_EDGE('',*,*,#609,.F.);
#609 = EDGE_CURVE('',#479,#587,#610,.T.);
#610 = SURFACE_CURVE('',#611,(#615,#622),.PCURVE_S1.);
#611 = LINE('',#612,#613);
#612 = CARTESIAN_POINT('',(-13.98125,-0.635,0.8));
#613 = VECTOR('',#614,1.);
#614 = DIRECTION('',(1.,-0.,0.));
#615 = PCURVE('',#100,#616);
#616 = DEFINITIONAL_REPRESENTATION('',(#617),#621);
#617 = LINE('',#618,#619);
#618 = CARTESIAN_POINT('',(-0.,0.141421356237));
#619 = VECTOR('',#620,1.);
#620 = DIRECTION('',(-1.,0.));
#621 = ( GEOMETRIC_REPRESENTATION_CONTEXT(2) 
PARAMETRIC_REPRESENTATION_CONTEXT() REPRESENTATION_CONTEXT('2D SPACE',''
  ) );
#622 = PCURVE('',#623,#628);
#623 = PLANE('',#624);
#624 = AXIS2_PLACEMENT_3D('',#625,#626,#627);
#625 = CARTESIAN_POINT('',(-13.98125,-0.635,0.));
#626 = DIRECTION('',(0.,1.,-0.));
#627 = DIRECTION('',(1.,0.,0.));
#628 = DEFINITIONAL_REPRESENTATION('',(#629),#633);
#629 = LINE('',#630,#631);
#630 = CARTESIAN_POINT('',(-1.7763568394E-15,-0.8));
#631 = VECTOR('',#632,1.);
#632 = DIRECTION('',(1.,0.));
#633 = ( GEOMETRIC_REPRESENTATION_CONTEXT(2) 
PARAMETRIC_REPRESENTATION_CONTEXT() REPRESENTATION_CONTEXT('2D SPACE',''
  ) );
#634 = ADVANCED_FACE('',(#635),#324,.F.);
#635 = FACE_BOUND('',#636,.T.);
#636 = EDGE_LOOP('',(#637,#638,#639,#662));
#637 = ORIENTED_EDGE('',*,*,#530,.F.);
#638 = ORIENTED_EDGE('',*,*,#308,.T.);
#639 = ORIENTED_EDGE('',*,*,#640,.T.);
#640 = EDGE_CURVE('',#281,#641,#643,.T.);
#641 = VERTEX_POINT('',#642);
#642 = CARTESIAN_POINT('',(-11.34625,2.075,0.8));
#643 = SURFACE_CURVE('',#644,(#648,#655),.PCURVE_S1.);
#644 = LINE('',#645,#646);
#645 = CARTESIAN_POINT('',(-11.46625,1.955,0.92));
#646 = VECTOR('',#647,1.);
#647 = DIRECTION('',(-0.57735026919,-0.57735026919,0.57735026919));
#648 = PCURVE('',#324,#649);
#649 = DEFINITIONAL_REPRESENTATION('',(#650),#654);
#650 = LINE('',#651,#652);
#651 = CARTESIAN_POINT('',(-1.,0.311126983722));
#652 = VECTOR('',#653,1.);
#653 = DIRECTION('',(0.57735026919,0.816496580928));
#654 = ( GEOMETRIC_REPRESENTATION_CONTEXT(2) 
PARAMETRIC_REPRESENTATION_CONTEXT() REPRESENTATION_CONTEXT('2D SPACE',''
  ) );
#655 = PCURVE('',#296,#656);
#656 = DEFINITIONAL_REPRESENTATION('',(#657),#661);
#657 = LINE('',#658,#659);
#658 = CARTESIAN_POINT('',(-0.12,0.311126983722));
#659 = VECTOR('',#660,1.);
#660 = DIRECTION('',(-0.57735026919,0.816496580928));
#661 = ( GEOMETRIC_REPRESENTATION_CONTEXT(2) 
PARAMETRIC_REPRESENTATION_CONTEXT() REPRESENTATION_CONTEXT('2D SPACE',''
  ) );
#662 = ORIENTED_EDGE('',*,*,#663,.F.);
#663 = EDGE_CURVE('',#531,#641,#664,.T.);
#664 = SURFACE_CURVE('',#665,(#669,#676),.PCURVE_S1.);
#665 = LINE('',#666,#667);
#666 = CARTESIAN_POINT('',(-12.46625,2.075,0.8));
#667 = VECTOR('',#668,1.);
#668 = DIRECTION('',(1.,-0.,0.));
#669 = PCURVE('',#324,#670);
#670 = DEFINITIONAL_REPRESENTATION('',(#671),#675);
#671 = LINE('',#672,#673);
#672 = CARTESIAN_POINT('',(-0.,0.141421356237));
#673 = VECTOR('',#674,1.);
#674 = DIRECTION('',(-1.,0.));
#675 = ( GEOMETRIC_REPRESENTATION_CONTEXT(2) 
PARAMETRIC_REPRESENTATION_CONTEXT() REPRESENTATION_CONTEXT('2D SPACE',''
  ) );
#676 = PCURVE('',#677,#682);
#677 = PLANE('',#678);
#678 = AXIS2_PLACEMENT_3D('',#679,#680,#681);
#679 = CARTESIAN_POINT('',(-12.46625,2.075,0.));
#680 = DIRECTION('',(0.,1.,-0.));
#681 = DIRECTION('',(1.,0.,0.));
#682 = DEFINITIONAL_REPRESENTATION('',(#683),#687);
#683 = LINE('',#684,#685);
#684 = CARTESIAN_POINT('',(0.,-0.8));
#685 = VECTOR('',#686,1.);
#686 = DIRECTION('',(1.,0.));
#687 = ( GEOMETRIC_REPRESENTATION_CONTEXT(2) 
PARAMETRIC_REPRESENTATION_CONTEXT() REPRESENTATION_CONTEXT('2D SPACE',''
  ) );
#688 = ADVANCED_FACE('',(#689),#128,.T.);
#689 = FACE_BOUND('',#690,.F.);
#690 = EDGE_LOOP('',(#691,#692,#693,#716));
#691 = ORIENTED_EDGE('',*,*,#586,.F.);
#692 = ORIENTED_EDGE('',*,*,#112,.T.);
#693 = ORIENTED_EDGE('',*,*,#694,.T.);
#694 = EDGE_CURVE('',#113,#695,#697,.T.);
#695 = VERTEX_POINT('',#696);
#696 = CARTESIAN_POINT('',(-12.46625,-2.075,0.8));
#697 = SURFACE_CURVE('',#698,(#702,#709),.PCURVE_S1.);
#698 = LINE('',#699,#700);
#699 = CARTESIAN_POINT('',(-12.29291666666,-1.901666666667,
    0.973333333333));
#700 = VECTOR('',#701,1.);
#701 = DIRECTION('',(0.57735026919,0.57735026919,0.57735026919));
#702 = PCURVE('',#128,#703);
#703 = DEFINITIONAL_REPRESENTATION('',(#704),#708);
#704 = LINE('',#705,#706);
#705 = CARTESIAN_POINT('',(-1.266666666667,0.386551707049));
#706 = VECTOR('',#707,1.);
#707 = DIRECTION('',(0.57735026919,0.816496580928));
#708 = ( GEOMETRIC_REPRESENTATION_CONTEXT(2) 
PARAMETRIC_REPRESENTATION_CONTEXT() REPRESENTATION_CONTEXT('2D SPACE',''
  ) );
#709 = PCURVE('',#156,#710);
#710 = DEFINITIONAL_REPRESENTATION('',(#711),#715);
#711 = LINE('',#712,#713);
#712 = CARTESIAN_POINT('',(-0.173333333333,0.386551707049));
#713 = VECTOR('',#714,1.);
#714 = DIRECTION('',(-0.57735026919,0.816496580928));
#715 = ( GEOMETRIC_REPRESENTATION_CONTEXT(2) 
PARAMETRIC_REPRESENTATION_CONTEXT() REPRESENTATION_CONTEXT('2D SPACE',''
  ) );
#716 = ORIENTED_EDGE('',*,*,#717,.F.);
#717 = EDGE_CURVE('',#587,#695,#718,.T.);
#718 = SURFACE_CURVE('',#719,(#723,#730),.PCURVE_S1.);
#719 = LINE('',#720,#721);
#720 = CARTESIAN_POINT('',(-12.46625,-0.635,0.8));
#721 = VECTOR('',#722,1.);
#722 = DIRECTION('',(0.,-1.,0.));
#723 = PCURVE('',#128,#724);
#724 = DEFINITIONAL_REPRESENTATION('',(#725),#729);
#725 = LINE('',#726,#727);
#726 = CARTESIAN_POINT('',(-0.,0.141421356237));
#727 = VECTOR('',#728,1.);
#728 = DIRECTION('',(-1.,0.));
#729 = ( GEOMETRIC_REPRESENTATION_CONTEXT(2) 
PARAMETRIC_REPRESENTATION_CONTEXT() REPRESENTATION_CONTEXT('2D SPACE',''
  ) );
#730 = PCURVE('',#731,#736);
#731 = PLANE('',#732);
#732 = AXIS2_PLACEMENT_3D('',#733,#734,#735);
#733 = CARTESIAN_POINT('',(-12.46625,-0.635,0.));
#734 = DIRECTION('',(1.,0.,0.));
#735 = DIRECTION('',(0.,-1.,0.));
#736 = DEFINITIONAL_REPRESENTATION('',(#737),#741);
#737 = LINE('',#738,#739);
#738 = CARTESIAN_POINT('',(0.,-0.8));
#739 = VECTOR('',#740,1.);
#740 = DIRECTION('',(1.,0.));
#741 = ( GEOMETRIC_REPRESENTATION_CONTEXT(2) 
PARAMETRIC_REPRESENTATION_CONTEXT() REPRESENTATION_CONTEXT('2D SPACE',''
  ) );
#742 = ADVANCED_FACE('',(#743),#296,.F.);
#743 = FACE_BOUND('',#744,.T.);
#744 = EDGE_LOOP('',(#745,#746,#747,#770));
#745 = ORIENTED_EDGE('',*,*,#640,.F.);
#746 = ORIENTED_EDGE('',*,*,#280,.T.);
#747 = ORIENTED_EDGE('',*,*,#748,.T.);
#748 = EDGE_CURVE('',#253,#749,#751,.T.);
#749 = VERTEX_POINT('',#750);
#750 = CARTESIAN_POINT('',(-11.34625,0.635,0.8));
#751 = SURFACE_CURVE('',#752,(#756,#763),.PCURVE_S1.);
#752 = LINE('',#753,#754);
#753 = CARTESIAN_POINT('',(-11.03958333333,0.941666666667,0.493333333333
    ));
#754 = VECTOR('',#755,1.);
#755 = DIRECTION('',(-0.57735026919,-0.57735026919,0.57735026919));
#756 = PCURVE('',#296,#757);
#757 = DEFINITIONAL_REPRESENTATION('',(#758),#762);
#758 = LINE('',#759,#760);
#759 = CARTESIAN_POINT('',(-1.133333333333,-0.29227080289));
#760 = VECTOR('',#761,1.);
#761 = DIRECTION('',(-0.57735026919,0.816496580928));
#762 = ( GEOMETRIC_REPRESENTATION_CONTEXT(2) 
PARAMETRIC_REPRESENTATION_CONTEXT() REPRESENTATION_CONTEXT('2D SPACE',''
  ) );
#763 = PCURVE('',#268,#764);
#764 = DEFINITIONAL_REPRESENTATION('',(#765),#769);
#765 = LINE('',#766,#767);
#766 = CARTESIAN_POINT('',(-0.306666666667,-0.29227080289));
#767 = VECTOR('',#768,1.);
#768 = DIRECTION('',(0.57735026919,0.816496580928));
#769 = ( GEOMETRIC_REPRESENTATION_CONTEXT(2) 
PARAMETRIC_REPRESENTATION_CONTEXT() REPRESENTATION_CONTEXT('2D SPACE',''
  ) );
#770 = ORIENTED_EDGE('',*,*,#771,.F.);
#771 = EDGE_CURVE('',#641,#749,#772,.T.);
#772 = SURFACE_CURVE('',#773,(#777,#784),.PCURVE_S1.);
#773 = LINE('',#774,#775);
#774 = CARTESIAN_POINT('',(-11.34625,2.075,0.8));
#775 = VECTOR('',#776,1.);
#776 = DIRECTION('',(0.,-1.,0.));
#777 = PCURVE('',#296,#778);
#778 = DEFINITIONAL_REPRESENTATION('',(#779),#783);
#779 = LINE('',#780,#781);
#780 = CARTESIAN_POINT('',(-0.,0.141421356237));
#781 = VECTOR('',#782,1.);
#782 = DIRECTION('',(-1.,0.));
#783 = ( GEOMETRIC_REPRESENTATION_CONTEXT(2) 
PARAMETRIC_REPRESENTATION_CONTEXT() REPRESENTATION_CONTEXT('2D SPACE',''
  ) );
#784 = PCURVE('',#785,#790);
#785 = PLANE('',#786);
#786 = AXIS2_PLACEMENT_3D('',#787,#788,#789);
#787 = CARTESIAN_POINT('',(-11.34625,2.075,0.));
#788 = DIRECTION('',(1.,0.,0.));
#789 = DIRECTION('',(0.,-1.,0.));
#790 = DEFINITIONAL_REPRESENTATION('',(#791),#795);
#791 = LINE('',#792,#793);
#792 = CARTESIAN_POINT('',(0.,-0.8));
#793 = VECTOR('',#794,1.);
#794 = DIRECTION('',(1.,0.));
#795 = ( GEOMETRIC_REPRESENTATION_CONTEXT(2) 
PARAMETRIC_REPRESENTATION_CONTEXT() REPRESENTATION_CONTEXT('2D SPACE',''
  ) );
#796 = ADVANCED_FACE('',(#797),#156,.T.);
#797 = FACE_BOUND('',#798,.F.);
#798 = EDGE_LOOP('',(#799,#800,#801,#824));
#799 = ORIENTED_EDGE('',*,*,#694,.F.);
#800 = ORIENTED_EDGE('',*,*,#140,.T.);
#801 = ORIENTED_EDGE('',*,*,#802,.T.);
#802 = EDGE_CURVE('',#141,#803,#805,.T.);
#803 = VERTEX_POINT('',#804);
#804 = CARTESIAN_POINT('',(-11.34625,-2.075,0.8));
#805 = SURFACE_CURVE('',#806,(#810,#817),.PCURVE_S1.);
#806 = LINE('',#807,#808);
#807 = CARTESIAN_POINT('',(-11.70625,-1.715,1.16));
#808 = VECTOR('',#809,1.);
#809 = DIRECTION('',(-0.57735026919,0.57735026919,0.57735026919));
#810 = PCURVE('',#156,#811);
#811 = DEFINITIONAL_REPRESENTATION('',(#812),#816);
#812 = LINE('',#813,#814);
#813 = CARTESIAN_POINT('',(-0.76,0.650538238692));
#814 = VECTOR('',#815,1.);
#815 = DIRECTION('',(0.57735026919,0.816496580928));
#816 = ( GEOMETRIC_REPRESENTATION_CONTEXT(2) 
PARAMETRIC_REPRESENTATION_CONTEXT() REPRESENTATION_CONTEXT('2D SPACE',''
  ) );
#817 = PCURVE('',#184,#818);
#818 = DEFINITIONAL_REPRESENTATION('',(#819),#823);
#819 = LINE('',#820,#821);
#820 = CARTESIAN_POINT('',(-1.08,0.650538238692));
#821 = VECTOR('',#822,1.);
#822 = DIRECTION('',(0.57735026919,0.816496580928));
#823 = ( GEOMETRIC_REPRESENTATION_CONTEXT(2) 
PARAMETRIC_REPRESENTATION_CONTEXT() REPRESENTATION_CONTEXT('2D SPACE',''
  ) );
#824 = ORIENTED_EDGE('',*,*,#825,.F.);
#825 = EDGE_CURVE('',#695,#803,#826,.T.);
#826 = SURFACE_CURVE('',#827,(#831,#838),.PCURVE_S1.);
#827 = LINE('',#828,#829);
#828 = CARTESIAN_POINT('',(-12.46625,-2.075,0.8));
#829 = VECTOR('',#830,1.);
#830 = DIRECTION('',(1.,-0.,0.));
#831 = PCURVE('',#156,#832);
#832 = DEFINITIONAL_REPRESENTATION('',(#833),#837);
#833 = LINE('',#834,#835);
#834 = CARTESIAN_POINT('',(-0.,0.141421356237));
#835 = VECTOR('',#836,1.);
#836 = DIRECTION('',(-1.,0.));
#837 = ( GEOMETRIC_REPRESENTATION_CONTEXT(2) 
PARAMETRIC_REPRESENTATION_CONTEXT() REPRESENTATION_CONTEXT('2D SPACE',''
  ) );
#838 = PCURVE('',#839,#844);
#839 = PLANE('',#840);
#840 = AXIS2_PLACEMENT_3D('',#841,#842,#843);
#841 = CARTESIAN_POINT('',(-12.46625,-2.075,0.));
#842 = DIRECTION('',(0.,1.,-0.));
#843 = DIRECTION('',(1.,0.,0.));
#844 = DEFINITIONAL_REPRESENTATION('',(#845),#849);
#845 = LINE('',#846,#847);
#846 = CARTESIAN_POINT('',(0.,-0.8));
#847 = VECTOR('',#848,1.);
#848 = DIRECTION('',(1.,0.));
#849 = ( GEOMETRIC_REPRESENTATION_CONTEXT(2) 
PARAMETRIC_REPRESENTATION_CONTEXT() REPRESENTATION_CONTEXT('2D SPACE',''
  ) );
#850 = ADVANCED_FACE('',(#851),#268,.F.);
#851 = FACE_BOUND('',#852,.T.);
#852 = EDGE_LOOP('',(#853,#854,#855,#878));
#853 = ORIENTED_EDGE('',*,*,#748,.F.);
#854 = ORIENTED_EDGE('',*,*,#252,.T.);
#855 = ORIENTED_EDGE('',*,*,#856,.T.);
#856 = EDGE_CURVE('',#225,#857,#859,.T.);
#857 = VERTEX_POINT('',#858);
#858 = CARTESIAN_POINT('',(-9.83125,0.635,0.8));
#859 = SURFACE_CURVE('',#860,(#864,#871),.PCURVE_S1.);
#860 = LINE('',#861,#862);
#861 = CARTESIAN_POINT('',(-10.01708333333,0.449166666667,0.985833333333
    ));
#862 = VECTOR('',#863,1.);
#863 = DIRECTION('',(-0.57735026919,-0.57735026919,0.57735026919));
#864 = PCURVE('',#268,#865);
#865 = DEFINITIONAL_REPRESENTATION('',(#866),#870);
#866 = LINE('',#867,#868);
#867 = CARTESIAN_POINT('',(-1.329166666667,0.404229376578));
#868 = VECTOR('',#869,1.);
#869 = DIRECTION('',(0.57735026919,0.816496580928));
#870 = ( GEOMETRIC_REPRESENTATION_CONTEXT(2) 
PARAMETRIC_REPRESENTATION_CONTEXT() REPRESENTATION_CONTEXT('2D SPACE',''
  ) );
#871 = PCURVE('',#240,#872);
#872 = DEFINITIONAL_REPRESENTATION('',(#873),#877);
#873 = LINE('',#874,#875);
#874 = CARTESIAN_POINT('',(-0.185833333333,0.404229376578));
#875 = VECTOR('',#876,1.);
#876 = DIRECTION('',(-0.57735026919,0.816496580928));
#877 = ( GEOMETRIC_REPRESENTATION_CONTEXT(2) 
PARAMETRIC_REPRESENTATION_CONTEXT() REPRESENTATION_CONTEXT('2D SPACE',''
  ) );
#878 = ORIENTED_EDGE('',*,*,#879,.F.);
#879 = EDGE_CURVE('',#749,#857,#880,.T.);
#880 = SURFACE_CURVE('',#881,(#885,#892),.PCURVE_S1.);
#881 = LINE('',#882,#883);
#882 = CARTESIAN_POINT('',(-11.34625,0.635,0.8));
#883 = VECTOR('',#884,1.);
#884 = DIRECTION('',(1.,-0.,0.));
#885 = PCURVE('',#268,#886);
#886 = DEFINITIONAL_REPRESENTATION('',(#887),#891);
#887 = LINE('',#888,#889);
#888 = CARTESIAN_POINT('',(-0.,0.141421356237));
#889 = VECTOR('',#890,1.);
#890 = DIRECTION('',(-1.,0.));
#891 = ( GEOMETRIC_REPRESENTATION_CONTEXT(2) 
PARAMETRIC_REPRESENTATION_CONTEXT() REPRESENTATION_CONTEXT('2D SPACE',''
  ) );
#892 = PCURVE('',#893,#898);
#893 = PLANE('',#894);
#894 = AXIS2_PLACEMENT_3D('',#895,#896,#897);
#895 = CARTESIAN_POINT('',(-11.34625,0.635,0.));
#896 = DIRECTION('',(0.,1.,-0.));
#897 = DIRECTION('',(1.,0.,0.));
#898 = DEFINITIONAL_REPRESENTATION('',(#899),#903);
#899 = LINE('',#900,#901);
#900 = CARTESIAN_POINT('',(0.,-0.8));
#901 = VECTOR('',#902,1.);
#902 = DIRECTION('',(1.,0.));
#903 = ( GEOMETRIC_REPRESENTATION_CONTEXT(2) 
PARAMETRIC_REPRESENTATION_CONTEXT() REPRESENTATION_CONTEXT('2D SPACE',''
  ) );
#904 = ADVANCED_FACE('',(#905),#184,.F.);
#905 = FACE_BOUND('',#906,.T.);
#906 = EDGE_LOOP('',(#907,#930,#931,#932));
#907 = ORIENTED_EDGE('',*,*,#908,.F.);
#908 = EDGE_CURVE('',#169,#909,#911,.T.);
#909 = VERTEX_POINT('',#910);
#910 = CARTESIAN_POINT('',(-11.34625,-0.635,0.8));
#911 = SURFACE_CURVE('',#912,(#916,#923),.PCURVE_S1.);
#912 = LINE('',#913,#914);
#913 = CARTESIAN_POINT('',(-11.27958333333,-0.701666666667,
    0.733333333333));
#914 = VECTOR('',#915,1.);
#915 = DIRECTION('',(-0.57735026919,0.57735026919,0.57735026919));
#916 = PCURVE('',#184,#917);
#917 = DEFINITIONAL_REPRESENTATION('',(#918),#922);
#918 = LINE('',#919,#920);
#919 = CARTESIAN_POINT('',(-6.666666666667E-02,4.71404520791E-02));
#920 = VECTOR('',#921,1.);
#921 = DIRECTION('',(0.57735026919,0.816496580928));
#922 = ( GEOMETRIC_REPRESENTATION_CONTEXT(2) 
PARAMETRIC_REPRESENTATION_CONTEXT() REPRESENTATION_CONTEXT('2D SPACE',''
  ) );
#923 = PCURVE('',#212,#924);
#924 = DEFINITIONAL_REPRESENTATION('',(#925),#929);
#925 = LINE('',#926,#927);
#926 = CARTESIAN_POINT('',(-6.666666666667E-02,4.71404520791E-02));
#927 = VECTOR('',#928,1.);
#928 = DIRECTION('',(0.57735026919,0.816496580928));
#929 = ( GEOMETRIC_REPRESENTATION_CONTEXT(2) 
PARAMETRIC_REPRESENTATION_CONTEXT() REPRESENTATION_CONTEXT('2D SPACE',''
  ) );
#930 = ORIENTED_EDGE('',*,*,#168,.T.);
#931 = ORIENTED_EDGE('',*,*,#802,.T.);
#932 = ORIENTED_EDGE('',*,*,#933,.F.);
#933 = EDGE_CURVE('',#909,#803,#934,.T.);
#934 = SURFACE_CURVE('',#935,(#939,#946),.PCURVE_S1.);
#935 = LINE('',#936,#937);
#936 = CARTESIAN_POINT('',(-11.34625,-0.635,0.8));
#937 = VECTOR('',#938,1.);
#938 = DIRECTION('',(0.,-1.,0.));
#939 = PCURVE('',#184,#940);
#940 = DEFINITIONAL_REPRESENTATION('',(#941),#945);
#941 = LINE('',#942,#943);
#942 = CARTESIAN_POINT('',(-0.,0.141421356237));
#943 = VECTOR('',#944,1.);
#944 = DIRECTION('',(-1.,0.));
#945 = ( GEOMETRIC_REPRESENTATION_CONTEXT(2) 
PARAMETRIC_REPRESENTATION_CONTEXT() REPRESENTATION_CONTEXT('2D SPACE',''
  ) );
#946 = PCURVE('',#947,#952);
#947 = PLANE('',#948);
#948 = AXIS2_PLACEMENT_3D('',#949,#950,#951);
#949 = CARTESIAN_POINT('',(-11.34625,-0.635,0.));
#950 = DIRECTION('',(1.,0.,0.));
#951 = DIRECTION('',(0.,-1.,0.));
#952 = DEFINITIONAL_REPRESENTATION('',(#953),#957);
#953 = LINE('',#954,#955);
#954 = CARTESIAN_POINT('',(0.,-0.8));
#955 = VECTOR('',#956,1.);
#956 = DIRECTION('',(1.,0.));
#957 = ( GEOMETRIC_REPRESENTATION_CONTEXT(2) 
PARAMETRIC_REPRESENTATION_CONTEXT() REPRESENTATION_CONTEXT('2D SPACE',''
  ) );
#958 = ADVANCED_FACE('',(#959),#240,.F.);
#959 = FACE_BOUND('',#960,.T.);
#960 = EDGE_LOOP('',(#961,#962,#963,#986));
#961 = ORIENTED_EDGE('',*,*,#856,.F.);
#962 = ORIENTED_EDGE('',*,*,#224,.T.);
#963 = ORIENTED_EDGE('',*,*,#964,.T.);
#964 = EDGE_CURVE('',#197,#965,#967,.T.);
#965 = VERTEX_POINT('',#966);
#966 = CARTESIAN_POINT('',(-9.83125,-0.635,0.8));
#967 = SURFACE_CURVE('',#968,(#972,#979),.PCURVE_S1.);
#968 = LINE('',#969,#970);
#969 = CARTESIAN_POINT('',(-10.22875,-0.2375,1.1975));
#970 = VECTOR('',#971,1.);
#971 = DIRECTION('',(-0.57735026919,0.57735026919,0.57735026919));
#972 = PCURVE('',#240,#973);
#973 = DEFINITIONAL_REPRESENTATION('',(#974),#978);
#974 = LINE('',#975,#976);
#975 = CARTESIAN_POINT('',(-0.8725,0.703571247281));
#976 = VECTOR('',#977,1.);
#977 = DIRECTION('',(0.57735026919,0.816496580928));
#978 = ( GEOMETRIC_REPRESENTATION_CONTEXT(2) 
PARAMETRIC_REPRESENTATION_CONTEXT() REPRESENTATION_CONTEXT('2D SPACE',''
  ) );
#979 = PCURVE('',#212,#980);
#980 = DEFINITIONAL_REPRESENTATION('',(#981),#985);
#981 = LINE('',#982,#983);
#982 = CARTESIAN_POINT('',(-1.1175,0.703571247281));
#983 = VECTOR('',#984,1.);
#984 = DIRECTION('',(0.57735026919,0.816496580928));
#985 = ( GEOMETRIC_REPRESENTATION_CONTEXT(2) 
PARAMETRIC_REPRESENTATION_CONTEXT() REPRESENTATION_CONTEXT('2D SPACE',''
  ) );
#986 = ORIENTED_EDGE('',*,*,#987,.F.);
#987 = EDGE_CURVE('',#857,#965,#988,.T.);
#988 = SURFACE_CURVE('',#989,(#993,#1000),.PCURVE_S1.);
#989 = LINE('',#990,#991);
#990 = CARTESIAN_POINT('',(-9.83125,0.635,0.8));
#991 = VECTOR('',#992,1.);
#992 = DIRECTION('',(0.,-1.,0.));
#993 = PCURVE('',#240,#994);
#994 = DEFINITIONAL_REPRESENTATION('',(#995),#999);
#995 = LINE('',#996,#997);
#996 = CARTESIAN_POINT('',(-0.,0.141421356237));
#997 = VECTOR('',#998,1.);
#998 = DIRECTION('',(-1.,0.));
#999 = ( GEOMETRIC_REPRESENTATION_CONTEXT(2) 
PARAMETRIC_REPRESENTATION_CONTEXT() REPRESENTATION_CONTEXT('2D SPACE',''
  ) );
#1000 = PCURVE('',#1001,#1006);
#1001 = PLANE('',#1002);
#1002 = AXIS2_PLACEMENT_3D('',#1003,#1004,#1005);
#1003 = CARTESIAN_POINT('',(-9.83125,0.635,0.));
#1004 = DIRECTION('',(1.,0.,0.));
#1005 = DIRECTION('',(0.,-1.,0.));
#1006 = DEFINITIONAL_REPRESENTATION('',(#1007),#1011);
#1007 = LINE('',#1008,#1009);
#1008 = CARTESIAN_POINT('',(0.,-0.8));
#1009 = VECTOR('',#1010,1.);
#1010 = DIRECTION('',(1.,0.));
#1011 = ( GEOMETRIC_REPRESENTATION_CONTEXT(2) 
PARAMETRIC_REPRESENTATION_CONTEXT() REPRESENTATION_CONTEXT('2D SPACE',''
  ) );
#1012 = ADVANCED_FACE('',(#1013),#212,.T.);
#1013 = FACE_BOUND('',#1014,.F.);
#1014 = EDGE_LOOP('',(#1015,#1016,#1017,#1018));
#1015 = ORIENTED_EDGE('',*,*,#908,.F.);
#1016 = ORIENTED_EDGE('',*,*,#196,.T.);
#1017 = ORIENTED_EDGE('',*,*,#964,.T.);
#1018 = ORIENTED_EDGE('',*,*,#1019,.F.);
#1019 = EDGE_CURVE('',#909,#965,#1020,.T.);
#1020 = SURFACE_CURVE('',#1021,(#1025,#1032),.PCURVE_S1.);
#1021 = LINE('',#1022,#1023);
#1022 = CARTESIAN_POINT('',(-11.34625,-0.635,0.8));
#1023 = VECTOR('',#1024,1.);
#1024 = DIRECTION('',(1.,-0.,0.));
#1025 = PCURVE('',#212,#1026);
#1026 = DEFINITIONAL_REPRESENTATION('',(#1027),#1031);
#1027 = LINE('',#1028,#1029);
#1028 = CARTESIAN_POINT('',(-0.,0.141421356237));
#1029 = VECTOR('',#1030,1.);
#1030 = DIRECTION('',(-1.,0.));
#1031 = ( GEOMETRIC_REPRESENTATION_CONTEXT(2) 
PARAMETRIC_REPRESENTATION_CONTEXT() REPRESENTATION_CONTEXT('2D SPACE',''
  ) );
#1032 = PCURVE('',#1033,#1038);
#1033 = PLANE('',#1034);
#1034 = AXIS2_PLACEMENT_3D('',#1035,#1036,#1037);
#1035 = CARTESIAN_POINT('',(-11.34625,-0.635,0.));
#1036 = DIRECTION('',(0.,1.,-0.));
#1037 = DIRECTION('',(1.,0.,0.));
#1038 = DEFINITIONAL_REPRESENTATION('',(#1039),#1043);
#1039 = LINE('',#1040,#1041);
#1040 = CARTESIAN_POINT('',(0.,-0.8));
#1041 = VECTOR('',#1042,1.);
#1042 = DIRECTION('',(1.,0.));
#1043 = ( GEOMETRIC_REPRESENTATION_CONTEXT(2) 
PARAMETRIC_REPRESENTATION_CONTEXT() REPRESENTATION_CONTEXT('2D SPACE',''
  ) );
#1044 = ADVANCED_FACE('',(#1045),#385,.T.);
#1045 = FACE_BOUND('',#1046,.T.);
#1046 = EDGE_LOOP('',(#1047,#1075,#1104,#1130,#1163,#1189,#1218,#1244,
    #1277,#1303,#1332,#1353,#1354,#1355,#1379,#1405,#1438,#1464,#1493,
    #1519));
#1047 = ORIENTED_EDGE('',*,*,#1048,.T.);
#1048 = EDGE_CURVE('',#1049,#1051,#1053,.T.);
#1049 = VERTEX_POINT('',#1050);
#1050 = CARTESIAN_POINT('',(-14.62700357208,-0.4,5.5));
#1051 = VERTEX_POINT('',#1052);
#1052 = CARTESIAN_POINT('',(-14.62700357208,-0.4,4.5));
#1053 = SURFACE_CURVE('',#1054,(#1058,#1064),.PCURVE_S1.);
#1054 = LINE('',#1055,#1056);
#1055 = CARTESIAN_POINT('',(-14.62700357208,-0.4,4.5));
#1056 = VECTOR('',#1057,1.);
#1057 = DIRECTION('',(0.,0.,-1.));
#1058 = PCURVE('',#385,#1059);
#1059 = DEFINITIONAL_REPRESENTATION('',(#1060),#1063);
#1060 = B_SPLINE_CURVE_WITH_KNOTS('',1,(#1061,#1062),.UNSPECIFIED.,.F.,
  .F.,(2,2),(-1.0000006,5.999999999062E-07),.PIECEWISE_BEZIER_KNOTS.);
#1061 = CARTESIAN_POINT('',(2.995620265046,-1.0000006));
#1062 = CARTESIAN_POINT('',(2.995620265046,5.999999999062E-07));
#1063 = ( GEOMETRIC_REPRESENTATION_CONTEXT(2) 
PARAMETRIC_REPRESENTATION_CONTEXT() REPRESENTATION_CONTEXT('2D SPACE',''
  ) );
#1064 = PCURVE('',#1065,#1070);
#1065 = PLANE('',#1066);
#1066 = AXIS2_PLACEMENT_3D('',#1067,#1068,#1069);
#1067 = CARTESIAN_POINT('',(16.125,-0.4,4.5));
#1068 = DIRECTION('',(0.,-1.,0.));
#1069 = DIRECTION('',(-1.,0.,0.));
#1070 = DEFINITIONAL_REPRESENTATION('',(#1071),#1074);
#1071 = B_SPLINE_CURVE_WITH_KNOTS('',1,(#1072,#1073),.UNSPECIFIED.,.F.,
  .F.,(2,2),(-1.0000006,5.999999999062E-07),.PIECEWISE_BEZIER_KNOTS.);
#1072 = CARTESIAN_POINT('',(30.752003572083,-1.0000006));
#1073 = CARTESIAN_POINT('',(30.752003572083,5.999999999062E-07));
#1074 = ( GEOMETRIC_REPRESENTATION_CONTEXT(2) 
PARAMETRIC_REPRESENTATION_CONTEXT() REPRESENTATION_CONTEXT('2D SPACE',''
  ) );
#1075 = ORIENTED_EDGE('',*,*,#1076,.T.);
#1076 = EDGE_CURVE('',#1051,#1077,#1079,.T.);
#1077 = VERTEX_POINT('',#1078);
#1078 = CARTESIAN_POINT('',(-14.62700357208,0.4,4.5));
#1079 = SURFACE_CURVE('',#1080,(#1085,#1092),.PCURVE_S1.);
#1080 = CIRCLE('',#1081,2.75);
#1081 = AXIS2_PLACEMENT_3D('',#1082,#1083,#1084);
#1082 = CARTESIAN_POINT('',(-11.90625,0.,4.5));
#1083 = DIRECTION('',(0.,0.,-1.));
#1084 = DIRECTION('',(1.,0.,0.));
#1085 = PCURVE('',#385,#1086);
#1086 = DEFINITIONAL_REPRESENTATION('',(#1087),#1091);
#1087 = LINE('',#1088,#1089);
#1088 = CARTESIAN_POINT('',(0.,0.));
#1089 = VECTOR('',#1090,1.);
#1090 = DIRECTION('',(1.,0.));
#1091 = ( GEOMETRIC_REPRESENTATION_CONTEXT(2) 
PARAMETRIC_REPRESENTATION_CONTEXT() REPRESENTATION_CONTEXT('2D SPACE',''
  ) );
#1092 = PCURVE('',#1093,#1098);
#1093 = PLANE('',#1094);
#1094 = AXIS2_PLACEMENT_3D('',#1095,#1096,#1097);
#1095 = CARTESIAN_POINT('',(0.,0.,4.5));
#1096 = DIRECTION('',(-0.,-0.,-1.));
#1097 = DIRECTION('',(-1.,0.,0.));
#1098 = DEFINITIONAL_REPRESENTATION('',(#1099),#1103);
#1099 = CIRCLE('',#1100,2.75);
#1100 = AXIS2_PLACEMENT_2D('',#1101,#1102);
#1101 = CARTESIAN_POINT('',(11.90625,0.));
#1102 = DIRECTION('',(-1.,0.));
#1103 = ( GEOMETRIC_REPRESENTATION_CONTEXT(2) 
PARAMETRIC_REPRESENTATION_CONTEXT() REPRESENTATION_CONTEXT('2D SPACE',''
  ) );
#1104 = ORIENTED_EDGE('',*,*,#1105,.F.);
#1105 = EDGE_CURVE('',#1106,#1077,#1108,.T.);
#1106 = VERTEX_POINT('',#1107);
#1107 = CARTESIAN_POINT('',(-14.62700357208,0.4,5.5));
#1108 = SURFACE_CURVE('',#1109,(#1113,#1119),.PCURVE_S1.);
#1109 = LINE('',#1110,#1111);
#1110 = CARTESIAN_POINT('',(-14.62700357208,0.4,4.5));
#1111 = VECTOR('',#1112,1.);
#1112 = DIRECTION('',(0.,0.,-1.));
#1113 = PCURVE('',#385,#1114);
#1114 = DEFINITIONAL_REPRESENTATION('',(#1115),#1118);
#1115 = B_SPLINE_CURVE_WITH_KNOTS('',1,(#1116,#1117),.UNSPECIFIED.,.F.,
  .F.,(2,2),(-1.0000006,5.999999999062E-07),.PIECEWISE_BEZIER_KNOTS.);
#1116 = CARTESIAN_POINT('',(3.287565042134,-1.0000006));
#1117 = CARTESIAN_POINT('',(3.287565042134,5.999999999062E-07));
#1118 = ( GEOMETRIC_REPRESENTATION_CONTEXT(2) 
PARAMETRIC_REPRESENTATION_CONTEXT() REPRESENTATION_CONTEXT('2D SPACE',''
  ) );
#1119 = PCURVE('',#1120,#1125);
#1120 = PLANE('',#1121);
#1121 = AXIS2_PLACEMENT_3D('',#1122,#1123,#1124);
#1122 = CARTESIAN_POINT('',(-16.125,0.4,4.5));
#1123 = DIRECTION('',(0.,1.,0.));
#1124 = DIRECTION('',(1.,0.,0.));
#1125 = DEFINITIONAL_REPRESENTATION('',(#1126),#1129);
#1126 = B_SPLINE_CURVE_WITH_KNOTS('',1,(#1127,#1128),.UNSPECIFIED.,.F.,
  .F.,(2,2),(-1.0000006,5.999999999062E-07),.PIECEWISE_BEZIER_KNOTS.);
#1127 = CARTESIAN_POINT('',(1.497996427917,-1.0000006));
#1128 = CARTESIAN_POINT('',(1.497996427917,5.999999999062E-07));
#1129 = ( GEOMETRIC_REPRESENTATION_CONTEXT(2) 
PARAMETRIC_REPRESENTATION_CONTEXT() REPRESENTATION_CONTEXT('2D SPACE',''
  ) );
#1130 = ORIENTED_EDGE('',*,*,#1131,.F.);
#1131 = EDGE_CURVE('',#1132,#1106,#1134,.T.);
#1132 = VERTEX_POINT('',#1133);
#1133 = CARTESIAN_POINT('',(-12.30625,2.720753572083,5.5));
#1134 = SURFACE_CURVE('',#1135,(#1140,#1147),.PCURVE_S1.);
#1135 = CIRCLE('',#1136,2.75);
#1136 = AXIS2_PLACEMENT_3D('',#1137,#1138,#1139);
#1137 = CARTESIAN_POINT('',(-11.90625,1.358564403107E-15,5.5));
#1138 = DIRECTION('',(0.,0.,1.));
#1139 = DIRECTION('',(1.,-2.490940594823E-16,0.));
#1140 = PCURVE('',#385,#1141);
#1141 = DEFINITIONAL_REPRESENTATION('',(#1142),#1146);
#1142 = LINE('',#1143,#1144);
#1143 = CARTESIAN_POINT('',(6.28318530718,-1.));
#1144 = VECTOR('',#1145,1.);
#1145 = DIRECTION('',(-1.,-0.));
#1146 = ( GEOMETRIC_REPRESENTATION_CONTEXT(2) 
PARAMETRIC_REPRESENTATION_CONTEXT() REPRESENTATION_CONTEXT('2D SPACE',''
  ) );
#1147 = PCURVE('',#1148,#1153);
#1148 = PLANE('',#1149);
#1149 = AXIS2_PLACEMENT_3D('',#1150,#1151,#1152);
#1150 = CARTESIAN_POINT('',(-14.775,-5.25,5.5));
#1151 = DIRECTION('',(0.,0.,-1.));
#1152 = DIRECTION('',(0.942281773964,0.334820934911,0.));
#1153 = DEFINITIONAL_REPRESENTATION('',(#1154),#1162);
#1154 = ( BOUNDED_CURVE() B_SPLINE_CURVE(2,(#1155,#1156,#1157,#1158,
#1159,#1160,#1161),.UNSPECIFIED.,.T.,.F.) B_SPLINE_CURVE_WITH_KNOTS((1,2
    ,2,2,2,1),(-2.094395102393,0.,2.094395102393,4.188790204786,
6.28318530718,8.377580409573),.UNSPECIFIED.) CURVE() 
GEOMETRIC_REPRESENTATION_ITEM() RATIONAL_B_SPLINE_CURVE((1.,0.5,1.,0.5,
1.,0.5,1.)) REPRESENTATION_ITEM('') );
#1155 = CARTESIAN_POINT('',(7.052255625745,-3.06570418528));
#1156 = CARTESIAN_POINT('',(8.647054520181,-7.553923931049));
#1157 = CARTESIAN_POINT('',(3.96274275536,-6.690950414673));
#1158 = CARTESIAN_POINT('',(-0.72156900946,-5.827976898297));
#1159 = CARTESIAN_POINT('',(2.367943860925,-2.202730668904));
#1160 = CARTESIAN_POINT('',(5.45745673131,1.422515560488));
#1161 = CARTESIAN_POINT('',(7.052255625745,-3.06570418528));
#1162 = ( GEOMETRIC_REPRESENTATION_CONTEXT(2) 
PARAMETRIC_REPRESENTATION_CONTEXT() REPRESENTATION_CONTEXT('2D SPACE',''
  ) );
#1163 = ORIENTED_EDGE('',*,*,#1164,.T.);
#1164 = EDGE_CURVE('',#1132,#1165,#1167,.T.);
#1165 = VERTEX_POINT('',#1166);
#1166 = CARTESIAN_POINT('',(-12.30625,2.720753572083,4.5));
#1167 = SURFACE_CURVE('',#1168,(#1172,#1178),.PCURVE_S1.);
#1168 = LINE('',#1169,#1170);
#1169 = CARTESIAN_POINT('',(-12.30625,2.720753572083,4.5));
#1170 = VECTOR('',#1171,1.);
#1171 = DIRECTION('',(0.,0.,-1.));
#1172 = PCURVE('',#385,#1173);
#1173 = DEFINITIONAL_REPRESENTATION('',(#1174),#1177);
#1174 = B_SPLINE_CURVE_WITH_KNOTS('',1,(#1175,#1176),.UNSPECIFIED.,.F.,
  .F.,(2,2),(-1.0000006,5.999999999062E-07),.PIECEWISE_BEZIER_KNOTS.);
#1175 = CARTESIAN_POINT('',(4.56641659184,-1.0000006));
#1176 = CARTESIAN_POINT('',(4.56641659184,5.999999999062E-07));
#1177 = ( GEOMETRIC_REPRESENTATION_CONTEXT(2) 
PARAMETRIC_REPRESENTATION_CONTEXT() REPRESENTATION_CONTEXT('2D SPACE',''
  ) );
#1178 = PCURVE('',#1179,#1184);
#1179 = PLANE('',#1180);
#1180 = AXIS2_PLACEMENT_3D('',#1181,#1182,#1183);
#1181 = CARTESIAN_POINT('',(-12.30625,-6.6,4.5));
#1182 = DIRECTION('',(-1.,0.,0.));
#1183 = DIRECTION('',(0.,1.,0.));
#1184 = DEFINITIONAL_REPRESENTATION('',(#1185),#1188);
#1185 = B_SPLINE_CURVE_WITH_KNOTS('',1,(#1186,#1187),.UNSPECIFIED.,.F.,
  .F.,(2,2),(-1.0000006,5.999999999062E-07),.PIECEWISE_BEZIER_KNOTS.);
#1186 = CARTESIAN_POINT('',(9.320753572083,-1.0000006));
#1187 = CARTESIAN_POINT('',(9.320753572083,5.999999999062E-07));
#1188 = ( GEOMETRIC_REPRESENTATION_CONTEXT(2) 
PARAMETRIC_REPRESENTATION_CONTEXT() REPRESENTATION_CONTEXT('2D SPACE',''
  ) );
#1189 = ORIENTED_EDGE('',*,*,#1190,.T.);
#1190 = EDGE_CURVE('',#1165,#1191,#1193,.T.);
#1191 = VERTEX_POINT('',#1192);
#1192 = CARTESIAN_POINT('',(-11.50625,2.720753572083,4.5));
#1193 = SURFACE_CURVE('',#1194,(#1199,#1206),.PCURVE_S1.);
#1194 = CIRCLE('',#1195,2.75);
#1195 = AXIS2_PLACEMENT_3D('',#1196,#1197,#1198);
#1196 = CARTESIAN_POINT('',(-11.90625,0.,4.5));
#1197 = DIRECTION('',(0.,0.,-1.));
#1198 = DIRECTION('',(1.,0.,0.));
#1199 = PCURVE('',#385,#1200);
#1200 = DEFINITIONAL_REPRESENTATION('',(#1201),#1205);
#1201 = LINE('',#1202,#1203);
#1202 = CARTESIAN_POINT('',(0.,0.));
#1203 = VECTOR('',#1204,1.);
#1204 = DIRECTION('',(1.,0.));
#1205 = ( GEOMETRIC_REPRESENTATION_CONTEXT(2) 
PARAMETRIC_REPRESENTATION_CONTEXT() REPRESENTATION_CONTEXT('2D SPACE',''
  ) );
#1206 = PCURVE('',#1207,#1212);
#1207 = PLANE('',#1208);
#1208 = AXIS2_PLACEMENT_3D('',#1209,#1210,#1211);
#1209 = CARTESIAN_POINT('',(0.,0.,4.5));
#1210 = DIRECTION('',(-0.,-0.,-1.));
#1211 = DIRECTION('',(-1.,0.,0.));
#1212 = DEFINITIONAL_REPRESENTATION('',(#1213),#1217);
#1213 = CIRCLE('',#1214,2.75);
#1214 = AXIS2_PLACEMENT_2D('',#1215,#1216);
#1215 = CARTESIAN_POINT('',(11.90625,0.));
#1216 = DIRECTION('',(-1.,0.));
#1217 = ( GEOMETRIC_REPRESENTATION_CONTEXT(2) 
PARAMETRIC_REPRESENTATION_CONTEXT() REPRESENTATION_CONTEXT('2D SPACE',''
  ) );
#1218 = ORIENTED_EDGE('',*,*,#1219,.F.);
#1219 = EDGE_CURVE('',#1220,#1191,#1222,.T.);
#1220 = VERTEX_POINT('',#1221);
#1221 = CARTESIAN_POINT('',(-11.50625,2.720753572083,5.5));
#1222 = SURFACE_CURVE('',#1223,(#1227,#1233),.PCURVE_S1.);
#1223 = LINE('',#1224,#1225);
#1224 = CARTESIAN_POINT('',(-11.50625,2.720753572083,4.5));
#1225 = VECTOR('',#1226,1.);
#1226 = DIRECTION('',(0.,0.,-1.));
#1227 = PCURVE('',#385,#1228);
#1228 = DEFINITIONAL_REPRESENTATION('',(#1229),#1232);
#1229 = B_SPLINE_CURVE_WITH_KNOTS('',1,(#1230,#1231),.UNSPECIFIED.,.F.,
  .F.,(2,2),(-1.0000006,5.999999999062E-07),.PIECEWISE_BEZIER_KNOTS.);
#1230 = CARTESIAN_POINT('',(4.858361368929,-1.0000006));
#1231 = CARTESIAN_POINT('',(4.858361368929,5.999999999062E-07));
#1232 = ( GEOMETRIC_REPRESENTATION_CONTEXT(2) 
PARAMETRIC_REPRESENTATION_CONTEXT() REPRESENTATION_CONTEXT('2D SPACE',''
  ) );
#1233 = PCURVE('',#1234,#1239);
#1234 = PLANE('',#1235);
#1235 = AXIS2_PLACEMENT_3D('',#1236,#1237,#1238);
#1236 = CARTESIAN_POINT('',(-11.50625,6.6,4.5));
#1237 = DIRECTION('',(1.,-0.,0.));
#1238 = DIRECTION('',(0.,-1.,0.));
#1239 = DEFINITIONAL_REPRESENTATION('',(#1240),#1243);
#1240 = B_SPLINE_CURVE_WITH_KNOTS('',1,(#1241,#1242),.UNSPECIFIED.,.F.,
  .F.,(2,2),(-1.0000006,5.999999999062E-07),.PIECEWISE_BEZIER_KNOTS.);
#1241 = CARTESIAN_POINT('',(3.879246427917,-1.0000006));
#1242 = CARTESIAN_POINT('',(3.879246427917,5.999999999062E-07));
#1243 = ( GEOMETRIC_REPRESENTATION_CONTEXT(2) 
PARAMETRIC_REPRESENTATION_CONTEXT() REPRESENTATION_CONTEXT('2D SPACE',''
  ) );
#1244 = ORIENTED_EDGE('',*,*,#1245,.F.);
#1245 = EDGE_CURVE('',#1246,#1220,#1248,.T.);
#1246 = VERTEX_POINT('',#1247);
#1247 = CARTESIAN_POINT('',(-9.185496427917,0.4,5.5));
#1248 = SURFACE_CURVE('',#1249,(#1254,#1261),.PCURVE_S1.);
#1249 = CIRCLE('',#1250,2.75);
#1250 = AXIS2_PLACEMENT_3D('',#1251,#1252,#1253);
#1251 = CARTESIAN_POINT('',(-11.90625,1.358564403107E-15,5.5));
#1252 = DIRECTION('',(0.,0.,1.));
#1253 = DIRECTION('',(1.,-2.490940594823E-16,0.));
#1254 = PCURVE('',#385,#1255);
#1255 = DEFINITIONAL_REPRESENTATION('',(#1256),#1260);
#1256 = LINE('',#1257,#1258);
#1257 = CARTESIAN_POINT('',(6.28318530718,-1.));
#1258 = VECTOR('',#1259,1.);
#1259 = DIRECTION('',(-1.,-0.));
#1260 = ( GEOMETRIC_REPRESENTATION_CONTEXT(2) 
PARAMETRIC_REPRESENTATION_CONTEXT() REPRESENTATION_CONTEXT('2D SPACE',''
  ) );
#1261 = PCURVE('',#1262,#1267);
#1262 = PLANE('',#1263);
#1263 = AXIS2_PLACEMENT_3D('',#1264,#1265,#1266);
#1264 = CARTESIAN_POINT('',(-14.775,-5.25,5.5));
#1265 = DIRECTION('',(0.,0.,-1.));
#1266 = DIRECTION('',(0.942281773964,0.334820934911,0.));
#1267 = DEFINITIONAL_REPRESENTATION('',(#1268),#1276);
#1268 = ( BOUNDED_CURVE() B_SPLINE_CURVE(2,(#1269,#1270,#1271,#1272,
#1273,#1274,#1275),.UNSPECIFIED.,.T.,.F.) B_SPLINE_CURVE_WITH_KNOTS((1,2
    ,2,2,2,1),(-2.094395102393,0.,2.094395102393,4.188790204786,
6.28318530718,8.377580409573),.UNSPECIFIED.) CURVE() 
GEOMETRIC_REPRESENTATION_ITEM() RATIONAL_B_SPLINE_CURVE((1.,0.5,1.,0.5,
1.,0.5,1.)) REPRESENTATION_ITEM('') );
#1269 = CARTESIAN_POINT('',(7.052255625745,-3.06570418528));
#1270 = CARTESIAN_POINT('',(8.647054520181,-7.553923931049));
#1271 = CARTESIAN_POINT('',(3.96274275536,-6.690950414673));
#1272 = CARTESIAN_POINT('',(-0.72156900946,-5.827976898297));
#1273 = CARTESIAN_POINT('',(2.367943860925,-2.202730668904));
#1274 = CARTESIAN_POINT('',(5.45745673131,1.422515560488));
#1275 = CARTESIAN_POINT('',(7.052255625745,-3.06570418528));
#1276 = ( GEOMETRIC_REPRESENTATION_CONTEXT(2) 
PARAMETRIC_REPRESENTATION_CONTEXT() REPRESENTATION_CONTEXT('2D SPACE',''
  ) );
#1277 = ORIENTED_EDGE('',*,*,#1278,.T.);
#1278 = EDGE_CURVE('',#1246,#1279,#1281,.T.);
#1279 = VERTEX_POINT('',#1280);
#1280 = CARTESIAN_POINT('',(-9.185496427917,0.4,4.5));
#1281 = SURFACE_CURVE('',#1282,(#1286,#1292),.PCURVE_S1.);
#1282 = LINE('',#1283,#1284);
#1283 = CARTESIAN_POINT('',(-9.185496427917,0.4,4.5));
#1284 = VECTOR('',#1285,1.);
#1285 = DIRECTION('',(0.,0.,-1.));
#1286 = PCURVE('',#385,#1287);
#1287 = DEFINITIONAL_REPRESENTATION('',(#1288),#1291);
#1288 = B_SPLINE_CURVE_WITH_KNOTS('',1,(#1289,#1290),.UNSPECIFIED.,.F.,
  .F.,(2,2),(-1.0000006,5.999999999062E-07),.PIECEWISE_BEZIER_KNOTS.);
#1289 = CARTESIAN_POINT('',(6.137212918635,-1.0000006));
#1290 = CARTESIAN_POINT('',(6.137212918635,5.999999999062E-07));
#1291 = ( GEOMETRIC_REPRESENTATION_CONTEXT(2) 
PARAMETRIC_REPRESENTATION_CONTEXT() REPRESENTATION_CONTEXT('2D SPACE',''
  ) );
#1292 = PCURVE('',#1293,#1298);
#1293 = PLANE('',#1294);
#1294 = AXIS2_PLACEMENT_3D('',#1295,#1296,#1297);
#1295 = CARTESIAN_POINT('',(-16.125,0.4,4.5));
#1296 = DIRECTION('',(0.,1.,0.));
#1297 = DIRECTION('',(1.,0.,0.));
#1298 = DEFINITIONAL_REPRESENTATION('',(#1299),#1302);
#1299 = B_SPLINE_CURVE_WITH_KNOTS('',1,(#1300,#1301),.UNSPECIFIED.,.F.,
  .F.,(2,2),(-1.0000006,5.999999999062E-07),.PIECEWISE_BEZIER_KNOTS.);
#1300 = CARTESIAN_POINT('',(6.939503572083,-1.0000006));
#1301 = CARTESIAN_POINT('',(6.939503572083,5.999999999062E-07));
#1302 = ( GEOMETRIC_REPRESENTATION_CONTEXT(2) 
PARAMETRIC_REPRESENTATION_CONTEXT() REPRESENTATION_CONTEXT('2D SPACE',''
  ) );
#1303 = ORIENTED_EDGE('',*,*,#1304,.T.);
#1304 = EDGE_CURVE('',#1279,#1305,#1307,.T.);
#1305 = VERTEX_POINT('',#1306);
#1306 = CARTESIAN_POINT('',(-9.15625,0.,4.5));
#1307 = SURFACE_CURVE('',#1308,(#1313,#1320),.PCURVE_S1.);
#1308 = CIRCLE('',#1309,2.75);
#1309 = AXIS2_PLACEMENT_3D('',#1310,#1311,#1312);
#1310 = CARTESIAN_POINT('',(-11.90625,0.,4.5));
#1311 = DIRECTION('',(0.,0.,-1.));
#1312 = DIRECTION('',(1.,0.,0.));
#1313 = PCURVE('',#385,#1314);
#1314 = DEFINITIONAL_REPRESENTATION('',(#1315),#1319);
#1315 = LINE('',#1316,#1317);
#1316 = CARTESIAN_POINT('',(0.,0.));
#1317 = VECTOR('',#1318,1.);
#1318 = DIRECTION('',(1.,0.));
#1319 = ( GEOMETRIC_REPRESENTATION_CONTEXT(2) 
PARAMETRIC_REPRESENTATION_CONTEXT() REPRESENTATION_CONTEXT('2D SPACE',''
  ) );
#1320 = PCURVE('',#1321,#1326);
#1321 = PLANE('',#1322);
#1322 = AXIS2_PLACEMENT_3D('',#1323,#1324,#1325);
#1323 = CARTESIAN_POINT('',(0.,0.,4.5));
#1324 = DIRECTION('',(-0.,-0.,-1.));
#1325 = DIRECTION('',(-1.,0.,0.));
#1326 = DEFINITIONAL_REPRESENTATION('',(#1327),#1331);
#1327 = CIRCLE('',#1328,2.75);
#1328 = AXIS2_PLACEMENT_2D('',#1329,#1330);
#1329 = CARTESIAN_POINT('',(11.90625,0.));
#1330 = DIRECTION('',(-1.,0.));
#1331 = ( GEOMETRIC_REPRESENTATION_CONTEXT(2) 
PARAMETRIC_REPRESENTATION_CONTEXT() REPRESENTATION_CONTEXT('2D SPACE',''
  ) );
#1332 = ORIENTED_EDGE('',*,*,#1333,.F.);
#1333 = EDGE_CURVE('',#365,#1305,#1334,.T.);
#1334 = SEAM_CURVE('',#1335,(#1339,#1346),.PCURVE_S1.);
#1335 = LINE('',#1336,#1337);
#1336 = CARTESIAN_POINT('',(-9.15625,0.,0.6));
#1337 = VECTOR('',#1338,1.);
#1338 = DIRECTION('',(0.,0.,1.));
#1339 = PCURVE('',#385,#1340);
#1340 = DEFINITIONAL_REPRESENTATION('',(#1341),#1345);
#1341 = LINE('',#1342,#1343);
#1342 = CARTESIAN_POINT('',(6.28318530718,3.9));
#1343 = VECTOR('',#1344,1.);
#1344 = DIRECTION('',(0.,-1.));
#1345 = ( GEOMETRIC_REPRESENTATION_CONTEXT(2) 
PARAMETRIC_REPRESENTATION_CONTEXT() REPRESENTATION_CONTEXT('2D SPACE',''
  ) );
#1346 = PCURVE('',#385,#1347);
#1347 = DEFINITIONAL_REPRESENTATION('',(#1348),#1352);
#1348 = LINE('',#1349,#1350);
#1349 = CARTESIAN_POINT('',(0.,3.9));
#1350 = VECTOR('',#1351,1.);
#1351 = DIRECTION('',(0.,-1.));
#1352 = ( GEOMETRIC_REPRESENTATION_CONTEXT(2) 
PARAMETRIC_REPRESENTATION_CONTEXT() REPRESENTATION_CONTEXT('2D SPACE',''
  ) );
#1353 = ORIENTED_EDGE('',*,*,#364,.T.);
#1354 = ORIENTED_EDGE('',*,*,#1333,.T.);
#1355 = ORIENTED_EDGE('',*,*,#1356,.T.);
#1356 = EDGE_CURVE('',#1305,#1357,#1359,.T.);
#1357 = VERTEX_POINT('',#1358);
#1358 = CARTESIAN_POINT('',(-9.185496427917,-0.4,4.5));
#1359 = SURFACE_CURVE('',#1360,(#1365,#1372),.PCURVE_S1.);
#1360 = CIRCLE('',#1361,2.75);
#1361 = AXIS2_PLACEMENT_3D('',#1362,#1363,#1364);
#1362 = CARTESIAN_POINT('',(-11.90625,0.,4.5));
#1363 = DIRECTION('',(0.,0.,-1.));
#1364 = DIRECTION('',(1.,0.,0.));
#1365 = PCURVE('',#385,#1366);
#1366 = DEFINITIONAL_REPRESENTATION('',(#1367),#1371);
#1367 = LINE('',#1368,#1369);
#1368 = CARTESIAN_POINT('',(0.,0.));
#1369 = VECTOR('',#1370,1.);
#1370 = DIRECTION('',(1.,0.));
#1371 = ( GEOMETRIC_REPRESENTATION_CONTEXT(2) 
PARAMETRIC_REPRESENTATION_CONTEXT() REPRESENTATION_CONTEXT('2D SPACE',''
  ) );
#1372 = PCURVE('',#1321,#1373);
#1373 = DEFINITIONAL_REPRESENTATION('',(#1374),#1378);
#1374 = CIRCLE('',#1375,2.75);
#1375 = AXIS2_PLACEMENT_2D('',#1376,#1377);
#1376 = CARTESIAN_POINT('',(11.90625,0.));
#1377 = DIRECTION('',(-1.,0.));
#1378 = ( GEOMETRIC_REPRESENTATION_CONTEXT(2) 
PARAMETRIC_REPRESENTATION_CONTEXT() REPRESENTATION_CONTEXT('2D SPACE',''
  ) );
#1379 = ORIENTED_EDGE('',*,*,#1380,.F.);
#1380 = EDGE_CURVE('',#1381,#1357,#1383,.T.);
#1381 = VERTEX_POINT('',#1382);
#1382 = CARTESIAN_POINT('',(-9.185496427917,-0.4,5.5));
#1383 = SURFACE_CURVE('',#1384,(#1388,#1394),.PCURVE_S1.);
#1384 = LINE('',#1385,#1386);
#1385 = CARTESIAN_POINT('',(-9.185496427917,-0.4,4.5));
#1386 = VECTOR('',#1387,1.);
#1387 = DIRECTION('',(0.,0.,-1.));
#1388 = PCURVE('',#385,#1389);
#1389 = DEFINITIONAL_REPRESENTATION('',(#1390),#1393);
#1390 = B_SPLINE_CURVE_WITH_KNOTS('',1,(#1391,#1392),.UNSPECIFIED.,.F.,
  .F.,(2,2),(-1.0000006,5.999999999062E-07),.PIECEWISE_BEZIER_KNOTS.);
#1391 = CARTESIAN_POINT('',(0.145972388544,-1.0000006));
#1392 = CARTESIAN_POINT('',(0.145972388544,5.999999999062E-07));
#1393 = ( GEOMETRIC_REPRESENTATION_CONTEXT(2) 
PARAMETRIC_REPRESENTATION_CONTEXT() REPRESENTATION_CONTEXT('2D SPACE',''
  ) );
#1394 = PCURVE('',#1395,#1400);
#1395 = PLANE('',#1396);
#1396 = AXIS2_PLACEMENT_3D('',#1397,#1398,#1399);
#1397 = CARTESIAN_POINT('',(16.125,-0.4,4.5));
#1398 = DIRECTION('',(0.,-1.,0.));
#1399 = DIRECTION('',(-1.,0.,0.));
#1400 = DEFINITIONAL_REPRESENTATION('',(#1401),#1404);
#1401 = B_SPLINE_CURVE_WITH_KNOTS('',1,(#1402,#1403),.UNSPECIFIED.,.F.,
  .F.,(2,2),(-1.0000006,5.999999999062E-07),.PIECEWISE_BEZIER_KNOTS.);
#1402 = CARTESIAN_POINT('',(25.310496427917,-1.0000006));
#1403 = CARTESIAN_POINT('',(25.310496427917,5.999999999062E-07));
#1404 = ( GEOMETRIC_REPRESENTATION_CONTEXT(2) 
PARAMETRIC_REPRESENTATION_CONTEXT() REPRESENTATION_CONTEXT('2D SPACE',''
  ) );
#1405 = ORIENTED_EDGE('',*,*,#1406,.F.);
#1406 = EDGE_CURVE('',#1407,#1381,#1409,.T.);
#1407 = VERTEX_POINT('',#1408);
#1408 = CARTESIAN_POINT('',(-11.50625,-2.720753572083,5.5));
#1409 = SURFACE_CURVE('',#1410,(#1415,#1422),.PCURVE_S1.);
#1410 = CIRCLE('',#1411,2.75);
#1411 = AXIS2_PLACEMENT_3D('',#1412,#1413,#1414);
#1412 = CARTESIAN_POINT('',(-11.90625,1.358564403107E-15,5.5));
#1413 = DIRECTION('',(0.,0.,1.));
#1414 = DIRECTION('',(1.,-2.490940594823E-16,0.));
#1415 = PCURVE('',#385,#1416);
#1416 = DEFINITIONAL_REPRESENTATION('',(#1417),#1421);
#1417 = LINE('',#1418,#1419);
#1418 = CARTESIAN_POINT('',(6.28318530718,-1.));
#1419 = VECTOR('',#1420,1.);
#1420 = DIRECTION('',(-1.,-0.));
#1421 = ( GEOMETRIC_REPRESENTATION_CONTEXT(2) 
PARAMETRIC_REPRESENTATION_CONTEXT() REPRESENTATION_CONTEXT('2D SPACE',''
  ) );
#1422 = PCURVE('',#1423,#1428);
#1423 = PLANE('',#1424);
#1424 = AXIS2_PLACEMENT_3D('',#1425,#1426,#1427);
#1425 = CARTESIAN_POINT('',(-14.775,-5.25,5.5));
#1426 = DIRECTION('',(0.,0.,-1.));
#1427 = DIRECTION('',(0.942281773964,0.334820934911,0.));
#1428 = DEFINITIONAL_REPRESENTATION('',(#1429),#1437);
#1429 = ( BOUNDED_CURVE() B_SPLINE_CURVE(2,(#1430,#1431,#1432,#1433,
#1434,#1435,#1436),.UNSPECIFIED.,.T.,.F.) B_SPLINE_CURVE_WITH_KNOTS((1,2
    ,2,2,2,1),(-2.094395102393,0.,2.094395102393,4.188790204786,
6.28318530718,8.377580409573),.UNSPECIFIED.) CURVE() 
GEOMETRIC_REPRESENTATION_ITEM() RATIONAL_B_SPLINE_CURVE((1.,0.5,1.,0.5,
1.,0.5,1.)) REPRESENTATION_ITEM('') );
#1430 = CARTESIAN_POINT('',(7.052255625745,-3.06570418528));
#1431 = CARTESIAN_POINT('',(8.647054520181,-7.553923931049));
#1432 = CARTESIAN_POINT('',(3.96274275536,-6.690950414673));
#1433 = CARTESIAN_POINT('',(-0.72156900946,-5.827976898297));
#1434 = CARTESIAN_POINT('',(2.367943860925,-2.202730668904));
#1435 = CARTESIAN_POINT('',(5.45745673131,1.422515560488));
#1436 = CARTESIAN_POINT('',(7.052255625745,-3.06570418528));
#1437 = ( GEOMETRIC_REPRESENTATION_CONTEXT(2) 
PARAMETRIC_REPRESENTATION_CONTEXT() REPRESENTATION_CONTEXT('2D SPACE',''
  ) );
#1438 = ORIENTED_EDGE('',*,*,#1439,.T.);
#1439 = EDGE_CURVE('',#1407,#1440,#1442,.T.);
#1440 = VERTEX_POINT('',#1441);
#1441 = CARTESIAN_POINT('',(-11.50625,-2.720753572083,4.5));
#1442 = SURFACE_CURVE('',#1443,(#1447,#1453),.PCURVE_S1.);
#1443 = LINE('',#1444,#1445);
#1444 = CARTESIAN_POINT('',(-11.50625,-2.720753572083,4.5));
#1445 = VECTOR('',#1446,1.);
#1446 = DIRECTION('',(0.,0.,-1.));
#1447 = PCURVE('',#385,#1448);
#1448 = DEFINITIONAL_REPRESENTATION('',(#1449),#1452);
#1449 = B_SPLINE_CURVE_WITH_KNOTS('',1,(#1450,#1451),.UNSPECIFIED.,.F.,
  .F.,(2,2),(-1.0000006,5.999999999062E-07),.PIECEWISE_BEZIER_KNOTS.);
#1450 = CARTESIAN_POINT('',(1.424823938251,-1.0000006));
#1451 = CARTESIAN_POINT('',(1.424823938251,5.999999999062E-07));
#1452 = ( GEOMETRIC_REPRESENTATION_CONTEXT(2) 
PARAMETRIC_REPRESENTATION_CONTEXT() REPRESENTATION_CONTEXT('2D SPACE',''
  ) );
#1453 = PCURVE('',#1454,#1459);
#1454 = PLANE('',#1455);
#1455 = AXIS2_PLACEMENT_3D('',#1456,#1457,#1458);
#1456 = CARTESIAN_POINT('',(-11.50625,6.6,4.5));
#1457 = DIRECTION('',(1.,-0.,0.));
#1458 = DIRECTION('',(0.,-1.,0.));
#1459 = DEFINITIONAL_REPRESENTATION('',(#1460),#1463);
#1460 = B_SPLINE_CURVE_WITH_KNOTS('',1,(#1461,#1462),.UNSPECIFIED.,.F.,
  .F.,(2,2),(-1.0000006,5.999999999062E-07),.PIECEWISE_BEZIER_KNOTS.);
#1461 = CARTESIAN_POINT('',(9.320753572083,-1.0000006));
#1462 = CARTESIAN_POINT('',(9.320753572083,5.999999999062E-07));
#1463 = ( GEOMETRIC_REPRESENTATION_CONTEXT(2) 
PARAMETRIC_REPRESENTATION_CONTEXT() REPRESENTATION_CONTEXT('2D SPACE',''
  ) );
#1464 = ORIENTED_EDGE('',*,*,#1465,.T.);
#1465 = EDGE_CURVE('',#1440,#1466,#1468,.T.);
#1466 = VERTEX_POINT('',#1467);
#1467 = CARTESIAN_POINT('',(-12.30625,-2.720753572083,4.5));
#1468 = SURFACE_CURVE('',#1469,(#1474,#1481),.PCURVE_S1.);
#1469 = CIRCLE('',#1470,2.75);
#1470 = AXIS2_PLACEMENT_3D('',#1471,#1472,#1473);
#1471 = CARTESIAN_POINT('',(-11.90625,0.,4.5));
#1472 = DIRECTION('',(0.,0.,-1.));
#1473 = DIRECTION('',(1.,0.,0.));
#1474 = PCURVE('',#385,#1475);
#1475 = DEFINITIONAL_REPRESENTATION('',(#1476),#1480);
#1476 = LINE('',#1477,#1478);
#1477 = CARTESIAN_POINT('',(0.,0.));
#1478 = VECTOR('',#1479,1.);
#1479 = DIRECTION('',(1.,0.));
#1480 = ( GEOMETRIC_REPRESENTATION_CONTEXT(2) 
PARAMETRIC_REPRESENTATION_CONTEXT() REPRESENTATION_CONTEXT('2D SPACE',''
  ) );
#1481 = PCURVE('',#1482,#1487);
#1482 = PLANE('',#1483);
#1483 = AXIS2_PLACEMENT_3D('',#1484,#1485,#1486);
#1484 = CARTESIAN_POINT('',(0.,0.,4.5));
#1485 = DIRECTION('',(-0.,-0.,-1.));
#1486 = DIRECTION('',(-1.,0.,0.));
#1487 = DEFINITIONAL_REPRESENTATION('',(#1488),#1492);
#1488 = CIRCLE('',#1489,2.75);
#1489 = AXIS2_PLACEMENT_2D('',#1490,#1491);
#1490 = CARTESIAN_POINT('',(11.90625,0.));
#1491 = DIRECTION('',(-1.,0.));
#1492 = ( GEOMETRIC_REPRESENTATION_CONTEXT(2) 
PARAMETRIC_REPRESENTATION_CONTEXT() REPRESENTATION_CONTEXT('2D SPACE',''
  ) );
#1493 = ORIENTED_EDGE('',*,*,#1494,.F.);
#1494 = EDGE_CURVE('',#1495,#1466,#1497,.T.);
#1495 = VERTEX_POINT('',#1496);
#1496 = CARTESIAN_POINT('',(-12.30625,-2.720753572083,5.5));
#1497 = SURFACE_CURVE('',#1498,(#1502,#1508),.PCURVE_S1.);
#1498 = LINE('',#1499,#1500);
#1499 = CARTESIAN_POINT('',(-12.30625,-2.720753572083,4.5));
#1500 = VECTOR('',#1501,1.);
#1501 = DIRECTION('',(0.,0.,-1.));
#1502 = PCURVE('',#385,#1503);
#1503 = DEFINITIONAL_REPRESENTATION('',(#1504),#1507);
#1504 = B_SPLINE_CURVE_WITH_KNOTS('',1,(#1505,#1506),.UNSPECIFIED.,.F.,
  .F.,(2,2),(-1.0000006,5.999999999062E-07),.PIECEWISE_BEZIER_KNOTS.);
#1505 = CARTESIAN_POINT('',(1.716768715339,-1.0000006));
#1506 = CARTESIAN_POINT('',(1.716768715339,5.999999999062E-07));
#1507 = ( GEOMETRIC_REPRESENTATION_CONTEXT(2) 
PARAMETRIC_REPRESENTATION_CONTEXT() REPRESENTATION_CONTEXT('2D SPACE',''
  ) );
#1508 = PCURVE('',#1509,#1514);
#1509 = PLANE('',#1510);
#1510 = AXIS2_PLACEMENT_3D('',#1511,#1512,#1513);
#1511 = CARTESIAN_POINT('',(-12.30625,-6.6,4.5));
#1512 = DIRECTION('',(-1.,0.,0.));
#1513 = DIRECTION('',(0.,1.,0.));
#1514 = DEFINITIONAL_REPRESENTATION('',(#1515),#1518);
#1515 = B_SPLINE_CURVE_WITH_KNOTS('',1,(#1516,#1517),.UNSPECIFIED.,.F.,
  .F.,(2,2),(-1.0000006,5.999999999062E-07),.PIECEWISE_BEZIER_KNOTS.);
#1516 = CARTESIAN_POINT('',(3.879246427917,-1.0000006));
#1517 = CARTESIAN_POINT('',(3.879246427917,5.999999999062E-07));
#1518 = ( GEOMETRIC_REPRESENTATION_CONTEXT(2) 
PARAMETRIC_REPRESENTATION_CONTEXT() REPRESENTATION_CONTEXT('2D SPACE',''
  ) );
#1519 = ORIENTED_EDGE('',*,*,#1520,.F.);
#1520 = EDGE_CURVE('',#1049,#1495,#1521,.T.);
#1521 = SURFACE_CURVE('',#1522,(#1527,#1534),.PCURVE_S1.);
#1522 = CIRCLE('',#1523,2.75);
#1523 = AXIS2_PLACEMENT_3D('',#1524,#1525,#1526);
#1524 = CARTESIAN_POINT('',(-11.90625,1.358564403107E-15,5.5));
#1525 = DIRECTION('',(0.,0.,1.));
#1526 = DIRECTION('',(1.,-2.490940594823E-16,0.));
#1527 = PCURVE('',#385,#1528);
#1528 = DEFINITIONAL_REPRESENTATION('',(#1529),#1533);
#1529 = LINE('',#1530,#1531);
#1530 = CARTESIAN_POINT('',(6.28318530718,-1.));
#1531 = VECTOR('',#1532,1.);
#1532 = DIRECTION('',(-1.,-0.));
#1533 = ( GEOMETRIC_REPRESENTATION_CONTEXT(2) 
PARAMETRIC_REPRESENTATION_CONTEXT() REPRESENTATION_CONTEXT('2D SPACE',''
  ) );
#1534 = PCURVE('',#1535,#1540);
#1535 = PLANE('',#1536);
#1536 = AXIS2_PLACEMENT_3D('',#1537,#1538,#1539);
#1537 = CARTESIAN_POINT('',(-14.775,-5.25,5.5));
#1538 = DIRECTION('',(0.,0.,-1.));
#1539 = DIRECTION('',(0.942281773964,0.334820934911,0.));
#1540 = DEFINITIONAL_REPRESENTATION('',(#1541),#1549);
#1541 = ( BOUNDED_CURVE() B_SPLINE_CURVE(2,(#1542,#1543,#1544,#1545,
#1546,#1547,#1548),.UNSPECIFIED.,.T.,.F.) B_SPLINE_CURVE_WITH_KNOTS((1,2
    ,2,2,2,1),(-2.094395102393,0.,2.094395102393,4.188790204786,
6.28318530718,8.377580409573),.UNSPECIFIED.) CURVE() 
GEOMETRIC_REPRESENTATION_ITEM() RATIONAL_B_SPLINE_CURVE((1.,0.5,1.,0.5,
1.,0.5,1.)) REPRESENTATION_ITEM('') );
#1542 = CARTESIAN_POINT('',(7.052255625745,-3.06570418528));
#1543 = CARTESIAN_POINT('',(8.647054520181,-7.553923931049));
#1544 = CARTESIAN_POINT('',(3.96274275536,-6.690950414673));
#1545 = CARTESIAN_POINT('',(-0.72156900946,-5.827976898297));
#1546 = CARTESIAN_POINT('',(2.367943860925,-2.202730668904));
#1547 = CARTESIAN_POINT('',(5.45745673131,1.422515560488));
#1548 = CARTESIAN_POINT('',(7.052255625745,-3.06570418528));
#1549 = ( GEOMETRIC_REPRESENTATION_CONTEXT(2) 
PARAMETRIC_REPRESENTATION_CONTEXT() REPRESENTATION_CONTEXT('2D SPACE',''
  ) );
#1550 = ADVANCED_FACE('',(#1551),#461,.F.);
#1551 = FACE_BOUND('',#1552,.F.);
#1552 = EDGE_LOOP('',(#1553,#1576,#1577,#1600));
#1553 = ORIENTED_EDGE('',*,*,#1554,.F.);
#1554 = EDGE_CURVE('',#425,#1555,#1557,.T.);
#1555 = VERTEX_POINT('',#1556);
#1556 = CARTESIAN_POINT('',(-12.46625,0.635,4.6));
#1557 = SURFACE_CURVE('',#1558,(#1562,#1569),.PCURVE_S1.);
#1558 = LINE('',#1559,#1560);
#1559 = CARTESIAN_POINT('',(-12.46625,0.635,-0.));
#1560 = VECTOR('',#1561,1.);
#1561 = DIRECTION('',(-0.,0.,1.));
#1562 = PCURVE('',#461,#1563);
#1563 = DEFINITIONAL_REPRESENTATION('',(#1564),#1568);
#1564 = LINE('',#1565,#1566);
#1565 = CARTESIAN_POINT('',(1.515,0.));
#1566 = VECTOR('',#1567,1.);
#1567 = DIRECTION('',(0.,-1.));
#1568 = ( GEOMETRIC_REPRESENTATION_CONTEXT(2) 
PARAMETRIC_REPRESENTATION_CONTEXT() REPRESENTATION_CONTEXT('2D SPACE',''
  ) );
#1569 = PCURVE('',#569,#1570);
#1570 = DEFINITIONAL_REPRESENTATION('',(#1571),#1575);
#1571 = LINE('',#1572,#1573);
#1572 = CARTESIAN_POINT('',(1.44,0.));
#1573 = VECTOR('',#1574,1.);
#1574 = DIRECTION('',(0.,-1.));
#1575 = ( GEOMETRIC_REPRESENTATION_CONTEXT(2) 
PARAMETRIC_REPRESENTATION_CONTEXT() REPRESENTATION_CONTEXT('2D SPACE',''
  ) );
#1576 = ORIENTED_EDGE('',*,*,#447,.F.);
#1577 = ORIENTED_EDGE('',*,*,#1578,.T.);
#1578 = EDGE_CURVE('',#401,#1579,#1581,.T.);
#1579 = VERTEX_POINT('',#1580);
#1580 = CARTESIAN_POINT('',(-13.98125,0.635,4.6));
#1581 = SURFACE_CURVE('',#1582,(#1586,#1593),.PCURVE_S1.);
#1582 = LINE('',#1583,#1584);
#1583 = CARTESIAN_POINT('',(-13.98125,0.635,-0.));
#1584 = VECTOR('',#1585,1.);
#1585 = DIRECTION('',(-0.,0.,1.));
#1586 = PCURVE('',#461,#1587);
#1587 = DEFINITIONAL_REPRESENTATION('',(#1588),#1592);
#1588 = LINE('',#1589,#1590);
#1589 = CARTESIAN_POINT('',(-1.7763568394E-15,0.));
#1590 = VECTOR('',#1591,1.);
#1591 = DIRECTION('',(0.,-1.));
#1592 = ( GEOMETRIC_REPRESENTATION_CONTEXT(2) 
PARAMETRIC_REPRESENTATION_CONTEXT() REPRESENTATION_CONTEXT('2D SPACE',''
  ) );
#1593 = PCURVE('',#515,#1594);
#1594 = DEFINITIONAL_REPRESENTATION('',(#1595),#1599);
#1595 = LINE('',#1596,#1597);
#1596 = CARTESIAN_POINT('',(0.,0.));
#1597 = VECTOR('',#1598,1.);
#1598 = DIRECTION('',(0.,-1.));
#1599 = ( GEOMETRIC_REPRESENTATION_CONTEXT(2) 
PARAMETRIC_REPRESENTATION_CONTEXT() REPRESENTATION_CONTEXT('2D SPACE',''
  ) );
#1600 = ORIENTED_EDGE('',*,*,#1601,.T.);
#1601 = EDGE_CURVE('',#1579,#1555,#1602,.T.);
#1602 = SURFACE_CURVE('',#1603,(#1607,#1614),.PCURVE_S1.);
#1603 = LINE('',#1604,#1605);
#1604 = CARTESIAN_POINT('',(-11.90625,0.635,4.6));
#1605 = VECTOR('',#1606,1.);
#1606 = DIRECTION('',(1.,0.,0.));
#1607 = PCURVE('',#461,#1608);
#1608 = DEFINITIONAL_REPRESENTATION('',(#1609),#1613);
#1609 = LINE('',#1610,#1611);
#1610 = CARTESIAN_POINT('',(2.075,-4.6));
#1611 = VECTOR('',#1612,1.);
#1612 = DIRECTION('',(1.,0.));
#1613 = ( GEOMETRIC_REPRESENTATION_CONTEXT(2) 
PARAMETRIC_REPRESENTATION_CONTEXT() REPRESENTATION_CONTEXT('2D SPACE',''
  ) );
#1614 = PCURVE('',#1615,#1620);
#1615 = PLANE('',#1616);
#1616 = AXIS2_PLACEMENT_3D('',#1617,#1618,#1619);
#1617 = CARTESIAN_POINT('',(-11.90625,7.403907011753E-15,4.6));
#1618 = DIRECTION('',(0.,0.,-1.));
#1619 = DIRECTION('',(1.,0.,0.));
#1620 = DEFINITIONAL_REPRESENTATION('',(#1621),#1625);
#1621 = LINE('',#1622,#1623);
#1622 = CARTESIAN_POINT('',(0.,-0.635));
#1623 = VECTOR('',#1624,1.);
#1624 = DIRECTION('',(1.,0.));
#1625 = ( GEOMETRIC_REPRESENTATION_CONTEXT(2) 
PARAMETRIC_REPRESENTATION_CONTEXT() REPRESENTATION_CONTEXT('2D SPACE',''
  ) );
#1626 = ADVANCED_FACE('',(#1627),#515,.T.);
#1627 = FACE_BOUND('',#1628,.T.);
#1628 = EDGE_LOOP('',(#1629,#1652,#1653,#1654));
#1629 = ORIENTED_EDGE('',*,*,#1630,.F.);
#1630 = EDGE_CURVE('',#479,#1631,#1633,.T.);
#1631 = VERTEX_POINT('',#1632);
#1632 = CARTESIAN_POINT('',(-13.98125,-0.635,4.6));
#1633 = SURFACE_CURVE('',#1634,(#1638,#1645),.PCURVE_S1.);
#1634 = LINE('',#1635,#1636);
#1635 = CARTESIAN_POINT('',(-13.98125,-0.635,0.));
#1636 = VECTOR('',#1637,1.);
#1637 = DIRECTION('',(-0.,0.,1.));
#1638 = PCURVE('',#515,#1639);
#1639 = DEFINITIONAL_REPRESENTATION('',(#1640),#1644);
#1640 = LINE('',#1641,#1642);
#1641 = CARTESIAN_POINT('',(1.27,0.));
#1642 = VECTOR('',#1643,1.);
#1643 = DIRECTION('',(0.,-1.));
#1644 = ( GEOMETRIC_REPRESENTATION_CONTEXT(2) 
PARAMETRIC_REPRESENTATION_CONTEXT() REPRESENTATION_CONTEXT('2D SPACE',''
  ) );
#1645 = PCURVE('',#623,#1646);
#1646 = DEFINITIONAL_REPRESENTATION('',(#1647),#1651);
#1647 = LINE('',#1648,#1649);
#1648 = CARTESIAN_POINT('',(-1.7763568394E-15,-0.));
#1649 = VECTOR('',#1650,1.);
#1650 = DIRECTION('',(0.,-1.));
#1651 = ( GEOMETRIC_REPRESENTATION_CONTEXT(2) 
PARAMETRIC_REPRESENTATION_CONTEXT() REPRESENTATION_CONTEXT('2D SPACE',''
  ) );
#1652 = ORIENTED_EDGE('',*,*,#501,.F.);
#1653 = ORIENTED_EDGE('',*,*,#1578,.T.);
#1654 = ORIENTED_EDGE('',*,*,#1655,.T.);
#1655 = EDGE_CURVE('',#1579,#1631,#1656,.T.);
#1656 = SURFACE_CURVE('',#1657,(#1661,#1668),.PCURVE_S1.);
#1657 = LINE('',#1658,#1659);
#1658 = CARTESIAN_POINT('',(-13.98125,7.403907011753E-15,4.6));
#1659 = VECTOR('',#1660,1.);
#1660 = DIRECTION('',(0.,-1.,0.));
#1661 = PCURVE('',#515,#1662);
#1662 = DEFINITIONAL_REPRESENTATION('',(#1663),#1667);
#1663 = LINE('',#1664,#1665);
#1664 = CARTESIAN_POINT('',(0.635,-4.6));
#1665 = VECTOR('',#1666,1.);
#1666 = DIRECTION('',(1.,0.));
#1667 = ( GEOMETRIC_REPRESENTATION_CONTEXT(2) 
PARAMETRIC_REPRESENTATION_CONTEXT() REPRESENTATION_CONTEXT('2D SPACE',''
  ) );
#1668 = PCURVE('',#1615,#1669);
#1669 = DEFINITIONAL_REPRESENTATION('',(#1670),#1674);
#1670 = LINE('',#1671,#1672);
#1671 = CARTESIAN_POINT('',(-2.075,0.));
#1672 = VECTOR('',#1673,1.);
#1673 = DIRECTION('',(0.,1.));
#1674 = ( GEOMETRIC_REPRESENTATION_CONTEXT(2) 
PARAMETRIC_REPRESENTATION_CONTEXT() REPRESENTATION_CONTEXT('2D SPACE',''
  ) );
#1675 = ADVANCED_FACE('',(#1676),#569,.T.);
#1676 = FACE_BOUND('',#1677,.T.);
#1677 = EDGE_LOOP('',(#1678,#1679,#1680,#1703));
#1678 = ORIENTED_EDGE('',*,*,#1554,.F.);
#1679 = ORIENTED_EDGE('',*,*,#555,.F.);
#1680 = ORIENTED_EDGE('',*,*,#1681,.T.);
#1681 = EDGE_CURVE('',#531,#1682,#1684,.T.);
#1682 = VERTEX_POINT('',#1683);
#1683 = CARTESIAN_POINT('',(-12.46625,2.075,4.6));
#1684 = SURFACE_CURVE('',#1685,(#1689,#1696),.PCURVE_S1.);
#1685 = LINE('',#1686,#1687);
#1686 = CARTESIAN_POINT('',(-12.46625,2.075,-0.));
#1687 = VECTOR('',#1688,1.);
#1688 = DIRECTION('',(-0.,0.,1.));
#1689 = PCURVE('',#569,#1690);
#1690 = DEFINITIONAL_REPRESENTATION('',(#1691),#1695);
#1691 = LINE('',#1692,#1693);
#1692 = CARTESIAN_POINT('',(0.,0.));
#1693 = VECTOR('',#1694,1.);
#1694 = DIRECTION('',(0.,-1.));
#1695 = ( GEOMETRIC_REPRESENTATION_CONTEXT(2) 
PARAMETRIC_REPRESENTATION_CONTEXT() REPRESENTATION_CONTEXT('2D SPACE',''
  ) );
#1696 = PCURVE('',#677,#1697);
#1697 = DEFINITIONAL_REPRESENTATION('',(#1698),#1702);
#1698 = LINE('',#1699,#1700);
#1699 = CARTESIAN_POINT('',(0.,0.));
#1700 = VECTOR('',#1701,1.);
#1701 = DIRECTION('',(0.,-1.));
#1702 = ( GEOMETRIC_REPRESENTATION_CONTEXT(2) 
PARAMETRIC_REPRESENTATION_CONTEXT() REPRESENTATION_CONTEXT('2D SPACE',''
  ) );
#1703 = ORIENTED_EDGE('',*,*,#1704,.T.);
#1704 = EDGE_CURVE('',#1682,#1555,#1705,.T.);
#1705 = SURFACE_CURVE('',#1706,(#1710,#1717),.PCURVE_S1.);
#1706 = LINE('',#1707,#1708);
#1707 = CARTESIAN_POINT('',(-12.46625,7.403907011753E-15,4.6));
#1708 = VECTOR('',#1709,1.);
#1709 = DIRECTION('',(0.,-1.,0.));
#1710 = PCURVE('',#569,#1711);
#1711 = DEFINITIONAL_REPRESENTATION('',(#1712),#1716);
#1712 = LINE('',#1713,#1714);
#1713 = CARTESIAN_POINT('',(2.075,-4.6));
#1714 = VECTOR('',#1715,1.);
#1715 = DIRECTION('',(1.,0.));
#1716 = ( GEOMETRIC_REPRESENTATION_CONTEXT(2) 
PARAMETRIC_REPRESENTATION_CONTEXT() REPRESENTATION_CONTEXT('2D SPACE',''
  ) );
#1717 = PCURVE('',#1615,#1718);
#1718 = DEFINITIONAL_REPRESENTATION('',(#1719),#1723);
#1719 = LINE('',#1720,#1721);
#1720 = CARTESIAN_POINT('',(-0.56,0.));
#1721 = VECTOR('',#1722,1.);
#1722 = DIRECTION('',(0.,1.));
#1723 = ( GEOMETRIC_REPRESENTATION_CONTEXT(2) 
PARAMETRIC_REPRESENTATION_CONTEXT() REPRESENTATION_CONTEXT('2D SPACE',''
  ) );
#1724 = ADVANCED_FACE('',(#1725),#623,.T.);
#1725 = FACE_BOUND('',#1726,.T.);
#1726 = EDGE_LOOP('',(#1727,#1750,#1751,#1752));
#1727 = ORIENTED_EDGE('',*,*,#1728,.F.);
#1728 = EDGE_CURVE('',#587,#1729,#1731,.T.);
#1729 = VERTEX_POINT('',#1730);
#1730 = CARTESIAN_POINT('',(-12.46625,-0.635,4.6));
#1731 = SURFACE_CURVE('',#1732,(#1736,#1743),.PCURVE_S1.);
#1732 = LINE('',#1733,#1734);
#1733 = CARTESIAN_POINT('',(-12.46625,-0.635,0.));
#1734 = VECTOR('',#1735,1.);
#1735 = DIRECTION('',(-0.,0.,1.));
#1736 = PCURVE('',#623,#1737);
#1737 = DEFINITIONAL_REPRESENTATION('',(#1738),#1742);
#1738 = LINE('',#1739,#1740);
#1739 = CARTESIAN_POINT('',(1.515,0.));
#1740 = VECTOR('',#1741,1.);
#1741 = DIRECTION('',(0.,-1.));
#1742 = ( GEOMETRIC_REPRESENTATION_CONTEXT(2) 
PARAMETRIC_REPRESENTATION_CONTEXT() REPRESENTATION_CONTEXT('2D SPACE',''
  ) );
#1743 = PCURVE('',#731,#1744);
#1744 = DEFINITIONAL_REPRESENTATION('',(#1745),#1749);
#1745 = LINE('',#1746,#1747);
#1746 = CARTESIAN_POINT('',(0.,0.));
#1747 = VECTOR('',#1748,1.);
#1748 = DIRECTION('',(0.,-1.));
#1749 = ( GEOMETRIC_REPRESENTATION_CONTEXT(2) 
PARAMETRIC_REPRESENTATION_CONTEXT() REPRESENTATION_CONTEXT('2D SPACE',''
  ) );
#1750 = ORIENTED_EDGE('',*,*,#609,.F.);
#1751 = ORIENTED_EDGE('',*,*,#1630,.T.);
#1752 = ORIENTED_EDGE('',*,*,#1753,.T.);
#1753 = EDGE_CURVE('',#1631,#1729,#1754,.T.);
#1754 = SURFACE_CURVE('',#1755,(#1759,#1766),.PCURVE_S1.);
#1755 = LINE('',#1756,#1757);
#1756 = CARTESIAN_POINT('',(-11.90625,-0.635,4.6));
#1757 = VECTOR('',#1758,1.);
#1758 = DIRECTION('',(1.,0.,0.));
#1759 = PCURVE('',#623,#1760);
#1760 = DEFINITIONAL_REPRESENTATION('',(#1761),#1765);
#1761 = LINE('',#1762,#1763);
#1762 = CARTESIAN_POINT('',(2.075,-4.6));
#1763 = VECTOR('',#1764,1.);
#1764 = DIRECTION('',(1.,0.));
#1765 = ( GEOMETRIC_REPRESENTATION_CONTEXT(2) 
PARAMETRIC_REPRESENTATION_CONTEXT() REPRESENTATION_CONTEXT('2D SPACE',''
  ) );
#1766 = PCURVE('',#1615,#1767);
#1767 = DEFINITIONAL_REPRESENTATION('',(#1768),#1772);
#1768 = LINE('',#1769,#1770);
#1769 = CARTESIAN_POINT('',(0.,0.635));
#1770 = VECTOR('',#1771,1.);
#1771 = DIRECTION('',(1.,0.));
#1772 = ( GEOMETRIC_REPRESENTATION_CONTEXT(2) 
PARAMETRIC_REPRESENTATION_CONTEXT() REPRESENTATION_CONTEXT('2D SPACE',''
  ) );
#1773 = ADVANCED_FACE('',(#1774),#677,.F.);
#1774 = FACE_BOUND('',#1775,.F.);
#1775 = EDGE_LOOP('',(#1776,#1799,#1800,#1801));
#1776 = ORIENTED_EDGE('',*,*,#1777,.F.);
#1777 = EDGE_CURVE('',#641,#1778,#1780,.T.);
#1778 = VERTEX_POINT('',#1779);
#1779 = CARTESIAN_POINT('',(-11.34625,2.075,4.6));
#1780 = SURFACE_CURVE('',#1781,(#1785,#1792),.PCURVE_S1.);
#1781 = LINE('',#1782,#1783);
#1782 = CARTESIAN_POINT('',(-11.34625,2.075,-0.));
#1783 = VECTOR('',#1784,1.);
#1784 = DIRECTION('',(-0.,0.,1.));
#1785 = PCURVE('',#677,#1786);
#1786 = DEFINITIONAL_REPRESENTATION('',(#1787),#1791);
#1787 = LINE('',#1788,#1789);
#1788 = CARTESIAN_POINT('',(1.12,0.));
#1789 = VECTOR('',#1790,1.);
#1790 = DIRECTION('',(0.,-1.));
#1791 = ( GEOMETRIC_REPRESENTATION_CONTEXT(2) 
PARAMETRIC_REPRESENTATION_CONTEXT() REPRESENTATION_CONTEXT('2D SPACE',''
  ) );
#1792 = PCURVE('',#785,#1793);
#1793 = DEFINITIONAL_REPRESENTATION('',(#1794),#1798);
#1794 = LINE('',#1795,#1796);
#1795 = CARTESIAN_POINT('',(0.,0.));
#1796 = VECTOR('',#1797,1.);
#1797 = DIRECTION('',(0.,-1.));
#1798 = ( GEOMETRIC_REPRESENTATION_CONTEXT(2) 
PARAMETRIC_REPRESENTATION_CONTEXT() REPRESENTATION_CONTEXT('2D SPACE',''
  ) );
#1799 = ORIENTED_EDGE('',*,*,#663,.F.);
#1800 = ORIENTED_EDGE('',*,*,#1681,.T.);
#1801 = ORIENTED_EDGE('',*,*,#1802,.T.);
#1802 = EDGE_CURVE('',#1682,#1778,#1803,.T.);
#1803 = SURFACE_CURVE('',#1804,(#1808,#1815),.PCURVE_S1.);
#1804 = LINE('',#1805,#1806);
#1805 = CARTESIAN_POINT('',(-11.90625,2.075,4.6));
#1806 = VECTOR('',#1807,1.);
#1807 = DIRECTION('',(1.,0.,0.));
#1808 = PCURVE('',#677,#1809);
#1809 = DEFINITIONAL_REPRESENTATION('',(#1810),#1814);
#1810 = LINE('',#1811,#1812);
#1811 = CARTESIAN_POINT('',(0.56,-4.6));
#1812 = VECTOR('',#1813,1.);
#1813 = DIRECTION('',(1.,0.));
#1814 = ( GEOMETRIC_REPRESENTATION_CONTEXT(2) 
PARAMETRIC_REPRESENTATION_CONTEXT() REPRESENTATION_CONTEXT('2D SPACE',''
  ) );
#1815 = PCURVE('',#1615,#1816);
#1816 = DEFINITIONAL_REPRESENTATION('',(#1817),#1821);
#1817 = LINE('',#1818,#1819);
#1818 = CARTESIAN_POINT('',(0.,-2.075));
#1819 = VECTOR('',#1820,1.);
#1820 = DIRECTION('',(1.,0.));
#1821 = ( GEOMETRIC_REPRESENTATION_CONTEXT(2) 
PARAMETRIC_REPRESENTATION_CONTEXT() REPRESENTATION_CONTEXT('2D SPACE',''
  ) );
#1822 = ADVANCED_FACE('',(#1823),#731,.T.);
#1823 = FACE_BOUND('',#1824,.T.);
#1824 = EDGE_LOOP('',(#1825,#1848,#1849,#1850));
#1825 = ORIENTED_EDGE('',*,*,#1826,.F.);
#1826 = EDGE_CURVE('',#695,#1827,#1829,.T.);
#1827 = VERTEX_POINT('',#1828);
#1828 = CARTESIAN_POINT('',(-12.46625,-2.075,4.6));
#1829 = SURFACE_CURVE('',#1830,(#1834,#1841),.PCURVE_S1.);
#1830 = LINE('',#1831,#1832);
#1831 = CARTESIAN_POINT('',(-12.46625,-2.075,0.));
#1832 = VECTOR('',#1833,1.);
#1833 = DIRECTION('',(-0.,0.,1.));
#1834 = PCURVE('',#731,#1835);
#1835 = DEFINITIONAL_REPRESENTATION('',(#1836),#1840);
#1836 = LINE('',#1837,#1838);
#1837 = CARTESIAN_POINT('',(1.44,0.));
#1838 = VECTOR('',#1839,1.);
#1839 = DIRECTION('',(0.,-1.));
#1840 = ( GEOMETRIC_REPRESENTATION_CONTEXT(2) 
PARAMETRIC_REPRESENTATION_CONTEXT() REPRESENTATION_CONTEXT('2D SPACE',''
  ) );
#1841 = PCURVE('',#839,#1842);
#1842 = DEFINITIONAL_REPRESENTATION('',(#1843),#1847);
#1843 = LINE('',#1844,#1845);
#1844 = CARTESIAN_POINT('',(0.,0.));
#1845 = VECTOR('',#1846,1.);
#1846 = DIRECTION('',(0.,-1.));
#1847 = ( GEOMETRIC_REPRESENTATION_CONTEXT(2) 
PARAMETRIC_REPRESENTATION_CONTEXT() REPRESENTATION_CONTEXT('2D SPACE',''
  ) );
#1848 = ORIENTED_EDGE('',*,*,#717,.F.);
#1849 = ORIENTED_EDGE('',*,*,#1728,.T.);
#1850 = ORIENTED_EDGE('',*,*,#1851,.T.);
#1851 = EDGE_CURVE('',#1729,#1827,#1852,.T.);
#1852 = SURFACE_CURVE('',#1853,(#1857,#1864),.PCURVE_S1.);
#1853 = LINE('',#1854,#1855);
#1854 = CARTESIAN_POINT('',(-12.46625,7.403907011753E-15,4.6));
#1855 = VECTOR('',#1856,1.);
#1856 = DIRECTION('',(0.,-1.,0.));
#1857 = PCURVE('',#731,#1858);
#1858 = DEFINITIONAL_REPRESENTATION('',(#1859),#1863);
#1859 = LINE('',#1860,#1861);
#1860 = CARTESIAN_POINT('',(-0.635,-4.6));
#1861 = VECTOR('',#1862,1.);
#1862 = DIRECTION('',(1.,0.));
#1863 = ( GEOMETRIC_REPRESENTATION_CONTEXT(2) 
PARAMETRIC_REPRESENTATION_CONTEXT() REPRESENTATION_CONTEXT('2D SPACE',''
  ) );
#1864 = PCURVE('',#1615,#1865);
#1865 = DEFINITIONAL_REPRESENTATION('',(#1866),#1870);
#1866 = LINE('',#1867,#1868);
#1867 = CARTESIAN_POINT('',(-0.56,0.));
#1868 = VECTOR('',#1869,1.);
#1869 = DIRECTION('',(0.,1.));
#1870 = ( GEOMETRIC_REPRESENTATION_CONTEXT(2) 
PARAMETRIC_REPRESENTATION_CONTEXT() REPRESENTATION_CONTEXT('2D SPACE',''
  ) );
#1871 = ADVANCED_FACE('',(#1872),#785,.F.);
#1872 = FACE_BOUND('',#1873,.F.);
#1873 = EDGE_LOOP('',(#1874,#1897,#1898,#1899));
#1874 = ORIENTED_EDGE('',*,*,#1875,.F.);
#1875 = EDGE_CURVE('',#749,#1876,#1878,.T.);
#1876 = VERTEX_POINT('',#1877);
#1877 = CARTESIAN_POINT('',(-11.34625,0.635,4.6));
#1878 = SURFACE_CURVE('',#1879,(#1883,#1890),.PCURVE_S1.);
#1879 = LINE('',#1880,#1881);
#1880 = CARTESIAN_POINT('',(-11.34625,0.635,-0.));
#1881 = VECTOR('',#1882,1.);
#1882 = DIRECTION('',(-0.,0.,1.));
#1883 = PCURVE('',#785,#1884);
#1884 = DEFINITIONAL_REPRESENTATION('',(#1885),#1889);
#1885 = LINE('',#1886,#1887);
#1886 = CARTESIAN_POINT('',(1.44,0.));
#1887 = VECTOR('',#1888,1.);
#1888 = DIRECTION('',(0.,-1.));
#1889 = ( GEOMETRIC_REPRESENTATION_CONTEXT(2) 
PARAMETRIC_REPRESENTATION_CONTEXT() REPRESENTATION_CONTEXT('2D SPACE',''
  ) );
#1890 = PCURVE('',#893,#1891);
#1891 = DEFINITIONAL_REPRESENTATION('',(#1892),#1896);
#1892 = LINE('',#1893,#1894);
#1893 = CARTESIAN_POINT('',(0.,0.));
#1894 = VECTOR('',#1895,1.);
#1895 = DIRECTION('',(0.,-1.));
#1896 = ( GEOMETRIC_REPRESENTATION_CONTEXT(2) 
PARAMETRIC_REPRESENTATION_CONTEXT() REPRESENTATION_CONTEXT('2D SPACE',''
  ) );
#1897 = ORIENTED_EDGE('',*,*,#771,.F.);
#1898 = ORIENTED_EDGE('',*,*,#1777,.T.);
#1899 = ORIENTED_EDGE('',*,*,#1900,.T.);
#1900 = EDGE_CURVE('',#1778,#1876,#1901,.T.);
#1901 = SURFACE_CURVE('',#1902,(#1906,#1913),.PCURVE_S1.);
#1902 = LINE('',#1903,#1904);
#1903 = CARTESIAN_POINT('',(-11.34625,7.403907011753E-15,4.6));
#1904 = VECTOR('',#1905,1.);
#1905 = DIRECTION('',(0.,-1.,0.));
#1906 = PCURVE('',#785,#1907);
#1907 = DEFINITIONAL_REPRESENTATION('',(#1908),#1912);
#1908 = LINE('',#1909,#1910);
#1909 = CARTESIAN_POINT('',(2.075,-4.6));
#1910 = VECTOR('',#1911,1.);
#1911 = DIRECTION('',(1.,0.));
#1912 = ( GEOMETRIC_REPRESENTATION_CONTEXT(2) 
PARAMETRIC_REPRESENTATION_CONTEXT() REPRESENTATION_CONTEXT('2D SPACE',''
  ) );
#1913 = PCURVE('',#1615,#1914);
#1914 = DEFINITIONAL_REPRESENTATION('',(#1915),#1919);
#1915 = LINE('',#1916,#1917);
#1916 = CARTESIAN_POINT('',(0.56,0.));
#1917 = VECTOR('',#1918,1.);
#1918 = DIRECTION('',(0.,1.));
#1919 = ( GEOMETRIC_REPRESENTATION_CONTEXT(2) 
PARAMETRIC_REPRESENTATION_CONTEXT() REPRESENTATION_CONTEXT('2D SPACE',''
  ) );
#1920 = ADVANCED_FACE('',(#1921),#839,.T.);
#1921 = FACE_BOUND('',#1922,.T.);
#1922 = EDGE_LOOP('',(#1923,#1946,#1947,#1948));
#1923 = ORIENTED_EDGE('',*,*,#1924,.F.);
#1924 = EDGE_CURVE('',#803,#1925,#1927,.T.);
#1925 = VERTEX_POINT('',#1926);
#1926 = CARTESIAN_POINT('',(-11.34625,-2.075,4.6));
#1927 = SURFACE_CURVE('',#1928,(#1932,#1939),.PCURVE_S1.);
#1928 = LINE('',#1929,#1930);
#1929 = CARTESIAN_POINT('',(-11.34625,-2.075,0.));
#1930 = VECTOR('',#1931,1.);
#1931 = DIRECTION('',(-0.,0.,1.));
#1932 = PCURVE('',#839,#1933);
#1933 = DEFINITIONAL_REPRESENTATION('',(#1934),#1938);
#1934 = LINE('',#1935,#1936);
#1935 = CARTESIAN_POINT('',(1.12,0.));
#1936 = VECTOR('',#1937,1.);
#1937 = DIRECTION('',(0.,-1.));
#1938 = ( GEOMETRIC_REPRESENTATION_CONTEXT(2) 
PARAMETRIC_REPRESENTATION_CONTEXT() REPRESENTATION_CONTEXT('2D SPACE',''
  ) );
#1939 = PCURVE('',#947,#1940);
#1940 = DEFINITIONAL_REPRESENTATION('',(#1941),#1945);
#1941 = LINE('',#1942,#1943);
#1942 = CARTESIAN_POINT('',(1.44,0.));
#1943 = VECTOR('',#1944,1.);
#1944 = DIRECTION('',(0.,-1.));
#1945 = ( GEOMETRIC_REPRESENTATION_CONTEXT(2) 
PARAMETRIC_REPRESENTATION_CONTEXT() REPRESENTATION_CONTEXT('2D SPACE',''
  ) );
#1946 = ORIENTED_EDGE('',*,*,#825,.F.);
#1947 = ORIENTED_EDGE('',*,*,#1826,.T.);
#1948 = ORIENTED_EDGE('',*,*,#1949,.T.);
#1949 = EDGE_CURVE('',#1827,#1925,#1950,.T.);
#1950 = SURFACE_CURVE('',#1951,(#1955,#1962),.PCURVE_S1.);
#1951 = LINE('',#1952,#1953);
#1952 = CARTESIAN_POINT('',(-11.90625,-2.075,4.6));
#1953 = VECTOR('',#1954,1.);
#1954 = DIRECTION('',(1.,0.,0.));
#1955 = PCURVE('',#839,#1956);
#1956 = DEFINITIONAL_REPRESENTATION('',(#1957),#1961);
#1957 = LINE('',#1958,#1959);
#1958 = CARTESIAN_POINT('',(0.56,-4.6));
#1959 = VECTOR('',#1960,1.);
#1960 = DIRECTION('',(1.,0.));
#1961 = ( GEOMETRIC_REPRESENTATION_CONTEXT(2) 
PARAMETRIC_REPRESENTATION_CONTEXT() REPRESENTATION_CONTEXT('2D SPACE',''
  ) );
#1962 = PCURVE('',#1615,#1963);
#1963 = DEFINITIONAL_REPRESENTATION('',(#1964),#1968);
#1964 = LINE('',#1965,#1966);
#1965 = CARTESIAN_POINT('',(0.,2.075));
#1966 = VECTOR('',#1967,1.);
#1967 = DIRECTION('',(1.,0.));
#1968 = ( GEOMETRIC_REPRESENTATION_CONTEXT(2) 
PARAMETRIC_REPRESENTATION_CONTEXT() REPRESENTATION_CONTEXT('2D SPACE',''
  ) );
#1969 = ADVANCED_FACE('',(#1970),#893,.F.);
#1970 = FACE_BOUND('',#1971,.F.);
#1971 = EDGE_LOOP('',(#1972,#1995,#1996,#1997));
#1972 = ORIENTED_EDGE('',*,*,#1973,.F.);
#1973 = EDGE_CURVE('',#857,#1974,#1976,.T.);
#1974 = VERTEX_POINT('',#1975);
#1975 = CARTESIAN_POINT('',(-9.83125,0.635,4.6));
#1976 = SURFACE_CURVE('',#1977,(#1981,#1988),.PCURVE_S1.);
#1977 = LINE('',#1978,#1979);
#1978 = CARTESIAN_POINT('',(-9.83125,0.635,-0.));
#1979 = VECTOR('',#1980,1.);
#1980 = DIRECTION('',(-0.,0.,1.));
#1981 = PCURVE('',#893,#1982);
#1982 = DEFINITIONAL_REPRESENTATION('',(#1983),#1987);
#1983 = LINE('',#1984,#1985);
#1984 = CARTESIAN_POINT('',(1.515,0.));
#1985 = VECTOR('',#1986,1.);
#1986 = DIRECTION('',(0.,-1.));
#1987 = ( GEOMETRIC_REPRESENTATION_CONTEXT(2) 
PARAMETRIC_REPRESENTATION_CONTEXT() REPRESENTATION_CONTEXT('2D SPACE',''
  ) );
#1988 = PCURVE('',#1001,#1989);
#1989 = DEFINITIONAL_REPRESENTATION('',(#1990),#1994);
#1990 = LINE('',#1991,#1992);
#1991 = CARTESIAN_POINT('',(0.,0.));
#1992 = VECTOR('',#1993,1.);
#1993 = DIRECTION('',(0.,-1.));
#1994 = ( GEOMETRIC_REPRESENTATION_CONTEXT(2) 
PARAMETRIC_REPRESENTATION_CONTEXT() REPRESENTATION_CONTEXT('2D SPACE',''
  ) );
#1995 = ORIENTED_EDGE('',*,*,#879,.F.);
#1996 = ORIENTED_EDGE('',*,*,#1875,.T.);
#1997 = ORIENTED_EDGE('',*,*,#1998,.T.);
#1998 = EDGE_CURVE('',#1876,#1974,#1999,.T.);
#1999 = SURFACE_CURVE('',#2000,(#2004,#2011),.PCURVE_S1.);
#2000 = LINE('',#2001,#2002);
#2001 = CARTESIAN_POINT('',(-11.90625,0.635,4.6));
#2002 = VECTOR('',#2003,1.);
#2003 = DIRECTION('',(1.,0.,0.));
#2004 = PCURVE('',#893,#2005);
#2005 = DEFINITIONAL_REPRESENTATION('',(#2006),#2010);
#2006 = LINE('',#2007,#2008);
#2007 = CARTESIAN_POINT('',(-0.56,-4.6));
#2008 = VECTOR('',#2009,1.);
#2009 = DIRECTION('',(1.,0.));
#2010 = ( GEOMETRIC_REPRESENTATION_CONTEXT(2) 
PARAMETRIC_REPRESENTATION_CONTEXT() REPRESENTATION_CONTEXT('2D SPACE',''
  ) );
#2011 = PCURVE('',#1615,#2012);
#2012 = DEFINITIONAL_REPRESENTATION('',(#2013),#2017);
#2013 = LINE('',#2014,#2015);
#2014 = CARTESIAN_POINT('',(0.,-0.635));
#2015 = VECTOR('',#2016,1.);
#2016 = DIRECTION('',(1.,0.));
#2017 = ( GEOMETRIC_REPRESENTATION_CONTEXT(2) 
PARAMETRIC_REPRESENTATION_CONTEXT() REPRESENTATION_CONTEXT('2D SPACE',''
  ) );
#2018 = ADVANCED_FACE('',(#2019),#947,.F.);
#2019 = FACE_BOUND('',#2020,.F.);
#2020 = EDGE_LOOP('',(#2021,#2022,#2023,#2046));
#2021 = ORIENTED_EDGE('',*,*,#1924,.F.);
#2022 = ORIENTED_EDGE('',*,*,#933,.F.);
#2023 = ORIENTED_EDGE('',*,*,#2024,.T.);
#2024 = EDGE_CURVE('',#909,#2025,#2027,.T.);
#2025 = VERTEX_POINT('',#2026);
#2026 = CARTESIAN_POINT('',(-11.34625,-0.635,4.6));
#2027 = SURFACE_CURVE('',#2028,(#2032,#2039),.PCURVE_S1.);
#2028 = LINE('',#2029,#2030);
#2029 = CARTESIAN_POINT('',(-11.34625,-0.635,0.));
#2030 = VECTOR('',#2031,1.);
#2031 = DIRECTION('',(-0.,0.,1.));
#2032 = PCURVE('',#947,#2033);
#2033 = DEFINITIONAL_REPRESENTATION('',(#2034),#2038);
#2034 = LINE('',#2035,#2036);
#2035 = CARTESIAN_POINT('',(0.,0.));
#2036 = VECTOR('',#2037,1.);
#2037 = DIRECTION('',(0.,-1.));
#2038 = ( GEOMETRIC_REPRESENTATION_CONTEXT(2) 
PARAMETRIC_REPRESENTATION_CONTEXT() REPRESENTATION_CONTEXT('2D SPACE',''
  ) );
#2039 = PCURVE('',#1033,#2040);
#2040 = DEFINITIONAL_REPRESENTATION('',(#2041),#2045);
#2041 = LINE('',#2042,#2043);
#2042 = CARTESIAN_POINT('',(0.,0.));
#2043 = VECTOR('',#2044,1.);
#2044 = DIRECTION('',(0.,-1.));
#2045 = ( GEOMETRIC_REPRESENTATION_CONTEXT(2) 
PARAMETRIC_REPRESENTATION_CONTEXT() REPRESENTATION_CONTEXT('2D SPACE',''
  ) );
#2046 = ORIENTED_EDGE('',*,*,#2047,.T.);
#2047 = EDGE_CURVE('',#2025,#1925,#2048,.T.);
#2048 = SURFACE_CURVE('',#2049,(#2053,#2060),.PCURVE_S1.);
#2049 = LINE('',#2050,#2051);
#2050 = CARTESIAN_POINT('',(-11.34625,7.403907011753E-15,4.6));
#2051 = VECTOR('',#2052,1.);
#2052 = DIRECTION('',(0.,-1.,0.));
#2053 = PCURVE('',#947,#2054);
#2054 = DEFINITIONAL_REPRESENTATION('',(#2055),#2059);
#2055 = LINE('',#2056,#2057);
#2056 = CARTESIAN_POINT('',(-0.635,-4.6));
#2057 = VECTOR('',#2058,1.);
#2058 = DIRECTION('',(1.,0.));
#2059 = ( GEOMETRIC_REPRESENTATION_CONTEXT(2) 
PARAMETRIC_REPRESENTATION_CONTEXT() REPRESENTATION_CONTEXT('2D SPACE',''
  ) );
#2060 = PCURVE('',#1615,#2061);
#2061 = DEFINITIONAL_REPRESENTATION('',(#2062),#2066);
#2062 = LINE('',#2063,#2064);
#2063 = CARTESIAN_POINT('',(0.56,0.));
#2064 = VECTOR('',#2065,1.);
#2065 = DIRECTION('',(0.,1.));
#2066 = ( GEOMETRIC_REPRESENTATION_CONTEXT(2) 
PARAMETRIC_REPRESENTATION_CONTEXT() REPRESENTATION_CONTEXT('2D SPACE',''
  ) );
#2067 = ADVANCED_FACE('',(#2068),#1001,.F.);
#2068 = FACE_BOUND('',#2069,.F.);
#2069 = EDGE_LOOP('',(#2070,#2093,#2094,#2095));
#2070 = ORIENTED_EDGE('',*,*,#2071,.F.);
#2071 = EDGE_CURVE('',#965,#2072,#2074,.T.);
#2072 = VERTEX_POINT('',#2073);
#2073 = CARTESIAN_POINT('',(-9.83125,-0.635,4.6));
#2074 = SURFACE_CURVE('',#2075,(#2079,#2086),.PCURVE_S1.);
#2075 = LINE('',#2076,#2077);
#2076 = CARTESIAN_POINT('',(-9.83125,-0.635,0.));
#2077 = VECTOR('',#2078,1.);
#2078 = DIRECTION('',(-0.,0.,1.));
#2079 = PCURVE('',#1001,#2080);
#2080 = DEFINITIONAL_REPRESENTATION('',(#2081),#2085);
#2081 = LINE('',#2082,#2083);
#2082 = CARTESIAN_POINT('',(1.27,0.));
#2083 = VECTOR('',#2084,1.);
#2084 = DIRECTION('',(0.,-1.));
#2085 = ( GEOMETRIC_REPRESENTATION_CONTEXT(2) 
PARAMETRIC_REPRESENTATION_CONTEXT() REPRESENTATION_CONTEXT('2D SPACE',''
  ) );
#2086 = PCURVE('',#1033,#2087);
#2087 = DEFINITIONAL_REPRESENTATION('',(#2088),#2092);
#2088 = LINE('',#2089,#2090);
#2089 = CARTESIAN_POINT('',(1.515,0.));
#2090 = VECTOR('',#2091,1.);
#2091 = DIRECTION('',(0.,-1.));
#2092 = ( GEOMETRIC_REPRESENTATION_CONTEXT(2) 
PARAMETRIC_REPRESENTATION_CONTEXT() REPRESENTATION_CONTEXT('2D SPACE',''
  ) );
#2093 = ORIENTED_EDGE('',*,*,#987,.F.);
#2094 = ORIENTED_EDGE('',*,*,#1973,.T.);
#2095 = ORIENTED_EDGE('',*,*,#2096,.T.);
#2096 = EDGE_CURVE('',#1974,#2072,#2097,.T.);
#2097 = SURFACE_CURVE('',#2098,(#2102,#2109),.PCURVE_S1.);
#2098 = LINE('',#2099,#2100);
#2099 = CARTESIAN_POINT('',(-9.83125,7.403907011753E-15,4.6));
#2100 = VECTOR('',#2101,1.);
#2101 = DIRECTION('',(0.,-1.,0.));
#2102 = PCURVE('',#1001,#2103);
#2103 = DEFINITIONAL_REPRESENTATION('',(#2104),#2108);
#2104 = LINE('',#2105,#2106);
#2105 = CARTESIAN_POINT('',(0.635,-4.6));
#2106 = VECTOR('',#2107,1.);
#2107 = DIRECTION('',(1.,0.));
#2108 = ( GEOMETRIC_REPRESENTATION_CONTEXT(2) 
PARAMETRIC_REPRESENTATION_CONTEXT() REPRESENTATION_CONTEXT('2D SPACE',''
  ) );
#2109 = PCURVE('',#1615,#2110);
#2110 = DEFINITIONAL_REPRESENTATION('',(#2111),#2115);
#2111 = LINE('',#2112,#2113);
#2112 = CARTESIAN_POINT('',(2.075,0.));
#2113 = VECTOR('',#2114,1.);
#2114 = DIRECTION('',(0.,1.));
#2115 = ( GEOMETRIC_REPRESENTATION_CONTEXT(2) 
PARAMETRIC_REPRESENTATION_CONTEXT() REPRESENTATION_CONTEXT('2D SPACE',''
  ) );
#2116 = ADVANCED_FACE('',(#2117),#1033,.T.);
#2117 = FACE_BOUND('',#2118,.T.);
#2118 = EDGE_LOOP('',(#2119,#2120,#2121,#2122));
#2119 = ORIENTED_EDGE('',*,*,#2071,.F.);
#2120 = ORIENTED_EDGE('',*,*,#1019,.F.);
#2121 = ORIENTED_EDGE('',*,*,#2024,.T.);
#2122 = ORIENTED_EDGE('',*,*,#2123,.T.);
#2123 = EDGE_CURVE('',#2025,#2072,#2124,.T.);
#2124 = SURFACE_CURVE('',#2125,(#2129,#2136),.PCURVE_S1.);
#2125 = LINE('',#2126,#2127);
#2126 = CARTESIAN_POINT('',(-11.90625,-0.635,4.6));
#2127 = VECTOR('',#2128,1.);
#2128 = DIRECTION('',(1.,0.,0.));
#2129 = PCURVE('',#1033,#2130);
#2130 = DEFINITIONAL_REPRESENTATION('',(#2131),#2135);
#2131 = LINE('',#2132,#2133);
#2132 = CARTESIAN_POINT('',(-0.56,-4.6));
#2133 = VECTOR('',#2134,1.);
#2134 = DIRECTION('',(1.,0.));
#2135 = ( GEOMETRIC_REPRESENTATION_CONTEXT(2) 
PARAMETRIC_REPRESENTATION_CONTEXT() REPRESENTATION_CONTEXT('2D SPACE',''
  ) );
#2136 = PCURVE('',#1615,#2137);
#2137 = DEFINITIONAL_REPRESENTATION('',(#2138),#2142);
#2138 = LINE('',#2139,#2140);
#2139 = CARTESIAN_POINT('',(0.,0.635));
#2140 = VECTOR('',#2141,1.);
#2141 = DIRECTION('',(1.,0.));
#2142 = ( GEOMETRIC_REPRESENTATION_CONTEXT(2) 
PARAMETRIC_REPRESENTATION_CONTEXT() REPRESENTATION_CONTEXT('2D SPACE',''
  ) );
#2143 = ADVANCED_FACE('',(#2144),#1065,.T.);
#2144 = FACE_BOUND('',#2145,.T.);
#2145 = EDGE_LOOP('',(#2146,#2169,#2170,#2192));
#2146 = ORIENTED_EDGE('',*,*,#2147,.F.);
#2147 = EDGE_CURVE('',#1051,#2148,#2150,.T.);
#2148 = VERTEX_POINT('',#2149);
#2149 = CARTESIAN_POINT('',(-15.30241317414,-0.4,4.5));
#2150 = SURFACE_CURVE('',#2151,(#2155,#2162),.PCURVE_S1.);
#2151 = LINE('',#2152,#2153);
#2152 = CARTESIAN_POINT('',(16.125,-0.4,4.5));
#2153 = VECTOR('',#2154,1.);
#2154 = DIRECTION('',(-1.,0.,0.));
#2155 = PCURVE('',#1065,#2156);
#2156 = DEFINITIONAL_REPRESENTATION('',(#2157),#2161);
#2157 = LINE('',#2158,#2159);
#2158 = CARTESIAN_POINT('',(0.,0.));
#2159 = VECTOR('',#2160,1.);
#2160 = DIRECTION('',(1.,0.));
#2161 = ( GEOMETRIC_REPRESENTATION_CONTEXT(2) 
PARAMETRIC_REPRESENTATION_CONTEXT() REPRESENTATION_CONTEXT('2D SPACE',''
  ) );
#2162 = PCURVE('',#1093,#2163);
#2163 = DEFINITIONAL_REPRESENTATION('',(#2164),#2168);
#2164 = LINE('',#2165,#2166);
#2165 = CARTESIAN_POINT('',(-16.125,-0.4));
#2166 = VECTOR('',#2167,1.);
#2167 = DIRECTION('',(1.,0.));
#2168 = ( GEOMETRIC_REPRESENTATION_CONTEXT(2) 
PARAMETRIC_REPRESENTATION_CONTEXT() REPRESENTATION_CONTEXT('2D SPACE',''
  ) );
#2169 = ORIENTED_EDGE('',*,*,#1048,.F.);
#2170 = ORIENTED_EDGE('',*,*,#2171,.T.);
#2171 = EDGE_CURVE('',#1049,#2172,#2174,.T.);
#2172 = VERTEX_POINT('',#2173);
#2173 = CARTESIAN_POINT('',(-14.775,-0.4,5.5));
#2174 = SURFACE_CURVE('',#2175,(#2179,#2185),.PCURVE_S1.);
#2175 = LINE('',#2176,#2177);
#2176 = CARTESIAN_POINT('',(8.0625,-0.4,5.5));
#2177 = VECTOR('',#2178,1.);
#2178 = DIRECTION('',(-1.,0.,0.));
#2179 = PCURVE('',#1065,#2180);
#2180 = DEFINITIONAL_REPRESENTATION('',(#2181),#2184);
#2181 = B_SPLINE_CURVE_WITH_KNOTS('',1,(#2182,#2183),.UNSPECIFIED.,.F.,
  .F.,(2,2),(-8.0625,24.1875),.PIECEWISE_BEZIER_KNOTS.);
#2182 = CARTESIAN_POINT('',(0.,-1.));
#2183 = CARTESIAN_POINT('',(32.25,-1.));
#2184 = ( GEOMETRIC_REPRESENTATION_CONTEXT(2) 
PARAMETRIC_REPRESENTATION_CONTEXT() REPRESENTATION_CONTEXT('2D SPACE',''
  ) );
#2185 = PCURVE('',#1535,#2186);
#2186 = DEFINITIONAL_REPRESENTATION('',(#2187),#2191);
#2187 = LINE('',#2188,#2189);
#2188 = CARTESIAN_POINT('',(23.143241547228,3.076406497307));
#2189 = VECTOR('',#2190,1.);
#2190 = DIRECTION('',(-0.942281773964,-0.334820934911));
#2191 = ( GEOMETRIC_REPRESENTATION_CONTEXT(2) 
PARAMETRIC_REPRESENTATION_CONTEXT() REPRESENTATION_CONTEXT('2D SPACE',''
  ) );
#2192 = ORIENTED_EDGE('',*,*,#2193,.F.);
#2193 = EDGE_CURVE('',#2148,#2172,#2194,.T.);
#2194 = SURFACE_CURVE('',#2195,(#2201,#2210),.PCURVE_S1.);
#2195 = B_SPLINE_CURVE_WITH_KNOTS('',4,(#2196,#2197,#2198,#2199,#2200),
  .UNSPECIFIED.,.F.,.F.,(5,5),(0.,1.),.PIECEWISE_BEZIER_KNOTS.);
#2196 = CARTESIAN_POINT('',(-15.30241317414,-0.4,4.5));
#2197 = CARTESIAN_POINT('',(-15.17453777269,-0.4,4.751863566283));
#2198 = CARTESIAN_POINT('',(-15.04381701552,-0.4,5.00243136797));
#2199 = CARTESIAN_POINT('',(-14.91056277484,-0.4,5.251786468597));
#2200 = CARTESIAN_POINT('',(-14.775,-0.4,5.5));
#2201 = PCURVE('',#1065,#2202);
#2202 = DEFINITIONAL_REPRESENTATION('',(#2203),#2209);
#2203 = B_SPLINE_CURVE_WITH_KNOTS('',4,(#2204,#2205,#2206,#2207,#2208),
  .UNSPECIFIED.,.F.,.F.,(5,5),(0.,1.),.PIECEWISE_BEZIER_KNOTS.);
#2204 = CARTESIAN_POINT('',(31.427413174145,0.));
#2205 = CARTESIAN_POINT('',(31.299537772691,-0.251863566283));
#2206 = CARTESIAN_POINT('',(31.168817015527,-0.50243136797));
#2207 = CARTESIAN_POINT('',(31.035562774843,-0.751786468597));
#2208 = CARTESIAN_POINT('',(30.9,-1.));
#2209 = ( GEOMETRIC_REPRESENTATION_CONTEXT(2) 
PARAMETRIC_REPRESENTATION_CONTEXT() REPRESENTATION_CONTEXT('2D SPACE',''
  ) );
#2210 = PCURVE('',#2211,#2218);
#2211 = B_SPLINE_SURFACE_WITH_KNOTS('',1,2,(
    (#2212,#2213,#2214)
    ,(#2215,#2216,#2217
  )),.UNSPECIFIED.,.F.,.F.,.F.,(2,2),(3,3),(3.,4.),(0.,1.),
  .PIECEWISE_BEZIER_KNOTS.);
#2212 = CARTESIAN_POINT('',(-17.025,7.5,0.));
#2213 = CARTESIAN_POINT('',(-16.55,7.025,2.25));
#2214 = CARTESIAN_POINT('',(-14.775,5.25,5.5));
#2215 = CARTESIAN_POINT('',(-17.025,-7.5,0.));
#2216 = CARTESIAN_POINT('',(-16.55,-7.025,2.25));
#2217 = CARTESIAN_POINT('',(-14.775,-5.25,5.5));
#2218 = DEFINITIONAL_REPRESENTATION('',(#2219),#2225);
#2219 = B_SPLINE_CURVE_WITH_KNOTS('',4,(#2220,#2221,#2222,#2223,#2224),
  .UNSPECIFIED.,.F.,.F.,(5,5),(0.,1.),.PIECEWISE_BEZIER_KNOTS.);
#2220 = CARTESIAN_POINT('',(3.534617572447,0.842329183504));
#2221 = CARTESIAN_POINT('',(3.535383786625,0.883053108956));
#2222 = CARTESIAN_POINT('',(3.53621231413,0.922852656022));
#2223 = CARTESIAN_POINT('',(3.537111562632,0.961813302861));
#2224 = CARTESIAN_POINT('',(3.538095238095,1.));
#2225 = ( GEOMETRIC_REPRESENTATION_CONTEXT(2) 
PARAMETRIC_REPRESENTATION_CONTEXT() REPRESENTATION_CONTEXT('2D SPACE',''
  ) );
#2226 = ADVANCED_FACE('',(#2227),#1093,.T.);
#2227 = FACE_BOUND('',#2228,.T.);
#2228 = EDGE_LOOP('',(#2229,#2230,#2231,#2260));
#2229 = ORIENTED_EDGE('',*,*,#1076,.F.);
#2230 = ORIENTED_EDGE('',*,*,#2147,.T.);
#2231 = ORIENTED_EDGE('',*,*,#2232,.T.);
#2232 = EDGE_CURVE('',#2148,#2233,#2235,.T.);
#2233 = VERTEX_POINT('',#2234);
#2234 = CARTESIAN_POINT('',(-15.30241317414,0.4,4.5));
#2235 = SURFACE_CURVE('',#2236,(#2242,#2251),.PCURVE_S1.);
#2236 = B_SPLINE_CURVE_WITH_KNOTS('',4,(#2237,#2238,#2239,#2240,#2241),
  .UNSPECIFIED.,.F.,.F.,(5,5),(0.,1.),.PIECEWISE_BEZIER_KNOTS.);
#2237 = CARTESIAN_POINT('',(-15.30241317414,-0.4,4.5));
#2238 = CARTESIAN_POINT('',(-15.30241317414,-0.2,4.5));
#2239 = CARTESIAN_POINT('',(-15.30241317414,5.551115123126E-16,4.5));
#2240 = CARTESIAN_POINT('',(-15.30241317414,0.2,4.5));
#2241 = CARTESIAN_POINT('',(-15.30241317414,0.4,4.5));
#2242 = PCURVE('',#1093,#2243);
#2243 = DEFINITIONAL_REPRESENTATION('',(#2244),#2250);
#2244 = B_SPLINE_CURVE_WITH_KNOTS('',4,(#2245,#2246,#2247,#2248,#2249),
  .UNSPECIFIED.,.F.,.F.,(5,5),(0.,1.),.PIECEWISE_BEZIER_KNOTS.);
#2245 = CARTESIAN_POINT('',(15.302413174145,-0.4));
#2246 = CARTESIAN_POINT('',(15.302413174145,-0.2));
#2247 = CARTESIAN_POINT('',(15.302413174145,5.551115123126E-16));
#2248 = CARTESIAN_POINT('',(15.302413174145,0.2));
#2249 = CARTESIAN_POINT('',(15.302413174145,0.4));
#2250 = ( GEOMETRIC_REPRESENTATION_CONTEXT(2) 
PARAMETRIC_REPRESENTATION_CONTEXT() REPRESENTATION_CONTEXT('2D SPACE',''
  ) );
#2251 = PCURVE('',#2211,#2252);
#2252 = DEFINITIONAL_REPRESENTATION('',(#2253),#2259);
#2253 = B_SPLINE_CURVE_WITH_KNOTS('',4,(#2254,#2255,#2256,#2257,#2258),
  .UNSPECIFIED.,.F.,.F.,(5,5),(0.,1.),.PIECEWISE_BEZIER_KNOTS.);
#2254 = CARTESIAN_POINT('',(3.534617569139,0.842329219213));
#2255 = CARTESIAN_POINT('',(3.517308784569,0.842329219213));
#2256 = CARTESIAN_POINT('',(3.5,0.842329219213));
#2257 = CARTESIAN_POINT('',(3.482691215431,0.842329219213));
#2258 = CARTESIAN_POINT('',(3.465382430861,0.842329219213));
#2259 = ( GEOMETRIC_REPRESENTATION_CONTEXT(2) 
PARAMETRIC_REPRESENTATION_CONTEXT() REPRESENTATION_CONTEXT('2D SPACE',''
  ) );
#2260 = ORIENTED_EDGE('',*,*,#2261,.T.);
#2261 = EDGE_CURVE('',#2233,#1077,#2262,.T.);
#2262 = SURFACE_CURVE('',#2263,(#2267,#2274),.PCURVE_S1.);
#2263 = LINE('',#2264,#2265);
#2264 = CARTESIAN_POINT('',(-16.125,0.4,4.5));
#2265 = VECTOR('',#2266,1.);
#2266 = DIRECTION('',(1.,0.,0.));
#2267 = PCURVE('',#1093,#2268);
#2268 = DEFINITIONAL_REPRESENTATION('',(#2269),#2273);
#2269 = LINE('',#2270,#2271);
#2270 = CARTESIAN_POINT('',(16.125,0.4));
#2271 = VECTOR('',#2272,1.);
#2272 = DIRECTION('',(-1.,0.));
#2273 = ( GEOMETRIC_REPRESENTATION_CONTEXT(2) 
PARAMETRIC_REPRESENTATION_CONTEXT() REPRESENTATION_CONTEXT('2D SPACE',''
  ) );
#2274 = PCURVE('',#1120,#2275);
#2275 = DEFINITIONAL_REPRESENTATION('',(#2276),#2280);
#2276 = LINE('',#2277,#2278);
#2277 = CARTESIAN_POINT('',(0.,0.));
#2278 = VECTOR('',#2279,1.);
#2279 = DIRECTION('',(1.,0.));
#2280 = ( GEOMETRIC_REPRESENTATION_CONTEXT(2) 
PARAMETRIC_REPRESENTATION_CONTEXT() REPRESENTATION_CONTEXT('2D SPACE',''
  ) );
#2281 = ADVANCED_FACE('',(#2282),#1120,.T.);
#2282 = FACE_BOUND('',#2283,.T.);
#2283 = EDGE_LOOP('',(#2284,#2285,#2286,#2315));
#2284 = ORIENTED_EDGE('',*,*,#1105,.T.);
#2285 = ORIENTED_EDGE('',*,*,#2261,.F.);
#2286 = ORIENTED_EDGE('',*,*,#2287,.T.);
#2287 = EDGE_CURVE('',#2233,#2288,#2290,.T.);
#2288 = VERTEX_POINT('',#2289);
#2289 = CARTESIAN_POINT('',(-14.775,0.4,5.5));
#2290 = SURFACE_CURVE('',#2291,(#2297,#2306),.PCURVE_S1.);
#2291 = B_SPLINE_CURVE_WITH_KNOTS('',4,(#2292,#2293,#2294,#2295,#2296),
  .UNSPECIFIED.,.F.,.F.,(5,5),(0.,1.),.PIECEWISE_BEZIER_KNOTS.);
#2292 = CARTESIAN_POINT('',(-15.30241317414,0.4,4.5));
#2293 = CARTESIAN_POINT('',(-15.17453777269,0.4,4.751863566283));
#2294 = CARTESIAN_POINT('',(-15.04381701552,0.4,5.00243136797));
#2295 = CARTESIAN_POINT('',(-14.91056277484,0.4,5.251786468597));
#2296 = CARTESIAN_POINT('',(-14.775,0.4,5.5));
#2297 = PCURVE('',#1120,#2298);
#2298 = DEFINITIONAL_REPRESENTATION('',(#2299),#2305);
#2299 = B_SPLINE_CURVE_WITH_KNOTS('',4,(#2300,#2301,#2302,#2303,#2304),
  .UNSPECIFIED.,.F.,.F.,(5,5),(0.,1.),.PIECEWISE_BEZIER_KNOTS.);
#2300 = CARTESIAN_POINT('',(0.822586825855,0.));
#2301 = CARTESIAN_POINT('',(0.950462227309,-0.251863566283));
#2302 = CARTESIAN_POINT('',(1.081182984473,-0.50243136797));
#2303 = CARTESIAN_POINT('',(1.214437225157,-0.751786468597));
#2304 = CARTESIAN_POINT('',(1.35,-1.));
#2305 = ( GEOMETRIC_REPRESENTATION_CONTEXT(2) 
PARAMETRIC_REPRESENTATION_CONTEXT() REPRESENTATION_CONTEXT('2D SPACE',''
  ) );
#2306 = PCURVE('',#2211,#2307);
#2307 = DEFINITIONAL_REPRESENTATION('',(#2308),#2314);
#2308 = B_SPLINE_CURVE_WITH_KNOTS('',4,(#2309,#2310,#2311,#2312,#2313),
  .UNSPECIFIED.,.F.,.F.,(5,5),(0.,1.),.PIECEWISE_BEZIER_KNOTS.);
#2309 = CARTESIAN_POINT('',(3.465382427553,0.842329183504));
#2310 = CARTESIAN_POINT('',(3.464616213375,0.883053108956));
#2311 = CARTESIAN_POINT('',(3.46378768587,0.922852656022));
#2312 = CARTESIAN_POINT('',(3.462888437368,0.961813302861));
#2313 = CARTESIAN_POINT('',(3.461904761905,1.));
#2314 = ( GEOMETRIC_REPRESENTATION_CONTEXT(2) 
PARAMETRIC_REPRESENTATION_CONTEXT() REPRESENTATION_CONTEXT('2D SPACE',''
  ) );
#2315 = ORIENTED_EDGE('',*,*,#2316,.T.);
#2316 = EDGE_CURVE('',#2288,#1106,#2317,.T.);
#2317 = SURFACE_CURVE('',#2318,(#2322,#2328),.PCURVE_S1.);
#2318 = LINE('',#2319,#2320);
#2319 = CARTESIAN_POINT('',(-8.0625,0.4,5.5));
#2320 = VECTOR('',#2321,1.);
#2321 = DIRECTION('',(1.,0.,0.));
#2322 = PCURVE('',#1120,#2323);
#2323 = DEFINITIONAL_REPRESENTATION('',(#2324),#2327);
#2324 = B_SPLINE_CURVE_WITH_KNOTS('',1,(#2325,#2326),.UNSPECIFIED.,.F.,
  .F.,(2,2),(-8.0625,24.1875),.PIECEWISE_BEZIER_KNOTS.);
#2325 = CARTESIAN_POINT('',(0.,-1.));
#2326 = CARTESIAN_POINT('',(32.25,-1.));
#2327 = ( GEOMETRIC_REPRESENTATION_CONTEXT(2) 
PARAMETRIC_REPRESENTATION_CONTEXT() REPRESENTATION_CONTEXT('2D SPACE',''
  ) );
#2328 = PCURVE('',#1148,#2329);
#2329 = DEFINITIONAL_REPRESENTATION('',(#2330),#2334);
#2330 = LINE('',#2331,#2332);
#2331 = CARTESIAN_POINT('',(8.216804689983,-3.076406497307));
#2332 = VECTOR('',#2333,1.);
#2333 = DIRECTION('',(0.942281773964,0.334820934911));
#2334 = ( GEOMETRIC_REPRESENTATION_CONTEXT(2) 
PARAMETRIC_REPRESENTATION_CONTEXT() REPRESENTATION_CONTEXT('2D SPACE',''
  ) );
#2335 = ADVANCED_FACE('',(#2336),#1148,.T.);
#2336 = FACE_BOUND('',#2337,.T.);
#2337 = EDGE_LOOP('',(#2338,#2339,#2360,#2388,#2408));
#2338 = ORIENTED_EDGE('',*,*,#2316,.F.);
#2339 = ORIENTED_EDGE('',*,*,#2340,.F.);
#2340 = EDGE_CURVE('',#2341,#2288,#2343,.T.);
#2341 = VERTEX_POINT('',#2342);
#2342 = CARTESIAN_POINT('',(-14.775,5.25,5.5));
#2343 = SURFACE_CURVE('',#2344,(#2347,#2353),.PCURVE_S1.);
#2344 = B_SPLINE_CURVE_WITH_KNOTS('',1,(#2345,#2346),.UNSPECIFIED.,.F.,
  .F.,(2,2),(3.,4.),.PIECEWISE_BEZIER_KNOTS.);
#2345 = CARTESIAN_POINT('',(-14.775,5.25,5.5));
#2346 = CARTESIAN_POINT('',(-14.775,-5.25,5.5));
#2347 = PCURVE('',#1148,#2348);
#2348 = DEFINITIONAL_REPRESENTATION('',(#2349),#2352);
#2349 = B_SPLINE_CURVE_WITH_KNOTS('',1,(#2350,#2351),.UNSPECIFIED.,.F.,
  .F.,(2,2),(3.,4.),.PIECEWISE_BEZIER_KNOTS.);
#2350 = CARTESIAN_POINT('',(3.515619816567,-9.893958626625));
#2351 = CARTESIAN_POINT('',(0.,0.));
#2352 = ( GEOMETRIC_REPRESENTATION_CONTEXT(2) 
PARAMETRIC_REPRESENTATION_CONTEXT() REPRESENTATION_CONTEXT('2D SPACE',''
  ) );
#2353 = PCURVE('',#2211,#2354);
#2354 = DEFINITIONAL_REPRESENTATION('',(#2355),#2359);
#2355 = LINE('',#2356,#2357);
#2356 = CARTESIAN_POINT('',(0.,1.));
#2357 = VECTOR('',#2358,1.);
#2358 = DIRECTION('',(1.,0.));
#2359 = ( GEOMETRIC_REPRESENTATION_CONTEXT(2) 
PARAMETRIC_REPRESENTATION_CONTEXT() REPRESENTATION_CONTEXT('2D SPACE',''
  ) );
#2360 = ORIENTED_EDGE('',*,*,#2361,.F.);
#2361 = EDGE_CURVE('',#2362,#2341,#2364,.T.);
#2362 = VERTEX_POINT('',#2363);
#2363 = CARTESIAN_POINT('',(-12.30625,5.25,5.5));
#2364 = SURFACE_CURVE('',#2365,(#2368,#2374),.PCURVE_S1.);
#2365 = B_SPLINE_CURVE_WITH_KNOTS('',1,(#2366,#2367),.UNSPECIFIED.,.F.,
  .F.,(2,2),(2.,3.),.PIECEWISE_BEZIER_KNOTS.);
#2366 = CARTESIAN_POINT('',(14.775,5.25,5.5));
#2367 = CARTESIAN_POINT('',(-14.775,5.25,5.5));
#2368 = PCURVE('',#1148,#2369);
#2369 = DEFINITIONAL_REPRESENTATION('',(#2370),#2373);
#2370 = B_SPLINE_CURVE_WITH_KNOTS('',1,(#2371,#2372),.UNSPECIFIED.,.F.,
  .F.,(2,2),(2.,3.),.PIECEWISE_BEZIER_KNOTS.);
#2371 = CARTESIAN_POINT('',(31.360046237211,9.623251066494E-16));
#2372 = CARTESIAN_POINT('',(3.515619816567,-9.893958626625));
#2373 = ( GEOMETRIC_REPRESENTATION_CONTEXT(2) 
PARAMETRIC_REPRESENTATION_CONTEXT() REPRESENTATION_CONTEXT('2D SPACE',''
  ) );
#2374 = PCURVE('',#2375,#2382);
#2375 = B_SPLINE_SURFACE_WITH_KNOTS('',1,2,(
    (#2376,#2377,#2378)
    ,(#2379,#2380,#2381
  )),.UNSPECIFIED.,.F.,.F.,.F.,(2,2),(3,3),(2.,3.),(0.,1.),
  .PIECEWISE_BEZIER_KNOTS.);
#2376 = CARTESIAN_POINT('',(17.025,7.5,0.));
#2377 = CARTESIAN_POINT('',(16.55,7.025,2.25));
#2378 = CARTESIAN_POINT('',(14.775,5.25,5.5));
#2379 = CARTESIAN_POINT('',(-17.025,7.5,0.));
#2380 = CARTESIAN_POINT('',(-16.55,7.025,2.25));
#2381 = CARTESIAN_POINT('',(-14.775,5.25,5.5));
#2382 = DEFINITIONAL_REPRESENTATION('',(#2383),#2387);
#2383 = LINE('',#2384,#2385);
#2384 = CARTESIAN_POINT('',(0.,1.));
#2385 = VECTOR('',#2386,1.);
#2386 = DIRECTION('',(1.,0.));
#2387 = ( GEOMETRIC_REPRESENTATION_CONTEXT(2) 
PARAMETRIC_REPRESENTATION_CONTEXT() REPRESENTATION_CONTEXT('2D SPACE',''
  ) );
#2388 = ORIENTED_EDGE('',*,*,#2389,.F.);
#2389 = EDGE_CURVE('',#1132,#2362,#2390,.T.);
#2390 = SURFACE_CURVE('',#2391,(#2395,#2402),.PCURVE_S1.);
#2391 = LINE('',#2392,#2393);
#2392 = CARTESIAN_POINT('',(-12.30625,-3.3,5.5));
#2393 = VECTOR('',#2394,1.);
#2394 = DIRECTION('',(0.,1.,-0.));
#2395 = PCURVE('',#1148,#2396);
#2396 = DEFINITIONAL_REPRESENTATION('',(#2397),#2401);
#2397 = LINE('',#2398,#2399);
#2398 = CARTESIAN_POINT('',(2.979158952551,-1.010860276168));
#2399 = VECTOR('',#2400,1.);
#2400 = DIRECTION('',(0.334820934911,-0.942281773964));
#2401 = ( GEOMETRIC_REPRESENTATION_CONTEXT(2) 
PARAMETRIC_REPRESENTATION_CONTEXT() REPRESENTATION_CONTEXT('2D SPACE',''
  ) );
#2402 = PCURVE('',#1179,#2403);
#2403 = DEFINITIONAL_REPRESENTATION('',(#2404),#2407);
#2404 = B_SPLINE_CURVE_WITH_KNOTS('',1,(#2405,#2406),.UNSPECIFIED.,.F.,
  .F.,(2,2),(-3.3,9.9),.PIECEWISE_BEZIER_KNOTS.);
#2405 = CARTESIAN_POINT('',(0.,-1.));
#2406 = CARTESIAN_POINT('',(13.2,-1.));
#2407 = ( GEOMETRIC_REPRESENTATION_CONTEXT(2) 
PARAMETRIC_REPRESENTATION_CONTEXT() REPRESENTATION_CONTEXT('2D SPACE',''
  ) );
#2408 = ORIENTED_EDGE('',*,*,#1131,.T.);
#2409 = ADVANCED_FACE('',(#2410),#1179,.T.);
#2410 = FACE_BOUND('',#2411,.T.);
#2411 = EDGE_LOOP('',(#2412,#2435,#2436,#2437));
#2412 = ORIENTED_EDGE('',*,*,#2413,.F.);
#2413 = EDGE_CURVE('',#1165,#2414,#2416,.T.);
#2414 = VERTEX_POINT('',#2415);
#2415 = CARTESIAN_POINT('',(-12.30625,5.777413174145,4.5));
#2416 = SURFACE_CURVE('',#2417,(#2421,#2428),.PCURVE_S1.);
#2417 = LINE('',#2418,#2419);
#2418 = CARTESIAN_POINT('',(-12.30625,-6.6,4.5));
#2419 = VECTOR('',#2420,1.);
#2420 = DIRECTION('',(0.,1.,0.));
#2421 = PCURVE('',#1179,#2422);
#2422 = DEFINITIONAL_REPRESENTATION('',(#2423),#2427);
#2423 = LINE('',#2424,#2425);
#2424 = CARTESIAN_POINT('',(0.,0.));
#2425 = VECTOR('',#2426,1.);
#2426 = DIRECTION('',(1.,0.));
#2427 = ( GEOMETRIC_REPRESENTATION_CONTEXT(2) 
PARAMETRIC_REPRESENTATION_CONTEXT() REPRESENTATION_CONTEXT('2D SPACE',''
  ) );
#2428 = PCURVE('',#1207,#2429);
#2429 = DEFINITIONAL_REPRESENTATION('',(#2430),#2434);
#2430 = LINE('',#2431,#2432);
#2431 = CARTESIAN_POINT('',(12.30625,-6.6));
#2432 = VECTOR('',#2433,1.);
#2433 = DIRECTION('',(0.,1.));
#2434 = ( GEOMETRIC_REPRESENTATION_CONTEXT(2) 
PARAMETRIC_REPRESENTATION_CONTEXT() REPRESENTATION_CONTEXT('2D SPACE',''
  ) );
#2435 = ORIENTED_EDGE('',*,*,#1164,.F.);
#2436 = ORIENTED_EDGE('',*,*,#2389,.T.);
#2437 = ORIENTED_EDGE('',*,*,#2438,.F.);
#2438 = EDGE_CURVE('',#2414,#2362,#2439,.T.);
#2439 = SURFACE_CURVE('',#2440,(#2446,#2455),.PCURVE_S1.);
#2440 = B_SPLINE_CURVE_WITH_KNOTS('',4,(#2441,#2442,#2443,#2444,#2445),
  .UNSPECIFIED.,.F.,.F.,(5,5),(0.,1.),.PIECEWISE_BEZIER_KNOTS.);
#2441 = CARTESIAN_POINT('',(-12.30625,5.777413174145,4.5));
#2442 = CARTESIAN_POINT('',(-12.30625,5.649536648792,4.751865775377));
#2443 = CARTESIAN_POINT('',(-12.30625,5.518815431105,5.002434371403));
#2444 = CARTESIAN_POINT('',(-12.30625,5.385561527966,5.251788751611));
#2445 = CARTESIAN_POINT('',(-12.30625,5.25,5.5));
#2446 = PCURVE('',#1179,#2447);
#2447 = DEFINITIONAL_REPRESENTATION('',(#2448),#2454);
#2448 = B_SPLINE_CURVE_WITH_KNOTS('',4,(#2449,#2450,#2451,#2452,#2453),
  .UNSPECIFIED.,.F.,.F.,(5,5),(0.,1.),.PIECEWISE_BEZIER_KNOTS.);
#2449 = CARTESIAN_POINT('',(12.377413174145,0.));
#2450 = CARTESIAN_POINT('',(12.249536648792,-0.251865775377));
#2451 = CARTESIAN_POINT('',(12.118815431105,-0.502434371403));
#2452 = CARTESIAN_POINT('',(11.985561527966,-0.751788751611));
#2453 = CARTESIAN_POINT('',(11.85,-1.));
#2454 = ( GEOMETRIC_REPRESENTATION_CONTEXT(2) 
PARAMETRIC_REPRESENTATION_CONTEXT() REPRESENTATION_CONTEXT('2D SPACE',''
  ) );
#2455 = PCURVE('',#2375,#2456);
#2456 = DEFINITIONAL_REPRESENTATION('',(#2457),#2463);
#2457 = B_SPLINE_CURVE_WITH_KNOTS('',4,(#2458,#2459,#2460,#2461,#2462),
  .UNSPECIFIED.,.F.,.F.,(5,5),(0.,1.),.PIECEWISE_BEZIER_KNOTS.);
#2458 = CARTESIAN_POINT('',(2.902101611685,0.842329219213));
#2459 = CARTESIAN_POINT('',(2.905461823984,0.883053501384));
#2460 = CARTESIAN_POINT('',(2.908971677282,0.922853084475));
#2461 = CARTESIAN_POINT('',(2.912634159193,0.961813654094));
#2462 = CARTESIAN_POINT('',(2.916455160745,1.));
#2463 = ( GEOMETRIC_REPRESENTATION_CONTEXT(2) 
PARAMETRIC_REPRESENTATION_CONTEXT() REPRESENTATION_CONTEXT('2D SPACE',''
  ) );
#2464 = ADVANCED_FACE('',(#2465),#1207,.T.);
#2465 = FACE_BOUND('',#2466,.T.);
#2466 = EDGE_LOOP('',(#2467,#2490,#2491,#2492));
#2467 = ORIENTED_EDGE('',*,*,#2468,.T.);
#2468 = EDGE_CURVE('',#2469,#1191,#2471,.T.);
#2469 = VERTEX_POINT('',#2470);
#2470 = CARTESIAN_POINT('',(-11.50625,5.777413174145,4.5));
#2471 = SURFACE_CURVE('',#2472,(#2476,#2483),.PCURVE_S1.);
#2472 = LINE('',#2473,#2474);
#2473 = CARTESIAN_POINT('',(-11.50625,6.6,4.5));
#2474 = VECTOR('',#2475,1.);
#2475 = DIRECTION('',(0.,-1.,0.));
#2476 = PCURVE('',#1207,#2477);
#2477 = DEFINITIONAL_REPRESENTATION('',(#2478),#2482);
#2478 = LINE('',#2479,#2480);
#2479 = CARTESIAN_POINT('',(11.50625,6.6));
#2480 = VECTOR('',#2481,1.);
#2481 = DIRECTION('',(0.,-1.));
#2482 = ( GEOMETRIC_REPRESENTATION_CONTEXT(2) 
PARAMETRIC_REPRESENTATION_CONTEXT() REPRESENTATION_CONTEXT('2D SPACE',''
  ) );
#2483 = PCURVE('',#1234,#2484);
#2484 = DEFINITIONAL_REPRESENTATION('',(#2485),#2489);
#2485 = LINE('',#2486,#2487);
#2486 = CARTESIAN_POINT('',(0.,0.));
#2487 = VECTOR('',#2488,1.);
#2488 = DIRECTION('',(1.,0.));
#2489 = ( GEOMETRIC_REPRESENTATION_CONTEXT(2) 
PARAMETRIC_REPRESENTATION_CONTEXT() REPRESENTATION_CONTEXT('2D SPACE',''
  ) );
#2490 = ORIENTED_EDGE('',*,*,#1190,.F.);
#2491 = ORIENTED_EDGE('',*,*,#2413,.T.);
#2492 = ORIENTED_EDGE('',*,*,#2493,.T.);
#2493 = EDGE_CURVE('',#2414,#2469,#2494,.T.);
#2494 = SURFACE_CURVE('',#2495,(#2498,#2504),.PCURVE_S1.);
#2495 = B_SPLINE_CURVE_WITH_KNOTS('',1,(#2496,#2497),.UNSPECIFIED.,.F.,
  .F.,(2,2),(0.,1.),.PIECEWISE_BEZIER_KNOTS.);
#2496 = CARTESIAN_POINT('',(-12.30625,5.777413174145,4.5));
#2497 = CARTESIAN_POINT('',(-11.50625,5.777413174145,4.5));
#2498 = PCURVE('',#1207,#2499);
#2499 = DEFINITIONAL_REPRESENTATION('',(#2500),#2503);
#2500 = B_SPLINE_CURVE_WITH_KNOTS('',1,(#2501,#2502),.UNSPECIFIED.,.F.,
  .F.,(2,2),(0.,1.),.PIECEWISE_BEZIER_KNOTS.);
#2501 = CARTESIAN_POINT('',(12.30625,5.777413174145));
#2502 = CARTESIAN_POINT('',(11.50625,5.777413174145));
#2503 = ( GEOMETRIC_REPRESENTATION_CONTEXT(2) 
PARAMETRIC_REPRESENTATION_CONTEXT() REPRESENTATION_CONTEXT('2D SPACE',''
  ) );
#2504 = PCURVE('',#2375,#2505);
#2505 = DEFINITIONAL_REPRESENTATION('',(#2506),#2509);
#2506 = B_SPLINE_CURVE_WITH_KNOTS('',1,(#2507,#2508),.UNSPECIFIED.,.F.,
  .F.,(2,2),(0.,1.),.PIECEWISE_BEZIER_KNOTS.);
#2507 = CARTESIAN_POINT('',(2.902101611685,0.842329219213));
#2508 = CARTESIAN_POINT('',(2.875961943684,0.842329219213));
#2509 = ( GEOMETRIC_REPRESENTATION_CONTEXT(2) 
PARAMETRIC_REPRESENTATION_CONTEXT() REPRESENTATION_CONTEXT('2D SPACE',''
  ) );
#2510 = ADVANCED_FACE('',(#2511),#1234,.T.);
#2511 = FACE_BOUND('',#2512,.T.);
#2512 = EDGE_LOOP('',(#2513,#2514,#2515,#2544));
#2513 = ORIENTED_EDGE('',*,*,#1219,.T.);
#2514 = ORIENTED_EDGE('',*,*,#2468,.F.);
#2515 = ORIENTED_EDGE('',*,*,#2516,.T.);
#2516 = EDGE_CURVE('',#2469,#2517,#2519,.T.);
#2517 = VERTEX_POINT('',#2518);
#2518 = CARTESIAN_POINT('',(-11.50625,5.25,5.5));
#2519 = SURFACE_CURVE('',#2520,(#2526,#2535),.PCURVE_S1.);
#2520 = B_SPLINE_CURVE_WITH_KNOTS('',4,(#2521,#2522,#2523,#2524,#2525),
  .UNSPECIFIED.,.F.,.F.,(5,5),(0.,1.),.PIECEWISE_BEZIER_KNOTS.);
#2521 = CARTESIAN_POINT('',(-11.50625,5.777413174145,4.5));
#2522 = CARTESIAN_POINT('',(-11.50625,5.649536807088,4.751865463598));
#2523 = CARTESIAN_POINT('',(-11.50625,5.518815655386,5.002433946673));
#2524 = CARTESIAN_POINT('',(-11.50625,5.385561706512,5.251788424696));
#2525 = CARTESIAN_POINT('',(-11.50625,5.25,5.5));
#2526 = PCURVE('',#1234,#2527);
#2527 = DEFINITIONAL_REPRESENTATION('',(#2528),#2534);
#2528 = B_SPLINE_CURVE_WITH_KNOTS('',4,(#2529,#2530,#2531,#2532,#2533),
  .UNSPECIFIED.,.F.,.F.,(5,5),(0.,1.),.PIECEWISE_BEZIER_KNOTS.);
#2529 = CARTESIAN_POINT('',(0.822586825855,0.));
#2530 = CARTESIAN_POINT('',(0.950463192912,-0.251865463598));
#2531 = CARTESIAN_POINT('',(1.081184344614,-0.502433946673));
#2532 = CARTESIAN_POINT('',(1.214438293488,-0.751788424696));
#2533 = CARTESIAN_POINT('',(1.35,-1.));
#2534 = ( GEOMETRIC_REPRESENTATION_CONTEXT(2) 
PARAMETRIC_REPRESENTATION_CONTEXT() REPRESENTATION_CONTEXT('2D SPACE',''
  ) );
#2535 = PCURVE('',#2375,#2536);
#2536 = DEFINITIONAL_REPRESENTATION('',(#2537),#2543);
#2537 = B_SPLINE_CURVE_WITH_KNOTS('',4,(#2538,#2539,#2540,#2541,#2542),
  .UNSPECIFIED.,.F.,.F.,(5,5),(0.,1.),.PIECEWISE_BEZIER_KNOTS.);
#2538 = CARTESIAN_POINT('',(2.875961943684,0.842329219213));
#2539 = CARTESIAN_POINT('',(2.879103712695,0.883053450972));
#2540 = CARTESIAN_POINT('',(2.882385396998,0.922853017563));
#2541 = CARTESIAN_POINT('',(2.88580979066,0.961813603799));
#2542 = CARTESIAN_POINT('',(2.889382402707,1.));
#2543 = ( GEOMETRIC_REPRESENTATION_CONTEXT(2) 
PARAMETRIC_REPRESENTATION_CONTEXT() REPRESENTATION_CONTEXT('2D SPACE',''
  ) );
#2544 = ORIENTED_EDGE('',*,*,#2545,.T.);
#2545 = EDGE_CURVE('',#2517,#1220,#2546,.T.);
#2546 = SURFACE_CURVE('',#2547,(#2551,#2557),.PCURVE_S1.);
#2547 = LINE('',#2548,#2549);
#2548 = CARTESIAN_POINT('',(-11.50625,3.3,5.5));
#2549 = VECTOR('',#2550,1.);
#2550 = DIRECTION('',(-0.,-1.,0.));
#2551 = PCURVE('',#1234,#2552);
#2552 = DEFINITIONAL_REPRESENTATION('',(#2553),#2556);
#2553 = B_SPLINE_CURVE_WITH_KNOTS('',1,(#2554,#2555),.UNSPECIFIED.,.F.,
  .F.,(2,2),(-3.3,9.9),.PIECEWISE_BEZIER_KNOTS.);
#2554 = CARTESIAN_POINT('',(0.,-1.));
#2555 = CARTESIAN_POINT('',(13.2,-1.));
#2556 = ( GEOMETRIC_REPRESENTATION_CONTEXT(2) 
PARAMETRIC_REPRESENTATION_CONTEXT() REPRESENTATION_CONTEXT('2D SPACE',''
  ) );
#2557 = PCURVE('',#1262,#2558);
#2558 = DEFINITIONAL_REPRESENTATION('',(#2559),#2563);
#2559 = LINE('',#2560,#2561);
#2560 = CARTESIAN_POINT('',(5.942802542136,-6.962063236404));
#2561 = VECTOR('',#2562,1.);
#2562 = DIRECTION('',(-0.334820934911,0.942281773964));
#2563 = ( GEOMETRIC_REPRESENTATION_CONTEXT(2) 
PARAMETRIC_REPRESENTATION_CONTEXT() REPRESENTATION_CONTEXT('2D SPACE',''
  ) );
#2564 = ADVANCED_FACE('',(#2565),#1262,.T.);
#2565 = FACE_BOUND('',#2566,.T.);
#2566 = EDGE_LOOP('',(#2567,#2568,#2569,#2590,#2617,#2650));
#2567 = ORIENTED_EDGE('',*,*,#1245,.T.);
#2568 = ORIENTED_EDGE('',*,*,#2545,.F.);
#2569 = ORIENTED_EDGE('',*,*,#2570,.F.);
#2570 = EDGE_CURVE('',#2571,#2517,#2573,.T.);
#2571 = VERTEX_POINT('',#2572);
#2572 = CARTESIAN_POINT('',(-0.4,5.25,5.5));
#2573 = SURFACE_CURVE('',#2574,(#2577,#2583),.PCURVE_S1.);
#2574 = B_SPLINE_CURVE_WITH_KNOTS('',1,(#2575,#2576),.UNSPECIFIED.,.F.,
  .F.,(2,2),(2.,3.),.PIECEWISE_BEZIER_KNOTS.);
#2575 = CARTESIAN_POINT('',(14.775,5.25,5.5));
#2576 = CARTESIAN_POINT('',(-14.775,5.25,5.5));
#2577 = PCURVE('',#1262,#2578);
#2578 = DEFINITIONAL_REPRESENTATION('',(#2579),#2582);
#2579 = B_SPLINE_CURVE_WITH_KNOTS('',1,(#2580,#2581),.UNSPECIFIED.,.F.,
  .F.,(2,2),(2.,3.),.PIECEWISE_BEZIER_KNOTS.);
#2580 = CARTESIAN_POINT('',(31.360046237211,9.623251066494E-16));
#2581 = CARTESIAN_POINT('',(3.515619816567,-9.893958626625));
#2582 = ( GEOMETRIC_REPRESENTATION_CONTEXT(2) 
PARAMETRIC_REPRESENTATION_CONTEXT() REPRESENTATION_CONTEXT('2D SPACE',''
  ) );
#2583 = PCURVE('',#2375,#2584);
#2584 = DEFINITIONAL_REPRESENTATION('',(#2585),#2589);
#2585 = LINE('',#2586,#2587);
#2586 = CARTESIAN_POINT('',(0.,1.));
#2587 = VECTOR('',#2588,1.);
#2588 = DIRECTION('',(1.,0.));
#2589 = ( GEOMETRIC_REPRESENTATION_CONTEXT(2) 
PARAMETRIC_REPRESENTATION_CONTEXT() REPRESENTATION_CONTEXT('2D SPACE',''
  ) );
#2590 = ORIENTED_EDGE('',*,*,#2591,.F.);
#2591 = EDGE_CURVE('',#2592,#2571,#2594,.T.);
#2592 = VERTEX_POINT('',#2593);
#2593 = CARTESIAN_POINT('',(-0.4,2.720753572083,5.5));
#2594 = SURFACE_CURVE('',#2595,(#2599,#2606),.PCURVE_S1.);
#2595 = LINE('',#2596,#2597);
#2596 = CARTESIAN_POINT('',(-0.4,-3.3,5.5));
#2597 = VECTOR('',#2598,1.);
#2598 = DIRECTION('',(0.,1.,-0.));
#2599 = PCURVE('',#1262,#2600);
#2600 = DEFINITIONAL_REPRESENTATION('',(#2601),#2605);
#2601 = LINE('',#2602,#2603);
#2602 = CARTESIAN_POINT('',(14.198201323813,2.975601480118));
#2603 = VECTOR('',#2604,1.);
#2604 = DIRECTION('',(0.334820934911,-0.942281773964));
#2605 = ( GEOMETRIC_REPRESENTATION_CONTEXT(2) 
PARAMETRIC_REPRESENTATION_CONTEXT() REPRESENTATION_CONTEXT('2D SPACE',''
  ) );
#2606 = PCURVE('',#2607,#2612);
#2607 = PLANE('',#2608);
#2608 = AXIS2_PLACEMENT_3D('',#2609,#2610,#2611);
#2609 = CARTESIAN_POINT('',(-0.4,-6.6,4.5));
#2610 = DIRECTION('',(-1.,0.,0.));
#2611 = DIRECTION('',(0.,1.,0.));
#2612 = DEFINITIONAL_REPRESENTATION('',(#2613),#2616);
#2613 = B_SPLINE_CURVE_WITH_KNOTS('',1,(#2614,#2615),.UNSPECIFIED.,.F.,
  .F.,(2,2),(-3.3,9.9),.PIECEWISE_BEZIER_KNOTS.);
#2614 = CARTESIAN_POINT('',(0.,-1.));
#2615 = CARTESIAN_POINT('',(13.2,-1.));
#2616 = ( GEOMETRIC_REPRESENTATION_CONTEXT(2) 
PARAMETRIC_REPRESENTATION_CONTEXT() REPRESENTATION_CONTEXT('2D SPACE',''
  ) );
#2617 = ORIENTED_EDGE('',*,*,#2618,.T.);
#2618 = EDGE_CURVE('',#2592,#2619,#2621,.T.);
#2619 = VERTEX_POINT('',#2620);
#2620 = CARTESIAN_POINT('',(-2.720753572083,0.4,5.5));
#2621 = SURFACE_CURVE('',#2622,(#2627,#2638),.PCURVE_S1.);
#2622 = CIRCLE('',#2623,2.75);
#2623 = AXIS2_PLACEMENT_3D('',#2624,#2625,#2626);
#2624 = CARTESIAN_POINT('',(4.060594997522E-17,2.62967735571E-17,5.5));
#2625 = DIRECTION('',(0.,0.,1.));
#2626 = DIRECTION('',(1.,2.353668967178E-16,-0.));
#2627 = PCURVE('',#1262,#2628);
#2628 = DEFINITIONAL_REPRESENTATION('',(#2629),#2637);
#2629 = ( BOUNDED_CURVE() B_SPLINE_CURVE(2,(#2630,#2631,#2632,#2633,
#2634,#2635,#2636),.UNSPECIFIED.,.T.,.F.) B_SPLINE_CURVE_WITH_KNOTS((1,2
    ,2,2,2,1),(-2.094395102393,0.,2.094395102393,4.188790204786,
6.28318530718,8.377580409573),.UNSPECIFIED.) CURVE() 
GEOMETRIC_REPRESENTATION_ITEM() RATIONAL_B_SPLINE_CURVE((1.,0.5,1.,0.5,
1.,0.5,1.)) REPRESENTATION_ITEM('') );
#2630 = CARTESIAN_POINT('',(18.271297997007,0.920757571006));
#2631 = CARTESIAN_POINT('',(19.866096891443,-3.567462174763));
#2632 = CARTESIAN_POINT('',(15.181785126622,-2.704488658387));
#2633 = CARTESIAN_POINT('',(10.497473361802,-1.841515142011));
#2634 = CARTESIAN_POINT('',(13.586986232187,1.783731087381));
#2635 = CARTESIAN_POINT('',(16.676499102572,5.408977316774));
#2636 = CARTESIAN_POINT('',(18.271297997007,0.920757571006));
#2637 = ( GEOMETRIC_REPRESENTATION_CONTEXT(2) 
PARAMETRIC_REPRESENTATION_CONTEXT() REPRESENTATION_CONTEXT('2D SPACE',''
  ) );
#2638 = PCURVE('',#2639,#2644);
#2639 = CYLINDRICAL_SURFACE('',#2640,2.75);
#2640 = AXIS2_PLACEMENT_3D('',#2641,#2642,#2643);
#2641 = CARTESIAN_POINT('',(0.,0.,4.5));
#2642 = DIRECTION('',(0.,0.,-1.));
#2643 = DIRECTION('',(1.,0.,0.));
#2644 = DEFINITIONAL_REPRESENTATION('',(#2645),#2649);
#2645 = LINE('',#2646,#2647);
#2646 = CARTESIAN_POINT('',(6.28318530718,-1.));
#2647 = VECTOR('',#2648,1.);
#2648 = DIRECTION('',(-1.,-0.));
#2649 = ( GEOMETRIC_REPRESENTATION_CONTEXT(2) 
PARAMETRIC_REPRESENTATION_CONTEXT() REPRESENTATION_CONTEXT('2D SPACE',''
  ) );
#2650 = ORIENTED_EDGE('',*,*,#2651,.F.);
#2651 = EDGE_CURVE('',#1246,#2619,#2652,.T.);
#2652 = SURFACE_CURVE('',#2653,(#2657,#2664),.PCURVE_S1.);
#2653 = LINE('',#2654,#2655);
#2654 = CARTESIAN_POINT('',(-8.0625,0.4,5.5));
#2655 = VECTOR('',#2656,1.);
#2656 = DIRECTION('',(1.,0.,0.));
#2657 = PCURVE('',#1262,#2658);
#2658 = DEFINITIONAL_REPRESENTATION('',(#2659),#2663);
#2659 = LINE('',#2660,#2661);
#2660 = CARTESIAN_POINT('',(8.216804689983,-3.076406497307));
#2661 = VECTOR('',#2662,1.);
#2662 = DIRECTION('',(0.942281773964,0.334820934911));
#2663 = ( GEOMETRIC_REPRESENTATION_CONTEXT(2) 
PARAMETRIC_REPRESENTATION_CONTEXT() REPRESENTATION_CONTEXT('2D SPACE',''
  ) );
#2664 = PCURVE('',#1293,#2665);
#2665 = DEFINITIONAL_REPRESENTATION('',(#2666),#2669);
#2666 = B_SPLINE_CURVE_WITH_KNOTS('',1,(#2667,#2668),.UNSPECIFIED.,.F.,
  .F.,(2,2),(-8.0625,24.1875),.PIECEWISE_BEZIER_KNOTS.);
#2667 = CARTESIAN_POINT('',(0.,-1.));
#2668 = CARTESIAN_POINT('',(32.25,-1.));
#2669 = ( GEOMETRIC_REPRESENTATION_CONTEXT(2) 
PARAMETRIC_REPRESENTATION_CONTEXT() REPRESENTATION_CONTEXT('2D SPACE',''
  ) );
#2670 = ADVANCED_FACE('',(#2671),#1293,.T.);
#2671 = FACE_BOUND('',#2672,.T.);
#2672 = EDGE_LOOP('',(#2673,#2696,#2697,#2698));
#2673 = ORIENTED_EDGE('',*,*,#2674,.F.);
#2674 = EDGE_CURVE('',#1279,#2675,#2677,.T.);
#2675 = VERTEX_POINT('',#2676);
#2676 = CARTESIAN_POINT('',(-2.720753572083,0.4,4.5));
#2677 = SURFACE_CURVE('',#2678,(#2682,#2689),.PCURVE_S1.);
#2678 = LINE('',#2679,#2680);
#2679 = CARTESIAN_POINT('',(-16.125,0.4,4.5));
#2680 = VECTOR('',#2681,1.);
#2681 = DIRECTION('',(1.,0.,0.));
#2682 = PCURVE('',#1293,#2683);
#2683 = DEFINITIONAL_REPRESENTATION('',(#2684),#2688);
#2684 = LINE('',#2685,#2686);
#2685 = CARTESIAN_POINT('',(0.,0.));
#2686 = VECTOR('',#2687,1.);
#2687 = DIRECTION('',(1.,0.));
#2688 = ( GEOMETRIC_REPRESENTATION_CONTEXT(2) 
PARAMETRIC_REPRESENTATION_CONTEXT() REPRESENTATION_CONTEXT('2D SPACE',''
  ) );
#2689 = PCURVE('',#1321,#2690);
#2690 = DEFINITIONAL_REPRESENTATION('',(#2691),#2695);
#2691 = LINE('',#2692,#2693);
#2692 = CARTESIAN_POINT('',(16.125,0.4));
#2693 = VECTOR('',#2694,1.);
#2694 = DIRECTION('',(-1.,0.));
#2695 = ( GEOMETRIC_REPRESENTATION_CONTEXT(2) 
PARAMETRIC_REPRESENTATION_CONTEXT() REPRESENTATION_CONTEXT('2D SPACE',''
  ) );
#2696 = ORIENTED_EDGE('',*,*,#1278,.F.);
#2697 = ORIENTED_EDGE('',*,*,#2651,.T.);
#2698 = ORIENTED_EDGE('',*,*,#2699,.T.);
#2699 = EDGE_CURVE('',#2619,#2675,#2700,.T.);
#2700 = SURFACE_CURVE('',#2701,(#2705,#2711),.PCURVE_S1.);
#2701 = LINE('',#2702,#2703);
#2702 = CARTESIAN_POINT('',(-2.720753572083,0.4,4.5));
#2703 = VECTOR('',#2704,1.);
#2704 = DIRECTION('',(0.,0.,-1.));
#2705 = PCURVE('',#1293,#2706);
#2706 = DEFINITIONAL_REPRESENTATION('',(#2707),#2710);
#2707 = B_SPLINE_CURVE_WITH_KNOTS('',1,(#2708,#2709),.UNSPECIFIED.,.F.,
  .F.,(2,2),(-1.0000006,5.999999999062E-07),.PIECEWISE_BEZIER_KNOTS.);
#2708 = CARTESIAN_POINT('',(13.404246427917,-1.0000006));
#2709 = CARTESIAN_POINT('',(13.404246427917,5.999999999062E-07));
#2710 = ( GEOMETRIC_REPRESENTATION_CONTEXT(2) 
PARAMETRIC_REPRESENTATION_CONTEXT() REPRESENTATION_CONTEXT('2D SPACE',''
  ) );
#2711 = PCURVE('',#2639,#2712);
#2712 = DEFINITIONAL_REPRESENTATION('',(#2713),#2716);
#2713 = B_SPLINE_CURVE_WITH_KNOTS('',1,(#2714,#2715),.UNSPECIFIED.,.F.,
  .F.,(2,2),(-1.0000006,5.999999999062E-07),.PIECEWISE_BEZIER_KNOTS.);
#2714 = CARTESIAN_POINT('',(3.287565042134,-1.0000006));
#2715 = CARTESIAN_POINT('',(3.287565042134,5.999999999062E-07));
#2716 = ( GEOMETRIC_REPRESENTATION_CONTEXT(2) 
PARAMETRIC_REPRESENTATION_CONTEXT() REPRESENTATION_CONTEXT('2D SPACE',''
  ) );
#2717 = ADVANCED_FACE('',(#2718),#1321,.T.);
#2718 = FACE_BOUND('',#2719,.T.);
#2719 = EDGE_LOOP('',(#2720,#2743,#2744,#2745,#2746));
#2720 = ORIENTED_EDGE('',*,*,#2721,.T.);
#2721 = EDGE_CURVE('',#2722,#1357,#2724,.T.);
#2722 = VERTEX_POINT('',#2723);
#2723 = CARTESIAN_POINT('',(-2.720753572083,-0.4,4.5));
#2724 = SURFACE_CURVE('',#2725,(#2729,#2736),.PCURVE_S1.);
#2725 = LINE('',#2726,#2727);
#2726 = CARTESIAN_POINT('',(16.125,-0.4,4.5));
#2727 = VECTOR('',#2728,1.);
#2728 = DIRECTION('',(-1.,0.,0.));
#2729 = PCURVE('',#1321,#2730);
#2730 = DEFINITIONAL_REPRESENTATION('',(#2731),#2735);
#2731 = LINE('',#2732,#2733);
#2732 = CARTESIAN_POINT('',(-16.125,-0.4));
#2733 = VECTOR('',#2734,1.);
#2734 = DIRECTION('',(1.,0.));
#2735 = ( GEOMETRIC_REPRESENTATION_CONTEXT(2) 
PARAMETRIC_REPRESENTATION_CONTEXT() REPRESENTATION_CONTEXT('2D SPACE',''
  ) );
#2736 = PCURVE('',#1395,#2737);
#2737 = DEFINITIONAL_REPRESENTATION('',(#2738),#2742);
#2738 = LINE('',#2739,#2740);
#2739 = CARTESIAN_POINT('',(0.,0.));
#2740 = VECTOR('',#2741,1.);
#2741 = DIRECTION('',(1.,0.));
#2742 = ( GEOMETRIC_REPRESENTATION_CONTEXT(2) 
PARAMETRIC_REPRESENTATION_CONTEXT() REPRESENTATION_CONTEXT('2D SPACE',''
  ) );
#2743 = ORIENTED_EDGE('',*,*,#1356,.F.);
#2744 = ORIENTED_EDGE('',*,*,#1304,.F.);
#2745 = ORIENTED_EDGE('',*,*,#2674,.T.);
#2746 = ORIENTED_EDGE('',*,*,#2747,.F.);
#2747 = EDGE_CURVE('',#2722,#2675,#2748,.T.);
#2748 = SURFACE_CURVE('',#2749,(#2754,#2761),.PCURVE_S1.);
#2749 = CIRCLE('',#2750,2.75);
#2750 = AXIS2_PLACEMENT_3D('',#2751,#2752,#2753);
#2751 = CARTESIAN_POINT('',(0.,0.,4.5));
#2752 = DIRECTION('',(0.,0.,-1.));
#2753 = DIRECTION('',(1.,0.,0.));
#2754 = PCURVE('',#1321,#2755);
#2755 = DEFINITIONAL_REPRESENTATION('',(#2756),#2760);
#2756 = CIRCLE('',#2757,2.75);
#2757 = AXIS2_PLACEMENT_2D('',#2758,#2759);
#2758 = CARTESIAN_POINT('',(0.,0.));
#2759 = DIRECTION('',(-1.,0.));
#2760 = ( GEOMETRIC_REPRESENTATION_CONTEXT(2) 
PARAMETRIC_REPRESENTATION_CONTEXT() REPRESENTATION_CONTEXT('2D SPACE',''
  ) );
#2761 = PCURVE('',#2639,#2762);
#2762 = DEFINITIONAL_REPRESENTATION('',(#2763),#2767);
#2763 = LINE('',#2764,#2765);
#2764 = CARTESIAN_POINT('',(0.,0.));
#2765 = VECTOR('',#2766,1.);
#2766 = DIRECTION('',(1.,0.));
#2767 = ( GEOMETRIC_REPRESENTATION_CONTEXT(2) 
PARAMETRIC_REPRESENTATION_CONTEXT() REPRESENTATION_CONTEXT('2D SPACE',''
  ) );
#2768 = ADVANCED_FACE('',(#2769),#1395,.T.);
#2769 = FACE_BOUND('',#2770,.T.);
#2770 = EDGE_LOOP('',(#2771,#2772,#2793,#2813));
#2771 = ORIENTED_EDGE('',*,*,#2721,.F.);
#2772 = ORIENTED_EDGE('',*,*,#2773,.F.);
#2773 = EDGE_CURVE('',#2774,#2722,#2776,.T.);
#2774 = VERTEX_POINT('',#2775);
#2775 = CARTESIAN_POINT('',(-2.720753572083,-0.4,5.5));
#2776 = SURFACE_CURVE('',#2777,(#2781,#2787),.PCURVE_S1.);
#2777 = LINE('',#2778,#2779);
#2778 = CARTESIAN_POINT('',(-2.720753572083,-0.4,4.5));
#2779 = VECTOR('',#2780,1.);
#2780 = DIRECTION('',(0.,0.,-1.));
#2781 = PCURVE('',#1395,#2782);
#2782 = DEFINITIONAL_REPRESENTATION('',(#2783),#2786);
#2783 = B_SPLINE_CURVE_WITH_KNOTS('',1,(#2784,#2785),.UNSPECIFIED.,.F.,
  .F.,(2,2),(-1.0000006,5.999999999062E-07),.PIECEWISE_BEZIER_KNOTS.);
#2784 = CARTESIAN_POINT('',(18.845753572083,-1.0000006));
#2785 = CARTESIAN_POINT('',(18.845753572083,5.999999999062E-07));
#2786 = ( GEOMETRIC_REPRESENTATION_CONTEXT(2) 
PARAMETRIC_REPRESENTATION_CONTEXT() REPRESENTATION_CONTEXT('2D SPACE',''
  ) );
#2787 = PCURVE('',#2639,#2788);
#2788 = DEFINITIONAL_REPRESENTATION('',(#2789),#2792);
#2789 = B_SPLINE_CURVE_WITH_KNOTS('',1,(#2790,#2791),.UNSPECIFIED.,.F.,
  .F.,(2,2),(-1.0000006,5.999999999062E-07),.PIECEWISE_BEZIER_KNOTS.);
#2790 = CARTESIAN_POINT('',(2.995620265046,-1.0000006));
#2791 = CARTESIAN_POINT('',(2.995620265046,5.999999999062E-07));
#2792 = ( GEOMETRIC_REPRESENTATION_CONTEXT(2) 
PARAMETRIC_REPRESENTATION_CONTEXT() REPRESENTATION_CONTEXT('2D SPACE',''
  ) );
#2793 = ORIENTED_EDGE('',*,*,#2794,.T.);
#2794 = EDGE_CURVE('',#2774,#1381,#2795,.T.);
#2795 = SURFACE_CURVE('',#2796,(#2800,#2806),.PCURVE_S1.);
#2796 = LINE('',#2797,#2798);
#2797 = CARTESIAN_POINT('',(8.0625,-0.4,5.5));
#2798 = VECTOR('',#2799,1.);
#2799 = DIRECTION('',(-1.,0.,0.));
#2800 = PCURVE('',#1395,#2801);
#2801 = DEFINITIONAL_REPRESENTATION('',(#2802),#2805);
#2802 = B_SPLINE_CURVE_WITH_KNOTS('',1,(#2803,#2804),.UNSPECIFIED.,.F.,
  .F.,(2,2),(-8.0625,24.1875),.PIECEWISE_BEZIER_KNOTS.);
#2803 = CARTESIAN_POINT('',(0.,-1.));
#2804 = CARTESIAN_POINT('',(32.25,-1.));
#2805 = ( GEOMETRIC_REPRESENTATION_CONTEXT(2) 
PARAMETRIC_REPRESENTATION_CONTEXT() REPRESENTATION_CONTEXT('2D SPACE',''
  ) );
#2806 = PCURVE('',#1423,#2807);
#2807 = DEFINITIONAL_REPRESENTATION('',(#2808),#2812);
#2808 = LINE('',#2809,#2810);
#2809 = CARTESIAN_POINT('',(23.143241547228,3.076406497307));
#2810 = VECTOR('',#2811,1.);
#2811 = DIRECTION('',(-0.942281773964,-0.334820934911));
#2812 = ( GEOMETRIC_REPRESENTATION_CONTEXT(2) 
PARAMETRIC_REPRESENTATION_CONTEXT() REPRESENTATION_CONTEXT('2D SPACE',''
  ) );
#2813 = ORIENTED_EDGE('',*,*,#1380,.T.);
#2814 = ADVANCED_FACE('',(#2815),#1423,.T.);
#2815 = FACE_BOUND('',#2816,.T.);
#2816 = EDGE_LOOP('',(#2817,#2847,#2867,#2868,#2869,#2897));
#2817 = ORIENTED_EDGE('',*,*,#2818,.F.);
#2818 = EDGE_CURVE('',#2819,#2821,#2823,.T.);
#2819 = VERTEX_POINT('',#2820);
#2820 = CARTESIAN_POINT('',(-11.50625,-5.25,5.5));
#2821 = VERTEX_POINT('',#2822);
#2822 = CARTESIAN_POINT('',(-0.4,-5.25,5.5));
#2823 = SURFACE_CURVE('',#2824,(#2827,#2833),.PCURVE_S1.);
#2824 = B_SPLINE_CURVE_WITH_KNOTS('',1,(#2825,#2826),.UNSPECIFIED.,.F.,
  .F.,(2,2),(0.,1.),.PIECEWISE_BEZIER_KNOTS.);
#2825 = CARTESIAN_POINT('',(-14.775,-5.25,5.5));
#2826 = CARTESIAN_POINT('',(14.775,-5.25,5.5));
#2827 = PCURVE('',#1423,#2828);
#2828 = DEFINITIONAL_REPRESENTATION('',(#2829),#2832);
#2829 = B_SPLINE_CURVE_WITH_KNOTS('',1,(#2830,#2831),.UNSPECIFIED.,.F.,
  .F.,(2,2),(0.,1.),.PIECEWISE_BEZIER_KNOTS.);
#2830 = CARTESIAN_POINT('',(0.,0.));
#2831 = CARTESIAN_POINT('',(27.844426420644,9.893958626625));
#2832 = ( GEOMETRIC_REPRESENTATION_CONTEXT(2) 
PARAMETRIC_REPRESENTATION_CONTEXT() REPRESENTATION_CONTEXT('2D SPACE',''
  ) );
#2833 = PCURVE('',#2834,#2841);
#2834 = B_SPLINE_SURFACE_WITH_KNOTS('',1,2,(
    (#2835,#2836,#2837)
    ,(#2838,#2839,#2840
  )),.UNSPECIFIED.,.F.,.F.,.F.,(2,2),(3,3),(0.,1.),(0.,1.),
  .PIECEWISE_BEZIER_KNOTS.);
#2835 = CARTESIAN_POINT('',(-17.025,-7.5,0.));
#2836 = CARTESIAN_POINT('',(-16.55,-7.025,2.25));
#2837 = CARTESIAN_POINT('',(-14.775,-5.25,5.5));
#2838 = CARTESIAN_POINT('',(17.025,-7.5,0.));
#2839 = CARTESIAN_POINT('',(16.55,-7.025,2.25));
#2840 = CARTESIAN_POINT('',(14.775,-5.25,5.5));
#2841 = DEFINITIONAL_REPRESENTATION('',(#2842),#2846);
#2842 = LINE('',#2843,#2844);
#2843 = CARTESIAN_POINT('',(0.,1.));
#2844 = VECTOR('',#2845,1.);
#2845 = DIRECTION('',(1.,0.));
#2846 = ( GEOMETRIC_REPRESENTATION_CONTEXT(2) 
PARAMETRIC_REPRESENTATION_CONTEXT() REPRESENTATION_CONTEXT('2D SPACE',''
  ) );
#2847 = ORIENTED_EDGE('',*,*,#2848,.F.);
#2848 = EDGE_CURVE('',#1407,#2819,#2849,.T.);
#2849 = SURFACE_CURVE('',#2850,(#2854,#2861),.PCURVE_S1.);
#2850 = LINE('',#2851,#2852);
#2851 = CARTESIAN_POINT('',(-11.50625,3.3,5.5));
#2852 = VECTOR('',#2853,1.);
#2853 = DIRECTION('',(-0.,-1.,0.));
#2854 = PCURVE('',#1423,#2855);
#2855 = DEFINITIONAL_REPRESENTATION('',(#2856),#2860);
#2856 = LINE('',#2857,#2858);
#2857 = CARTESIAN_POINT('',(5.942802542136,-6.962063236404));
#2858 = VECTOR('',#2859,1.);
#2859 = DIRECTION('',(-0.334820934911,0.942281773964));
#2860 = ( GEOMETRIC_REPRESENTATION_CONTEXT(2) 
PARAMETRIC_REPRESENTATION_CONTEXT() REPRESENTATION_CONTEXT('2D SPACE',''
  ) );
#2861 = PCURVE('',#1454,#2862);
#2862 = DEFINITIONAL_REPRESENTATION('',(#2863),#2866);
#2863 = B_SPLINE_CURVE_WITH_KNOTS('',1,(#2864,#2865),.UNSPECIFIED.,.F.,
  .F.,(2,2),(-3.3,9.9),.PIECEWISE_BEZIER_KNOTS.);
#2864 = CARTESIAN_POINT('',(0.,-1.));
#2865 = CARTESIAN_POINT('',(13.2,-1.));
#2866 = ( GEOMETRIC_REPRESENTATION_CONTEXT(2) 
PARAMETRIC_REPRESENTATION_CONTEXT() REPRESENTATION_CONTEXT('2D SPACE',''
  ) );
#2867 = ORIENTED_EDGE('',*,*,#1406,.T.);
#2868 = ORIENTED_EDGE('',*,*,#2794,.F.);
#2869 = ORIENTED_EDGE('',*,*,#2870,.T.);
#2870 = EDGE_CURVE('',#2774,#2871,#2873,.T.);
#2871 = VERTEX_POINT('',#2872);
#2872 = CARTESIAN_POINT('',(-0.4,-2.720753572083,5.5));
#2873 = SURFACE_CURVE('',#2874,(#2879,#2890),.PCURVE_S1.);
#2874 = CIRCLE('',#2875,2.75);
#2875 = AXIS2_PLACEMENT_3D('',#2876,#2877,#2878);
#2876 = CARTESIAN_POINT('',(4.060594997522E-17,2.62967735571E-17,5.5));
#2877 = DIRECTION('',(0.,0.,1.));
#2878 = DIRECTION('',(1.,2.353668967178E-16,-0.));
#2879 = PCURVE('',#1423,#2880);
#2880 = DEFINITIONAL_REPRESENTATION('',(#2881),#2889);
#2881 = ( BOUNDED_CURVE() B_SPLINE_CURVE(2,(#2882,#2883,#2884,#2885,
#2886,#2887,#2888),.UNSPECIFIED.,.T.,.F.) B_SPLINE_CURVE_WITH_KNOTS((1,2
    ,2,2,2,1),(-2.094395102393,0.,2.094395102393,4.188790204786,
6.28318530718,8.377580409573),.UNSPECIFIED.) CURVE() 
GEOMETRIC_REPRESENTATION_ITEM() RATIONAL_B_SPLINE_CURVE((1.,0.5,1.,0.5,
1.,0.5,1.)) REPRESENTATION_ITEM('') );
#2882 = CARTESIAN_POINT('',(18.271297997007,0.920757571006));
#2883 = CARTESIAN_POINT('',(19.866096891443,-3.567462174763));
#2884 = CARTESIAN_POINT('',(15.181785126622,-2.704488658387));
#2885 = CARTESIAN_POINT('',(10.497473361802,-1.841515142011));
#2886 = CARTESIAN_POINT('',(13.586986232187,1.783731087381));
#2887 = CARTESIAN_POINT('',(16.676499102572,5.408977316774));
#2888 = CARTESIAN_POINT('',(18.271297997007,0.920757571006));
#2889 = ( GEOMETRIC_REPRESENTATION_CONTEXT(2) 
PARAMETRIC_REPRESENTATION_CONTEXT() REPRESENTATION_CONTEXT('2D SPACE',''
  ) );
#2890 = PCURVE('',#2639,#2891);
#2891 = DEFINITIONAL_REPRESENTATION('',(#2892),#2896);
#2892 = LINE('',#2893,#2894);
#2893 = CARTESIAN_POINT('',(6.28318530718,-1.));
#2894 = VECTOR('',#2895,1.);
#2895 = DIRECTION('',(-1.,-0.));
#2896 = ( GEOMETRIC_REPRESENTATION_CONTEXT(2) 
PARAMETRIC_REPRESENTATION_CONTEXT() REPRESENTATION_CONTEXT('2D SPACE',''
  ) );
#2897 = ORIENTED_EDGE('',*,*,#2898,.F.);
#2898 = EDGE_CURVE('',#2821,#2871,#2899,.T.);
#2899 = SURFACE_CURVE('',#2900,(#2904,#2911),.PCURVE_S1.);
#2900 = LINE('',#2901,#2902);
#2901 = CARTESIAN_POINT('',(-0.4,-3.3,5.5));
#2902 = VECTOR('',#2903,1.);
#2903 = DIRECTION('',(0.,1.,-0.));
#2904 = PCURVE('',#1423,#2905);
#2905 = DEFINITIONAL_REPRESENTATION('',(#2906),#2910);
#2906 = LINE('',#2907,#2908);
#2907 = CARTESIAN_POINT('',(14.198201323813,2.975601480118));
#2908 = VECTOR('',#2909,1.);
#2909 = DIRECTION('',(0.334820934911,-0.942281773964));
#2910 = ( GEOMETRIC_REPRESENTATION_CONTEXT(2) 
PARAMETRIC_REPRESENTATION_CONTEXT() REPRESENTATION_CONTEXT('2D SPACE',''
  ) );
#2911 = PCURVE('',#2912,#2917);
#2912 = PLANE('',#2913);
#2913 = AXIS2_PLACEMENT_3D('',#2914,#2915,#2916);
#2914 = CARTESIAN_POINT('',(-0.4,-6.6,4.5));
#2915 = DIRECTION('',(-1.,0.,0.));
#2916 = DIRECTION('',(0.,1.,0.));
#2917 = DEFINITIONAL_REPRESENTATION('',(#2918),#2921);
#2918 = B_SPLINE_CURVE_WITH_KNOTS('',1,(#2919,#2920),.UNSPECIFIED.,.F.,
  .F.,(2,2),(-3.3,9.9),.PIECEWISE_BEZIER_KNOTS.);
#2919 = CARTESIAN_POINT('',(0.,-1.));
#2920 = CARTESIAN_POINT('',(13.2,-1.));
#2921 = ( GEOMETRIC_REPRESENTATION_CONTEXT(2) 
PARAMETRIC_REPRESENTATION_CONTEXT() REPRESENTATION_CONTEXT('2D SPACE',''
  ) );
#2922 = ADVANCED_FACE('',(#2923),#1454,.T.);
#2923 = FACE_BOUND('',#2924,.T.);
#2924 = EDGE_LOOP('',(#2925,#2948,#2949,#2950));
#2925 = ORIENTED_EDGE('',*,*,#2926,.F.);
#2926 = EDGE_CURVE('',#1440,#2927,#2929,.T.);
#2927 = VERTEX_POINT('',#2928);
#2928 = CARTESIAN_POINT('',(-11.50625,-5.777413174145,4.5));
#2929 = SURFACE_CURVE('',#2930,(#2934,#2941),.PCURVE_S1.);
#2930 = LINE('',#2931,#2932);
#2931 = CARTESIAN_POINT('',(-11.50625,6.6,4.5));
#2932 = VECTOR('',#2933,1.);
#2933 = DIRECTION('',(0.,-1.,0.));
#2934 = PCURVE('',#1454,#2935);
#2935 = DEFINITIONAL_REPRESENTATION('',(#2936),#2940);
#2936 = LINE('',#2937,#2938);
#2937 = CARTESIAN_POINT('',(0.,0.));
#2938 = VECTOR('',#2939,1.);
#2939 = DIRECTION('',(1.,0.));
#2940 = ( GEOMETRIC_REPRESENTATION_CONTEXT(2) 
PARAMETRIC_REPRESENTATION_CONTEXT() REPRESENTATION_CONTEXT('2D SPACE',''
  ) );
#2941 = PCURVE('',#1482,#2942);
#2942 = DEFINITIONAL_REPRESENTATION('',(#2943),#2947);
#2943 = LINE('',#2944,#2945);
#2944 = CARTESIAN_POINT('',(11.50625,6.6));
#2945 = VECTOR('',#2946,1.);
#2946 = DIRECTION('',(0.,-1.));
#2947 = ( GEOMETRIC_REPRESENTATION_CONTEXT(2) 
PARAMETRIC_REPRESENTATION_CONTEXT() REPRESENTATION_CONTEXT('2D SPACE',''
  ) );
#2948 = ORIENTED_EDGE('',*,*,#1439,.F.);
#2949 = ORIENTED_EDGE('',*,*,#2848,.T.);
#2950 = ORIENTED_EDGE('',*,*,#2951,.F.);
#2951 = EDGE_CURVE('',#2927,#2819,#2952,.T.);
#2952 = SURFACE_CURVE('',#2953,(#2959,#2968),.PCURVE_S1.);
#2953 = B_SPLINE_CURVE_WITH_KNOTS('',4,(#2954,#2955,#2956,#2957,#2958),
  .UNSPECIFIED.,.F.,.F.,(5,5),(0.,1.),.PIECEWISE_BEZIER_KNOTS.);
#2954 = CARTESIAN_POINT('',(-11.50625,-5.777413174145,4.5));
#2955 = CARTESIAN_POINT('',(-11.50625,-5.649536807088,4.751865463598));
#2956 = CARTESIAN_POINT('',(-11.50625,-5.518815655386,5.002433946673));
#2957 = CARTESIAN_POINT('',(-11.50625,-5.385561706512,5.251788424696));
#2958 = CARTESIAN_POINT('',(-11.50625,-5.25,5.5));
#2959 = PCURVE('',#1454,#2960);
#2960 = DEFINITIONAL_REPRESENTATION('',(#2961),#2967);
#2961 = B_SPLINE_CURVE_WITH_KNOTS('',4,(#2962,#2963,#2964,#2965,#2966),
  .UNSPECIFIED.,.F.,.F.,(5,5),(0.,1.),.PIECEWISE_BEZIER_KNOTS.);
#2962 = CARTESIAN_POINT('',(12.377413174145,0.));
#2963 = CARTESIAN_POINT('',(12.249536807088,-0.251865463598));
#2964 = CARTESIAN_POINT('',(12.118815655386,-0.502433946673));
#2965 = CARTESIAN_POINT('',(11.985561706512,-0.751788424696));
#2966 = CARTESIAN_POINT('',(11.85,-1.));
#2967 = ( GEOMETRIC_REPRESENTATION_CONTEXT(2) 
PARAMETRIC_REPRESENTATION_CONTEXT() REPRESENTATION_CONTEXT('2D SPACE',''
  ) );
#2968 = PCURVE('',#2834,#2969);
#2969 = DEFINITIONAL_REPRESENTATION('',(#2970),#2976);
#2970 = B_SPLINE_CURVE_WITH_KNOTS('',4,(#2971,#2972,#2973,#2974,#2975),
  .UNSPECIFIED.,.F.,.F.,(5,5),(0.,1.),.PIECEWISE_BEZIER_KNOTS.);
#2971 = CARTESIAN_POINT('',(0.124038056316,0.842329219213));
#2972 = CARTESIAN_POINT('',(0.120896287305,0.883053450972));
#2973 = CARTESIAN_POINT('',(0.117614603002,0.922853017563));
#2974 = CARTESIAN_POINT('',(0.11419020934,0.961813603799));
#2975 = CARTESIAN_POINT('',(0.110617597293,1.));
#2976 = ( GEOMETRIC_REPRESENTATION_CONTEXT(2) 
PARAMETRIC_REPRESENTATION_CONTEXT() REPRESENTATION_CONTEXT('2D SPACE',''
  ) );
#2977 = ADVANCED_FACE('',(#2978),#1482,.T.);
#2978 = FACE_BOUND('',#2979,.T.);
#2979 = EDGE_LOOP('',(#2980,#2981,#3001,#3022));
#2980 = ORIENTED_EDGE('',*,*,#2926,.T.);
#2981 = ORIENTED_EDGE('',*,*,#2982,.T.);
#2982 = EDGE_CURVE('',#2927,#2983,#2985,.T.);
#2983 = VERTEX_POINT('',#2984);
#2984 = CARTESIAN_POINT('',(-12.30625,-5.777413174145,4.5));
#2985 = SURFACE_CURVE('',#2986,(#2989,#2995),.PCURVE_S1.);
#2986 = B_SPLINE_CURVE_WITH_KNOTS('',1,(#2987,#2988),.UNSPECIFIED.,.F.,
  .F.,(2,2),(0.,1.),.PIECEWISE_BEZIER_KNOTS.);
#2987 = CARTESIAN_POINT('',(-11.50625,-5.777413174145,4.5));
#2988 = CARTESIAN_POINT('',(-12.30625,-5.777413174145,4.5));
#2989 = PCURVE('',#1482,#2990);
#2990 = DEFINITIONAL_REPRESENTATION('',(#2991),#2994);
#2991 = B_SPLINE_CURVE_WITH_KNOTS('',1,(#2992,#2993),.UNSPECIFIED.,.F.,
  .F.,(2,2),(0.,1.),.PIECEWISE_BEZIER_KNOTS.);
#2992 = CARTESIAN_POINT('',(11.50625,-5.777413174145));
#2993 = CARTESIAN_POINT('',(12.30625,-5.777413174145));
#2994 = ( GEOMETRIC_REPRESENTATION_CONTEXT(2) 
PARAMETRIC_REPRESENTATION_CONTEXT() REPRESENTATION_CONTEXT('2D SPACE',''
  ) );
#2995 = PCURVE('',#2834,#2996);
#2996 = DEFINITIONAL_REPRESENTATION('',(#2997),#3000);
#2997 = B_SPLINE_CURVE_WITH_KNOTS('',1,(#2998,#2999),.UNSPECIFIED.,.F.,
  .F.,(2,2),(0.,1.),.PIECEWISE_BEZIER_KNOTS.);
#2998 = CARTESIAN_POINT('',(0.124038056316,0.842329219213));
#2999 = CARTESIAN_POINT('',(9.789838831457E-02,0.842329219213));
#3000 = ( GEOMETRIC_REPRESENTATION_CONTEXT(2) 
PARAMETRIC_REPRESENTATION_CONTEXT() REPRESENTATION_CONTEXT('2D SPACE',''
  ) );
#3001 = ORIENTED_EDGE('',*,*,#3002,.T.);
#3002 = EDGE_CURVE('',#2983,#1466,#3003,.T.);
#3003 = SURFACE_CURVE('',#3004,(#3008,#3015),.PCURVE_S1.);
#3004 = LINE('',#3005,#3006);
#3005 = CARTESIAN_POINT('',(-12.30625,-6.6,4.5));
#3006 = VECTOR('',#3007,1.);
#3007 = DIRECTION('',(0.,1.,0.));
#3008 = PCURVE('',#1482,#3009);
#3009 = DEFINITIONAL_REPRESENTATION('',(#3010),#3014);
#3010 = LINE('',#3011,#3012);
#3011 = CARTESIAN_POINT('',(12.30625,-6.6));
#3012 = VECTOR('',#3013,1.);
#3013 = DIRECTION('',(0.,1.));
#3014 = ( GEOMETRIC_REPRESENTATION_CONTEXT(2) 
PARAMETRIC_REPRESENTATION_CONTEXT() REPRESENTATION_CONTEXT('2D SPACE',''
  ) );
#3015 = PCURVE('',#1509,#3016);
#3016 = DEFINITIONAL_REPRESENTATION('',(#3017),#3021);
#3017 = LINE('',#3018,#3019);
#3018 = CARTESIAN_POINT('',(0.,0.));
#3019 = VECTOR('',#3020,1.);
#3020 = DIRECTION('',(1.,0.));
#3021 = ( GEOMETRIC_REPRESENTATION_CONTEXT(2) 
PARAMETRIC_REPRESENTATION_CONTEXT() REPRESENTATION_CONTEXT('2D SPACE',''
  ) );
#3022 = ORIENTED_EDGE('',*,*,#1465,.F.);
#3023 = ADVANCED_FACE('',(#3024),#1509,.T.);
#3024 = FACE_BOUND('',#3025,.T.);
#3025 = EDGE_LOOP('',(#3026,#3027,#3028,#3057));
#3026 = ORIENTED_EDGE('',*,*,#1494,.T.);
#3027 = ORIENTED_EDGE('',*,*,#3002,.F.);
#3028 = ORIENTED_EDGE('',*,*,#3029,.T.);
#3029 = EDGE_CURVE('',#2983,#3030,#3032,.T.);
#3030 = VERTEX_POINT('',#3031);
#3031 = CARTESIAN_POINT('',(-12.30625,-5.25,5.5));
#3032 = SURFACE_CURVE('',#3033,(#3039,#3048),.PCURVE_S1.);
#3033 = B_SPLINE_CURVE_WITH_KNOTS('',4,(#3034,#3035,#3036,#3037,#3038),
  .UNSPECIFIED.,.F.,.F.,(5,5),(0.,1.),.PIECEWISE_BEZIER_KNOTS.);
#3034 = CARTESIAN_POINT('',(-12.30625,-5.777413174145,4.5));
#3035 = CARTESIAN_POINT('',(-12.30625,-5.649536648792,4.751865775377));
#3036 = CARTESIAN_POINT('',(-12.30625,-5.518815431105,5.002434371403));
#3037 = CARTESIAN_POINT('',(-12.30625,-5.385561527966,5.251788751611));
#3038 = CARTESIAN_POINT('',(-12.30625,-5.25,5.5));
#3039 = PCURVE('',#1509,#3040);
#3040 = DEFINITIONAL_REPRESENTATION('',(#3041),#3047);
#3041 = B_SPLINE_CURVE_WITH_KNOTS('',4,(#3042,#3043,#3044,#3045,#3046),
  .UNSPECIFIED.,.F.,.F.,(5,5),(0.,1.),.PIECEWISE_BEZIER_KNOTS.);
#3042 = CARTESIAN_POINT('',(0.822586825855,0.));
#3043 = CARTESIAN_POINT('',(0.950463351208,-0.251865775377));
#3044 = CARTESIAN_POINT('',(1.081184568895,-0.502434371403));
#3045 = CARTESIAN_POINT('',(1.214438472034,-0.751788751611));
#3046 = CARTESIAN_POINT('',(1.35,-1.));
#3047 = ( GEOMETRIC_REPRESENTATION_CONTEXT(2) 
PARAMETRIC_REPRESENTATION_CONTEXT() REPRESENTATION_CONTEXT('2D SPACE',''
  ) );
#3048 = PCURVE('',#2834,#3049);
#3049 = DEFINITIONAL_REPRESENTATION('',(#3050),#3056);
#3050 = B_SPLINE_CURVE_WITH_KNOTS('',4,(#3051,#3052,#3053,#3054,#3055),
  .UNSPECIFIED.,.F.,.F.,(5,5),(0.,1.),.PIECEWISE_BEZIER_KNOTS.);
#3051 = CARTESIAN_POINT('',(9.789838831457E-02,0.842329219213));
#3052 = CARTESIAN_POINT('',(9.453817601629E-02,0.883053501384));
#3053 = CARTESIAN_POINT('',(9.102832271751E-02,0.922853084475));
#3054 = CARTESIAN_POINT('',(8.736584080677E-02,0.961813654094));
#3055 = CARTESIAN_POINT('',(8.35448392555E-02,1.));
#3056 = ( GEOMETRIC_REPRESENTATION_CONTEXT(2) 
PARAMETRIC_REPRESENTATION_CONTEXT() REPRESENTATION_CONTEXT('2D SPACE',''
  ) );
#3057 = ORIENTED_EDGE('',*,*,#3058,.T.);
#3058 = EDGE_CURVE('',#3030,#1495,#3059,.T.);
#3059 = SURFACE_CURVE('',#3060,(#3064,#3070),.PCURVE_S1.);
#3060 = LINE('',#3061,#3062);
#3061 = CARTESIAN_POINT('',(-12.30625,-3.3,5.5));
#3062 = VECTOR('',#3063,1.);
#3063 = DIRECTION('',(0.,1.,-0.));
#3064 = PCURVE('',#1509,#3065);
#3065 = DEFINITIONAL_REPRESENTATION('',(#3066),#3069);
#3066 = B_SPLINE_CURVE_WITH_KNOTS('',1,(#3067,#3068),.UNSPECIFIED.,.F.,
  .F.,(2,2),(-3.3,9.9),.PIECEWISE_BEZIER_KNOTS.);
#3067 = CARTESIAN_POINT('',(0.,-1.));
#3068 = CARTESIAN_POINT('',(13.2,-1.));
#3069 = ( GEOMETRIC_REPRESENTATION_CONTEXT(2) 
PARAMETRIC_REPRESENTATION_CONTEXT() REPRESENTATION_CONTEXT('2D SPACE',''
  ) );
#3070 = PCURVE('',#1535,#3071);
#3071 = DEFINITIONAL_REPRESENTATION('',(#3072),#3076);
#3072 = LINE('',#3073,#3074);
#3073 = CARTESIAN_POINT('',(2.979158952551,-1.010860276168));
#3074 = VECTOR('',#3075,1.);
#3075 = DIRECTION('',(0.334820934911,-0.942281773964));
#3076 = ( GEOMETRIC_REPRESENTATION_CONTEXT(2) 
PARAMETRIC_REPRESENTATION_CONTEXT() REPRESENTATION_CONTEXT('2D SPACE',''
  ) );
#3077 = ADVANCED_FACE('',(#3078),#1535,.T.);
#3078 = FACE_BOUND('',#3079,.T.);
#3079 = EDGE_LOOP('',(#3080,#3101,#3120,#3121,#3122));
#3080 = ORIENTED_EDGE('',*,*,#3081,.F.);
#3081 = EDGE_CURVE('',#3082,#3030,#3084,.T.);
#3082 = VERTEX_POINT('',#3083);
#3083 = CARTESIAN_POINT('',(-14.775,-5.25,5.5));
#3084 = SURFACE_CURVE('',#3085,(#3088,#3094),.PCURVE_S1.);
#3085 = B_SPLINE_CURVE_WITH_KNOTS('',1,(#3086,#3087),.UNSPECIFIED.,.F.,
  .F.,(2,2),(0.,1.),.PIECEWISE_BEZIER_KNOTS.);
#3086 = CARTESIAN_POINT('',(-14.775,-5.25,5.5));
#3087 = CARTESIAN_POINT('',(14.775,-5.25,5.5));
#3088 = PCURVE('',#1535,#3089);
#3089 = DEFINITIONAL_REPRESENTATION('',(#3090),#3093);
#3090 = B_SPLINE_CURVE_WITH_KNOTS('',1,(#3091,#3092),.UNSPECIFIED.,.F.,
  .F.,(2,2),(0.,1.),.PIECEWISE_BEZIER_KNOTS.);
#3091 = CARTESIAN_POINT('',(0.,0.));
#3092 = CARTESIAN_POINT('',(27.844426420644,9.893958626625));
#3093 = ( GEOMETRIC_REPRESENTATION_CONTEXT(2) 
PARAMETRIC_REPRESENTATION_CONTEXT() REPRESENTATION_CONTEXT('2D SPACE',''
  ) );
#3094 = PCURVE('',#2834,#3095);
#3095 = DEFINITIONAL_REPRESENTATION('',(#3096),#3100);
#3096 = LINE('',#3097,#3098);
#3097 = CARTESIAN_POINT('',(0.,1.));
#3098 = VECTOR('',#3099,1.);
#3099 = DIRECTION('',(1.,0.));
#3100 = ( GEOMETRIC_REPRESENTATION_CONTEXT(2) 
PARAMETRIC_REPRESENTATION_CONTEXT() REPRESENTATION_CONTEXT('2D SPACE',''
  ) );
#3101 = ORIENTED_EDGE('',*,*,#3102,.F.);
#3102 = EDGE_CURVE('',#2172,#3082,#3103,.T.);
#3103 = SURFACE_CURVE('',#3104,(#3107,#3113),.PCURVE_S1.);
#3104 = B_SPLINE_CURVE_WITH_KNOTS('',1,(#3105,#3106),.UNSPECIFIED.,.F.,
  .F.,(2,2),(3.,4.),.PIECEWISE_BEZIER_KNOTS.);
#3105 = CARTESIAN_POINT('',(-14.775,5.25,5.5));
#3106 = CARTESIAN_POINT('',(-14.775,-5.25,5.5));
#3107 = PCURVE('',#1535,#3108);
#3108 = DEFINITIONAL_REPRESENTATION('',(#3109),#3112);
#3109 = B_SPLINE_CURVE_WITH_KNOTS('',1,(#3110,#3111),.UNSPECIFIED.,.F.,
  .F.,(2,2),(3.,4.),.PIECEWISE_BEZIER_KNOTS.);
#3110 = CARTESIAN_POINT('',(3.515619816567,-9.893958626625));
#3111 = CARTESIAN_POINT('',(0.,0.));
#3112 = ( GEOMETRIC_REPRESENTATION_CONTEXT(2) 
PARAMETRIC_REPRESENTATION_CONTEXT() REPRESENTATION_CONTEXT('2D SPACE',''
  ) );
#3113 = PCURVE('',#2211,#3114);
#3114 = DEFINITIONAL_REPRESENTATION('',(#3115),#3119);
#3115 = LINE('',#3116,#3117);
#3116 = CARTESIAN_POINT('',(0.,1.));
#3117 = VECTOR('',#3118,1.);
#3118 = DIRECTION('',(1.,0.));
#3119 = ( GEOMETRIC_REPRESENTATION_CONTEXT(2) 
PARAMETRIC_REPRESENTATION_CONTEXT() REPRESENTATION_CONTEXT('2D SPACE',''
  ) );
#3120 = ORIENTED_EDGE('',*,*,#2171,.F.);
#3121 = ORIENTED_EDGE('',*,*,#1520,.T.);
#3122 = ORIENTED_EDGE('',*,*,#3058,.F.);
#3123 = ADVANCED_FACE('',(#3124),#1615,.T.);
#3124 = FACE_BOUND('',#3125,.T.);
#3125 = EDGE_LOOP('',(#3126,#3127,#3128,#3129,#3130,#3131,#3132,#3133,
    #3134,#3135,#3136,#3137));
#3126 = ORIENTED_EDGE('',*,*,#1655,.F.);
#3127 = ORIENTED_EDGE('',*,*,#1601,.T.);
#3128 = ORIENTED_EDGE('',*,*,#1704,.F.);
#3129 = ORIENTED_EDGE('',*,*,#1802,.T.);
#3130 = ORIENTED_EDGE('',*,*,#1900,.T.);
#3131 = ORIENTED_EDGE('',*,*,#1998,.T.);
#3132 = ORIENTED_EDGE('',*,*,#2096,.T.);
#3133 = ORIENTED_EDGE('',*,*,#2123,.F.);
#3134 = ORIENTED_EDGE('',*,*,#2047,.T.);
#3135 = ORIENTED_EDGE('',*,*,#1949,.F.);
#3136 = ORIENTED_EDGE('',*,*,#1851,.F.);
#3137 = ORIENTED_EDGE('',*,*,#1753,.F.);
#3138 = ADVANCED_FACE('',(#3139),#2211,.F.);
#3139 = FACE_BOUND('',#3140,.F.);
#3140 = EDGE_LOOP('',(#3141,#3164,#3190,#3211,#3212,#3213,#3214,#3215));
#3141 = ORIENTED_EDGE('',*,*,#3142,.F.);
#3142 = EDGE_CURVE('',#3143,#2341,#3145,.T.);
#3143 = VERTEX_POINT('',#3144);
#3144 = CARTESIAN_POINT('',(-17.025,7.5,0.));
#3145 = SURFACE_CURVE('',#3146,(#3150,#3157),.PCURVE_S1.);
#3146 = B_SPLINE_CURVE_WITH_KNOTS('',2,(#3147,#3148,#3149),
  .UNSPECIFIED.,.F.,.F.,(3,3),(0.,1.),.PIECEWISE_BEZIER_KNOTS.);
#3147 = CARTESIAN_POINT('',(-17.025,7.5,0.));
#3148 = CARTESIAN_POINT('',(-16.55,7.025,2.25));
#3149 = CARTESIAN_POINT('',(-14.775,5.25,5.5));
#3150 = PCURVE('',#2211,#3151);
#3151 = DEFINITIONAL_REPRESENTATION('',(#3152),#3156);
#3152 = LINE('',#3153,#3154);
#3153 = CARTESIAN_POINT('',(3.,0.));
#3154 = VECTOR('',#3155,1.);
#3155 = DIRECTION('',(0.,1.));
#3156 = ( GEOMETRIC_REPRESENTATION_CONTEXT(2) 
PARAMETRIC_REPRESENTATION_CONTEXT() REPRESENTATION_CONTEXT('2D SPACE',''
  ) );
#3157 = PCURVE('',#2375,#3158);
#3158 = DEFINITIONAL_REPRESENTATION('',(#3159),#3163);
#3159 = LINE('',#3160,#3161);
#3160 = CARTESIAN_POINT('',(3.,0.));
#3161 = VECTOR('',#3162,1.);
#3162 = DIRECTION('',(0.,1.));
#3163 = ( GEOMETRIC_REPRESENTATION_CONTEXT(2) 
PARAMETRIC_REPRESENTATION_CONTEXT() REPRESENTATION_CONTEXT('2D SPACE',''
  ) );
#3164 = ORIENTED_EDGE('',*,*,#3165,.T.);
#3165 = EDGE_CURVE('',#3143,#3166,#3168,.T.);
#3166 = VERTEX_POINT('',#3167);
#3167 = CARTESIAN_POINT('',(-17.025,-7.5,0.));
#3168 = SURFACE_CURVE('',#3169,(#3172,#3179),.PCURVE_S1.);
#3169 = B_SPLINE_CURVE_WITH_KNOTS('',1,(#3170,#3171),.UNSPECIFIED.,.F.,
  .F.,(2,2),(3.,4.),.PIECEWISE_BEZIER_KNOTS.);
#3170 = CARTESIAN_POINT('',(-17.025,7.5,0.));
#3171 = CARTESIAN_POINT('',(-17.025,-7.5,0.));
#3172 = PCURVE('',#2211,#3173);
#3173 = DEFINITIONAL_REPRESENTATION('',(#3174),#3178);
#3174 = LINE('',#3175,#3176);
#3175 = CARTESIAN_POINT('',(0.,0.));
#3176 = VECTOR('',#3177,1.);
#3177 = DIRECTION('',(1.,0.));
#3178 = ( GEOMETRIC_REPRESENTATION_CONTEXT(2) 
PARAMETRIC_REPRESENTATION_CONTEXT() REPRESENTATION_CONTEXT('2D SPACE',''
  ) );
#3179 = PCURVE('',#3180,#3185);
#3180 = PLANE('',#3181);
#3181 = AXIS2_PLACEMENT_3D('',#3182,#3183,#3184);
#3182 = CARTESIAN_POINT('',(-18.625,8.6,0.));
#3183 = DIRECTION('',(-0.,0.,1.));
#3184 = DIRECTION('',(0.905942574603,-0.423400580447,0.));
#3185 = DEFINITIONAL_REPRESENTATION('',(#3186),#3189);
#3186 = B_SPLINE_CURVE_WITH_KNOTS('',1,(#3187,#3188),.UNSPECIFIED.,.F.,
  .F.,(2,2),(3.,4.),.PIECEWISE_BEZIER_KNOTS.);
#3187 = CARTESIAN_POINT('',(1.915248757855,-0.319095903348));
#3188 = CARTESIAN_POINT('',(8.266257464553,-13.90823452238));
#3189 = ( GEOMETRIC_REPRESENTATION_CONTEXT(2) 
PARAMETRIC_REPRESENTATION_CONTEXT() REPRESENTATION_CONTEXT('2D SPACE',''
  ) );
#3190 = ORIENTED_EDGE('',*,*,#3191,.T.);
#3191 = EDGE_CURVE('',#3166,#3082,#3192,.T.);
#3192 = SURFACE_CURVE('',#3193,(#3197,#3204),.PCURVE_S1.);
#3193 = B_SPLINE_CURVE_WITH_KNOTS('',2,(#3194,#3195,#3196),
  .UNSPECIFIED.,.F.,.F.,(3,3),(0.,1.),.PIECEWISE_BEZIER_KNOTS.);
#3194 = CARTESIAN_POINT('',(-17.025,-7.5,0.));
#3195 = CARTESIAN_POINT('',(-16.55,-7.025,2.25));
#3196 = CARTESIAN_POINT('',(-14.775,-5.25,5.5));
#3197 = PCURVE('',#2211,#3198);
#3198 = DEFINITIONAL_REPRESENTATION('',(#3199),#3203);
#3199 = LINE('',#3200,#3201);
#3200 = CARTESIAN_POINT('',(4.,0.));
#3201 = VECTOR('',#3202,1.);
#3202 = DIRECTION('',(0.,1.));
#3203 = ( GEOMETRIC_REPRESENTATION_CONTEXT(2) 
PARAMETRIC_REPRESENTATION_CONTEXT() REPRESENTATION_CONTEXT('2D SPACE',''
  ) );
#3204 = PCURVE('',#2834,#3205);
#3205 = DEFINITIONAL_REPRESENTATION('',(#3206),#3210);
#3206 = LINE('',#3207,#3208);
#3207 = CARTESIAN_POINT('',(0.,0.));
#3208 = VECTOR('',#3209,1.);
#3209 = DIRECTION('',(0.,1.));
#3210 = ( GEOMETRIC_REPRESENTATION_CONTEXT(2) 
PARAMETRIC_REPRESENTATION_CONTEXT() REPRESENTATION_CONTEXT('2D SPACE',''
  ) );
#3211 = ORIENTED_EDGE('',*,*,#3102,.F.);
#3212 = ORIENTED_EDGE('',*,*,#2193,.F.);
#3213 = ORIENTED_EDGE('',*,*,#2232,.T.);
#3214 = ORIENTED_EDGE('',*,*,#2287,.T.);
#3215 = ORIENTED_EDGE('',*,*,#2340,.F.);
#3216 = ADVANCED_FACE('',(#3217),#2375,.F.);
#3217 = FACE_BOUND('',#3218,.F.);
#3218 = EDGE_LOOP('',(#3219,#3251,#3270,#3271,#3272,#3273,#3274,#3275,
    #3276,#3305,#3330,#3364,#3390,#3424,#3449,#3483));
#3219 = ORIENTED_EDGE('',*,*,#3220,.F.);
#3220 = EDGE_CURVE('',#3221,#3223,#3225,.T.);
#3221 = VERTEX_POINT('',#3222);
#3222 = CARTESIAN_POINT('',(17.025,7.5,0.));
#3223 = VERTEX_POINT('',#3224);
#3224 = CARTESIAN_POINT('',(14.775,5.25,5.5));
#3225 = SURFACE_CURVE('',#3226,(#3230,#3237),.PCURVE_S1.);
#3226 = B_SPLINE_CURVE_WITH_KNOTS('',2,(#3227,#3228,#3229),
  .UNSPECIFIED.,.F.,.F.,(3,3),(0.,1.),.PIECEWISE_BEZIER_KNOTS.);
#3227 = CARTESIAN_POINT('',(17.025,7.5,0.));
#3228 = CARTESIAN_POINT('',(16.55,7.025,2.25));
#3229 = CARTESIAN_POINT('',(14.775,5.25,5.5));
#3230 = PCURVE('',#2375,#3231);
#3231 = DEFINITIONAL_REPRESENTATION('',(#3232),#3236);
#3232 = LINE('',#3233,#3234);
#3233 = CARTESIAN_POINT('',(2.,0.));
#3234 = VECTOR('',#3235,1.);
#3235 = DIRECTION('',(0.,1.));
#3236 = ( GEOMETRIC_REPRESENTATION_CONTEXT(2) 
PARAMETRIC_REPRESENTATION_CONTEXT() REPRESENTATION_CONTEXT('2D SPACE',''
  ) );
#3237 = PCURVE('',#3238,#3245);
#3238 = B_SPLINE_SURFACE_WITH_KNOTS('',1,2,(
    (#3239,#3240,#3241)
    ,(#3242,#3243,#3244
  )),.UNSPECIFIED.,.F.,.F.,.F.,(2,2),(3,3),(1.,2.),(0.,1.),
  .PIECEWISE_BEZIER_KNOTS.);
#3239 = CARTESIAN_POINT('',(17.025,-7.5,0.));
#3240 = CARTESIAN_POINT('',(16.55,-7.025,2.25));
#3241 = CARTESIAN_POINT('',(14.775,-5.25,5.5));
#3242 = CARTESIAN_POINT('',(17.025,7.5,0.));
#3243 = CARTESIAN_POINT('',(16.55,7.025,2.25));
#3244 = CARTESIAN_POINT('',(14.775,5.25,5.5));
#3245 = DEFINITIONAL_REPRESENTATION('',(#3246),#3250);
#3246 = LINE('',#3247,#3248);
#3247 = CARTESIAN_POINT('',(2.,0.));
#3248 = VECTOR('',#3249,1.);
#3249 = DIRECTION('',(0.,1.));
#3250 = ( GEOMETRIC_REPRESENTATION_CONTEXT(2) 
PARAMETRIC_REPRESENTATION_CONTEXT() REPRESENTATION_CONTEXT('2D SPACE',''
  ) );
#3251 = ORIENTED_EDGE('',*,*,#3252,.T.);
#3252 = EDGE_CURVE('',#3221,#3143,#3253,.T.);
#3253 = SURFACE_CURVE('',#3254,(#3257,#3264),.PCURVE_S1.);
#3254 = B_SPLINE_CURVE_WITH_KNOTS('',1,(#3255,#3256),.UNSPECIFIED.,.F.,
  .F.,(2,2),(2.,3.),.PIECEWISE_BEZIER_KNOTS.);
#3255 = CARTESIAN_POINT('',(17.025,7.5,0.));
#3256 = CARTESIAN_POINT('',(-17.025,7.5,0.));
#3257 = PCURVE('',#2375,#3258);
#3258 = DEFINITIONAL_REPRESENTATION('',(#3259),#3263);
#3259 = LINE('',#3260,#3261);
#3260 = CARTESIAN_POINT('',(0.,0.));
#3261 = VECTOR('',#3262,1.);
#3262 = DIRECTION('',(1.,0.));
#3263 = ( GEOMETRIC_REPRESENTATION_CONTEXT(2) 
PARAMETRIC_REPRESENTATION_CONTEXT() REPRESENTATION_CONTEXT('2D SPACE',''
  ) );
#3264 = PCURVE('',#3180,#3265);
#3265 = DEFINITIONAL_REPRESENTATION('',(#3266),#3269);
#3266 = B_SPLINE_CURVE_WITH_KNOTS('',1,(#3267,#3268),.UNSPECIFIED.,.F.,
  .F.,(2,2),(2.,3.),.PIECEWISE_BEZIER_KNOTS.);
#3267 = CARTESIAN_POINT('',(32.762593423073,14.097693860856));
#3268 = CARTESIAN_POINT('',(1.915248757855,-0.319095903348));
#3269 = ( GEOMETRIC_REPRESENTATION_CONTEXT(2) 
PARAMETRIC_REPRESENTATION_CONTEXT() REPRESENTATION_CONTEXT('2D SPACE',''
  ) );
#3270 = ORIENTED_EDGE('',*,*,#3142,.T.);
#3271 = ORIENTED_EDGE('',*,*,#2361,.F.);
#3272 = ORIENTED_EDGE('',*,*,#2438,.F.);
#3273 = ORIENTED_EDGE('',*,*,#2493,.T.);
#3274 = ORIENTED_EDGE('',*,*,#2516,.T.);
#3275 = ORIENTED_EDGE('',*,*,#2570,.F.);
#3276 = ORIENTED_EDGE('',*,*,#3277,.F.);
#3277 = EDGE_CURVE('',#3278,#2571,#3280,.T.);
#3278 = VERTEX_POINT('',#3279);
#3279 = CARTESIAN_POINT('',(-0.4,5.777413174145,4.5));
#3280 = SURFACE_CURVE('',#3281,(#3287,#3296),.PCURVE_S1.);
#3281 = B_SPLINE_CURVE_WITH_KNOTS('',4,(#3282,#3283,#3284,#3285,#3286),
  .UNSPECIFIED.,.F.,.F.,(5,5),(0.,1.),.PIECEWISE_BEZIER_KNOTS.);
#3282 = CARTESIAN_POINT('',(-0.4,5.777413174145,4.5));
#3283 = CARTESIAN_POINT('',(-0.4,5.649537907017,4.751863301714));
#3284 = CARTESIAN_POINT('',(-0.4,5.518817215642,5.002430988146));
#3285 = CARTESIAN_POINT('',(-0.4,5.385562946252,5.251786154749));
#3286 = CARTESIAN_POINT('',(-0.4,5.25,5.5));
#3287 = PCURVE('',#2375,#3288);
#3288 = DEFINITIONAL_REPRESENTATION('',(#3289),#3295);
#3289 = B_SPLINE_CURVE_WITH_KNOTS('',4,(#3290,#3291,#3292,#3293,#3294),
  .UNSPECIFIED.,.F.,.F.,(5,5),(0.,1.),.PIECEWISE_BEZIER_KNOTS.);
#3290 = CARTESIAN_POINT('',(2.513069834272,0.842329183508));
#3291 = CARTESIAN_POINT('',(2.513179052898,0.883053066182));
#3292 = CARTESIAN_POINT('',(2.513293135387,0.922852596086));
#3293 = CARTESIAN_POINT('',(2.513412180614,0.961813254577));
#3294 = CARTESIAN_POINT('',(2.513536379019,1.));
#3295 = ( GEOMETRIC_REPRESENTATION_CONTEXT(2) 
PARAMETRIC_REPRESENTATION_CONTEXT() REPRESENTATION_CONTEXT('2D SPACE',''
  ) );
#3296 = PCURVE('',#2607,#3297);
#3297 = DEFINITIONAL_REPRESENTATION('',(#3298),#3304);
#3298 = B_SPLINE_CURVE_WITH_KNOTS('',4,(#3299,#3300,#3301,#3302,#3303),
  .UNSPECIFIED.,.F.,.F.,(5,5),(0.,1.),.PIECEWISE_BEZIER_KNOTS.);
#3299 = CARTESIAN_POINT('',(12.377413174145,0.));
#3300 = CARTESIAN_POINT('',(12.249537907017,-0.251863301714));
#3301 = CARTESIAN_POINT('',(12.118817215642,-0.502430988146));
#3302 = CARTESIAN_POINT('',(11.985562946252,-0.751786154749));
#3303 = CARTESIAN_POINT('',(11.85,-1.));
#3304 = ( GEOMETRIC_REPRESENTATION_CONTEXT(2) 
PARAMETRIC_REPRESENTATION_CONTEXT() REPRESENTATION_CONTEXT('2D SPACE',''
  ) );
#3305 = ORIENTED_EDGE('',*,*,#3306,.T.);
#3306 = EDGE_CURVE('',#3278,#3307,#3309,.T.);
#3307 = VERTEX_POINT('',#3308);
#3308 = CARTESIAN_POINT('',(0.4,5.777413174145,4.5));
#3309 = SURFACE_CURVE('',#3310,(#3313,#3319),.PCURVE_S1.);
#3310 = B_SPLINE_CURVE_WITH_KNOTS('',1,(#3311,#3312),.UNSPECIFIED.,.F.,
  .F.,(2,2),(0.,1.),.PIECEWISE_BEZIER_KNOTS.);
#3311 = CARTESIAN_POINT('',(-0.4,5.777413174145,4.5));
#3312 = CARTESIAN_POINT('',(0.4,5.777413174145,4.5));
#3313 = PCURVE('',#2375,#3314);
#3314 = DEFINITIONAL_REPRESENTATION('',(#3315),#3318);
#3315 = B_SPLINE_CURVE_WITH_KNOTS('',1,(#3316,#3317),.UNSPECIFIED.,.F.,
  .F.,(2,2),(0.,1.),.PIECEWISE_BEZIER_KNOTS.);
#3316 = CARTESIAN_POINT('',(2.513069834001,0.842329219213));
#3317 = CARTESIAN_POINT('',(2.486930165999,0.842329219213));
#3318 = ( GEOMETRIC_REPRESENTATION_CONTEXT(2) 
PARAMETRIC_REPRESENTATION_CONTEXT() REPRESENTATION_CONTEXT('2D SPACE',''
  ) );
#3319 = PCURVE('',#3320,#3325);
#3320 = PLANE('',#3321);
#3321 = AXIS2_PLACEMENT_3D('',#3322,#3323,#3324);
#3322 = CARTESIAN_POINT('',(0.,0.,4.5));
#3323 = DIRECTION('',(-0.,-0.,-1.));
#3324 = DIRECTION('',(-1.,0.,0.));
#3325 = DEFINITIONAL_REPRESENTATION('',(#3326),#3329);
#3326 = B_SPLINE_CURVE_WITH_KNOTS('',1,(#3327,#3328),.UNSPECIFIED.,.F.,
  .F.,(2,2),(0.,1.),.PIECEWISE_BEZIER_KNOTS.);
#3327 = CARTESIAN_POINT('',(0.4,5.777413174145));
#3328 = CARTESIAN_POINT('',(-0.4,5.777413174145));
#3329 = ( GEOMETRIC_REPRESENTATION_CONTEXT(2) 
PARAMETRIC_REPRESENTATION_CONTEXT() REPRESENTATION_CONTEXT('2D SPACE',''
  ) );
#3330 = ORIENTED_EDGE('',*,*,#3331,.T.);
#3331 = EDGE_CURVE('',#3307,#3332,#3334,.T.);
#3332 = VERTEX_POINT('',#3333);
#3333 = CARTESIAN_POINT('',(0.4,5.25,5.5));
#3334 = SURFACE_CURVE('',#3335,(#3341,#3350),.PCURVE_S1.);
#3335 = B_SPLINE_CURVE_WITH_KNOTS('',4,(#3336,#3337,#3338,#3339,#3340),
  .UNSPECIFIED.,.F.,.F.,(5,5),(0.,1.),.PIECEWISE_BEZIER_KNOTS.);
#3336 = CARTESIAN_POINT('',(0.4,5.777413174145,4.5));
#3337 = CARTESIAN_POINT('',(0.4,5.649537907017,4.751863301714));
#3338 = CARTESIAN_POINT('',(0.4,5.518817215642,5.002430988146));
#3339 = CARTESIAN_POINT('',(0.4,5.385562946252,5.251786154749));
#3340 = CARTESIAN_POINT('',(0.4,5.25,5.5));
#3341 = PCURVE('',#2375,#3342);
#3342 = DEFINITIONAL_REPRESENTATION('',(#3343),#3349);
#3343 = B_SPLINE_CURVE_WITH_KNOTS('',4,(#3344,#3345,#3346,#3347,#3348),
  .UNSPECIFIED.,.F.,.F.,(5,5),(0.,1.),.PIECEWISE_BEZIER_KNOTS.);
#3344 = CARTESIAN_POINT('',(2.486930165728,0.842329183508));
#3345 = CARTESIAN_POINT('',(2.486820947102,0.883053066182));
#3346 = CARTESIAN_POINT('',(2.486706864613,0.922852596086));
#3347 = CARTESIAN_POINT('',(2.486587819386,0.961813254577));
#3348 = CARTESIAN_POINT('',(2.486463620981,1.));
#3349 = ( GEOMETRIC_REPRESENTATION_CONTEXT(2) 
PARAMETRIC_REPRESENTATION_CONTEXT() REPRESENTATION_CONTEXT('2D SPACE',''
  ) );
#3350 = PCURVE('',#3351,#3356);
#3351 = PLANE('',#3352);
#3352 = AXIS2_PLACEMENT_3D('',#3353,#3354,#3355);
#3353 = CARTESIAN_POINT('',(0.4,6.6,4.5));
#3354 = DIRECTION('',(1.,-0.,0.));
#3355 = DIRECTION('',(0.,-1.,0.));
#3356 = DEFINITIONAL_REPRESENTATION('',(#3357),#3363);
#3357 = B_SPLINE_CURVE_WITH_KNOTS('',4,(#3358,#3359,#3360,#3361,#3362),
  .UNSPECIFIED.,.F.,.F.,(5,5),(0.,1.),.PIECEWISE_BEZIER_KNOTS.);
#3358 = CARTESIAN_POINT('',(0.822586825855,0.));
#3359 = CARTESIAN_POINT('',(0.950462092983,-0.251863301714));
#3360 = CARTESIAN_POINT('',(1.081182784358,-0.502430988146));
#3361 = CARTESIAN_POINT('',(1.214437053748,-0.751786154749));
#3362 = CARTESIAN_POINT('',(1.35,-1.));
#3363 = ( GEOMETRIC_REPRESENTATION_CONTEXT(2) 
PARAMETRIC_REPRESENTATION_CONTEXT() REPRESENTATION_CONTEXT('2D SPACE',''
  ) );
#3364 = ORIENTED_EDGE('',*,*,#3365,.F.);
#3365 = EDGE_CURVE('',#3366,#3332,#3368,.T.);
#3366 = VERTEX_POINT('',#3367);
#3367 = CARTESIAN_POINT('',(11.50625,5.25,5.5));
#3368 = SURFACE_CURVE('',#3369,(#3372,#3379),.PCURVE_S1.);
#3369 = B_SPLINE_CURVE_WITH_KNOTS('',1,(#3370,#3371),.UNSPECIFIED.,.F.,
  .F.,(2,2),(2.,3.),.PIECEWISE_BEZIER_KNOTS.);
#3370 = CARTESIAN_POINT('',(14.775,5.25,5.5));
#3371 = CARTESIAN_POINT('',(-14.775,5.25,5.5));
#3372 = PCURVE('',#2375,#3373);
#3373 = DEFINITIONAL_REPRESENTATION('',(#3374),#3378);
#3374 = LINE('',#3375,#3376);
#3375 = CARTESIAN_POINT('',(0.,1.));
#3376 = VECTOR('',#3377,1.);
#3377 = DIRECTION('',(1.,0.));
#3378 = ( GEOMETRIC_REPRESENTATION_CONTEXT(2) 
PARAMETRIC_REPRESENTATION_CONTEXT() REPRESENTATION_CONTEXT('2D SPACE',''
  ) );
#3379 = PCURVE('',#3380,#3385);
#3380 = PLANE('',#3381);
#3381 = AXIS2_PLACEMENT_3D('',#3382,#3383,#3384);
#3382 = CARTESIAN_POINT('',(-14.775,-5.25,5.5));
#3383 = DIRECTION('',(0.,0.,-1.));
#3384 = DIRECTION('',(0.942281773964,0.334820934911,0.));
#3385 = DEFINITIONAL_REPRESENTATION('',(#3386),#3389);
#3386 = B_SPLINE_CURVE_WITH_KNOTS('',1,(#3387,#3388),.UNSPECIFIED.,.F.,
  .F.,(2,2),(2.,3.),.PIECEWISE_BEZIER_KNOTS.);
#3387 = CARTESIAN_POINT('',(31.360046237211,9.623251066494E-16));
#3388 = CARTESIAN_POINT('',(3.515619816567,-9.893958626625));
#3389 = ( GEOMETRIC_REPRESENTATION_CONTEXT(2) 
PARAMETRIC_REPRESENTATION_CONTEXT() REPRESENTATION_CONTEXT('2D SPACE',''
  ) );
#3390 = ORIENTED_EDGE('',*,*,#3391,.F.);
#3391 = EDGE_CURVE('',#3392,#3366,#3394,.T.);
#3392 = VERTEX_POINT('',#3393);
#3393 = CARTESIAN_POINT('',(11.50625,5.777413174145,4.5));
#3394 = SURFACE_CURVE('',#3395,(#3401,#3410),.PCURVE_S1.);
#3395 = B_SPLINE_CURVE_WITH_KNOTS('',4,(#3396,#3397,#3398,#3399,#3400),
  .UNSPECIFIED.,.F.,.F.,(5,5),(0.,1.),.PIECEWISE_BEZIER_KNOTS.);
#3396 = CARTESIAN_POINT('',(11.50625,5.777413174145,4.5));
#3397 = CARTESIAN_POINT('',(11.50625,5.649536807088,4.751865463598));
#3398 = CARTESIAN_POINT('',(11.50625,5.518815655386,5.002433946673));
#3399 = CARTESIAN_POINT('',(11.50625,5.385561706512,5.251788424696));
#3400 = CARTESIAN_POINT('',(11.50625,5.25,5.5));
#3401 = PCURVE('',#2375,#3402);
#3402 = DEFINITIONAL_REPRESENTATION('',(#3403),#3409);
#3403 = B_SPLINE_CURVE_WITH_KNOTS('',4,(#3404,#3405,#3406,#3407,#3408),
  .UNSPECIFIED.,.F.,.F.,(5,5),(0.,1.),.PIECEWISE_BEZIER_KNOTS.);
#3404 = CARTESIAN_POINT('',(2.124038056316,0.842329219213));
#3405 = CARTESIAN_POINT('',(2.120896287305,0.883053450972));
#3406 = CARTESIAN_POINT('',(2.117614603002,0.922853017563));
#3407 = CARTESIAN_POINT('',(2.11419020934,0.961813603799));
#3408 = CARTESIAN_POINT('',(2.110617597293,1.));
#3409 = ( GEOMETRIC_REPRESENTATION_CONTEXT(2) 
PARAMETRIC_REPRESENTATION_CONTEXT() REPRESENTATION_CONTEXT('2D SPACE',''
  ) );
#3410 = PCURVE('',#3411,#3416);
#3411 = PLANE('',#3412);
#3412 = AXIS2_PLACEMENT_3D('',#3413,#3414,#3415);
#3413 = CARTESIAN_POINT('',(11.50625,-6.6,4.5));
#3414 = DIRECTION('',(-1.,0.,0.));
#3415 = DIRECTION('',(0.,1.,0.));
#3416 = DEFINITIONAL_REPRESENTATION('',(#3417),#3423);
#3417 = B_SPLINE_CURVE_WITH_KNOTS('',4,(#3418,#3419,#3420,#3421,#3422),
  .UNSPECIFIED.,.F.,.F.,(5,5),(0.,1.),.PIECEWISE_BEZIER_KNOTS.);
#3418 = CARTESIAN_POINT('',(12.377413174145,0.));
#3419 = CARTESIAN_POINT('',(12.249536807088,-0.251865463598));
#3420 = CARTESIAN_POINT('',(12.118815655386,-0.502433946673));
#3421 = CARTESIAN_POINT('',(11.985561706512,-0.751788424696));
#3422 = CARTESIAN_POINT('',(11.85,-1.));
#3423 = ( GEOMETRIC_REPRESENTATION_CONTEXT(2) 
PARAMETRIC_REPRESENTATION_CONTEXT() REPRESENTATION_CONTEXT('2D SPACE',''
  ) );
#3424 = ORIENTED_EDGE('',*,*,#3425,.T.);
#3425 = EDGE_CURVE('',#3392,#3426,#3428,.T.);
#3426 = VERTEX_POINT('',#3427);
#3427 = CARTESIAN_POINT('',(12.30625,5.777413174145,4.5));
#3428 = SURFACE_CURVE('',#3429,(#3432,#3438),.PCURVE_S1.);
#3429 = B_SPLINE_CURVE_WITH_KNOTS('',1,(#3430,#3431),.UNSPECIFIED.,.F.,
  .F.,(2,2),(0.,1.),.PIECEWISE_BEZIER_KNOTS.);
#3430 = CARTESIAN_POINT('',(11.50625,5.777413174145,4.5));
#3431 = CARTESIAN_POINT('',(12.30625,5.777413174145,4.5));
#3432 = PCURVE('',#2375,#3433);
#3433 = DEFINITIONAL_REPRESENTATION('',(#3434),#3437);
#3434 = B_SPLINE_CURVE_WITH_KNOTS('',1,(#3435,#3436),.UNSPECIFIED.,.F.,
  .F.,(2,2),(0.,1.),.PIECEWISE_BEZIER_KNOTS.);
#3435 = CARTESIAN_POINT('',(2.124038056316,0.842329219213));
#3436 = CARTESIAN_POINT('',(2.097898388315,0.842329219213));
#3437 = ( GEOMETRIC_REPRESENTATION_CONTEXT(2) 
PARAMETRIC_REPRESENTATION_CONTEXT() REPRESENTATION_CONTEXT('2D SPACE',''
  ) );
#3438 = PCURVE('',#3439,#3444);
#3439 = PLANE('',#3440);
#3440 = AXIS2_PLACEMENT_3D('',#3441,#3442,#3443);
#3441 = CARTESIAN_POINT('',(0.,0.,4.5));
#3442 = DIRECTION('',(-0.,-0.,-1.));
#3443 = DIRECTION('',(-1.,0.,0.));
#3444 = DEFINITIONAL_REPRESENTATION('',(#3445),#3448);
#3445 = B_SPLINE_CURVE_WITH_KNOTS('',1,(#3446,#3447),.UNSPECIFIED.,.F.,
  .F.,(2,2),(0.,1.),.PIECEWISE_BEZIER_KNOTS.);
#3446 = CARTESIAN_POINT('',(-11.50625,5.777413174145));
#3447 = CARTESIAN_POINT('',(-12.30625,5.777413174145));
#3448 = ( GEOMETRIC_REPRESENTATION_CONTEXT(2) 
PARAMETRIC_REPRESENTATION_CONTEXT() REPRESENTATION_CONTEXT('2D SPACE',''
  ) );
#3449 = ORIENTED_EDGE('',*,*,#3450,.T.);
#3450 = EDGE_CURVE('',#3426,#3451,#3453,.T.);
#3451 = VERTEX_POINT('',#3452);
#3452 = CARTESIAN_POINT('',(12.30625,5.25,5.5));
#3453 = SURFACE_CURVE('',#3454,(#3460,#3469),.PCURVE_S1.);
#3454 = B_SPLINE_CURVE_WITH_KNOTS('',4,(#3455,#3456,#3457,#3458,#3459),
  .UNSPECIFIED.,.F.,.F.,(5,5),(0.,1.),.PIECEWISE_BEZIER_KNOTS.);
#3455 = CARTESIAN_POINT('',(12.30625,5.777413174145,4.5));
#3456 = CARTESIAN_POINT('',(12.30625,5.649536648792,4.751865775377));
#3457 = CARTESIAN_POINT('',(12.30625,5.518815431105,5.002434371403));
#3458 = CARTESIAN_POINT('',(12.30625,5.385561527966,5.251788751611));
#3459 = CARTESIAN_POINT('',(12.30625,5.25,5.5));
#3460 = PCURVE('',#2375,#3461);
#3461 = DEFINITIONAL_REPRESENTATION('',(#3462),#3468);
#3462 = B_SPLINE_CURVE_WITH_KNOTS('',4,(#3463,#3464,#3465,#3466,#3467),
  .UNSPECIFIED.,.F.,.F.,(5,5),(0.,1.),.PIECEWISE_BEZIER_KNOTS.);
#3463 = CARTESIAN_POINT('',(2.097898388315,0.842329219213));
#3464 = CARTESIAN_POINT('',(2.094538176016,0.883053501384));
#3465 = CARTESIAN_POINT('',(2.091028322718,0.922853084475));
#3466 = CARTESIAN_POINT('',(2.087365840807,0.961813654094));
#3467 = CARTESIAN_POINT('',(2.083544839255,1.));
#3468 = ( GEOMETRIC_REPRESENTATION_CONTEXT(2) 
PARAMETRIC_REPRESENTATION_CONTEXT() REPRESENTATION_CONTEXT('2D SPACE',''
  ) );
#3469 = PCURVE('',#3470,#3475);
#3470 = PLANE('',#3471);
#3471 = AXIS2_PLACEMENT_3D('',#3472,#3473,#3474);
#3472 = CARTESIAN_POINT('',(12.30625,6.6,4.5));
#3473 = DIRECTION('',(1.,-0.,0.));
#3474 = DIRECTION('',(0.,-1.,0.));
#3475 = DEFINITIONAL_REPRESENTATION('',(#3476),#3482);
#3476 = B_SPLINE_CURVE_WITH_KNOTS('',4,(#3477,#3478,#3479,#3480,#3481),
  .UNSPECIFIED.,.F.,.F.,(5,5),(0.,1.),.PIECEWISE_BEZIER_KNOTS.);
#3477 = CARTESIAN_POINT('',(0.822586825855,0.));
#3478 = CARTESIAN_POINT('',(0.950463351208,-0.251865775377));
#3479 = CARTESIAN_POINT('',(1.081184568895,-0.502434371403));
#3480 = CARTESIAN_POINT('',(1.214438472034,-0.751788751611));
#3481 = CARTESIAN_POINT('',(1.35,-1.));
#3482 = ( GEOMETRIC_REPRESENTATION_CONTEXT(2) 
PARAMETRIC_REPRESENTATION_CONTEXT() REPRESENTATION_CONTEXT('2D SPACE',''
  ) );
#3483 = ORIENTED_EDGE('',*,*,#3484,.F.);
#3484 = EDGE_CURVE('',#3223,#3451,#3485,.T.);
#3485 = SURFACE_CURVE('',#3486,(#3489,#3496),.PCURVE_S1.);
#3486 = B_SPLINE_CURVE_WITH_KNOTS('',1,(#3487,#3488),.UNSPECIFIED.,.F.,
  .F.,(2,2),(2.,3.),.PIECEWISE_BEZIER_KNOTS.);
#3487 = CARTESIAN_POINT('',(14.775,5.25,5.5));
#3488 = CARTESIAN_POINT('',(-14.775,5.25,5.5));
#3489 = PCURVE('',#2375,#3490);
#3490 = DEFINITIONAL_REPRESENTATION('',(#3491),#3495);
#3491 = LINE('',#3492,#3493);
#3492 = CARTESIAN_POINT('',(0.,1.));
#3493 = VECTOR('',#3494,1.);
#3494 = DIRECTION('',(1.,0.));
#3495 = ( GEOMETRIC_REPRESENTATION_CONTEXT(2) 
PARAMETRIC_REPRESENTATION_CONTEXT() REPRESENTATION_CONTEXT('2D SPACE',''
  ) );
#3496 = PCURVE('',#3497,#3502);
#3497 = PLANE('',#3498);
#3498 = AXIS2_PLACEMENT_3D('',#3499,#3500,#3501);
#3499 = CARTESIAN_POINT('',(-14.775,-5.25,5.5));
#3500 = DIRECTION('',(0.,0.,-1.));
#3501 = DIRECTION('',(0.942281773964,0.334820934911,0.));
#3502 = DEFINITIONAL_REPRESENTATION('',(#3503),#3506);
#3503 = B_SPLINE_CURVE_WITH_KNOTS('',1,(#3504,#3505),.UNSPECIFIED.,.F.,
  .F.,(2,2),(2.,3.),.PIECEWISE_BEZIER_KNOTS.);
#3504 = CARTESIAN_POINT('',(31.360046237211,9.623251066494E-16));
#3505 = CARTESIAN_POINT('',(3.515619816567,-9.893958626625));
#3506 = ( GEOMETRIC_REPRESENTATION_CONTEXT(2) 
PARAMETRIC_REPRESENTATION_CONTEXT() REPRESENTATION_CONTEXT('2D SPACE',''
  ) );
#3507 = ADVANCED_FACE('',(#3508),#2639,.T.);
#3508 = FACE_BOUND('',#3509,.T.);
#3509 = EDGE_LOOP('',(#3510,#3511,#3512,#3513,#3514,#3535,#3559,#3580,
    #3608,#3634,#3663,#3686,#3717,#3718,#3742,#3768,#3801,#3827,#3856,
    #3875));
#3510 = ORIENTED_EDGE('',*,*,#2773,.T.);
#3511 = ORIENTED_EDGE('',*,*,#2747,.T.);
#3512 = ORIENTED_EDGE('',*,*,#2699,.F.);
#3513 = ORIENTED_EDGE('',*,*,#2618,.F.);
#3514 = ORIENTED_EDGE('',*,*,#3515,.T.);
#3515 = EDGE_CURVE('',#2592,#3516,#3518,.T.);
#3516 = VERTEX_POINT('',#3517);
#3517 = CARTESIAN_POINT('',(-0.4,2.720753572083,4.5));
#3518 = SURFACE_CURVE('',#3519,(#3523,#3529),.PCURVE_S1.);
#3519 = LINE('',#3520,#3521);
#3520 = CARTESIAN_POINT('',(-0.4,2.720753572083,4.5));
#3521 = VECTOR('',#3522,1.);
#3522 = DIRECTION('',(0.,0.,-1.));
#3523 = PCURVE('',#2639,#3524);
#3524 = DEFINITIONAL_REPRESENTATION('',(#3525),#3528);
#3525 = B_SPLINE_CURVE_WITH_KNOTS('',1,(#3526,#3527),.UNSPECIFIED.,.F.,
  .F.,(2,2),(-1.0000006,5.999999999062E-07),.PIECEWISE_BEZIER_KNOTS.);
#3526 = CARTESIAN_POINT('',(4.56641659184,-1.0000006));
#3527 = CARTESIAN_POINT('',(4.56641659184,5.999999999062E-07));
#3528 = ( GEOMETRIC_REPRESENTATION_CONTEXT(2) 
PARAMETRIC_REPRESENTATION_CONTEXT() REPRESENTATION_CONTEXT('2D SPACE',''
  ) );
#3529 = PCURVE('',#2607,#3530);
#3530 = DEFINITIONAL_REPRESENTATION('',(#3531),#3534);
#3531 = B_SPLINE_CURVE_WITH_KNOTS('',1,(#3532,#3533),.UNSPECIFIED.,.F.,
  .F.,(2,2),(-1.0000006,5.999999999062E-07),.PIECEWISE_BEZIER_KNOTS.);
#3532 = CARTESIAN_POINT('',(9.320753572083,-1.0000006));
#3533 = CARTESIAN_POINT('',(9.320753572083,5.999999999062E-07));
#3534 = ( GEOMETRIC_REPRESENTATION_CONTEXT(2) 
PARAMETRIC_REPRESENTATION_CONTEXT() REPRESENTATION_CONTEXT('2D SPACE',''
  ) );
#3535 = ORIENTED_EDGE('',*,*,#3536,.T.);
#3536 = EDGE_CURVE('',#3516,#3537,#3539,.T.);
#3537 = VERTEX_POINT('',#3538);
#3538 = CARTESIAN_POINT('',(0.4,2.720753572083,4.5));
#3539 = SURFACE_CURVE('',#3540,(#3545,#3552),.PCURVE_S1.);
#3540 = CIRCLE('',#3541,2.75);
#3541 = AXIS2_PLACEMENT_3D('',#3542,#3543,#3544);
#3542 = CARTESIAN_POINT('',(0.,0.,4.5));
#3543 = DIRECTION('',(0.,0.,-1.));
#3544 = DIRECTION('',(1.,0.,0.));
#3545 = PCURVE('',#2639,#3546);
#3546 = DEFINITIONAL_REPRESENTATION('',(#3547),#3551);
#3547 = LINE('',#3548,#3549);
#3548 = CARTESIAN_POINT('',(0.,0.));
#3549 = VECTOR('',#3550,1.);
#3550 = DIRECTION('',(1.,0.));
#3551 = ( GEOMETRIC_REPRESENTATION_CONTEXT(2) 
PARAMETRIC_REPRESENTATION_CONTEXT() REPRESENTATION_CONTEXT('2D SPACE',''
  ) );
#3552 = PCURVE('',#3320,#3553);
#3553 = DEFINITIONAL_REPRESENTATION('',(#3554),#3558);
#3554 = CIRCLE('',#3555,2.75);
#3555 = AXIS2_PLACEMENT_2D('',#3556,#3557);
#3556 = CARTESIAN_POINT('',(0.,0.));
#3557 = DIRECTION('',(-1.,0.));
#3558 = ( GEOMETRIC_REPRESENTATION_CONTEXT(2) 
PARAMETRIC_REPRESENTATION_CONTEXT() REPRESENTATION_CONTEXT('2D SPACE',''
  ) );
#3559 = ORIENTED_EDGE('',*,*,#3560,.F.);
#3560 = EDGE_CURVE('',#3561,#3537,#3563,.T.);
#3561 = VERTEX_POINT('',#3562);
#3562 = CARTESIAN_POINT('',(0.4,2.720753572083,5.5));
#3563 = SURFACE_CURVE('',#3564,(#3568,#3574),.PCURVE_S1.);
#3564 = LINE('',#3565,#3566);
#3565 = CARTESIAN_POINT('',(0.4,2.720753572083,4.5));
#3566 = VECTOR('',#3567,1.);
#3567 = DIRECTION('',(0.,0.,-1.));
#3568 = PCURVE('',#2639,#3569);
#3569 = DEFINITIONAL_REPRESENTATION('',(#3570),#3573);
#3570 = B_SPLINE_CURVE_WITH_KNOTS('',1,(#3571,#3572),.UNSPECIFIED.,.F.,
  .F.,(2,2),(-1.0000006,5.999999999062E-07),.PIECEWISE_BEZIER_KNOTS.);
#3571 = CARTESIAN_POINT('',(4.858361368929,-1.0000006));
#3572 = CARTESIAN_POINT('',(4.858361368929,5.999999999062E-07));
#3573 = ( GEOMETRIC_REPRESENTATION_CONTEXT(2) 
PARAMETRIC_REPRESENTATION_CONTEXT() REPRESENTATION_CONTEXT('2D SPACE',''
  ) );
#3574 = PCURVE('',#3351,#3575);
#3575 = DEFINITIONAL_REPRESENTATION('',(#3576),#3579);
#3576 = B_SPLINE_CURVE_WITH_KNOTS('',1,(#3577,#3578),.UNSPECIFIED.,.F.,
  .F.,(2,2),(-1.0000006,5.999999999062E-07),.PIECEWISE_BEZIER_KNOTS.);
#3577 = CARTESIAN_POINT('',(3.879246427917,-1.0000006));
#3578 = CARTESIAN_POINT('',(3.879246427917,5.999999999062E-07));
#3579 = ( GEOMETRIC_REPRESENTATION_CONTEXT(2) 
PARAMETRIC_REPRESENTATION_CONTEXT() REPRESENTATION_CONTEXT('2D SPACE',''
  ) );
#3580 = ORIENTED_EDGE('',*,*,#3581,.F.);
#3581 = EDGE_CURVE('',#3582,#3561,#3584,.T.);
#3582 = VERTEX_POINT('',#3583);
#3583 = CARTESIAN_POINT('',(2.720753572083,0.4,5.5));
#3584 = SURFACE_CURVE('',#3585,(#3590,#3597),.PCURVE_S1.);
#3585 = CIRCLE('',#3586,2.75);
#3586 = AXIS2_PLACEMENT_3D('',#3587,#3588,#3589);
#3587 = CARTESIAN_POINT('',(4.060594997522E-17,2.62967735571E-17,5.5));
#3588 = DIRECTION('',(0.,0.,1.));
#3589 = DIRECTION('',(1.,2.353668967178E-16,-0.));
#3590 = PCURVE('',#2639,#3591);
#3591 = DEFINITIONAL_REPRESENTATION('',(#3592),#3596);
#3592 = LINE('',#3593,#3594);
#3593 = CARTESIAN_POINT('',(6.28318530718,-1.));
#3594 = VECTOR('',#3595,1.);
#3595 = DIRECTION('',(-1.,-0.));
#3596 = ( GEOMETRIC_REPRESENTATION_CONTEXT(2) 
PARAMETRIC_REPRESENTATION_CONTEXT() REPRESENTATION_CONTEXT('2D SPACE',''
  ) );
#3597 = PCURVE('',#3380,#3598);
#3598 = DEFINITIONAL_REPRESENTATION('',(#3599),#3607);
#3599 = ( BOUNDED_CURVE() B_SPLINE_CURVE(2,(#3600,#3601,#3602,#3603,
#3604,#3605,#3606),.UNSPECIFIED.,.T.,.F.) B_SPLINE_CURVE_WITH_KNOTS((1,2
    ,2,2,2,1),(-2.094395102393,0.,2.094395102393,4.188790204786,
6.28318530718,8.377580409573),.UNSPECIFIED.) CURVE() 
GEOMETRIC_REPRESENTATION_ITEM() RATIONAL_B_SPLINE_CURVE((1.,0.5,1.,0.5,
1.,0.5,1.)) REPRESENTATION_ITEM('') );
#3600 = CARTESIAN_POINT('',(18.271297997007,0.920757571006));
#3601 = CARTESIAN_POINT('',(19.866096891443,-3.567462174763));
#3602 = CARTESIAN_POINT('',(15.181785126622,-2.704488658387));
#3603 = CARTESIAN_POINT('',(10.497473361802,-1.841515142011));
#3604 = CARTESIAN_POINT('',(13.586986232187,1.783731087381));
#3605 = CARTESIAN_POINT('',(16.676499102572,5.408977316774));
#3606 = CARTESIAN_POINT('',(18.271297997007,0.920757571006));
#3607 = ( GEOMETRIC_REPRESENTATION_CONTEXT(2) 
PARAMETRIC_REPRESENTATION_CONTEXT() REPRESENTATION_CONTEXT('2D SPACE',''
  ) );
#3608 = ORIENTED_EDGE('',*,*,#3609,.T.);
#3609 = EDGE_CURVE('',#3582,#3610,#3612,.T.);
#3610 = VERTEX_POINT('',#3611);
#3611 = CARTESIAN_POINT('',(2.720753572083,0.4,4.5));
#3612 = SURFACE_CURVE('',#3613,(#3617,#3623),.PCURVE_S1.);
#3613 = LINE('',#3614,#3615);
#3614 = CARTESIAN_POINT('',(2.720753572083,0.4,4.5));
#3615 = VECTOR('',#3616,1.);
#3616 = DIRECTION('',(0.,0.,-1.));
#3617 = PCURVE('',#2639,#3618);
#3618 = DEFINITIONAL_REPRESENTATION('',(#3619),#3622);
#3619 = B_SPLINE_CURVE_WITH_KNOTS('',1,(#3620,#3621),.UNSPECIFIED.,.F.,
  .F.,(2,2),(-1.0000006,5.999999999062E-07),.PIECEWISE_BEZIER_KNOTS.);
#3620 = CARTESIAN_POINT('',(6.137212918635,-1.0000006));
#3621 = CARTESIAN_POINT('',(6.137212918635,5.999999999062E-07));
#3622 = ( GEOMETRIC_REPRESENTATION_CONTEXT(2) 
PARAMETRIC_REPRESENTATION_CONTEXT() REPRESENTATION_CONTEXT('2D SPACE',''
  ) );
#3623 = PCURVE('',#3624,#3629);
#3624 = PLANE('',#3625);
#3625 = AXIS2_PLACEMENT_3D('',#3626,#3627,#3628);
#3626 = CARTESIAN_POINT('',(-16.125,0.4,4.5));
#3627 = DIRECTION('',(0.,1.,0.));
#3628 = DIRECTION('',(1.,0.,0.));
#3629 = DEFINITIONAL_REPRESENTATION('',(#3630),#3633);
#3630 = B_SPLINE_CURVE_WITH_KNOTS('',1,(#3631,#3632),.UNSPECIFIED.,.F.,
  .F.,(2,2),(-1.0000006,5.999999999062E-07),.PIECEWISE_BEZIER_KNOTS.);
#3631 = CARTESIAN_POINT('',(18.845753572083,-1.0000006));
#3632 = CARTESIAN_POINT('',(18.845753572083,5.999999999062E-07));
#3633 = ( GEOMETRIC_REPRESENTATION_CONTEXT(2) 
PARAMETRIC_REPRESENTATION_CONTEXT() REPRESENTATION_CONTEXT('2D SPACE',''
  ) );
#3634 = ORIENTED_EDGE('',*,*,#3635,.T.);
#3635 = EDGE_CURVE('',#3610,#3636,#3638,.T.);
#3636 = VERTEX_POINT('',#3637);
#3637 = CARTESIAN_POINT('',(2.75,0.,4.5));
#3638 = SURFACE_CURVE('',#3639,(#3644,#3651),.PCURVE_S1.);
#3639 = CIRCLE('',#3640,2.75);
#3640 = AXIS2_PLACEMENT_3D('',#3641,#3642,#3643);
#3641 = CARTESIAN_POINT('',(0.,0.,4.5));
#3642 = DIRECTION('',(0.,0.,-1.));
#3643 = DIRECTION('',(1.,0.,0.));
#3644 = PCURVE('',#2639,#3645);
#3645 = DEFINITIONAL_REPRESENTATION('',(#3646),#3650);
#3646 = LINE('',#3647,#3648);
#3647 = CARTESIAN_POINT('',(0.,0.));
#3648 = VECTOR('',#3649,1.);
#3649 = DIRECTION('',(1.,0.));
#3650 = ( GEOMETRIC_REPRESENTATION_CONTEXT(2) 
PARAMETRIC_REPRESENTATION_CONTEXT() REPRESENTATION_CONTEXT('2D SPACE',''
  ) );
#3651 = PCURVE('',#3652,#3657);
#3652 = PLANE('',#3653);
#3653 = AXIS2_PLACEMENT_3D('',#3654,#3655,#3656);
#3654 = CARTESIAN_POINT('',(0.,0.,4.5));
#3655 = DIRECTION('',(-0.,-0.,-1.));
#3656 = DIRECTION('',(-1.,0.,0.));
#3657 = DEFINITIONAL_REPRESENTATION('',(#3658),#3662);
#3658 = CIRCLE('',#3659,2.75);
#3659 = AXIS2_PLACEMENT_2D('',#3660,#3661);
#3660 = CARTESIAN_POINT('',(0.,0.));
#3661 = DIRECTION('',(-1.,0.));
#3662 = ( GEOMETRIC_REPRESENTATION_CONTEXT(2) 
PARAMETRIC_REPRESENTATION_CONTEXT() REPRESENTATION_CONTEXT('2D SPACE',''
  ) );
#3663 = ORIENTED_EDGE('',*,*,#3664,.F.);
#3664 = EDGE_CURVE('',#3665,#3636,#3667,.T.);
#3665 = VERTEX_POINT('',#3666);
#3666 = CARTESIAN_POINT('',(2.75,0.,0.6));
#3667 = SEAM_CURVE('',#3668,(#3672,#3679),.PCURVE_S1.);
#3668 = LINE('',#3669,#3670);
#3669 = CARTESIAN_POINT('',(2.75,0.,0.6));
#3670 = VECTOR('',#3671,1.);
#3671 = DIRECTION('',(0.,0.,1.));
#3672 = PCURVE('',#2639,#3673);
#3673 = DEFINITIONAL_REPRESENTATION('',(#3674),#3678);
#3674 = LINE('',#3675,#3676);
#3675 = CARTESIAN_POINT('',(6.28318530718,3.9));
#3676 = VECTOR('',#3677,1.);
#3677 = DIRECTION('',(0.,-1.));
#3678 = ( GEOMETRIC_REPRESENTATION_CONTEXT(2) 
PARAMETRIC_REPRESENTATION_CONTEXT() REPRESENTATION_CONTEXT('2D SPACE',''
  ) );
#3679 = PCURVE('',#2639,#3680);
#3680 = DEFINITIONAL_REPRESENTATION('',(#3681),#3685);
#3681 = LINE('',#3682,#3683);
#3682 = CARTESIAN_POINT('',(0.,3.9));
#3683 = VECTOR('',#3684,1.);
#3684 = DIRECTION('',(0.,-1.));
#3685 = ( GEOMETRIC_REPRESENTATION_CONTEXT(2) 
PARAMETRIC_REPRESENTATION_CONTEXT() REPRESENTATION_CONTEXT('2D SPACE',''
  ) );
#3686 = ORIENTED_EDGE('',*,*,#3687,.T.);
#3687 = EDGE_CURVE('',#3665,#3665,#3688,.T.);
#3688 = SURFACE_CURVE('',#3689,(#3694,#3701),.PCURVE_S1.);
#3689 = CIRCLE('',#3690,2.75);
#3690 = AXIS2_PLACEMENT_3D('',#3691,#3692,#3693);
#3691 = CARTESIAN_POINT('',(-9.219364608978E-17,2.62967735571E-17,0.6));
#3692 = DIRECTION('',(0.,0.,1.));
#3693 = DIRECTION('',(1.,2.353668967178E-16,-0.));
#3694 = PCURVE('',#2639,#3695);
#3695 = DEFINITIONAL_REPRESENTATION('',(#3696),#3700);
#3696 = LINE('',#3697,#3698);
#3697 = CARTESIAN_POINT('',(6.28318530718,3.9));
#3698 = VECTOR('',#3699,1.);
#3699 = DIRECTION('',(-1.,-0.));
#3700 = ( GEOMETRIC_REPRESENTATION_CONTEXT(2) 
PARAMETRIC_REPRESENTATION_CONTEXT() REPRESENTATION_CONTEXT('2D SPACE',''
  ) );
#3701 = PCURVE('',#3702,#3707);
#3702 = PLANE('',#3703);
#3703 = AXIS2_PLACEMENT_3D('',#3704,#3705,#3706);
#3704 = CARTESIAN_POINT('',(-2.486254786435E-16,-1.205344939993E-17,0.6)
  );
#3705 = DIRECTION('',(-0.,-0.,-1.));
#3706 = DIRECTION('',(-1.,0.,0.));
#3707 = DEFINITIONAL_REPRESENTATION('',(#3708),#3716);
#3708 = ( BOUNDED_CURVE() B_SPLINE_CURVE(2,(#3709,#3710,#3711,#3712,
#3713,#3714,#3715),.UNSPECIFIED.,.T.,.F.) B_SPLINE_CURVE_WITH_KNOTS((1,2
    ,2,2,2,1),(-2.094395102393,0.,2.094395102393,4.188790204786,
6.28318530718,8.377580409573),.UNSPECIFIED.) CURVE() 
GEOMETRIC_REPRESENTATION_ITEM() RATIONAL_B_SPLINE_CURVE((1.,0.5,1.,0.5,
1.,0.5,1.)) REPRESENTATION_ITEM('') );
#3709 = CARTESIAN_POINT('',(-2.75,6.85609188931E-16));
#3710 = CARTESIAN_POINT('',(-2.75,4.763139720814));
#3711 = CARTESIAN_POINT('',(1.375,2.381569860407));
#3712 = CARTESIAN_POINT('',(5.5,-5.826119694598E-16));
#3713 = CARTESIAN_POINT('',(1.375,-2.381569860407));
#3714 = CARTESIAN_POINT('',(-2.75,-4.763139720814));
#3715 = CARTESIAN_POINT('',(-2.75,6.85609188931E-16));
#3716 = ( GEOMETRIC_REPRESENTATION_CONTEXT(2) 
PARAMETRIC_REPRESENTATION_CONTEXT() REPRESENTATION_CONTEXT('2D SPACE',''
  ) );
#3717 = ORIENTED_EDGE('',*,*,#3664,.T.);
#3718 = ORIENTED_EDGE('',*,*,#3719,.T.);
#3719 = EDGE_CURVE('',#3636,#3720,#3722,.T.);
#3720 = VERTEX_POINT('',#3721);
#3721 = CARTESIAN_POINT('',(2.720753572083,-0.4,4.5));
#3722 = SURFACE_CURVE('',#3723,(#3728,#3735),.PCURVE_S1.);
#3723 = CIRCLE('',#3724,2.75);
#3724 = AXIS2_PLACEMENT_3D('',#3725,#3726,#3727);
#3725 = CARTESIAN_POINT('',(0.,0.,4.5));
#3726 = DIRECTION('',(0.,0.,-1.));
#3727 = DIRECTION('',(1.,0.,0.));
#3728 = PCURVE('',#2639,#3729);
#3729 = DEFINITIONAL_REPRESENTATION('',(#3730),#3734);
#3730 = LINE('',#3731,#3732);
#3731 = CARTESIAN_POINT('',(0.,0.));
#3732 = VECTOR('',#3733,1.);
#3733 = DIRECTION('',(1.,0.));
#3734 = ( GEOMETRIC_REPRESENTATION_CONTEXT(2) 
PARAMETRIC_REPRESENTATION_CONTEXT() REPRESENTATION_CONTEXT('2D SPACE',''
  ) );
#3735 = PCURVE('',#3652,#3736);
#3736 = DEFINITIONAL_REPRESENTATION('',(#3737),#3741);
#3737 = CIRCLE('',#3738,2.75);
#3738 = AXIS2_PLACEMENT_2D('',#3739,#3740);
#3739 = CARTESIAN_POINT('',(0.,0.));
#3740 = DIRECTION('',(-1.,0.));
#3741 = ( GEOMETRIC_REPRESENTATION_CONTEXT(2) 
PARAMETRIC_REPRESENTATION_CONTEXT() REPRESENTATION_CONTEXT('2D SPACE',''
  ) );
#3742 = ORIENTED_EDGE('',*,*,#3743,.F.);
#3743 = EDGE_CURVE('',#3744,#3720,#3746,.T.);
#3744 = VERTEX_POINT('',#3745);
#3745 = CARTESIAN_POINT('',(2.720753572083,-0.4,5.5));
#3746 = SURFACE_CURVE('',#3747,(#3751,#3757),.PCURVE_S1.);
#3747 = LINE('',#3748,#3749);
#3748 = CARTESIAN_POINT('',(2.720753572083,-0.4,4.5));
#3749 = VECTOR('',#3750,1.);
#3750 = DIRECTION('',(0.,0.,-1.));
#3751 = PCURVE('',#2639,#3752);
#3752 = DEFINITIONAL_REPRESENTATION('',(#3753),#3756);
#3753 = B_SPLINE_CURVE_WITH_KNOTS('',1,(#3754,#3755),.UNSPECIFIED.,.F.,
  .F.,(2,2),(-1.0000006,5.999999999062E-07),.PIECEWISE_BEZIER_KNOTS.);
#3754 = CARTESIAN_POINT('',(0.145972388544,-1.0000006));
#3755 = CARTESIAN_POINT('',(0.145972388544,5.999999999062E-07));
#3756 = ( GEOMETRIC_REPRESENTATION_CONTEXT(2) 
PARAMETRIC_REPRESENTATION_CONTEXT() REPRESENTATION_CONTEXT('2D SPACE',''
  ) );
#3757 = PCURVE('',#3758,#3763);
#3758 = PLANE('',#3759);
#3759 = AXIS2_PLACEMENT_3D('',#3760,#3761,#3762);
#3760 = CARTESIAN_POINT('',(16.125,-0.4,4.5));
#3761 = DIRECTION('',(0.,-1.,0.));
#3762 = DIRECTION('',(-1.,0.,0.));
#3763 = DEFINITIONAL_REPRESENTATION('',(#3764),#3767);
#3764 = B_SPLINE_CURVE_WITH_KNOTS('',1,(#3765,#3766),.UNSPECIFIED.,.F.,
  .F.,(2,2),(-1.0000006,5.999999999062E-07),.PIECEWISE_BEZIER_KNOTS.);
#3765 = CARTESIAN_POINT('',(13.404246427917,-1.0000006));
#3766 = CARTESIAN_POINT('',(13.404246427917,5.999999999062E-07));
#3767 = ( GEOMETRIC_REPRESENTATION_CONTEXT(2) 
PARAMETRIC_REPRESENTATION_CONTEXT() REPRESENTATION_CONTEXT('2D SPACE',''
  ) );
#3768 = ORIENTED_EDGE('',*,*,#3769,.F.);
#3769 = EDGE_CURVE('',#3770,#3744,#3772,.T.);
#3770 = VERTEX_POINT('',#3771);
#3771 = CARTESIAN_POINT('',(0.4,-2.720753572083,5.5));
#3772 = SURFACE_CURVE('',#3773,(#3778,#3785),.PCURVE_S1.);
#3773 = CIRCLE('',#3774,2.75);
#3774 = AXIS2_PLACEMENT_3D('',#3775,#3776,#3777);
#3775 = CARTESIAN_POINT('',(4.060594997522E-17,2.62967735571E-17,5.5));
#3776 = DIRECTION('',(0.,0.,1.));
#3777 = DIRECTION('',(1.,2.353668967178E-16,-0.));
#3778 = PCURVE('',#2639,#3779);
#3779 = DEFINITIONAL_REPRESENTATION('',(#3780),#3784);
#3780 = LINE('',#3781,#3782);
#3781 = CARTESIAN_POINT('',(6.28318530718,-1.));
#3782 = VECTOR('',#3783,1.);
#3783 = DIRECTION('',(-1.,-0.));
#3784 = ( GEOMETRIC_REPRESENTATION_CONTEXT(2) 
PARAMETRIC_REPRESENTATION_CONTEXT() REPRESENTATION_CONTEXT('2D SPACE',''
  ) );
#3785 = PCURVE('',#3786,#3791);
#3786 = PLANE('',#3787);
#3787 = AXIS2_PLACEMENT_3D('',#3788,#3789,#3790);
#3788 = CARTESIAN_POINT('',(-14.775,-5.25,5.5));
#3789 = DIRECTION('',(0.,0.,-1.));
#3790 = DIRECTION('',(0.942281773964,0.334820934911,0.));
#3791 = DEFINITIONAL_REPRESENTATION('',(#3792),#3800);
#3792 = ( BOUNDED_CURVE() B_SPLINE_CURVE(2,(#3793,#3794,#3795,#3796,
#3797,#3798,#3799),.UNSPECIFIED.,.T.,.F.) B_SPLINE_CURVE_WITH_KNOTS((1,2
    ,2,2,2,1),(-2.094395102393,0.,2.094395102393,4.188790204786,
6.28318530718,8.377580409573),.UNSPECIFIED.) CURVE() 
GEOMETRIC_REPRESENTATION_ITEM() RATIONAL_B_SPLINE_CURVE((1.,0.5,1.,0.5,
1.,0.5,1.)) REPRESENTATION_ITEM('') );
#3793 = CARTESIAN_POINT('',(18.271297997007,0.920757571006));
#3794 = CARTESIAN_POINT('',(19.866096891443,-3.567462174763));
#3795 = CARTESIAN_POINT('',(15.181785126622,-2.704488658387));
#3796 = CARTESIAN_POINT('',(10.497473361802,-1.841515142011));
#3797 = CARTESIAN_POINT('',(13.586986232187,1.783731087381));
#3798 = CARTESIAN_POINT('',(16.676499102572,5.408977316774));
#3799 = CARTESIAN_POINT('',(18.271297997007,0.920757571006));
#3800 = ( GEOMETRIC_REPRESENTATION_CONTEXT(2) 
PARAMETRIC_REPRESENTATION_CONTEXT() REPRESENTATION_CONTEXT('2D SPACE',''
  ) );
#3801 = ORIENTED_EDGE('',*,*,#3802,.T.);
#3802 = EDGE_CURVE('',#3770,#3803,#3805,.T.);
#3803 = VERTEX_POINT('',#3804);
#3804 = CARTESIAN_POINT('',(0.4,-2.720753572083,4.5));
#3805 = SURFACE_CURVE('',#3806,(#3810,#3816),.PCURVE_S1.);
#3806 = LINE('',#3807,#3808);
#3807 = CARTESIAN_POINT('',(0.4,-2.720753572083,4.5));
#3808 = VECTOR('',#3809,1.);
#3809 = DIRECTION('',(0.,0.,-1.));
#3810 = PCURVE('',#2639,#3811);
#3811 = DEFINITIONAL_REPRESENTATION('',(#3812),#3815);
#3812 = B_SPLINE_CURVE_WITH_KNOTS('',1,(#3813,#3814),.UNSPECIFIED.,.F.,
  .F.,(2,2),(-1.0000006,5.999999999062E-07),.PIECEWISE_BEZIER_KNOTS.);
#3813 = CARTESIAN_POINT('',(1.424823938251,-1.0000006));
#3814 = CARTESIAN_POINT('',(1.424823938251,5.999999999062E-07));
#3815 = ( GEOMETRIC_REPRESENTATION_CONTEXT(2) 
PARAMETRIC_REPRESENTATION_CONTEXT() REPRESENTATION_CONTEXT('2D SPACE',''
  ) );
#3816 = PCURVE('',#3817,#3822);
#3817 = PLANE('',#3818);
#3818 = AXIS2_PLACEMENT_3D('',#3819,#3820,#3821);
#3819 = CARTESIAN_POINT('',(0.4,6.6,4.5));
#3820 = DIRECTION('',(1.,-0.,0.));
#3821 = DIRECTION('',(0.,-1.,0.));
#3822 = DEFINITIONAL_REPRESENTATION('',(#3823),#3826);
#3823 = B_SPLINE_CURVE_WITH_KNOTS('',1,(#3824,#3825),.UNSPECIFIED.,.F.,
  .F.,(2,2),(-1.0000006,5.999999999062E-07),.PIECEWISE_BEZIER_KNOTS.);
#3824 = CARTESIAN_POINT('',(9.320753572083,-1.0000006));
#3825 = CARTESIAN_POINT('',(9.320753572083,5.999999999062E-07));
#3826 = ( GEOMETRIC_REPRESENTATION_CONTEXT(2) 
PARAMETRIC_REPRESENTATION_CONTEXT() REPRESENTATION_CONTEXT('2D SPACE',''
  ) );
#3827 = ORIENTED_EDGE('',*,*,#3828,.T.);
#3828 = EDGE_CURVE('',#3803,#3829,#3831,.T.);
#3829 = VERTEX_POINT('',#3830);
#3830 = CARTESIAN_POINT('',(-0.4,-2.720753572083,4.5));
#3831 = SURFACE_CURVE('',#3832,(#3837,#3844),.PCURVE_S1.);
#3832 = CIRCLE('',#3833,2.75);
#3833 = AXIS2_PLACEMENT_3D('',#3834,#3835,#3836);
#3834 = CARTESIAN_POINT('',(0.,0.,4.5));
#3835 = DIRECTION('',(0.,0.,-1.));
#3836 = DIRECTION('',(1.,0.,0.));
#3837 = PCURVE('',#2639,#3838);
#3838 = DEFINITIONAL_REPRESENTATION('',(#3839),#3843);
#3839 = LINE('',#3840,#3841);
#3840 = CARTESIAN_POINT('',(0.,0.));
#3841 = VECTOR('',#3842,1.);
#3842 = DIRECTION('',(1.,0.));
#3843 = ( GEOMETRIC_REPRESENTATION_CONTEXT(2) 
PARAMETRIC_REPRESENTATION_CONTEXT() REPRESENTATION_CONTEXT('2D SPACE',''
  ) );
#3844 = PCURVE('',#3845,#3850);
#3845 = PLANE('',#3846);
#3846 = AXIS2_PLACEMENT_3D('',#3847,#3848,#3849);
#3847 = CARTESIAN_POINT('',(0.,0.,4.5));
#3848 = DIRECTION('',(-0.,-0.,-1.));
#3849 = DIRECTION('',(-1.,0.,0.));
#3850 = DEFINITIONAL_REPRESENTATION('',(#3851),#3855);
#3851 = CIRCLE('',#3852,2.75);
#3852 = AXIS2_PLACEMENT_2D('',#3853,#3854);
#3853 = CARTESIAN_POINT('',(0.,0.));
#3854 = DIRECTION('',(-1.,0.));
#3855 = ( GEOMETRIC_REPRESENTATION_CONTEXT(2) 
PARAMETRIC_REPRESENTATION_CONTEXT() REPRESENTATION_CONTEXT('2D SPACE',''
  ) );
#3856 = ORIENTED_EDGE('',*,*,#3857,.F.);
#3857 = EDGE_CURVE('',#2871,#3829,#3858,.T.);
#3858 = SURFACE_CURVE('',#3859,(#3863,#3869),.PCURVE_S1.);
#3859 = LINE('',#3860,#3861);
#3860 = CARTESIAN_POINT('',(-0.4,-2.720753572083,4.5));
#3861 = VECTOR('',#3862,1.);
#3862 = DIRECTION('',(0.,0.,-1.));
#3863 = PCURVE('',#2639,#3864);
#3864 = DEFINITIONAL_REPRESENTATION('',(#3865),#3868);
#3865 = B_SPLINE_CURVE_WITH_KNOTS('',1,(#3866,#3867),.UNSPECIFIED.,.F.,
  .F.,(2,2),(-1.0000006,5.999999999062E-07),.PIECEWISE_BEZIER_KNOTS.);
#3866 = CARTESIAN_POINT('',(1.716768715339,-1.0000006));
#3867 = CARTESIAN_POINT('',(1.716768715339,5.999999999062E-07));
#3868 = ( GEOMETRIC_REPRESENTATION_CONTEXT(2) 
PARAMETRIC_REPRESENTATION_CONTEXT() REPRESENTATION_CONTEXT('2D SPACE',''
  ) );
#3869 = PCURVE('',#2912,#3870);
#3870 = DEFINITIONAL_REPRESENTATION('',(#3871),#3874);
#3871 = B_SPLINE_CURVE_WITH_KNOTS('',1,(#3872,#3873),.UNSPECIFIED.,.F.,
  .F.,(2,2),(-1.0000006,5.999999999062E-07),.PIECEWISE_BEZIER_KNOTS.);
#3872 = CARTESIAN_POINT('',(3.879246427917,-1.0000006));
#3873 = CARTESIAN_POINT('',(3.879246427917,5.999999999062E-07));
#3874 = ( GEOMETRIC_REPRESENTATION_CONTEXT(2) 
PARAMETRIC_REPRESENTATION_CONTEXT() REPRESENTATION_CONTEXT('2D SPACE',''
  ) );
#3875 = ORIENTED_EDGE('',*,*,#2870,.F.);
#3876 = ADVANCED_FACE('',(#3877),#2607,.T.);
#3877 = FACE_BOUND('',#3878,.T.);
#3878 = EDGE_LOOP('',(#3879,#3900,#3901,#3902));
#3879 = ORIENTED_EDGE('',*,*,#3880,.F.);
#3880 = EDGE_CURVE('',#3516,#3278,#3881,.T.);
#3881 = SURFACE_CURVE('',#3882,(#3886,#3893),.PCURVE_S1.);
#3882 = LINE('',#3883,#3884);
#3883 = CARTESIAN_POINT('',(-0.4,-6.6,4.5));
#3884 = VECTOR('',#3885,1.);
#3885 = DIRECTION('',(0.,1.,0.));
#3886 = PCURVE('',#2607,#3887);
#3887 = DEFINITIONAL_REPRESENTATION('',(#3888),#3892);
#3888 = LINE('',#3889,#3890);
#3889 = CARTESIAN_POINT('',(0.,0.));
#3890 = VECTOR('',#3891,1.);
#3891 = DIRECTION('',(1.,0.));
#3892 = ( GEOMETRIC_REPRESENTATION_CONTEXT(2) 
PARAMETRIC_REPRESENTATION_CONTEXT() REPRESENTATION_CONTEXT('2D SPACE',''
  ) );
#3893 = PCURVE('',#3320,#3894);
#3894 = DEFINITIONAL_REPRESENTATION('',(#3895),#3899);
#3895 = LINE('',#3896,#3897);
#3896 = CARTESIAN_POINT('',(0.4,-6.6));
#3897 = VECTOR('',#3898,1.);
#3898 = DIRECTION('',(0.,1.));
#3899 = ( GEOMETRIC_REPRESENTATION_CONTEXT(2) 
PARAMETRIC_REPRESENTATION_CONTEXT() REPRESENTATION_CONTEXT('2D SPACE',''
  ) );
#3900 = ORIENTED_EDGE('',*,*,#3515,.F.);
#3901 = ORIENTED_EDGE('',*,*,#2591,.T.);
#3902 = ORIENTED_EDGE('',*,*,#3277,.F.);
#3903 = ADVANCED_FACE('',(#3904),#2834,.F.);
#3904 = FACE_BOUND('',#3905,.F.);
#3905 = EDGE_LOOP('',(#3906,#3907,#3928,#3951,#3977,#4011,#4036,#4070,
    #4091,#4120,#4140,#4167,#4168,#4169,#4170,#4171));
#3906 = ORIENTED_EDGE('',*,*,#3191,.F.);
#3907 = ORIENTED_EDGE('',*,*,#3908,.T.);
#3908 = EDGE_CURVE('',#3166,#3909,#3911,.T.);
#3909 = VERTEX_POINT('',#3910);
#3910 = CARTESIAN_POINT('',(17.025,-7.5,0.));
#3911 = SURFACE_CURVE('',#3912,(#3915,#3922),.PCURVE_S1.);
#3912 = B_SPLINE_CURVE_WITH_KNOTS('',1,(#3913,#3914),.UNSPECIFIED.,.F.,
  .F.,(2,2),(0.,1.),.PIECEWISE_BEZIER_KNOTS.);
#3913 = CARTESIAN_POINT('',(-17.025,-7.5,0.));
#3914 = CARTESIAN_POINT('',(17.025,-7.5,0.));
#3915 = PCURVE('',#2834,#3916);
#3916 = DEFINITIONAL_REPRESENTATION('',(#3917),#3921);
#3917 = LINE('',#3918,#3919);
#3918 = CARTESIAN_POINT('',(0.,0.));
#3919 = VECTOR('',#3920,1.);
#3920 = DIRECTION('',(1.,0.));
#3921 = ( GEOMETRIC_REPRESENTATION_CONTEXT(2) 
PARAMETRIC_REPRESENTATION_CONTEXT() REPRESENTATION_CONTEXT('2D SPACE',''
  ) );
#3922 = PCURVE('',#3180,#3923);
#3923 = DEFINITIONAL_REPRESENTATION('',(#3924),#3927);
#3924 = B_SPLINE_CURVE_WITH_KNOTS('',1,(#3925,#3926),.UNSPECIFIED.,.F.,
  .F.,(2,2),(0.,1.),.PIECEWISE_BEZIER_KNOTS.);
#3925 = CARTESIAN_POINT('',(8.266257464553,-13.90823452238));
#3926 = CARTESIAN_POINT('',(39.113602129771,0.508555241818));
#3927 = ( GEOMETRIC_REPRESENTATION_CONTEXT(2) 
PARAMETRIC_REPRESENTATION_CONTEXT() REPRESENTATION_CONTEXT('2D SPACE',''
  ) );
#3928 = ORIENTED_EDGE('',*,*,#3929,.T.);
#3929 = EDGE_CURVE('',#3909,#3930,#3932,.T.);
#3930 = VERTEX_POINT('',#3931);
#3931 = CARTESIAN_POINT('',(14.775,-5.25,5.5));
#3932 = SURFACE_CURVE('',#3933,(#3937,#3944),.PCURVE_S1.);
#3933 = B_SPLINE_CURVE_WITH_KNOTS('',2,(#3934,#3935,#3936),
  .UNSPECIFIED.,.F.,.F.,(3,3),(0.,1.),.PIECEWISE_BEZIER_KNOTS.);
#3934 = CARTESIAN_POINT('',(17.025,-7.5,0.));
#3935 = CARTESIAN_POINT('',(16.55,-7.025,2.25));
#3936 = CARTESIAN_POINT('',(14.775,-5.25,5.5));
#3937 = PCURVE('',#2834,#3938);
#3938 = DEFINITIONAL_REPRESENTATION('',(#3939),#3943);
#3939 = LINE('',#3940,#3941);
#3940 = CARTESIAN_POINT('',(1.,0.));
#3941 = VECTOR('',#3942,1.);
#3942 = DIRECTION('',(0.,1.));
#3943 = ( GEOMETRIC_REPRESENTATION_CONTEXT(2) 
PARAMETRIC_REPRESENTATION_CONTEXT() REPRESENTATION_CONTEXT('2D SPACE',''
  ) );
#3944 = PCURVE('',#3238,#3945);
#3945 = DEFINITIONAL_REPRESENTATION('',(#3946),#3950);
#3946 = LINE('',#3947,#3948);
#3947 = CARTESIAN_POINT('',(1.,0.));
#3948 = VECTOR('',#3949,1.);
#3949 = DIRECTION('',(0.,1.));
#3950 = ( GEOMETRIC_REPRESENTATION_CONTEXT(2) 
PARAMETRIC_REPRESENTATION_CONTEXT() REPRESENTATION_CONTEXT('2D SPACE',''
  ) );
#3951 = ORIENTED_EDGE('',*,*,#3952,.F.);
#3952 = EDGE_CURVE('',#3953,#3930,#3955,.T.);
#3953 = VERTEX_POINT('',#3954);
#3954 = CARTESIAN_POINT('',(12.30625,-5.25,5.5));
#3955 = SURFACE_CURVE('',#3956,(#3959,#3966),.PCURVE_S1.);
#3956 = B_SPLINE_CURVE_WITH_KNOTS('',1,(#3957,#3958),.UNSPECIFIED.,.F.,
  .F.,(2,2),(0.,1.),.PIECEWISE_BEZIER_KNOTS.);
#3957 = CARTESIAN_POINT('',(-14.775,-5.25,5.5));
#3958 = CARTESIAN_POINT('',(14.775,-5.25,5.5));
#3959 = PCURVE('',#2834,#3960);
#3960 = DEFINITIONAL_REPRESENTATION('',(#3961),#3965);
#3961 = LINE('',#3962,#3963);
#3962 = CARTESIAN_POINT('',(0.,1.));
#3963 = VECTOR('',#3964,1.);
#3964 = DIRECTION('',(1.,0.));
#3965 = ( GEOMETRIC_REPRESENTATION_CONTEXT(2) 
PARAMETRIC_REPRESENTATION_CONTEXT() REPRESENTATION_CONTEXT('2D SPACE',''
  ) );
#3966 = PCURVE('',#3967,#3972);
#3967 = PLANE('',#3968);
#3968 = AXIS2_PLACEMENT_3D('',#3969,#3970,#3971);
#3969 = CARTESIAN_POINT('',(-14.775,-5.25,5.5));
#3970 = DIRECTION('',(0.,0.,-1.));
#3971 = DIRECTION('',(0.942281773964,0.334820934911,0.));
#3972 = DEFINITIONAL_REPRESENTATION('',(#3973),#3976);
#3973 = B_SPLINE_CURVE_WITH_KNOTS('',1,(#3974,#3975),.UNSPECIFIED.,.F.,
  .F.,(2,2),(0.,1.),.PIECEWISE_BEZIER_KNOTS.);
#3974 = CARTESIAN_POINT('',(0.,0.));
#3975 = CARTESIAN_POINT('',(27.844426420644,9.893958626625));
#3976 = ( GEOMETRIC_REPRESENTATION_CONTEXT(2) 
PARAMETRIC_REPRESENTATION_CONTEXT() REPRESENTATION_CONTEXT('2D SPACE',''
  ) );
#3977 = ORIENTED_EDGE('',*,*,#3978,.F.);
#3978 = EDGE_CURVE('',#3979,#3953,#3981,.T.);
#3979 = VERTEX_POINT('',#3980);
#3980 = CARTESIAN_POINT('',(12.30625,-5.777413174145,4.5));
#3981 = SURFACE_CURVE('',#3982,(#3988,#3997),.PCURVE_S1.);
#3982 = B_SPLINE_CURVE_WITH_KNOTS('',4,(#3983,#3984,#3985,#3986,#3987),
  .UNSPECIFIED.,.F.,.F.,(5,5),(0.,1.),.PIECEWISE_BEZIER_KNOTS.);
#3983 = CARTESIAN_POINT('',(12.30625,-5.777413174145,4.5));
#3984 = CARTESIAN_POINT('',(12.30625,-5.649536648792,4.751865775377));
#3985 = CARTESIAN_POINT('',(12.30625,-5.518815431105,5.002434371403));
#3986 = CARTESIAN_POINT('',(12.30625,-5.385561527966,5.251788751611));
#3987 = CARTESIAN_POINT('',(12.30625,-5.25,5.5));
#3988 = PCURVE('',#2834,#3989);
#3989 = DEFINITIONAL_REPRESENTATION('',(#3990),#3996);
#3990 = B_SPLINE_CURVE_WITH_KNOTS('',4,(#3991,#3992,#3993,#3994,#3995),
  .UNSPECIFIED.,.F.,.F.,(5,5),(0.,1.),.PIECEWISE_BEZIER_KNOTS.);
#3991 = CARTESIAN_POINT('',(0.902101611685,0.842329219213));
#3992 = CARTESIAN_POINT('',(0.905461823984,0.883053501384));
#3993 = CARTESIAN_POINT('',(0.908971677282,0.922853084475));
#3994 = CARTESIAN_POINT('',(0.912634159193,0.961813654094));
#3995 = CARTESIAN_POINT('',(0.916455160745,1.));
#3996 = ( GEOMETRIC_REPRESENTATION_CONTEXT(2) 
PARAMETRIC_REPRESENTATION_CONTEXT() REPRESENTATION_CONTEXT('2D SPACE',''
  ) );
#3997 = PCURVE('',#3998,#4003);
#3998 = PLANE('',#3999);
#3999 = AXIS2_PLACEMENT_3D('',#4000,#4001,#4002);
#4000 = CARTESIAN_POINT('',(12.30625,6.6,4.5));
#4001 = DIRECTION('',(1.,-0.,0.));
#4002 = DIRECTION('',(0.,-1.,0.));
#4003 = DEFINITIONAL_REPRESENTATION('',(#4004),#4010);
#4004 = B_SPLINE_CURVE_WITH_KNOTS('',4,(#4005,#4006,#4007,#4008,#4009),
  .UNSPECIFIED.,.F.,.F.,(5,5),(0.,1.),.PIECEWISE_BEZIER_KNOTS.);
#4005 = CARTESIAN_POINT('',(12.377413174145,0.));
#4006 = CARTESIAN_POINT('',(12.249536648792,-0.251865775377));
#4007 = CARTESIAN_POINT('',(12.118815431105,-0.502434371403));
#4008 = CARTESIAN_POINT('',(11.985561527966,-0.751788751611));
#4009 = CARTESIAN_POINT('',(11.85,-1.));
#4010 = ( GEOMETRIC_REPRESENTATION_CONTEXT(2) 
PARAMETRIC_REPRESENTATION_CONTEXT() REPRESENTATION_CONTEXT('2D SPACE',''
  ) );
#4011 = ORIENTED_EDGE('',*,*,#4012,.T.);
#4012 = EDGE_CURVE('',#3979,#4013,#4015,.T.);
#4013 = VERTEX_POINT('',#4014);
#4014 = CARTESIAN_POINT('',(11.50625,-5.777413174145,4.5));
#4015 = SURFACE_CURVE('',#4016,(#4019,#4025),.PCURVE_S1.);
#4016 = B_SPLINE_CURVE_WITH_KNOTS('',1,(#4017,#4018),.UNSPECIFIED.,.F.,
  .F.,(2,2),(0.,1.),.PIECEWISE_BEZIER_KNOTS.);
#4017 = CARTESIAN_POINT('',(12.30625,-5.777413174145,4.5));
#4018 = CARTESIAN_POINT('',(11.50625,-5.777413174145,4.5));
#4019 = PCURVE('',#2834,#4020);
#4020 = DEFINITIONAL_REPRESENTATION('',(#4021),#4024);
#4021 = B_SPLINE_CURVE_WITH_KNOTS('',1,(#4022,#4023),.UNSPECIFIED.,.F.,
  .F.,(2,2),(0.,1.),.PIECEWISE_BEZIER_KNOTS.);
#4022 = CARTESIAN_POINT('',(0.902101611685,0.842329219213));
#4023 = CARTESIAN_POINT('',(0.875961943684,0.842329219213));
#4024 = ( GEOMETRIC_REPRESENTATION_CONTEXT(2) 
PARAMETRIC_REPRESENTATION_CONTEXT() REPRESENTATION_CONTEXT('2D SPACE',''
  ) );
#4025 = PCURVE('',#4026,#4031);
#4026 = PLANE('',#4027);
#4027 = AXIS2_PLACEMENT_3D('',#4028,#4029,#4030);
#4028 = CARTESIAN_POINT('',(0.,0.,4.5));
#4029 = DIRECTION('',(-0.,-0.,-1.));
#4030 = DIRECTION('',(-1.,0.,0.));
#4031 = DEFINITIONAL_REPRESENTATION('',(#4032),#4035);
#4032 = B_SPLINE_CURVE_WITH_KNOTS('',1,(#4033,#4034),.UNSPECIFIED.,.F.,
  .F.,(2,2),(0.,1.),.PIECEWISE_BEZIER_KNOTS.);
#4033 = CARTESIAN_POINT('',(-12.30625,-5.777413174145));
#4034 = CARTESIAN_POINT('',(-11.50625,-5.777413174145));
#4035 = ( GEOMETRIC_REPRESENTATION_CONTEXT(2) 
PARAMETRIC_REPRESENTATION_CONTEXT() REPRESENTATION_CONTEXT('2D SPACE',''
  ) );
#4036 = ORIENTED_EDGE('',*,*,#4037,.T.);
#4037 = EDGE_CURVE('',#4013,#4038,#4040,.T.);
#4038 = VERTEX_POINT('',#4039);
#4039 = CARTESIAN_POINT('',(11.50625,-5.25,5.5));
#4040 = SURFACE_CURVE('',#4041,(#4047,#4056),.PCURVE_S1.);
#4041 = B_SPLINE_CURVE_WITH_KNOTS('',4,(#4042,#4043,#4044,#4045,#4046),
  .UNSPECIFIED.,.F.,.F.,(5,5),(0.,1.),.PIECEWISE_BEZIER_KNOTS.);
#4042 = CARTESIAN_POINT('',(11.50625,-5.777413174145,4.5));
#4043 = CARTESIAN_POINT('',(11.50625,-5.649536807088,4.751865463598));
#4044 = CARTESIAN_POINT('',(11.50625,-5.518815655386,5.002433946673));
#4045 = CARTESIAN_POINT('',(11.50625,-5.385561706512,5.251788424696));
#4046 = CARTESIAN_POINT('',(11.50625,-5.25,5.5));
#4047 = PCURVE('',#2834,#4048);
#4048 = DEFINITIONAL_REPRESENTATION('',(#4049),#4055);
#4049 = B_SPLINE_CURVE_WITH_KNOTS('',4,(#4050,#4051,#4052,#4053,#4054),
  .UNSPECIFIED.,.F.,.F.,(5,5),(0.,1.),.PIECEWISE_BEZIER_KNOTS.);
#4050 = CARTESIAN_POINT('',(0.875961943684,0.842329219213));
#4051 = CARTESIAN_POINT('',(0.879103712695,0.883053450972));
#4052 = CARTESIAN_POINT('',(0.882385396998,0.922853017563));
#4053 = CARTESIAN_POINT('',(0.88580979066,0.961813603799));
#4054 = CARTESIAN_POINT('',(0.889382402707,1.));
#4055 = ( GEOMETRIC_REPRESENTATION_CONTEXT(2) 
PARAMETRIC_REPRESENTATION_CONTEXT() REPRESENTATION_CONTEXT('2D SPACE',''
  ) );
#4056 = PCURVE('',#4057,#4062);
#4057 = PLANE('',#4058);
#4058 = AXIS2_PLACEMENT_3D('',#4059,#4060,#4061);
#4059 = CARTESIAN_POINT('',(11.50625,-6.6,4.5));
#4060 = DIRECTION('',(-1.,0.,0.));
#4061 = DIRECTION('',(0.,1.,0.));
#4062 = DEFINITIONAL_REPRESENTATION('',(#4063),#4069);
#4063 = B_SPLINE_CURVE_WITH_KNOTS('',4,(#4064,#4065,#4066,#4067,#4068),
  .UNSPECIFIED.,.F.,.F.,(5,5),(0.,1.),.PIECEWISE_BEZIER_KNOTS.);
#4064 = CARTESIAN_POINT('',(0.822586825855,0.));
#4065 = CARTESIAN_POINT('',(0.950463192912,-0.251865463598));
#4066 = CARTESIAN_POINT('',(1.081184344614,-0.502433946673));
#4067 = CARTESIAN_POINT('',(1.214438293488,-0.751788424696));
#4068 = CARTESIAN_POINT('',(1.35,-1.));
#4069 = ( GEOMETRIC_REPRESENTATION_CONTEXT(2) 
PARAMETRIC_REPRESENTATION_CONTEXT() REPRESENTATION_CONTEXT('2D SPACE',''
  ) );
#4070 = ORIENTED_EDGE('',*,*,#4071,.F.);
#4071 = EDGE_CURVE('',#4072,#4038,#4074,.T.);
#4072 = VERTEX_POINT('',#4073);
#4073 = CARTESIAN_POINT('',(0.4,-5.25,5.5));
#4074 = SURFACE_CURVE('',#4075,(#4078,#4085),.PCURVE_S1.);
#4075 = B_SPLINE_CURVE_WITH_KNOTS('',1,(#4076,#4077),.UNSPECIFIED.,.F.,
  .F.,(2,2),(0.,1.),.PIECEWISE_BEZIER_KNOTS.);
#4076 = CARTESIAN_POINT('',(-14.775,-5.25,5.5));
#4077 = CARTESIAN_POINT('',(14.775,-5.25,5.5));
#4078 = PCURVE('',#2834,#4079);
#4079 = DEFINITIONAL_REPRESENTATION('',(#4080),#4084);
#4080 = LINE('',#4081,#4082);
#4081 = CARTESIAN_POINT('',(0.,1.));
#4082 = VECTOR('',#4083,1.);
#4083 = DIRECTION('',(1.,0.));
#4084 = ( GEOMETRIC_REPRESENTATION_CONTEXT(2) 
PARAMETRIC_REPRESENTATION_CONTEXT() REPRESENTATION_CONTEXT('2D SPACE',''
  ) );
#4085 = PCURVE('',#3786,#4086);
#4086 = DEFINITIONAL_REPRESENTATION('',(#4087),#4090);
#4087 = B_SPLINE_CURVE_WITH_KNOTS('',1,(#4088,#4089),.UNSPECIFIED.,.F.,
  .F.,(2,2),(0.,1.),.PIECEWISE_BEZIER_KNOTS.);
#4088 = CARTESIAN_POINT('',(0.,0.));
#4089 = CARTESIAN_POINT('',(27.844426420644,9.893958626625));
#4090 = ( GEOMETRIC_REPRESENTATION_CONTEXT(2) 
PARAMETRIC_REPRESENTATION_CONTEXT() REPRESENTATION_CONTEXT('2D SPACE',''
  ) );
#4091 = ORIENTED_EDGE('',*,*,#4092,.F.);
#4092 = EDGE_CURVE('',#4093,#4072,#4095,.T.);
#4093 = VERTEX_POINT('',#4094);
#4094 = CARTESIAN_POINT('',(0.4,-5.777413174145,4.5));
#4095 = SURFACE_CURVE('',#4096,(#4102,#4111),.PCURVE_S1.);
#4096 = B_SPLINE_CURVE_WITH_KNOTS('',4,(#4097,#4098,#4099,#4100,#4101),
  .UNSPECIFIED.,.F.,.F.,(5,5),(0.,1.),.PIECEWISE_BEZIER_KNOTS.);
#4097 = CARTESIAN_POINT('',(0.4,-5.777413174145,4.5));
#4098 = CARTESIAN_POINT('',(0.4,-5.649537907017,4.751863301714));
#4099 = CARTESIAN_POINT('',(0.4,-5.518817215642,5.002430988146));
#4100 = CARTESIAN_POINT('',(0.4,-5.385562946252,5.251786154749));
#4101 = CARTESIAN_POINT('',(0.4,-5.25,5.5));
#4102 = PCURVE('',#2834,#4103);
#4103 = DEFINITIONAL_REPRESENTATION('',(#4104),#4110);
#4104 = B_SPLINE_CURVE_WITH_KNOTS('',4,(#4105,#4106,#4107,#4108,#4109),
  .UNSPECIFIED.,.F.,.F.,(5,5),(0.,1.),.PIECEWISE_BEZIER_KNOTS.);
#4105 = CARTESIAN_POINT('',(0.513069834272,0.842329183508));
#4106 = CARTESIAN_POINT('',(0.513179052898,0.883053066182));
#4107 = CARTESIAN_POINT('',(0.513293135387,0.922852596086));
#4108 = CARTESIAN_POINT('',(0.513412180614,0.961813254577));
#4109 = CARTESIAN_POINT('',(0.513536379019,1.));
#4110 = ( GEOMETRIC_REPRESENTATION_CONTEXT(2) 
PARAMETRIC_REPRESENTATION_CONTEXT() REPRESENTATION_CONTEXT('2D SPACE',''
  ) );
#4111 = PCURVE('',#3817,#4112);
#4112 = DEFINITIONAL_REPRESENTATION('',(#4113),#4119);
#4113 = B_SPLINE_CURVE_WITH_KNOTS('',4,(#4114,#4115,#4116,#4117,#4118),
  .UNSPECIFIED.,.F.,.F.,(5,5),(0.,1.),.PIECEWISE_BEZIER_KNOTS.);
#4114 = CARTESIAN_POINT('',(12.377413174145,0.));
#4115 = CARTESIAN_POINT('',(12.249537907017,-0.251863301714));
#4116 = CARTESIAN_POINT('',(12.118817215642,-0.502430988146));
#4117 = CARTESIAN_POINT('',(11.985562946252,-0.751786154749));
#4118 = CARTESIAN_POINT('',(11.85,-1.));
#4119 = ( GEOMETRIC_REPRESENTATION_CONTEXT(2) 
PARAMETRIC_REPRESENTATION_CONTEXT() REPRESENTATION_CONTEXT('2D SPACE',''
  ) );
#4120 = ORIENTED_EDGE('',*,*,#4121,.T.);
#4121 = EDGE_CURVE('',#4093,#4122,#4124,.T.);
#4122 = VERTEX_POINT('',#4123);
#4123 = CARTESIAN_POINT('',(-0.4,-5.777413174145,4.5));
#4124 = SURFACE_CURVE('',#4125,(#4128,#4134),.PCURVE_S1.);
#4125 = B_SPLINE_CURVE_WITH_KNOTS('',1,(#4126,#4127),.UNSPECIFIED.,.F.,
  .F.,(2,2),(0.,1.),.PIECEWISE_BEZIER_KNOTS.);
#4126 = CARTESIAN_POINT('',(0.4,-5.777413174145,4.5));
#4127 = CARTESIAN_POINT('',(-0.4,-5.777413174145,4.5));
#4128 = PCURVE('',#2834,#4129);
#4129 = DEFINITIONAL_REPRESENTATION('',(#4130),#4133);
#4130 = B_SPLINE_CURVE_WITH_KNOTS('',1,(#4131,#4132),.UNSPECIFIED.,.F.,
  .F.,(2,2),(0.,1.),.PIECEWISE_BEZIER_KNOTS.);
#4131 = CARTESIAN_POINT('',(0.513069834001,0.842329219213));
#4132 = CARTESIAN_POINT('',(0.486930165999,0.842329219213));
#4133 = ( GEOMETRIC_REPRESENTATION_CONTEXT(2) 
PARAMETRIC_REPRESENTATION_CONTEXT() REPRESENTATION_CONTEXT('2D SPACE',''
  ) );
#4134 = PCURVE('',#3845,#4135);
#4135 = DEFINITIONAL_REPRESENTATION('',(#4136),#4139);
#4136 = B_SPLINE_CURVE_WITH_KNOTS('',1,(#4137,#4138),.UNSPECIFIED.,.F.,
  .F.,(2,2),(0.,1.),.PIECEWISE_BEZIER_KNOTS.);
#4137 = CARTESIAN_POINT('',(-0.4,-5.777413174145));
#4138 = CARTESIAN_POINT('',(0.4,-5.777413174145));
#4139 = ( GEOMETRIC_REPRESENTATION_CONTEXT(2) 
PARAMETRIC_REPRESENTATION_CONTEXT() REPRESENTATION_CONTEXT('2D SPACE',''
  ) );
#4140 = ORIENTED_EDGE('',*,*,#4141,.T.);
#4141 = EDGE_CURVE('',#4122,#2821,#4142,.T.);
#4142 = SURFACE_CURVE('',#4143,(#4149,#4158),.PCURVE_S1.);
#4143 = B_SPLINE_CURVE_WITH_KNOTS('',4,(#4144,#4145,#4146,#4147,#4148),
  .UNSPECIFIED.,.F.,.F.,(5,5),(0.,1.),.PIECEWISE_BEZIER_KNOTS.);
#4144 = CARTESIAN_POINT('',(-0.4,-5.777413174145,4.5));
#4145 = CARTESIAN_POINT('',(-0.4,-5.649537907017,4.751863301714));
#4146 = CARTESIAN_POINT('',(-0.4,-5.518817215642,5.002430988146));
#4147 = CARTESIAN_POINT('',(-0.4,-5.385562946252,5.251786154749));
#4148 = CARTESIAN_POINT('',(-0.4,-5.25,5.5));
#4149 = PCURVE('',#2834,#4150);
#4150 = DEFINITIONAL_REPRESENTATION('',(#4151),#4157);
#4151 = B_SPLINE_CURVE_WITH_KNOTS('',4,(#4152,#4153,#4154,#4155,#4156),
  .UNSPECIFIED.,.F.,.F.,(5,5),(0.,1.),.PIECEWISE_BEZIER_KNOTS.);
#4152 = CARTESIAN_POINT('',(0.486930165728,0.842329183508));
#4153 = CARTESIAN_POINT('',(0.486820947102,0.883053066182));
#4154 = CARTESIAN_POINT('',(0.486706864613,0.922852596086));
#4155 = CARTESIAN_POINT('',(0.486587819386,0.961813254577));
#4156 = CARTESIAN_POINT('',(0.486463620981,1.));
#4157 = ( GEOMETRIC_REPRESENTATION_CONTEXT(2) 
PARAMETRIC_REPRESENTATION_CONTEXT() REPRESENTATION_CONTEXT('2D SPACE',''
  ) );
#4158 = PCURVE('',#2912,#4159);
#4159 = DEFINITIONAL_REPRESENTATION('',(#4160),#4166);
#4160 = B_SPLINE_CURVE_WITH_KNOTS('',4,(#4161,#4162,#4163,#4164,#4165),
  .UNSPECIFIED.,.F.,.F.,(5,5),(0.,1.),.PIECEWISE_BEZIER_KNOTS.);
#4161 = CARTESIAN_POINT('',(0.822586825855,0.));
#4162 = CARTESIAN_POINT('',(0.950462092983,-0.251863301714));
#4163 = CARTESIAN_POINT('',(1.081182784358,-0.502430988146));
#4164 = CARTESIAN_POINT('',(1.214437053748,-0.751786154749));
#4165 = CARTESIAN_POINT('',(1.35,-1.));
#4166 = ( GEOMETRIC_REPRESENTATION_CONTEXT(2) 
PARAMETRIC_REPRESENTATION_CONTEXT() REPRESENTATION_CONTEXT('2D SPACE',''
  ) );
#4167 = ORIENTED_EDGE('',*,*,#2818,.F.);
#4168 = ORIENTED_EDGE('',*,*,#2951,.F.);
#4169 = ORIENTED_EDGE('',*,*,#2982,.T.);
#4170 = ORIENTED_EDGE('',*,*,#3029,.T.);
#4171 = ORIENTED_EDGE('',*,*,#3081,.F.);
#4172 = ADVANCED_FACE('',(#4173),#2912,.T.);
#4173 = FACE_BOUND('',#4174,.T.);
#4174 = EDGE_LOOP('',(#4175,#4176,#4197,#4198));
#4175 = ORIENTED_EDGE('',*,*,#3857,.T.);
#4176 = ORIENTED_EDGE('',*,*,#4177,.F.);
#4177 = EDGE_CURVE('',#4122,#3829,#4178,.T.);
#4178 = SURFACE_CURVE('',#4179,(#4183,#4190),.PCURVE_S1.);
#4179 = LINE('',#4180,#4181);
#4180 = CARTESIAN_POINT('',(-0.4,-6.6,4.5));
#4181 = VECTOR('',#4182,1.);
#4182 = DIRECTION('',(0.,1.,0.));
#4183 = PCURVE('',#2912,#4184);
#4184 = DEFINITIONAL_REPRESENTATION('',(#4185),#4189);
#4185 = LINE('',#4186,#4187);
#4186 = CARTESIAN_POINT('',(0.,0.));
#4187 = VECTOR('',#4188,1.);
#4188 = DIRECTION('',(1.,0.));
#4189 = ( GEOMETRIC_REPRESENTATION_CONTEXT(2) 
PARAMETRIC_REPRESENTATION_CONTEXT() REPRESENTATION_CONTEXT('2D SPACE',''
  ) );
#4190 = PCURVE('',#3845,#4191);
#4191 = DEFINITIONAL_REPRESENTATION('',(#4192),#4196);
#4192 = LINE('',#4193,#4194);
#4193 = CARTESIAN_POINT('',(0.4,-6.6));
#4194 = VECTOR('',#4195,1.);
#4195 = DIRECTION('',(0.,1.));
#4196 = ( GEOMETRIC_REPRESENTATION_CONTEXT(2) 
PARAMETRIC_REPRESENTATION_CONTEXT() REPRESENTATION_CONTEXT('2D SPACE',''
  ) );
#4197 = ORIENTED_EDGE('',*,*,#4141,.T.);
#4198 = ORIENTED_EDGE('',*,*,#2898,.T.);
#4199 = ADVANCED_FACE('',(#4200,#5334),#3180,.F.);
#4200 = FACE_BOUND('',#4201,.F.);
#4201 = EDGE_LOOP('',(#4202,#4267,#4556,#4619,#4770,#4833,#5122,#5185));
#4202 = ORIENTED_EDGE('',*,*,#4203,.T.);
#4203 = EDGE_CURVE('',#4204,#4206,#4208,.T.);
#4204 = VERTEX_POINT('',#4205);
#4205 = CARTESIAN_POINT('',(-18.625,8.6,0.));
#4206 = VERTEX_POINT('',#4207);
#4207 = CARTESIAN_POINT('',(-18.625,-8.6,0.));
#4208 = SURFACE_CURVE('',#4209,(#4219,#4232),.PCURVE_S1.);
#4209 = B_SPLINE_CURVE_WITH_KNOTS('',8,(#4210,#4211,#4212,#4213,#4214,
    #4215,#4216,#4217,#4218),.UNSPECIFIED.,.F.,.F.,(9,9),(0.,1.),
  .PIECEWISE_BEZIER_KNOTS.);
#4210 = CARTESIAN_POINT('',(-18.625,8.6,0.));
#4211 = CARTESIAN_POINT('',(-18.625,6.45,0.));
#4212 = CARTESIAN_POINT('',(-18.625,4.3,0.));
#4213 = CARTESIAN_POINT('',(-18.625,2.15,0.));
#4214 = CARTESIAN_POINT('',(-18.625,1.665334536938E-16,0.));
#4215 = CARTESIAN_POINT('',(-18.625,-2.15,0.));
#4216 = CARTESIAN_POINT('',(-18.625,-4.3,0.));
#4217 = CARTESIAN_POINT('',(-18.625,-6.45,0.));
#4218 = CARTESIAN_POINT('',(-18.625,-8.6,0.));
#4219 = PCURVE('',#3180,#4220);
#4220 = DEFINITIONAL_REPRESENTATION('',(#4221),#4231);
#4221 = B_SPLINE_CURVE_WITH_KNOTS('',8,(#4222,#4223,#4224,#4225,#4226,
    #4227,#4228,#4229,#4230),.UNSPECIFIED.,.F.,.F.,(9,9),(0.,1.),
  .PIECEWISE_BEZIER_KNOTS.);
#4222 = CARTESIAN_POINT('',(0.,0.));
#4223 = CARTESIAN_POINT('',(0.91031124796,-1.947776535396));
#4224 = CARTESIAN_POINT('',(1.82062249592,-3.895553070791));
#4225 = CARTESIAN_POINT('',(2.73093374388,-5.843329606187));
#4226 = CARTESIAN_POINT('',(3.64124499184,-7.791106141582));
#4227 = CARTESIAN_POINT('',(4.5515562398,-9.738882676978));
#4228 = CARTESIAN_POINT('',(5.46186748776,-11.68665921237));
#4229 = CARTESIAN_POINT('',(6.37217873572,-13.63443574776));
#4230 = CARTESIAN_POINT('',(7.28248998368,-15.58221228316));
#4231 = ( GEOMETRIC_REPRESENTATION_CONTEXT(2) 
PARAMETRIC_REPRESENTATION_CONTEXT() REPRESENTATION_CONTEXT('2D SPACE',''
  ) );
#4232 = PCURVE('',#4233,#4261);
#4233 = B_SPLINE_SURFACE_WITH_KNOTS('',8,2,(
    (#4234,#4235,#4236)
    ,(#4237,#4238,#4239)
    ,(#4240,#4241,#4242)
    ,(#4243,#4244,#4245)
    ,(#4246,#4247,#4248)
    ,(#4249,#4250,#4251)
    ,(#4252,#4253,#4254)
    ,(#4255,#4256,#4257)
    ,(#4258,#4259,#4260
  )),.UNSPECIFIED.,.F.,.F.,.F.,(9,9),(3,3),(0.,1.),(0.,1.),
  .PIECEWISE_BEZIER_KNOTS.);
#4234 = CARTESIAN_POINT('',(-18.625,8.6,0.));
#4235 = CARTESIAN_POINT('',(-19.98033482583,9.821016322423,0.));
#4236 = CARTESIAN_POINT('',(-15.91433034832,2.157967355154,10.));
#4237 = CARTESIAN_POINT('',(-18.625,6.45,0.));
#4238 = CARTESIAN_POINT('',(-19.92783377765,7.362347489813,0.));
#4239 = CARTESIAN_POINT('',(-16.01933244469,1.625305020375,10.));
#4240 = CARTESIAN_POINT('',(-18.625,4.3,0.));
#4241 = CARTESIAN_POINT('',(-19.89014291967,4.906598182588,0.));
#4242 = CARTESIAN_POINT('',(-16.09471416065,1.086803634823,10.));
#4243 = CARTESIAN_POINT('',(-18.625,2.15,0.));
#4244 = CARTESIAN_POINT('',(-19.86745236117,2.452807567128,0.));
#4245 = CARTESIAN_POINT('',(-16.14009527765,0.544384865745,10.));
#4246 = CARTESIAN_POINT('',(-18.625,1.665334536938E-16,0.));
#4247 = CARTESIAN_POINT('',(-19.85987616772,-1.640354518884E-14,0.));
#4248 = CARTESIAN_POINT('',(-16.15524766455,3.28626015289E-14,10.));
#4249 = CARTESIAN_POINT('',(-18.625,-2.15,0.));
#4250 = CARTESIAN_POINT('',(-19.86745236117,-2.452807567128,0.));
#4251 = CARTESIAN_POINT('',(-16.14009527765,-0.544384865745,10.));
#4252 = CARTESIAN_POINT('',(-18.625,-4.3,0.));
#4253 = CARTESIAN_POINT('',(-19.89014291967,-4.906598182588,0.));
#4254 = CARTESIAN_POINT('',(-16.09471416065,-1.086803634823,10.));
#4255 = CARTESIAN_POINT('',(-18.625,-6.45,0.));
#4256 = CARTESIAN_POINT('',(-19.92783377765,-7.362347489813,0.));
#4257 = CARTESIAN_POINT('',(-16.01933244469,-1.625305020375,10.));
#4258 = CARTESIAN_POINT('',(-18.625,-8.6,0.));
#4259 = CARTESIAN_POINT('',(-19.98033482583,-9.821016322423,0.));
#4260 = CARTESIAN_POINT('',(-15.91433034832,-2.157967355154,10.));
#4261 = DEFINITIONAL_REPRESENTATION('',(#4262),#4266);
#4262 = LINE('',#4263,#4264);
#4263 = CARTESIAN_POINT('',(0.,0.));
#4264 = VECTOR('',#4265,1.);
#4265 = DIRECTION('',(1.,0.));
#4266 = ( GEOMETRIC_REPRESENTATION_CONTEXT(2) 
PARAMETRIC_REPRESENTATION_CONTEXT() REPRESENTATION_CONTEXT('2D SPACE',''
  ) );
#4267 = ORIENTED_EDGE('',*,*,#4268,.T.);
#4268 = EDGE_CURVE('',#4206,#4269,#4271,.T.);
#4269 = VERTEX_POINT('',#4270);
#4270 = CARTESIAN_POINT('',(-18.125,-9.1,0.));
#4271 = SURFACE_CURVE('',#4272,(#4282,#4295),.PCURVE_S1.);
#4272 = B_SPLINE_CURVE_WITH_KNOTS('',8,(#4273,#4274,#4275,#4276,#4277,
    #4278,#4279,#4280,#4281),.UNSPECIFIED.,.F.,.F.,(9,9),(1.,2.),
  .PIECEWISE_BEZIER_KNOTS.);
#4273 = CARTESIAN_POINT('',(-18.625,-8.6,0.));
#4274 = CARTESIAN_POINT('',(-18.625,-8.698174770425,0.));
#4275 = CARTESIAN_POINT('',(-18.60296916754,-8.796349133776,0.));
#4276 = CARTESIAN_POINT('',(-18.55891043445,-8.888758018691,0.));
#4277 = CARTESIAN_POINT('',(-18.49462741575,-8.969627415756,0.));
#4278 = CARTESIAN_POINT('',(-18.41375801869,-9.03391043446,0.));
#4279 = CARTESIAN_POINT('',(-18.32134913377,-9.077969167543,0.));
#4280 = CARTESIAN_POINT('',(-18.22317477042,-9.1,0.));
#4281 = CARTESIAN_POINT('',(-18.125,-9.1,0.));
#4282 = PCURVE('',#3180,#4283);
#4283 = DEFINITIONAL_REPRESENTATION('',(#4284),#4294);
#4284 = B_SPLINE_CURVE_WITH_KNOTS('',8,(#4285,#4286,#4287,#4288,#4289,
    #4290,#4291,#4292,#4293),.UNSPECIFIED.,.F.,.F.,(9,9),(1.,2.),
  .PIECEWISE_BEZIER_KNOTS.);
#4285 = CARTESIAN_POINT('',(7.28248998368,-15.58221228316));
#4286 = CARTESIAN_POINT('',(7.324057238464,-15.67115298744));
#4287 = CARTESIAN_POINT('',(7.385582989968,-15.75076545568));
#4288 = CARTESIAN_POINT('',(7.464623647563,-15.81582810564));
#4289 = CARTESIAN_POINT('',(7.557100520688,-15.86187366799));
#4290 = CARTESIAN_POINT('',(7.657581017903,-15.8858702418));
#4291 = CARTESIAN_POINT('',(7.759952654181,-15.88665894837));
#4292 = CARTESIAN_POINT('',(7.858220856925,-15.86505053502));
#4293 = CARTESIAN_POINT('',(7.947161561205,-15.82348328024));
#4294 = ( GEOMETRIC_REPRESENTATION_CONTEXT(2) 
PARAMETRIC_REPRESENTATION_CONTEXT() REPRESENTATION_CONTEXT('2D SPACE',''
  ) );
#4295 = PCURVE('',#4296,#4550);
#4296 = B_SPLINE_SURFACE_WITH_KNOTS('',8,4,(
    (#4297,#4298,#4299,#4300,#4301,#4302,#4303,#4304,#4305,#4306,#4307)
    ,(#4308,#4309,#4310,#4311,#4312,#4313,#4314,#4315,#4316,#4317,#4318)
    ,(#4319,#4320,#4321,#4322,#4323,#4324,#4325,#4326,#4327,#4328,#4329)
    ,(#4330,#4331,#4332,#4333,#4334,#4335,#4336,#4337,#4338,#4339,#4340)
    ,(#4341,#4342,#4343,#4344,#4345,#4346,#4347,#4348,#4349,#4350,#4351)
    ,(#4352,#4353,#4354,#4355,#4356,#4357,#4358,#4359,#4360,#4361,#4362)
    ,(#4363,#4364,#4365,#4366,#4367,#4368,#4369,#4370,#4371,#4372,#4373)
    ,(#4374,#4375,#4376,#4377,#4378,#4379,#4380,#4381,#4382,#4383,#4384)
    ,(#4385,#4386,#4387,#4388,#4389,#4390,#4391,#4392,#4393,#4394,#4395)
    ,(#4396,#4397,#4398,#4399,#4400,#4401,#4402,#4403,#4404,#4405,#4406)
    ,(#4407,#4408,#4409,#4410,#4411,#4412,#4413,#4414,#4415,#4416,#4417)
    ,(#4418,#4419,#4420,#4421,#4422,#4423,#4424,#4425,#4426,#4427,#4428)
    ,(#4429,#4430,#4431,#4432,#4433,#4434,#4435,#4436,#4437,#4438,#4439)
    ,(#4440,#4441,#4442,#4443,#4444,#4445,#4446,#4447,#4448,#4449,#4450)
    ,(#4451,#4452,#4453,#4454,#4455,#4456,#4457,#4458,#4459,#4460,#4461)
    ,(#4462,#4463,#4464,#4465,#4466,#4467,#4468,#4469,#4470,#4471,#4472)
    ,(#4473,#4474,#4475,#4476,#4477,#4478,#4479,#4480,#4481,#4482,#4483)
    ,(#4484,#4485,#4486,#4487,#4488,#4489,#4490,#4491,#4492,#4493,#4494)
    ,(#4495,#4496,#4497,#4498,#4499,#4500,#4501,#4502,#4503,#4504,#4505)
    ,(#4506,#4507,#4508,#4509,#4510,#4511,#4512,#4513,#4514,#4515,#4516)
    ,(#4517,#4518,#4519,#4520,#4521,#4522,#4523,#4524,#4525,#4526,#4527)
    ,(#4528,#4529,#4530,#4531,#4532,#4533,#4534,#4535,#4536,#4537,#4538)
    ,(#4539,#4540,#4541,#4542,#4543,#4544,#4545,#4546,#4547,#4548,#4549
    )),.UNSPECIFIED.,.F.,.F.,.F.,(9,7,7,9),(5,3,3,5),(-0.143947364321,1.
    ,2.,3.209537886381),(-2.962931884725,0.,1.,1.462455292545),
  .UNSPECIFIED.);
#4297 = CARTESIAN_POINT('',(-14.50249963011,11.270326730274,0.));
#4298 = CARTESIAN_POINT('',(-23.04797237609,3.33880140932,0.));
#4299 = CARTESIAN_POINT('',(-26.76921146558,-2.524394315202,0.));
#4300 = CARTESIAN_POINT('',(-28.66919965834,-3.170271219067,0.));
#4301 = CARTESIAN_POINT('',(-15.36709599102,2.742499952744,0.));
#4302 = CARTESIAN_POINT('',(-17.7279007981,4.171401909741,1.666666666667
    ));
#4303 = CARTESIAN_POINT('',(-18.99802976152,6.550809626358,5.));
#4304 = CARTESIAN_POINT('',(-17.7134567873,11.896423495599,
    12.312276462724));
#4305 = CARTESIAN_POINT('',(-17.20418626813,13.585782585665,
    14.263532158931));
#4306 = CARTESIAN_POINT('',(-16.77489766297,15.224888121309,
    15.981334646853));
#4307 = CARTESIAN_POINT('',(-16.38972752691,16.77327344501,
    17.537537005615));
#4308 = CARTESIAN_POINT('',(-13.30091053758,8.638873582419,0.));
#4309 = CARTESIAN_POINT('',(-20.45749995131,1.958297617,0.));
#4310 = CARTESIAN_POINT('',(-23.869626584,-3.053713462099,0.));
#4311 = CARTESIAN_POINT('',(-25.78952750549,-4.035417736711,0.));
#4312 = CARTESIAN_POINT('',(-16.30598330361,-0.109062492068,0.));
#4313 = CARTESIAN_POINT('',(-18.03511647214,1.321771077671,
    1.666666666667));
#4314 = CARTESIAN_POINT('',(-18.78036101079,3.952885295616,5.));
#4315 = CARTESIAN_POINT('',(-17.27109334229,9.912952207094,
    12.312276462724));
#4316 = CARTESIAN_POINT('',(-16.73098341005,11.779558011013,
    14.323479060666));
#4317 = CARTESIAN_POINT('',(-16.26530687723,13.591163384907,
    16.1292834625));
#4318 = CARTESIAN_POINT('',(-15.84716616015,15.317418335635,
    17.78357947757));
#4319 = CARTESIAN_POINT('',(-12.25594962426,6.350432632142,0.));
#4320 = CARTESIAN_POINT('',(-18.21053154763,0.760852559173,0.));
#4321 = CARTESIAN_POINT('',(-21.35636385927,-3.512509509021,0.));
#4322 = CARTESIAN_POINT('',(-23.30218732334,-4.782695059464,0.));
#4323 = CARTESIAN_POINT('',(-17.11717322054,-2.572785956719,0.));
#4324 = CARTESIAN_POINT('',(-18.30273043493,-1.160527398231,
    1.666666666667));
#4325 = CARTESIAN_POINT('',(-18.5873584326,1.649357149902,5.));
#4326 = CARTESIAN_POINT('',(-16.85728734286,8.05752692692,
    12.312276462724));
#4327 = CARTESIAN_POINT('',(-16.27913844931,10.05485694869,
    14.38072027339));
#4328 = CARTESIAN_POINT('',(-15.76798178608,11.996761903979,
    16.273671195337));
#4329 = CARTESIAN_POINT('',(-15.30460479339,13.861563226259,
    18.029621949526));
#4330 = CARTESIAN_POINT('',(-11.36761689014,4.405003879442,0.));
#4331 = CARTESIAN_POINT('',(-16.30706716506,-0.253533764162,0.));
#4332 = CARTESIAN_POINT('',(-19.22942329138,-3.900782455969,0.));
#4333 = CARTESIAN_POINT('',(-21.20717911188,-5.412103187326,0.));
#4334 = CARTESIAN_POINT('',(-17.80066574178,-4.648670441207,0.));
#4335 = CARTESIAN_POINT('',(-18.53074268646,-3.275493517967,
    1.666666666667));
#4336 = CARTESIAN_POINT('',(-18.41902202697,-0.359774810784,5.));
#4337 = CARTESIAN_POINT('',(-16.47203878899,6.330147655076,
    12.312276462724));
#4338 = CARTESIAN_POINT('',(-15.84865138591,8.411679398696,
    14.435255797104));
#4339 = CARTESIAN_POINT('',(-15.28292238952,10.441683678528,
    16.414497845365));
#4340 = CARTESIAN_POINT('',(-14.76204342662,12.405708116884,
    18.275664421481));
#4341 = CARTESIAN_POINT('',(-10.63591233523,2.802587324318,0.));
#4342 = CARTESIAN_POINT('',(-14.7471068036,-1.084861353006,0.));
#4343 = CARTESIAN_POINT('',(-17.48880488034,-4.218532302941,0.));
#4344 = CARTESIAN_POINT('',(-19.50450287112,-5.923642120296,0.));
#4345 = CARTESIAN_POINT('',(-18.35646086736,-6.336715945532,0.));
#4346 = CARTESIAN_POINT('',(-18.71915322673,-5.023127281535,
    1.666666666667));
#4347 = CARTESIAN_POINT('',(-18.27535179389,-2.074510586442,5.));
#4348 = CARTESIAN_POINT('',(-16.1153476807,4.730814391563,
    12.312276462724));
#4349 = CARTESIAN_POINT('',(-15.43952221985,6.850025361032,
    14.487085631806));
#4350 = CARTESIAN_POINT('',(-14.81012868754,8.925928708551,
    16.551763412582));
#4351 = CARTESIAN_POINT('',(-14.21948205986,10.949853007509,
    18.521706893437));
#4352 = CARTESIAN_POINT('',(-10.06083595952,1.543182966772,0.));
#4353 = CARTESIAN_POINT('',(-13.53065046325,-1.733130207358,0.));
#4354 = CARTESIAN_POINT('',(-16.13450862615,-4.465759049939,0.));
#4355 = CARTESIAN_POINT('',(-18.19415860105,-6.317311858375,0.));
#4356 = CARTESIAN_POINT('',(-18.78455859726,-7.636922469695,0.));
#4357 = CARTESIAN_POINT('',(-18.86796205575,-6.403428688937,
    1.666666666667));
#4358 = CARTESIAN_POINT('',(-18.15634773336,-3.494850177071,5.));
#4359 = CARTESIAN_POINT('',(-15.78721401798,3.259527136381,
    12.312276462724));
#4360 = CARTESIAN_POINT('',(-15.05175095113,5.369894835697,
    14.536209777498));
#4361 = CARTESIAN_POINT('',(-14.34960068015,7.44949699405,16.68546789699
    ));
#4362 = CARTESIAN_POINT('',(-13.67692069309,9.493997898133,
    18.767749365392));
#4363 = CARTESIAN_POINT('',(-9.642387763027,0.626790806803,0.));
#4364 = CARTESIAN_POINT('',(-12.657698144,-2.198340327219,0.));
#4365 = CARTESIAN_POINT('',(-15.1665345288,-4.642462696962,0.));
#4366 = CARTESIAN_POINT('',(-17.27614630168,-6.593112401562,0.));
#4367 = CARTESIAN_POINT('',(-19.08495893148,-8.549290013696,0.));
#4368 = CARTESIAN_POINT('',(-18.97716917352,-7.416397740172,
    1.666666666667));
#4369 = CARTESIAN_POINT('',(-18.06200984538,-4.620793582672,5.));
#4370 = CARTESIAN_POINT('',(-15.48763780084,1.916285889529,
    12.312276462724));
#4371 = CARTESIAN_POINT('',(-14.68533757974,3.971287822691,
    14.582628234179));
#4372 = CARTESIAN_POINT('',(-13.90133836734,6.012388535024,
    16.815611298587));
#4373 = CARTESIAN_POINT('',(-13.13435932633,8.038142788758,
    19.013791837348));
#4374 = CARTESIAN_POINT('',(-9.380567745731,5.341084441029E-02,0.));
#4375 = CARTESIAN_POINT('',(-12.12824984587,-2.480491712587,0.));
#4376 = CARTESIAN_POINT('',(-14.58488258829,-4.74864324401,0.));
#4377 = CARTESIAN_POINT('',(-16.750465973,-6.751043749857,0.));
#4378 = CARTESIAN_POINT('',(-19.25766187004,-9.073818577535,0.));
#4379 = CARTESIAN_POINT('',(-19.04677458002,-8.06203443524,
    1.666666666667));
#4380 = CARTESIAN_POINT('',(-17.99233812996,-5.452340803244,5.));
#4381 = CARTESIAN_POINT('',(-15.21661902926,0.701090651008,
    12.312276462724));
#4382 = CARTESIAN_POINT('',(-14.34028210569,2.654204322015,
    14.626341001849));
#4383 = CARTESIAN_POINT('',(-13.46534174913,4.614603331473,
    16.942193617375));
#4384 = CARTESIAN_POINT('',(-12.59179795956,6.582287679383,
    19.259834309303));
#4385 = CARTESIAN_POINT('',(-9.183420769344,-0.378336609716,0.));
#4386 = CARTESIAN_POINT('',(-11.77975938636,-2.666207799094,0.));
#4387 = CARTESIAN_POINT('',(-14.21880213048,-4.815471222338,0.));
#4388 = CARTESIAN_POINT('',(-16.50054900169,-6.826126879448,0.));
#4389 = CARTESIAN_POINT('',(-19.34200973257,-9.329997560759,0.));
#4390 = CARTESIAN_POINT('',(-19.10300648838,-8.583622991214,
    1.666666666667));
#4391 = CARTESIAN_POINT('',(-17.90799026742,-6.459051061789,5.));
#4392 = CARTESIAN_POINT('',(-14.76220623279,-1.336407576084,
    12.312276462724));
#4393 = CARTESIAN_POINT('',(-13.73361908249,0.338559683899,
    14.703195078314));
#4394 = CARTESIAN_POINT('',(-12.67119961879,2.068620007464,
    17.172755846772));
#4395 = CARTESIAN_POINT('',(-11.57494784169,3.853773394609,
    19.720958768096));
#4396 = CARTESIAN_POINT('',(-9.192419121765,-0.441430030336,0.));
#4397 = CARTESIAN_POINT('',(-11.69356156627,-2.662006159088,0.));
#4398 = CARTESIAN_POINT('',(-14.09570072207,-4.794684719246,0.));
#4399 = CARTESIAN_POINT('',(-16.39883658916,-6.839465710808,0.));
#4400 = CARTESIAN_POINT('',(-19.34687171546,-9.456804216478,0.));
#4401 = CARTESIAN_POINT('',(-19.06953063217,-8.831785576565,
    1.666666666667));
#4402 = CARTESIAN_POINT('',(-17.77094591764,-6.921293214035,5.));
#4403 = CARTESIAN_POINT('',(-14.37830067561,-2.24733569802,
    12.312276462724));
#4404 = CARTESIAN_POINT('',(-13.25705082955,-0.702619474694,
    14.728942006368));
#4405 = CARTESIAN_POINT('',(-12.0873680337,0.908821541088,
    17.249996630932));
#4406 = CARTESIAN_POINT('',(-10.86925228807,2.586987349326,
    19.875440336417));
#4407 = CARTESIAN_POINT('',(-9.268856701938,-0.400058057212,0.));
#4408 = CARTESIAN_POINT('',(-11.67166968621,-2.595606013587,0.));
#4409 = CARTESIAN_POINT('',(-14.02094963639,-4.742238659292,0.));
#4410 = CARTESIAN_POINT('',(-16.31669655247,-6.839955994327,0.));
#4411 = CARTESIAN_POINT('',(-19.31566555716,-9.580235954761,0.));
#4412 = CARTESIAN_POINT('',(-18.97529162582,-9.068084531278,
    1.666666666667));
#4413 = CARTESIAN_POINT('',(-17.53778864044,-7.352303748243,5.));
#4414 = CARTESIAN_POINT('',(-13.83100259975,-3.082796934107,
    12.312276462724));
#4415 = CARTESIAN_POINT('',(-12.59918601087,-1.663980400802,
    14.742247696651));
#4416 = CARTESIAN_POINT('',(-11.3077068344,-0.176444005741,
    17.289913701783));
#4417 = CARTESIAN_POINT('',(-9.956565070347,1.379812251077,
    19.955274478118));
#4418 = CARTESIAN_POINT('',(-9.379478487613,-0.293384829999,0.));
#4419 = CARTESIAN_POINT('',(-11.69717224683,-2.499478603453,0.));
#4420 = CARTESIAN_POINT('',(-13.98892832126,-4.680883625564,0.));
#4421 = CARTESIAN_POINT('',(-16.2547467109,-6.837599896331,0.));
#4422 = CARTESIAN_POINT('',(-19.25059508291,-9.689194251031,0.));
#4423 = CARTESIAN_POINT('',(-18.82477967247,-9.275512451215,
    1.666666666667));
#4424 = CARTESIAN_POINT('',(-17.21718118442,-7.72858201631,5.));
#4425 = CARTESIAN_POINT('',(-13.1378353508,-3.808939950428,
    12.312276462724));
#4426 = CARTESIAN_POINT('',(-11.78240531133,-2.506574125917,
    14.741901108127));
#4427 = CARTESIAN_POINT('',(-10.36150950036,-1.141305472782,
    17.28887393621));
#4428 = CARTESIAN_POINT('',(-8.875147917882,0.286866008977,
    19.953194946973));
#4429 = CARTESIAN_POINT('',(-9.490410224576,-0.160523846782,0.));
#4430 = CARTESIAN_POINT('',(-11.74755883705,-2.405034840462,0.));
#4431 = CARTESIAN_POINT('',(-13.98716634022,-4.632102936301,0.));
#4432 = CARTESIAN_POINT('',(-16.2092327341,-6.841728134301,0.));
#4433 = CARTESIAN_POINT('',(-19.15779310635,-9.773779721183,0.));
#4434 = CARTESIAN_POINT('',(-18.62812263233,-9.43903440184,
    1.666666666667));
#4435 = CARTESIAN_POINT('',(-16.82474659665,-8.029674476431,5.));
#4436 = CARTESIAN_POINT('',(-12.32465232899,-4.396972776331,
    12.312276462724));
#4437 = CARTESIAN_POINT('',(-10.83792992569,-3.196815917203,
    14.72807590817));
#4438 = CARTESIAN_POINT('',(-9.287497789388,-1.945229367574,
    17.247398336339));
#4439 = CARTESIAN_POINT('',(-7.673355920072,-0.642213127444,
    19.870243747231));
#4440 = CARTESIAN_POINT('',(-9.568270448643,-3.657884740833E-02,0.));
#4441 = CARTESIAN_POINT('',(-11.7961559325,-2.337847118006,0.));
#4442 = CARTESIAN_POINT('',(-13.99763087464,-4.611834928228,0.));
#4443 = CARTESIAN_POINT('',(-16.17269527507,-6.858542278074,0.));
#4444 = CARTESIAN_POINT('',(-19.04652741741,-9.827033599605,0.));
#4445 = CARTESIAN_POINT('',(-18.39993437718,-9.547971888261,
    1.666666666667));
#4446 = CARTESIAN_POINT('',(-16.38157001309,-8.240784033512,5.));
#4447 = CARTESIAN_POINT('',(-11.4236481338,-4.825491717157,
    12.312276462724));
#4448 = CARTESIAN_POINT('',(-9.803200468857,-3.709237247265,
    14.702221606661));
#4449 = CARTESIAN_POINT('',(-8.130091330309,-2.556706625682,
    17.169835431811));
#4450 = CARTESIAN_POINT('',(-6.404320718158,-1.367899852408,
    19.715117938175));
#4451 = CARTESIAN_POINT('',(-9.582789407892,4.914565279565E-02,0.));
#4452 = CARTESIAN_POINT('',(-11.81608486512,-2.31564996298,0.));
#4453 = CARTESIAN_POINT('',(-14.00058091128,-4.628772777038,0.));
#4454 = CARTESIAN_POINT('',(-16.13627754638,-6.890222789378,0.));
#4455 = CARTESIAN_POINT('',(-18.92750997124,-9.845807631291,0.));
#4456 = CARTESIAN_POINT('',(-18.1569645982,-9.597205087527,
    1.666666666667));
#4457 = CARTESIAN_POINT('',(-15.9115386513,-8.354192368709,5.));
#4458 = CARTESIAN_POINT('',(-10.47075669014,-5.082061415905,
    12.312276462724));
#4459 = CARTESIAN_POINT('',(-8.718883577708,-4.028470539172,
    14.666750620511));
#4460 = CARTESIAN_POINT('',(-6.935612793255,-2.955996844639,
    17.063422473362));
#4461 = CARTESIAN_POINT('',(-5.12094433678,-1.864640332305,
    19.502292021276));
#4462 = CARTESIAN_POINT('',(-9.423030764356,0.102793383912,0.));
#4463 = CARTESIAN_POINT('',(-11.74581378765,-2.387657104446,0.));
#4464 = CARTESIAN_POINT('',(-13.95061198397,-4.75160616455,0.));
#4465 = CARTESIAN_POINT('',(-16.03742535332,-6.989053796401,0.));
#4466 = CARTESIAN_POINT('',(-18.67074049846,-9.812451816554,0.));
#4467 = CARTESIAN_POINT('',(-17.62425015845,-9.574967877703,
    1.666666666667));
#4468 = CARTESIAN_POINT('',(-14.86678287563,-8.387548183446,5.));
#4469 = CARTESIAN_POINT('',(-8.331882968446,-5.261761394038,
    12.312276462724));
#4470 = CARTESIAN_POINT('',(-6.303403960723,-4.296169537824,
    14.57351321455));
#4471 = CARTESIAN_POINT('',(-4.312901626854,-3.353417165142,
    16.783710255479));
#4472 = CARTESIAN_POINT('',(-2.360375966839,-2.433504275991,
    18.94286758551));
#4473 = CARTESIAN_POINT('',(-8.544436013346,-0.230853412522,0.));
#4474 = CARTESIAN_POINT('',(-11.06932796794,-2.739224312827,0.));
#4475 = CARTESIAN_POINT('',(-13.3988856282,-5.053539044175,0.));
#4476 = CARTESIAN_POINT('',(-15.53310899412,-7.173797606566,0.));
#4477 = CARTESIAN_POINT('',(-18.12637999113,-9.750100126622,0.));
#4478 = CARTESIAN_POINT('',(-16.97460517978,-9.499968656418,
    1.666666666667));
#4479 = CARTESIAN_POINT('',(-14.01667363169,-8.349605589387,5.));
#4480 = CARTESIAN_POINT('',(-7.049407505352,-5.350702570363,
    12.312276462724));
#4481 = CARTESIAN_POINT('',(-4.914449801135,-4.442249611958,
    14.522473503652));
#4482 = CARTESIAN_POINT('',(-2.847712234181,-3.573652050313,
    16.630591122786));
#4483 = CARTESIAN_POINT('',(-0.849194804493,-2.744909885429,
    18.636629320126));
#4484 = CARTESIAN_POINT('',(-6.833000611145,-1.069937073889,0.));
#4485 = CARTESIAN_POINT('',(-9.733973665253,-3.474152022438,0.));
#4486 = CARTESIAN_POINT('',(-12.31583666645,-5.613900826306,0.));
#4487 = CARTESIAN_POINT('',(-14.57858961473,-7.489183485493,0.));
#4488 = CARTESIAN_POINT('',(-17.17821886787,-9.643656276004,0.));
#4489 = CARTESIAN_POINT('',(-15.96693199059,-9.362143233345,
    1.666666666667));
#4490 = CARTESIAN_POINT('',(-12.88837187827,-8.255460872023,5.));
#4491 = CARTESIAN_POINT('',(-5.655311723364,-5.430214158214,
    12.312276462724));
#4492 = CARTESIAN_POINT('',(-3.45881530606,-4.587866864079,
    14.471433792755));
#4493 = CARTESIAN_POINT('',(-1.353049278987,-3.79656730963,
    16.477471990094));
#4494 = CARTESIAN_POINT('',(0.661986357854,-3.056315494867,
    18.330391054741));
#4495 = CARTESIAN_POINT('',(-4.306022761005,-2.726590664032,0.));
#4496 = CARTESIAN_POINT('',(-7.748399981222,-4.748506765201,0.));
#4497 = CARTESIAN_POINT('',(-10.7043481326,-6.484713688251,0.));
#4498 = CARTESIAN_POINT('',(-13.17386721514,-7.935211433184,0.));
#4499 = CARTESIAN_POINT('',(-15.82625712869,-9.4931202647,0.));
#4500 = CARTESIAN_POINT('',(-14.60123059087,-9.161491608485,
    1.666666666667));
#4501 = CARTESIAN_POINT('',(-11.48187761538,-8.105114031354,5.));
#4502 = CARTESIAN_POINT('',(-4.149595622482,-5.500296157593,
    12.312276462724));
#4503 = CARTESIAN_POINT('',(-1.936500475499,-4.733021294188,
    14.420394081858));
#4504 = CARTESIAN_POINT('',(0.171087238728,-4.022162943092,
    16.324352857402));
#4505 = CARTESIAN_POINT('',(2.1731675202,-3.367721104305,18.024152789357
    ));
#4506 = CARTESIAN_POINT('',(-1.276648911063,-5.641002885392,0.));
#4507 = CARTESIAN_POINT('',(-5.269180139915,-6.782382892336,0.));
#4508 = CARTESIAN_POINT('',(-8.616611101345,-7.739342413751,0.));
#4509 = CARTESIAN_POINT('',(-11.31894179535,-8.511881449638,0.));
#4510 = CARTESIAN_POINT('',(-14.07049477358,-9.298492092709,0.));
#4511 = CARTESIAN_POINT('',(-12.87750098061,-8.898013781836,
    1.666666666667));
#4512 = CARTESIAN_POINT('',(-9.79719084302,-7.89856506738,5.));
#4513 = CARTESIAN_POINT('',(-2.532259202705,-5.560948568498,
    12.312276462724));
#4514 = CARTESIAN_POINT('',(-0.347505309452,-4.877712902285,
    14.36935437096));
#4515 = CARTESIAN_POINT('',(1.724697318965,-4.2504389507,16.17123372471)
  );
#4516 = CARTESIAN_POINT('',(3.684348682546,-3.679126713743,
    17.717914523972));
#4517 = CARTESIAN_POINT('',(1.385353980056,-9.791435831305,0.));
#4518 = CARTESIAN_POINT('',(-2.731197620646,-9.56491145051,0.));
#4519 = CARTESIAN_POINT('',(-6.197586732451,-9.374164018361,0.));
#4520 = CARTESIAN_POINT('',(-9.01381335536,-9.219193534856,0.));
#4521 = CARTESIAN_POINT('',(-11.91093180256,-9.059771760032,0.));
#4522 = CARTESIAN_POINT('',(-10.79574315983,-8.5717097534,1.666666666667
    ));
#4523 = CARTESIAN_POINT('',(-7.834311561188,-7.635813980102,5.));
#4524 = CARTESIAN_POINT('',(-0.803302464035,-5.61217139093,
    12.312276462724));
#4525 = CARTESIAN_POINT('',(1.308170192081,-5.021941688369,
    14.318314660063));
#4526 = CARTESIAN_POINT('',(3.307780961724,-4.481395332452,
    16.018114592018));
#4527 = CARTESIAN_POINT('',(5.195529844892,-3.990532323181,
    17.411676258588));
#4528 = CARTESIAN_POINT('',(3.057388778573,-13.91785876707,0.));
#4529 = CARTESIAN_POINT('',(-0.445750990302,-12.46607707237,0.));
#4530 = CARTESIAN_POINT('',(-3.551041214883,-11.17917337963,0.));
#4531 = CARTESIAN_POINT('',(-6.25848189517,-10.05714768883,0.));
#4532 = CARTESIAN_POINT('',(-9.347568215614,-8.776959266668,0.));
#4533 = CARTESIAN_POINT('',(-8.355957128521,-8.182579523176,
    1.666666666667));
#4534 = CARTESIAN_POINT('',(-5.593239769887,-7.316860769519,5.));
#4535 = CARTESIAN_POINT('',(1.037274593529,-5.653964624889,
    12.312276462724));
#4536 = CARTESIAN_POINT('',(3.0305260291,-5.16570765244,14.267274949165)
  );
#4537 = CARTESIAN_POINT('',(4.920338167004,-4.71503208835,
    15.864995459325));
#4538 = CARTESIAN_POINT('',(6.706711007239,-4.301937932619,
    17.105437993203));
#4539 = CARTESIAN_POINT('',(4.410486882795,-16.80297564634,0.));
#4540 = CARTESIAN_POINT('',(1.922675450269,-14.87723173475,0.));
#4541 = CARTESIAN_POINT('',(-0.565135982256,-12.95148782317,0.));
#4542 = CARTESIAN_POINT('',(-3.052947414781,-11.02574391158,0.));
#4543 = CARTESIAN_POINT('',(-6.380404012743,-8.450054612618,0.));
#4544 = CARTESIAN_POINT('',(-5.558142886678,-7.730623091163,
    1.666666666667));
#4545 = CARTESIAN_POINT('',(-3.073975469114,-6.941705435631,5.));
#4546 = CARTESIAN_POINT('',(2.989471969987,-5.686328270375,
    12.312276462724));
#4547 = CARTESIAN_POINT('',(4.819562201606,-5.309010794499,
    14.216235238268));
#4548 = CARTESIAN_POINT('',(6.562368934805,-4.951349218393,
    15.711876326633));
#4549 = CARTESIAN_POINT('',(8.217892169585,-4.613343542057,
    16.799199727819));
#4550 = DEFINITIONAL_REPRESENTATION('',(#4551),#4555);
#4551 = LINE('',#4552,#4553);
#4552 = CARTESIAN_POINT('',(0.,0.));
#4553 = VECTOR('',#4554,1.);
#4554 = DIRECTION('',(1.,0.));
#4555 = ( GEOMETRIC_REPRESENTATION_CONTEXT(2) 
PARAMETRIC_REPRESENTATION_CONTEXT() REPRESENTATION_CONTEXT('2D SPACE',''
  ) );
#4556 = ORIENTED_EDGE('',*,*,#4557,.T.);
#4557 = EDGE_CURVE('',#4269,#4558,#4560,.T.);
#4558 = VERTEX_POINT('',#4559);
#4559 = CARTESIAN_POINT('',(18.125,-9.1,0.));
#4560 = SURFACE_CURVE('',#4561,(#4571,#4584),.PCURVE_S1.);
#4561 = B_SPLINE_CURVE_WITH_KNOTS('',8,(#4562,#4563,#4564,#4565,#4566,
    #4567,#4568,#4569,#4570),.UNSPECIFIED.,.F.,.F.,(9,9),(2.,3.),
  .PIECEWISE_BEZIER_KNOTS.);
#4562 = CARTESIAN_POINT('',(-18.125,-9.1,0.));
#4563 = CARTESIAN_POINT('',(-13.59375,-9.1,0.));
#4564 = CARTESIAN_POINT('',(-9.0625,-9.1,0.));
#4565 = CARTESIAN_POINT('',(-4.53125,-9.1,0.));
#4566 = CARTESIAN_POINT('',(0.,-9.1,0.));
#4567 = CARTESIAN_POINT('',(4.53125,-9.1,0.));
#4568 = CARTESIAN_POINT('',(9.0625,-9.1,0.));
#4569 = CARTESIAN_POINT('',(13.59375,-9.1,0.));
#4570 = CARTESIAN_POINT('',(18.125,-9.1,0.));
#4571 = PCURVE('',#3180,#4572);
#4572 = DEFINITIONAL_REPRESENTATION('',(#4573),#4583);
#4573 = B_SPLINE_CURVE_WITH_KNOTS('',8,(#4574,#4575,#4576,#4577,#4578,
    #4579,#4580,#4581,#4582),.UNSPECIFIED.,.F.,.F.,(9,9),(2.,3.),
  .PIECEWISE_BEZIER_KNOTS.);
#4574 = CARTESIAN_POINT('',(7.947161561205,-15.82348328024));
#4575 = CARTESIAN_POINT('',(12.052213852373,-13.90494940009));
#4576 = CARTESIAN_POINT('',(16.157266143541,-11.98641551994));
#4577 = CARTESIAN_POINT('',(20.262318434709,-10.06788163979));
#4578 = CARTESIAN_POINT('',(24.367370725877,-8.149347759649));
#4579 = CARTESIAN_POINT('',(28.472423017045,-6.2308138795));
#4580 = CARTESIAN_POINT('',(32.577475308212,-4.312279999352));
#4581 = CARTESIAN_POINT('',(36.68252759938,-2.393746119204));
#4582 = CARTESIAN_POINT('',(40.787579890548,-0.475212239055));
#4583 = ( GEOMETRIC_REPRESENTATION_CONTEXT(2) 
PARAMETRIC_REPRESENTATION_CONTEXT() REPRESENTATION_CONTEXT('2D SPACE',''
  ) );
#4584 = PCURVE('',#4585,#4613);
#4585 = B_SPLINE_SURFACE_WITH_KNOTS('',8,2,(
    (#4586,#4587,#4588)
    ,(#4589,#4590,#4591)
    ,(#4592,#4593,#4594)
    ,(#4595,#4596,#4597)
    ,(#4598,#4599,#4600)
    ,(#4601,#4602,#4603)
    ,(#4604,#4605,#4606)
    ,(#4607,#4608,#4609)
    ,(#4610,#4611,#4612
  )),.UNSPECIFIED.,.F.,.F.,.F.,(9,9),(3,3),(2.,3.),(0.,1.),
  .PIECEWISE_BEZIER_KNOTS.);
#4586 = CARTESIAN_POINT('',(-18.125,-9.1,0.));
#4587 = CARTESIAN_POINT('',(-19.49760077976,-10.56142269159,0.));
#4588 = CARTESIAN_POINT('',(-11.37979844046,-6.177154616802,10.));
#4589 = CARTESIAN_POINT('',(-13.59375,-9.1,0.));
#4590 = CARTESIAN_POINT('',(-14.62058338029,-10.45575995683,0.));
#4591 = CARTESIAN_POINT('',(-8.54008323941,-6.388480086341,10.));
#4592 = CARTESIAN_POINT('',(-9.0625,-9.1,0.));
#4593 = CARTESIAN_POINT('',(-9.745808473588,-10.38023102031,0.));
#4594 = CARTESIAN_POINT('',(-5.695883052824,-6.539537959365,10.));
#4595 = CARTESIAN_POINT('',(-4.53125,-9.1,0.));
#4596 = CARTESIAN_POINT('',(-4.872529937731,-10.33489143659,0.));
#4597 = CARTESIAN_POINT('',(-2.848690124539,-6.630217126807,10.));
#4598 = CARTESIAN_POINT('',(0.,-9.1,0.));
#4599 = CARTESIAN_POINT('',(3.441691376338E-15,-10.31977453838,0.));
#4600 = CARTESIAN_POINT('',(-7.327471962526E-15,-6.660450923225,10.));
#4601 = CARTESIAN_POINT('',(4.53125,-9.1,0.));
#4602 = CARTESIAN_POINT('',(4.872529937731,-10.33489143659,0.));
#4603 = CARTESIAN_POINT('',(2.848690124539,-6.630217126807,10.));
#4604 = CARTESIAN_POINT('',(9.0625,-9.1,0.));
#4605 = CARTESIAN_POINT('',(9.745808473588,-10.38023102031,0.));
#4606 = CARTESIAN_POINT('',(5.695883052824,-6.539537959365,10.));
#4607 = CARTESIAN_POINT('',(13.59375,-9.1,0.));
#4608 = CARTESIAN_POINT('',(14.620583380295,-10.45575995683,0.));
#4609 = CARTESIAN_POINT('',(8.54008323941,-6.388480086341,10.));
#4610 = CARTESIAN_POINT('',(18.125,-9.1,0.));
#4611 = CARTESIAN_POINT('',(19.497600779766,-10.56142269159,0.));
#4612 = CARTESIAN_POINT('',(11.379798440467,-6.177154616802,10.));
#4613 = DEFINITIONAL_REPRESENTATION('',(#4614),#4618);
#4614 = LINE('',#4615,#4616);
#4615 = CARTESIAN_POINT('',(0.,0.));
#4616 = VECTOR('',#4617,1.);
#4617 = DIRECTION('',(1.,0.));
#4618 = ( GEOMETRIC_REPRESENTATION_CONTEXT(2) 
PARAMETRIC_REPRESENTATION_CONTEXT() REPRESENTATION_CONTEXT('2D SPACE',''
  ) );
#4619 = ORIENTED_EDGE('',*,*,#4620,.T.);
#4620 = EDGE_CURVE('',#4558,#4621,#4623,.T.);
#4621 = VERTEX_POINT('',#4622);
#4622 = CARTESIAN_POINT('',(18.625,-8.6,0.));
#4623 = SURFACE_CURVE('',#4624,(#4634,#4647),.PCURVE_S1.);
#4624 = B_SPLINE_CURVE_WITH_KNOTS('',8,(#4625,#4626,#4627,#4628,#4629,
    #4630,#4631,#4632,#4633),.UNSPECIFIED.,.F.,.F.,(9,9),(3.,4.),
  .PIECEWISE_BEZIER_KNOTS.);
#4625 = CARTESIAN_POINT('',(18.125,-9.1,0.));
#4626 = CARTESIAN_POINT('',(18.223174770425,-9.1,0.));
#4627 = CARTESIAN_POINT('',(18.321349133776,-9.077969167543,0.));
#4628 = CARTESIAN_POINT('',(18.413758018692,-9.03391043446,0.));
#4629 = CARTESIAN_POINT('',(18.494627415756,-8.969627415756,0.));
#4630 = CARTESIAN_POINT('',(18.55891043446,-8.888758018692,0.));
#4631 = CARTESIAN_POINT('',(18.602969167543,-8.796349133776,0.));
#4632 = CARTESIAN_POINT('',(18.625,-8.698174770425,0.));
#4633 = CARTESIAN_POINT('',(18.625,-8.6,0.));
#4634 = PCURVE('',#3180,#4635);
#4635 = DEFINITIONAL_REPRESENTATION('',(#4636),#4646);
#4636 = B_SPLINE_CURVE_WITH_KNOTS('',8,(#4637,#4638,#4639,#4640,#4641,
    #4642,#4643,#4644,#4645),.UNSPECIFIED.,.F.,.F.,(9,9),(3.,4.),
  .PIECEWISE_BEZIER_KNOTS.);
#4637 = CARTESIAN_POINT('',(40.787579890548,-0.475212239055));
#4638 = CARTESIAN_POINT('',(40.876520594828,-0.433644984272));
#4639 = CARTESIAN_POINT('',(40.956133063072,-0.372119232768));
#4640 = CARTESIAN_POINT('',(41.021195713028,-0.293078575173));
#4641 = CARTESIAN_POINT('',(41.067241275379,-0.200601702048));
#4642 = CARTESIAN_POINT('',(41.091237849189,-0.100121204832));
#4643 = CARTESIAN_POINT('',(41.092026555761,2.250431445591E-03));
#4644 = CARTESIAN_POINT('',(41.070418142409,0.10051863419));
#4645 = CARTESIAN_POINT('',(41.028850887626,0.189459338469));
#4646 = ( GEOMETRIC_REPRESENTATION_CONTEXT(2) 
PARAMETRIC_REPRESENTATION_CONTEXT() REPRESENTATION_CONTEXT('2D SPACE',''
  ) );
#4647 = PCURVE('',#4648,#4764);
#4648 = B_SPLINE_SURFACE_WITH_KNOTS('',8,2,(
    (#4649,#4650,#4651,#4652,#4653)
    ,(#4654,#4655,#4656,#4657,#4658)
    ,(#4659,#4660,#4661,#4662,#4663)
    ,(#4664,#4665,#4666,#4667,#4668)
    ,(#4669,#4670,#4671,#4672,#4673)
    ,(#4674,#4675,#4676,#4677,#4678)
    ,(#4679,#4680,#4681,#4682,#4683)
    ,(#4684,#4685,#4686,#4687,#4688)
    ,(#4689,#4690,#4691,#4692,#4693)
    ,(#4694,#4695,#4696,#4697,#4698)
    ,(#4699,#4700,#4701,#4702,#4703)
    ,(#4704,#4705,#4706,#4707,#4708)
    ,(#4709,#4710,#4711,#4712,#4713)
    ,(#4714,#4715,#4716,#4717,#4718)
    ,(#4719,#4720,#4721,#4722,#4723)
    ,(#4724,#4725,#4726,#4727,#4728)
    ,(#4729,#4730,#4731,#4732,#4733)
    ,(#4734,#4735,#4736,#4737,#4738)
    ,(#4739,#4740,#4741,#4742,#4743)
    ,(#4744,#4745,#4746,#4747,#4748)
    ,(#4749,#4750,#4751,#4752,#4753)
    ,(#4754,#4755,#4756,#4757,#4758)
    ,(#4759,#4760,#4761,#4762,#4763
    )),.UNSPECIFIED.,.F.,.F.,.F.,(9,7,7,9),(3,1,1,3),(1.802933294025,3.,
    4.,5.132763294751),(-1.135032422144,0.,1.,1.454674247303),
  .UNSPECIFIED.);
#4649 = CARTESIAN_POINT('',(-2.14202505434,3.648974245035,0.));
#4650 = CARTESIAN_POINT('',(5.951896674606,-13.79712652892,0.));
#4651 = CARTESIAN_POINT('',(7.426625221328,-7.846569727163,0.));
#4652 = CARTESIAN_POINT('',(-4.633038384843,-5.301829513946,
    14.546742473032));
#4653 = CARTESIAN_POINT('',(-7.896344059465,-4.624131031755,
    16.709634964984));
#4654 = CARTESIAN_POINT('',(0.719168999809,2.744165260061,0.));
#4655 = CARTESIAN_POINT('',(8.537172298702,-12.24917729604,0.));
#4656 = CARTESIAN_POINT('',(10.28366961846,-8.489140446781,0.));
#4657 = CARTESIAN_POINT('',(-2.892485828426,-5.143891607185,
    14.546742473032));
#4658 = CARTESIAN_POINT('',(-6.409565164068,-4.319905533165,
    17.007616212619));
#4659 = CARTESIAN_POINT('',(3.184189641199,1.964640075028,0.));
#4660 = CARTESIAN_POINT('',(10.76291049226,-10.91650324876,0.));
#4661 = CARTESIAN_POINT('',(12.755521886356,-9.045078566667,0.));
#4662 = CARTESIAN_POINT('',(-1.209166818237,-4.991147077926,
    14.546742473032));
#4663 = CARTESIAN_POINT('',(-4.922786268671,-4.015680034575,
    17.305597460254));
#4664 = CARTESIAN_POINT('',(5.253036869831,1.310398689936,0.));
#4665 = CARTESIAN_POINT('',(12.62911125528,-9.799104387079,0.));
#4666 = CARTESIAN_POINT('',(14.842182025015,-9.51438408682,0.));
#4667 = CARTESIAN_POINT('',(0.416918645722,-4.843595926169,
    14.546742473032));
#4668 = CARTESIAN_POINT('',(-3.436007373273,-3.711454535985,
    17.603578707889));
#4669 = CARTESIAN_POINT('',(6.925710685705,0.781441104784,0.));
#4670 = CARTESIAN_POINT('',(14.135774587761,-8.896980710989,0.));
#4671 = CARTESIAN_POINT('',(16.543650034438,-9.897057007241,0.));
#4672 = CARTESIAN_POINT('',(1.985770563453,-4.701238151915,
    14.546742473032));
#4673 = CARTESIAN_POINT('',(-1.949228477876,-3.407229037395,
    17.901559955524));
#4674 = CARTESIAN_POINT('',(8.20221108882,0.377767319573,0.));
#4675 = CARTESIAN_POINT('',(15.282900489704,-8.210132220493,0.));
#4676 = CARTESIAN_POINT('',(17.859925914625,-10.19309732792,0.));
#4677 = CARTESIAN_POINT('',(3.497388934956,-4.564073755162,
    14.546742473032));
#4678 = CARTESIAN_POINT('',(-0.462449582479,-3.103003538805,
    18.199541203159));
#4679 = CARTESIAN_POINT('',(9.082538079177,9.937733430312E-02,0.));
#4680 = CARTESIAN_POINT('',(16.070488961109,-7.738558915593,0.));
#4681 = CARTESIAN_POINT('',(18.791009665575,-10.40250504888,0.));
#4682 = CARTESIAN_POINT('',(4.951773760229,-4.432102735912,
    14.546742473032));
#4683 = CARTESIAN_POINT('',(1.024329312919,-2.798778040215,
    18.497522450794));
#4684 = CARTESIAN_POINT('',(9.566691656775,-5.372885102649E-02,0.));
#4685 = CARTESIAN_POINT('',(16.498540001976,-7.482260796288,0.));
#4686 = CARTESIAN_POINT('',(19.336901287289,-10.5252801701,0.));
#4687 = CARTESIAN_POINT('',(6.348925039274,-4.305325094164,
    14.546742473032));
#4688 = CARTESIAN_POINT('',(2.511108208316,-2.494552541625,
    18.795503698429));
#4689 = CARTESIAN_POINT('',(9.728168281254,-0.104793370918,0.));
#4690 = CARTESIAN_POINT('',(16.624288192455,-7.406968315605,0.));
#4691 = CARTESIAN_POINT('',(19.631845172059,-10.59161526258,0.));
#4692 = CARTESIAN_POINT('',(8.80817699643,-4.082172334497,
    14.546742473032));
#4693 = CARTESIAN_POINT('',(5.239905520879,-1.936184565367,
    19.342411130501));
#4694 = CARTESIAN_POINT('',(9.715545444408,-0.188704832908,0.));
#4695 = CARTESIAN_POINT('',(16.675147406243,-7.377544334212,0.));
#4696 = CARTESIAN_POINT('',(19.771705701055,-10.57609803166,0.));
#4697 = CARTESIAN_POINT('',(9.908619540787,-3.781855766702,
    14.546742473032));
#4698 = CARTESIAN_POINT('',(6.515152251094,-1.44424677599,
    19.551656143224));
#4699 = CARTESIAN_POINT('',(9.640550084605,-0.309823084129,0.));
#4700 = CARTESIAN_POINT('',(16.724750123276,-7.354359177302,0.));
#4701 = CARTESIAN_POINT('',(19.901828194013,-10.5136490079,0.));
#4702 = CARTESIAN_POINT('',(10.949525480947,-3.286901444121,
    14.546742473032));
#4703 = CARTESIAN_POINT('',(7.775559256305,-0.724716784303,
    19.704171881734));
#4704 = CARTESIAN_POINT('',(9.532845499164,-0.439367019358,0.));
#4705 = CARTESIAN_POINT('',(16.778531791115,-7.336164039884,0.));
#4706 = CARTESIAN_POINT('',(20.006562750078,-10.4087610863,0.));
#4707 = CARTESIAN_POINT('',(11.891279691161,-2.611186143739,
    14.546742473032));
#4708 = CARTESIAN_POINT('',(8.968574103703,0.197097398289,
    19.785727385397));
#4709 = CARTESIAN_POINT('',(9.42516657568,-0.54288474664,0.));
#4710 = CARTESIAN_POINT('',(16.841027234675,-7.319058265418,0.));
#4711 = CARTESIAN_POINT('',(20.072420679866,-10.27171389083,0.));
#4712 = CARTESIAN_POINT('',(12.698292771608,-1.778132387355,
    14.546742473032));
#4713 = CARTESIAN_POINT('',(10.041476536707,1.282010521967,
    19.787771927374));
#4714 = CARTESIAN_POINT('',(9.350756407194,-0.58200578886,0.));
#4715 = CARTESIAN_POINT('',(16.914262145921,-7.297073269301,0.));
#4716 = CARTESIAN_POINT('',(20.090774263394,-10.11725929918,0.));
#4717 = CARTESIAN_POINT('',(13.341585157955,-0.819080180548,
    14.546742473032));
#4718 = CARTESIAN_POINT('',(10.946344499235,2.480779451339,
    19.709281035666));
#4719 = CARTESIAN_POINT('',(9.342280136572,-0.518322113558,0.));
#4720 = CARTESIAN_POINT('',(16.997341413069,-7.263896066267,0.));
#4721 = CARTESIAN_POINT('',(20.059019465149,-9.961820351093,0.));
#4722 = CARTESIAN_POINT('',(13.800925906896,0.228956207696,
    14.546742473032));
#4723 = CARTESIAN_POINT('',(11.64531233887,3.739190756662,
    19.557398698214));
#4724 = CARTESIAN_POINT('',(9.547673961982,-8.15901703016E-02,0.));
#4725 = CARTESIAN_POINT('',(17.187817685533,-7.157707530294,0.));
#4726 = CARTESIAN_POINT('',(19.891203754561,-9.661518686993,0.));
#4727 = CARTESIAN_POINT('',(14.365461773767,2.569167967476,
    14.546742473032));
#4728 = CARTESIAN_POINT('',(12.645485378248,6.436449753592,
    19.10639791099));
#4729 = CARTESIAN_POINT('',(10.743653371006,1.569984538214,0.));
#4730 = CARTESIAN_POINT('',(17.504742882112,-6.611822791967,0.));
#4731 = CARTESIAN_POINT('',(19.611982482643,-9.161859791441,0.));
#4732 = CARTESIAN_POINT('',(14.683254814903,3.886538670888,
    14.546742473032));
#4733 = CARTESIAN_POINT('',(13.176701997642,7.869030666663,
    18.866860246904));
#4734 = CARTESIAN_POINT('',(14.00471742402,4.441380393143,0.));
#4735 = CARTESIAN_POINT('',(18.037426619552,-5.576452671101,0.));
#4736 = CARTESIAN_POINT('',(19.142671010084,-8.322039635769,0.));
#4737 = CARTESIAN_POINT('',(15.019001946393,5.278335776321,
    14.546742473032));
#4738 = CARTESIAN_POINT('',(13.707918617036,9.301611579735,
    18.627322582819));
#4739 = CARTESIAN_POINT('',(19.83067635488,6.619061912981,0.));
#4740 = CARTESIAN_POINT('',(18.785868897853,-4.051597167698,0.));
#4741 = CARTESIAN_POINT('',(18.483269336883,-7.142058219975,0.));
#4742 = CARTESIAN_POINT('',(15.372703168238,6.744559283776,
    14.546742473032));
#4743 = CARTESIAN_POINT('',(14.239135236431,10.734192492807,
    18.387784918733));
#4744 = CARTESIAN_POINT('',(24.91503563262,6.711366633672,0.));
#4745 = CARTESIAN_POINT('',(19.750069717015,-2.037256281755,0.));
#4746 = CARTESIAN_POINT('',(17.63377746304,-5.621915544061,0.));
#4747 = CARTESIAN_POINT('',(15.744358480436,8.285209193253,
    14.546742473032));
#4748 = CARTESIAN_POINT('',(14.770351855825,12.166773405878,
    18.148247254648));
#4749 = CARTESIAN_POINT('',(27.482955720496,6.856797522254,0.));
#4750 = CARTESIAN_POINT('',(20.930029077038,0.466569986725,0.));
#4751 = CARTESIAN_POINT('',(16.594195388554,-3.761611608026,0.));
#4752 = CARTESIAN_POINT('',(16.13396788299,9.900285504752,
    14.546742473032));
#4753 = CARTESIAN_POINT('',(15.30156847522,13.59935431895,
    17.908709590563));
#4754 = CARTESIAN_POINT('',(28.659593532188,8.028391691432,0.));
#4755 = CARTESIAN_POINT('',(22.325746977922,3.459881637744,0.));
#4756 = CARTESIAN_POINT('',(15.364523113427,-1.561146411869,0.));
#4757 = CARTESIAN_POINT('',(16.541531375897,11.589788218273,
    14.546742473032));
#4758 = CARTESIAN_POINT('',(15.832785094614,15.031935232021,
    17.669171926477));
#4759 = CARTESIAN_POINT('',(29.249446839329,10.112852440566,0.));
#4760 = CARTESIAN_POINT('',(23.937223419667,6.942678671301,0.));
#4761 = CARTESIAN_POINT('',(13.944760637658,0.979480044408,0.));
#4762 = CARTESIAN_POINT('',(16.967048959159,13.353717333816,
    14.546742473032));
#4763 = CARTESIAN_POINT('',(16.364001714009,16.464516145093,
    17.429634262392));
#4764 = DEFINITIONAL_REPRESENTATION('',(#4765),#4769);
#4765 = LINE('',#4766,#4767);
#4766 = CARTESIAN_POINT('',(0.,0.));
#4767 = VECTOR('',#4768,1.);
#4768 = DIRECTION('',(1.,0.));
#4769 = ( GEOMETRIC_REPRESENTATION_CONTEXT(2) 
PARAMETRIC_REPRESENTATION_CONTEXT() REPRESENTATION_CONTEXT('2D SPACE',''
  ) );
#4770 = ORIENTED_EDGE('',*,*,#4771,.T.);
#4771 = EDGE_CURVE('',#4621,#4772,#4774,.T.);
#4772 = VERTEX_POINT('',#4773);
#4773 = CARTESIAN_POINT('',(18.625,8.6,0.));
#4774 = SURFACE_CURVE('',#4775,(#4785,#4798),.PCURVE_S1.);
#4775 = B_SPLINE_CURVE_WITH_KNOTS('',8,(#4776,#4777,#4778,#4779,#4780,
    #4781,#4782,#4783,#4784),.UNSPECIFIED.,.F.,.F.,(9,9),(4.,5.),
  .PIECEWISE_BEZIER_KNOTS.);
#4776 = CARTESIAN_POINT('',(18.625,-8.6,0.));
#4777 = CARTESIAN_POINT('',(18.625,-6.45,0.));
#4778 = CARTESIAN_POINT('',(18.625,-4.3,0.));
#4779 = CARTESIAN_POINT('',(18.625,-2.15,0.));
#4780 = CARTESIAN_POINT('',(18.625,-1.665334536938E-16,0.));
#4781 = CARTESIAN_POINT('',(18.625,2.15,0.));
#4782 = CARTESIAN_POINT('',(18.625,4.3,0.));
#4783 = CARTESIAN_POINT('',(18.625,6.45,0.));
#4784 = CARTESIAN_POINT('',(18.625,8.6,0.));
#4785 = PCURVE('',#3180,#4786);
#4786 = DEFINITIONAL_REPRESENTATION('',(#4787),#4797);
#4787 = B_SPLINE_CURVE_WITH_KNOTS('',8,(#4788,#4789,#4790,#4791,#4792,
    #4793,#4794,#4795,#4796),.UNSPECIFIED.,.F.,.F.,(9,9),(4.,5.),
  .PIECEWISE_BEZIER_KNOTS.);
#4788 = CARTESIAN_POINT('',(41.028850887626,0.189459338469));
#4789 = CARTESIAN_POINT('',(40.118539639666,2.137235873865));
#4790 = CARTESIAN_POINT('',(39.208228391706,4.08501240926));
#4791 = CARTESIAN_POINT('',(38.297917143746,6.032788944656));
#4792 = CARTESIAN_POINT('',(37.387605895786,7.980565480051));
#4793 = CARTESIAN_POINT('',(36.477294647826,9.928342015447));
#4794 = CARTESIAN_POINT('',(35.566983399866,11.876118550843));
#4795 = CARTESIAN_POINT('',(34.656672151906,13.823895086238));
#4796 = CARTESIAN_POINT('',(33.746360903946,15.771671621634));
#4797 = ( GEOMETRIC_REPRESENTATION_CONTEXT(2) 
PARAMETRIC_REPRESENTATION_CONTEXT() REPRESENTATION_CONTEXT('2D SPACE',''
  ) );
#4798 = PCURVE('',#4799,#4827);
#4799 = B_SPLINE_SURFACE_WITH_KNOTS('',8,2,(
    (#4800,#4801,#4802)
    ,(#4803,#4804,#4805)
    ,(#4806,#4807,#4808)
    ,(#4809,#4810,#4811)
    ,(#4812,#4813,#4814)
    ,(#4815,#4816,#4817)
    ,(#4818,#4819,#4820)
    ,(#4821,#4822,#4823)
    ,(#4824,#4825,#4826
  )),.UNSPECIFIED.,.F.,.F.,.F.,(9,9),(3,3),(4.,5.),(0.,1.),
  .PIECEWISE_BEZIER_KNOTS.);
#4800 = CARTESIAN_POINT('',(18.625,-8.6,0.));
#4801 = CARTESIAN_POINT('',(19.980334825836,-9.821016322423,0.));
#4802 = CARTESIAN_POINT('',(15.914330348328,-2.157967355154,10.));
#4803 = CARTESIAN_POINT('',(18.625,-6.45,0.));
#4804 = CARTESIAN_POINT('',(19.927833777654,-7.362347489813,0.));
#4805 = CARTESIAN_POINT('',(16.019332444691,-1.625305020375,10.));
#4806 = CARTESIAN_POINT('',(18.625,-4.3,0.));
#4807 = CARTESIAN_POINT('',(19.890142919674,-4.906598182588,0.));
#4808 = CARTESIAN_POINT('',(16.094714160652,-1.086803634823,10.));
#4809 = CARTESIAN_POINT('',(18.625,-2.15,0.));
#4810 = CARTESIAN_POINT('',(19.867452361173,-2.452807567128,0.));
#4811 = CARTESIAN_POINT('',(16.140095277653,-0.544384865745,10.));
#4812 = CARTESIAN_POINT('',(18.625,-1.665334536938E-16,0.));
#4813 = CARTESIAN_POINT('',(19.859876167721,1.186550857568E-14,0.));
#4814 = CARTESIAN_POINT('',(16.155247664557,-2.378652830259E-14,10.));
#4815 = CARTESIAN_POINT('',(18.625,2.15,0.));
#4816 = CARTESIAN_POINT('',(19.867452361173,2.452807567128,0.));
#4817 = CARTESIAN_POINT('',(16.140095277653,0.544384865745,10.));
#4818 = CARTESIAN_POINT('',(18.625,4.3,0.));
#4819 = CARTESIAN_POINT('',(19.890142919674,4.906598182589,0.));
#4820 = CARTESIAN_POINT('',(16.094714160652,1.086803634823,10.));
#4821 = CARTESIAN_POINT('',(18.625,6.45,0.));
#4822 = CARTESIAN_POINT('',(19.927833777654,7.362347489813,0.));
#4823 = CARTESIAN_POINT('',(16.019332444691,1.625305020375,10.));
#4824 = CARTESIAN_POINT('',(18.625,8.6,0.));
#4825 = CARTESIAN_POINT('',(19.980334825836,9.821016322423,0.));
#4826 = CARTESIAN_POINT('',(15.914330348329,2.157967355154,10.));
#4827 = DEFINITIONAL_REPRESENTATION('',(#4828),#4832);
#4828 = LINE('',#4829,#4830);
#4829 = CARTESIAN_POINT('',(0.,0.));
#4830 = VECTOR('',#4831,1.);
#4831 = DIRECTION('',(1.,0.));
#4832 = ( GEOMETRIC_REPRESENTATION_CONTEXT(2) 
PARAMETRIC_REPRESENTATION_CONTEXT() REPRESENTATION_CONTEXT('2D SPACE',''
  ) );
#4833 = ORIENTED_EDGE('',*,*,#4834,.T.);
#4834 = EDGE_CURVE('',#4772,#4835,#4837,.T.);
#4835 = VERTEX_POINT('',#4836);
#4836 = CARTESIAN_POINT('',(18.125,9.1,0.));
#4837 = SURFACE_CURVE('',#4838,(#4848,#4861),.PCURVE_S1.);
#4838 = B_SPLINE_CURVE_WITH_KNOTS('',8,(#4839,#4840,#4841,#4842,#4843,
    #4844,#4845,#4846,#4847),.UNSPECIFIED.,.F.,.F.,(9,9),(5.,6.),
  .PIECEWISE_BEZIER_KNOTS.);
#4839 = CARTESIAN_POINT('',(18.625,8.6,0.));
#4840 = CARTESIAN_POINT('',(18.625,8.698174770425,0.));
#4841 = CARTESIAN_POINT('',(18.602969167543,8.796349133776,0.));
#4842 = CARTESIAN_POINT('',(18.55891043446,8.888758018692,0.));
#4843 = CARTESIAN_POINT('',(18.494627415756,8.969627415756,0.));
#4844 = CARTESIAN_POINT('',(18.413758018691,9.03391043446,0.));
#4845 = CARTESIAN_POINT('',(18.321349133776,9.077969167543,0.));
#4846 = CARTESIAN_POINT('',(18.223174770425,9.1,0.));
#4847 = CARTESIAN_POINT('',(18.125,9.1,0.));
#4848 = PCURVE('',#3180,#4849);
#4849 = DEFINITIONAL_REPRESENTATION('',(#4850),#4860);
#4850 = B_SPLINE_CURVE_WITH_KNOTS('',8,(#4851,#4852,#4853,#4854,#4855,
    #4856,#4857,#4858,#4859),.UNSPECIFIED.,.F.,.F.,(9,9),(5.,6.),
  .PIECEWISE_BEZIER_KNOTS.);
#4851 = CARTESIAN_POINT('',(33.746360903946,15.771671621634));
#4852 = CARTESIAN_POINT('',(33.704793649163,15.860612325913));
#4853 = CARTESIAN_POINT('',(33.643267897658,15.940224794157));
#4854 = CARTESIAN_POINT('',(33.564227240063,16.005287444113));
#4855 = CARTESIAN_POINT('',(33.471750366938,16.051333006464));
#4856 = CARTESIAN_POINT('',(33.371269869723,16.075329580274));
#4857 = CARTESIAN_POINT('',(33.268898233445,16.076118286846));
#4858 = CARTESIAN_POINT('',(33.170630030701,16.054509873495));
#4859 = CARTESIAN_POINT('',(33.081689326421,16.012942618712));
#4860 = ( GEOMETRIC_REPRESENTATION_CONTEXT(2) 
PARAMETRIC_REPRESENTATION_CONTEXT() REPRESENTATION_CONTEXT('2D SPACE',''
  ) );
#4861 = PCURVE('',#4862,#5116);
#4862 = B_SPLINE_SURFACE_WITH_KNOTS('',8,4,(
    (#4863,#4864,#4865,#4866,#4867,#4868,#4869,#4870,#4871,#4872,#4873)
    ,(#4874,#4875,#4876,#4877,#4878,#4879,#4880,#4881,#4882,#4883,#4884)
    ,(#4885,#4886,#4887,#4888,#4889,#4890,#4891,#4892,#4893,#4894,#4895)
    ,(#4896,#4897,#4898,#4899,#4900,#4901,#4902,#4903,#4904,#4905,#4906)
    ,(#4907,#4908,#4909,#4910,#4911,#4912,#4913,#4914,#4915,#4916,#4917)
    ,(#4918,#4919,#4920,#4921,#4922,#4923,#4924,#4925,#4926,#4927,#4928)
    ,(#4929,#4930,#4931,#4932,#4933,#4934,#4935,#4936,#4937,#4938,#4939)
    ,(#4940,#4941,#4942,#4943,#4944,#4945,#4946,#4947,#4948,#4949,#4950)
    ,(#4951,#4952,#4953,#4954,#4955,#4956,#4957,#4958,#4959,#4960,#4961)
    ,(#4962,#4963,#4964,#4965,#4966,#4967,#4968,#4969,#4970,#4971,#4972)
    ,(#4973,#4974,#4975,#4976,#4977,#4978,#4979,#4980,#4981,#4982,#4983)
    ,(#4984,#4985,#4986,#4987,#4988,#4989,#4990,#4991,#4992,#4993,#4994)
    ,(#4995,#4996,#4997,#4998,#4999,#5000,#5001,#5002,#5003,#5004,#5005)
    ,(#5006,#5007,#5008,#5009,#5010,#5011,#5012,#5013,#5014,#5015,#5016)
    ,(#5017,#5018,#5019,#5020,#5021,#5022,#5023,#5024,#5025,#5026,#5027)
    ,(#5028,#5029,#5030,#5031,#5032,#5033,#5034,#5035,#5036,#5037,#5038)
    ,(#5039,#5040,#5041,#5042,#5043,#5044,#5045,#5046,#5047,#5048,#5049)
    ,(#5050,#5051,#5052,#5053,#5054,#5055,#5056,#5057,#5058,#5059,#5060)
    ,(#5061,#5062,#5063,#5064,#5065,#5066,#5067,#5068,#5069,#5070,#5071)
    ,(#5072,#5073,#5074,#5075,#5076,#5077,#5078,#5079,#5080,#5081,#5082)
    ,(#5083,#5084,#5085,#5086,#5087,#5088,#5089,#5090,#5091,#5092,#5093)
    ,(#5094,#5095,#5096,#5097,#5098,#5099,#5100,#5101,#5102,#5103,#5104)
    ,(#5105,#5106,#5107,#5108,#5109,#5110,#5111,#5112,#5113,#5114,#5115
    )),.UNSPECIFIED.,.F.,.F.,.F.,(9,7,7,9),(5,3,3,5),(3.856052635679,5.,
    6.,7.209537886381),(-2.962931884715,0.,1.,1.462455292545),
  .UNSPECIFIED.);
#4863 = CARTESIAN_POINT('',(14.502499630118,-11.27032673027,0.));
#4864 = CARTESIAN_POINT('',(23.047972376102,-3.338801409317,0.));
#4865 = CARTESIAN_POINT('',(26.769211465592,2.524394315211,0.));
#4866 = CARTESIAN_POINT('',(28.669199658353,3.170271219078,0.));
#4867 = CARTESIAN_POINT('',(15.367095990999,-2.742499952737,0.));
#4868 = CARTESIAN_POINT('',(17.727900798084,-4.171401909739,
    1.666666666667));
#4869 = CARTESIAN_POINT('',(18.998029761517,-6.550809626359,5.));
#4870 = CARTESIAN_POINT('',(17.713456787304,-11.89642349559,
    12.312276462724));
#4871 = CARTESIAN_POINT('',(17.204186268137,-13.58578258566,
    14.263532158932));
#4872 = CARTESIAN_POINT('',(16.774897662978,-15.2248881213,
    15.981334646854));
#4873 = CARTESIAN_POINT('',(16.389727526924,-16.773273445,
    17.537537005617));
#4874 = CARTESIAN_POINT('',(13.30091053759,-8.638873582419,0.));
#4875 = CARTESIAN_POINT('',(20.457499951317,-1.958297616997,0.));
#4876 = CARTESIAN_POINT('',(23.869626584014,3.053713462108,0.));
#4877 = CARTESIAN_POINT('',(25.789527505505,4.035417736721,0.));
#4878 = CARTESIAN_POINT('',(16.305983303601,0.109062492074,0.));
#4879 = CARTESIAN_POINT('',(18.035116472131,-1.32177107767,
    1.666666666667));
#4880 = CARTESIAN_POINT('',(18.780361010786,-3.952885295616,5.));
#4881 = CARTESIAN_POINT('',(17.271093342298,-9.912952207093,
    12.312276462724));
#4882 = CARTESIAN_POINT('',(16.73098341006,-11.77955801101,
    14.323479060667));
#4883 = CARTESIAN_POINT('',(16.265306877239,-13.5911633849,
    16.129283462501));
#4884 = CARTESIAN_POINT('',(15.847166160159,-15.31741833563,
    17.783579477572));
#4885 = CARTESIAN_POINT('',(12.255949624267,-6.350432632142,0.));
#4886 = CARTESIAN_POINT('',(18.21053154764,-0.760852559169,0.));
#4887 = CARTESIAN_POINT('',(21.356363859282,3.51250950903,0.));
#4888 = CARTESIAN_POINT('',(23.302187323352,4.782695059473,0.));
#4889 = CARTESIAN_POINT('',(17.117173220528,2.572785956722,0.));
#4890 = CARTESIAN_POINT('',(18.302730434921,1.160527398232,
    1.666666666667));
#4891 = CARTESIAN_POINT('',(18.587358432606,-1.649357149902,5.));
#4892 = CARTESIAN_POINT('',(16.857287342864,-8.057526926919,
    12.312276462724));
#4893 = CARTESIAN_POINT('',(16.279138449322,-10.05485694868,
    14.380720273391));
#4894 = CARTESIAN_POINT('',(15.767981786088,-11.99676190397,
    16.273671195338));
#4895 = CARTESIAN_POINT('',(15.304604793394,-13.86156322625,
    18.029621949527));
#4896 = CARTESIAN_POINT('',(11.367616890149,-4.405003879443,0.));
#4897 = CARTESIAN_POINT('',(16.307067165072,0.253533764167,0.));
#4898 = CARTESIAN_POINT('',(19.229423291396,3.900782455977,0.));
#4899 = CARTESIAN_POINT('',(21.207179111894,5.412103187334,0.));
#4900 = CARTESIAN_POINT('',(17.80066574178,4.648670441209,0.));
#4901 = CARTESIAN_POINT('',(18.530742686455,3.275493517967,
    1.666666666667));
#4902 = CARTESIAN_POINT('',(18.419022026976,0.359774810784,5.));
#4903 = CARTESIAN_POINT('',(16.472038789001,-6.330147655076,
    12.312276462724));
#4904 = CARTESIAN_POINT('',(15.848651385921,-8.411679398695,
    14.435255797104));
#4905 = CARTESIAN_POINT('',(15.282922389523,-10.44168367852,
    16.414497845366));
#4906 = CARTESIAN_POINT('',(14.76204342663,-12.40570811688,
    18.275664421483));
#4907 = CARTESIAN_POINT('',(10.635912335237,-2.80258732432,0.));
#4908 = CARTESIAN_POINT('',(14.747106803612,1.084861353011,0.));
#4909 = CARTESIAN_POINT('',(17.488804880355,4.21853230295,0.));
#4910 = CARTESIAN_POINT('',(19.504502871131,5.923642120303,0.));
#4911 = CARTESIAN_POINT('',(18.356460867357,6.336715945533,0.));
#4912 = CARTESIAN_POINT('',(18.719153226733,5.023127281535,
    1.666666666667));
#4913 = CARTESIAN_POINT('',(18.275351793896,2.074510586441,5.));
#4914 = CARTESIAN_POINT('',(16.11534768071,-4.730814391563,
    12.312276462724));
#4915 = CARTESIAN_POINT('',(15.439522219858,-6.850025361031,
    14.487085631806));
#4916 = CARTESIAN_POINT('',(14.810128687545,-8.92592870855,
    16.551763412583));
#4917 = CARTESIAN_POINT('',(14.219482059865,-10.9498530075,
    18.521706893438));
#4918 = CARTESIAN_POINT('',(10.06083595953,-1.543182966773,0.));
#4919 = CARTESIAN_POINT('',(13.53065046326,1.733130207364,0.));
#4920 = CARTESIAN_POINT('',(16.13450862616,4.465759049947,0.));
#4921 = CARTESIAN_POINT('',(18.194158601064,6.317311858381,0.));
#4922 = CARTESIAN_POINT('',(18.78455859726,7.636922469696,0.));
#4923 = CARTESIAN_POINT('',(18.867962055754,6.403428688937,
    1.666666666667));
#4924 = CARTESIAN_POINT('',(18.156347733367,3.494850177071,5.));
#4925 = CARTESIAN_POINT('',(15.78721401799,-3.25952713638,
    12.312276462724));
#4926 = CARTESIAN_POINT('',(15.051750951133,-5.369894835697,
    14.536209777498));
#4927 = CARTESIAN_POINT('',(14.349600680154,-7.449496994049,
    16.68546789699));
#4928 = CARTESIAN_POINT('',(13.6769206931,-9.493997898133,
    18.767749365393));
#4929 = CARTESIAN_POINT('',(9.642387763028,-0.626790806804,0.));
#4930 = CARTESIAN_POINT('',(12.657698144016,2.198340327224,0.));
#4931 = CARTESIAN_POINT('',(15.166534528812,4.64246269697,0.));
#4932 = CARTESIAN_POINT('',(17.276146301692,6.593112401568,0.));
#4933 = CARTESIAN_POINT('',(19.084958931487,8.549290013696,0.));
#4934 = CARTESIAN_POINT('',(18.977169173518,7.416397740172,
    1.666666666667));
#4935 = CARTESIAN_POINT('',(18.062009845388,4.620793582671,5.));
#4936 = CARTESIAN_POINT('',(15.487637800842,-1.916285889529,
    12.312276462724));
#4937 = CARTESIAN_POINT('',(14.685337579746,-3.971287822691,
    14.582628234179));
#4938 = CARTESIAN_POINT('',(13.901338367349,-6.012388535023,
    16.815611298588));
#4939 = CARTESIAN_POINT('',(13.134359326335,-8.038142788757,
    19.013791837348));
#4940 = CARTESIAN_POINT('',(9.380567745732,-5.341084441122E-02,0.));
#4941 = CARTESIAN_POINT('',(12.128249845881,2.480491712593,0.));
#4942 = CARTESIAN_POINT('',(14.584882588309,4.748643244018,0.));
#4943 = CARTESIAN_POINT('',(16.750465973015,6.751043749864,0.));
#4944 = CARTESIAN_POINT('',(19.25766187004,9.073818577535,0.));
#4945 = CARTESIAN_POINT('',(19.046774580027,8.06203443524,1.666666666667
    ));
#4946 = CARTESIAN_POINT('',(17.99233812996,5.452340803244,5.));
#4947 = CARTESIAN_POINT('',(15.216619029266,-0.701090651008,
    12.312276462724));
#4948 = CARTESIAN_POINT('',(14.340282105697,-2.654204322015,
    14.626341001849));
#4949 = CARTESIAN_POINT('',(13.465341749131,-4.614603331473,
    16.942193617375));
#4950 = CARTESIAN_POINT('',(12.59179795957,-6.582287679382,
    19.259834309303));
#4951 = CARTESIAN_POINT('',(9.183420769344,0.378336609716,0.));
#4952 = CARTESIAN_POINT('',(11.779759386375,2.6662077991,0.));
#4953 = CARTESIAN_POINT('',(14.218802130495,4.815471222346,0.));
#4954 = CARTESIAN_POINT('',(16.500549001703,6.826126879454,0.));
#4955 = CARTESIAN_POINT('',(19.342009732575,9.329997560759,0.));
#4956 = CARTESIAN_POINT('',(19.103006488383,8.583622991214,
    1.666666666667));
#4957 = CARTESIAN_POINT('',(17.907990267425,6.459051061789,5.));
#4958 = CARTESIAN_POINT('',(14.762206232795,1.336407576084,
    12.312276462724));
#4959 = CARTESIAN_POINT('',(13.733619082491,-0.338559683899,
    14.703195078314));
#4960 = CARTESIAN_POINT('',(12.67119961879,-2.068620007464,
    17.172755846771));
#4961 = CARTESIAN_POINT('',(11.574947841691,-3.853773394609,
    19.720958768096));
#4962 = CARTESIAN_POINT('',(9.192419121765,0.441430030334,0.));
#4963 = CARTESIAN_POINT('',(11.693561566287,2.662006159095,0.));
#4964 = CARTESIAN_POINT('',(14.09570072209,4.794684719255,0.));
#4965 = CARTESIAN_POINT('',(16.398836589176,6.839465710816,0.));
#4966 = CARTESIAN_POINT('',(19.346871715468,9.456804216478,0.));
#4967 = CARTESIAN_POINT('',(19.06953063217,8.831785576564,1.666666666667
    ));
#4968 = CARTESIAN_POINT('',(17.770945917649,6.921293214035,5.));
#4969 = CARTESIAN_POINT('',(14.37830067562,2.24733569802,12.312276462724
    ));
#4970 = CARTESIAN_POINT('',(13.257050829554,0.702619474695,
    14.728942006368));
#4971 = CARTESIAN_POINT('',(12.087368033707,-0.908821541087,
    17.249996630932));
#4972 = CARTESIAN_POINT('',(10.869252288079,-2.586987349325,
    19.875440336418));
#4973 = CARTESIAN_POINT('',(9.268856701938,0.400058057214,0.));
#4974 = CARTESIAN_POINT('',(11.671669686218,2.595606013594,0.));
#4975 = CARTESIAN_POINT('',(14.020949636398,4.7422386593,0.));
#4976 = CARTESIAN_POINT('',(16.316696552479,6.839955994333,0.));
#4977 = CARTESIAN_POINT('',(19.315665557164,9.580235954762,0.));
#4978 = CARTESIAN_POINT('',(18.975291625827,9.068084531279,
    1.666666666667));
#4979 = CARTESIAN_POINT('',(17.53778864045,7.352303748244,5.));
#4980 = CARTESIAN_POINT('',(13.83100259975,3.082796934107,
    12.312276462724));
#4981 = CARTESIAN_POINT('',(12.599186010875,1.663980400802,
    14.742247696651));
#4982 = CARTESIAN_POINT('',(11.307706834407,0.17644400574,
    17.289913701782));
#4983 = CARTESIAN_POINT('',(9.956565070345,-1.379812251078,
    19.955274478117));
#4984 = CARTESIAN_POINT('',(9.379478487616,0.293384829996,0.));
#4985 = CARTESIAN_POINT('',(11.697172246845,2.49947860346,0.));
#4986 = CARTESIAN_POINT('',(13.988928321278,4.680883625575,0.));
#4987 = CARTESIAN_POINT('',(16.254746710915,6.837599896341,0.));
#4988 = CARTESIAN_POINT('',(19.250595082916,9.68919425103,0.));
#4989 = CARTESIAN_POINT('',(18.824779672472,9.275512451214,
    1.666666666667));
#4990 = CARTESIAN_POINT('',(17.217181184424,7.728582016309,5.));
#4991 = CARTESIAN_POINT('',(13.137835350808,3.808939950429,
    12.312276462724));
#4992 = CARTESIAN_POINT('',(11.78240531134,2.506574125918,
    14.741901108127));
#4993 = CARTESIAN_POINT('',(10.361509500365,1.141305472783,
    17.288873936211));
#4994 = CARTESIAN_POINT('',(8.875147917884,-0.286866008976,
    19.953194946975));
#4995 = CARTESIAN_POINT('',(9.490410224573,0.160523846784,0.));
#4996 = CARTESIAN_POINT('',(11.747558837053,2.405034840469,0.));
#4997 = CARTESIAN_POINT('',(13.987166340233,4.63210293631,0.));
#4998 = CARTESIAN_POINT('',(16.209232734112,6.841728134307,0.));
#4999 = CARTESIAN_POINT('',(19.157793106353,9.773779721183,0.));
#5000 = CARTESIAN_POINT('',(18.62812263234,9.43903440184,1.666666666667)
  );
#5001 = CARTESIAN_POINT('',(16.824746596652,8.029674476432,5.));
#5002 = CARTESIAN_POINT('',(12.324652328997,4.396972776331,
    12.312276462724));
#5003 = CARTESIAN_POINT('',(10.837929925697,3.196815917203,
    14.72807590817));
#5004 = CARTESIAN_POINT('',(9.287497789389,1.945229367574,
    17.247398336339));
#5005 = CARTESIAN_POINT('',(7.673355920072,0.642213127444,
    19.870243747231));
#5006 = CARTESIAN_POINT('',(9.568270448646,3.657884740639E-02,0.));
#5007 = CARTESIAN_POINT('',(11.796155932514,2.337847118014,0.));
#5008 = CARTESIAN_POINT('',(13.997630874659,4.611834928239,0.));
#5009 = CARTESIAN_POINT('',(16.172695275079,6.858542278082,0.));
#5010 = CARTESIAN_POINT('',(19.046527417415,9.827033599605,0.));
#5011 = CARTESIAN_POINT('',(18.399934377189,9.547971888261,
    1.666666666667));
#5012 = CARTESIAN_POINT('',(16.381570013098,8.240784033512,5.));
#5013 = CARTESIAN_POINT('',(11.423648133801,4.825491717156,
    12.312276462724));
#5014 = CARTESIAN_POINT('',(9.803200468857,3.709237247265,
    14.702221606661));
#5015 = CARTESIAN_POINT('',(8.130091330309,2.556706625682,
    17.169835431811));
#5016 = CARTESIAN_POINT('',(6.404320718158,1.367899852408,
    19.715117938175));
#5017 = CARTESIAN_POINT('',(9.582789407892,-4.914565279528E-02,0.));
#5018 = CARTESIAN_POINT('',(11.816084865129,2.315649962988,0.));
#5019 = CARTESIAN_POINT('',(14.000580911297,4.628772777048,0.));
#5020 = CARTESIAN_POINT('',(16.136277546396,6.890222789385,0.));
#5021 = CARTESIAN_POINT('',(18.927509971242,9.845807631291,0.));
#5022 = CARTESIAN_POINT('',(18.156964598203,9.597205087527,
    1.666666666667));
#5023 = CARTESIAN_POINT('',(15.911538651306,8.354192368709,5.));
#5024 = CARTESIAN_POINT('',(10.470756690141,5.082061415905,
    12.312276462724));
#5025 = CARTESIAN_POINT('',(8.718883577709,4.028470539173,
    14.666750620511));
#5026 = CARTESIAN_POINT('',(6.935612793255,2.955996844639,
    17.063422473362));
#5027 = CARTESIAN_POINT('',(5.120944336781,1.864640332305,
    19.502292021276));
#5028 = CARTESIAN_POINT('',(9.423030764357,-0.102793383913,0.));
#5029 = CARTESIAN_POINT('',(11.745813787665,2.387657104453,0.));
#5030 = CARTESIAN_POINT('',(13.950611983989,4.75160616456,0.));
#5031 = CARTESIAN_POINT('',(16.037425353329,6.989053796409,0.));
#5032 = CARTESIAN_POINT('',(18.670740498469,9.812451816554,0.));
#5033 = CARTESIAN_POINT('',(17.624250158454,9.574967877703,
    1.666666666667));
#5034 = CARTESIAN_POINT('',(14.866782875638,8.387548183446,5.));
#5035 = CARTESIAN_POINT('',(8.331882968447,5.261761394038,
    12.312276462724));
#5036 = CARTESIAN_POINT('',(6.303403960724,4.296169537824,14.57351321455
    ));
#5037 = CARTESIAN_POINT('',(4.312901626855,3.353417165142,
    16.783710255479));
#5038 = CARTESIAN_POINT('',(2.360375966839,2.433504275991,18.94286758551
    ));
#5039 = CARTESIAN_POINT('',(8.544436013347,0.230853412522,0.));
#5040 = CARTESIAN_POINT('',(11.069327967949,2.739224312835,0.));
#5041 = CARTESIAN_POINT('',(13.398885628211,5.053539044185,0.));
#5042 = CARTESIAN_POINT('',(15.533108994135,7.173797606573,0.));
#5043 = CARTESIAN_POINT('',(18.126379991133,9.750100126622,0.));
#5044 = CARTESIAN_POINT('',(16.974605179789,9.499968656418,
    1.666666666667));
#5045 = CARTESIAN_POINT('',(14.016673631689,8.349605589386,5.));
#5046 = CARTESIAN_POINT('',(7.049407505352,5.350702570363,
    12.312276462724));
#5047 = CARTESIAN_POINT('',(4.914449801135,4.442249611958,
    14.522473503652));
#5048 = CARTESIAN_POINT('',(2.847712234182,3.573652050313,
    16.630591122786));
#5049 = CARTESIAN_POINT('',(0.849194804493,2.744909885429,
    18.636629320126));
#5050 = CARTESIAN_POINT('',(6.833000611143,1.069937073893,0.));
#5051 = CARTESIAN_POINT('',(9.73397366526,3.474152022448,0.));
#5052 = CARTESIAN_POINT('',(12.31583666646,5.613900826317,0.));
#5053 = CARTESIAN_POINT('',(14.578589614742,7.489183485501,0.));
#5054 = CARTESIAN_POINT('',(17.178218867874,9.643656276004,0.));
#5055 = CARTESIAN_POINT('',(15.966931990595,9.362143233345,
    1.666666666667));
#5056 = CARTESIAN_POINT('',(12.88837187827,8.255460872022,5.));
#5057 = CARTESIAN_POINT('',(5.655311723364,5.430214158214,
    12.312276462724));
#5058 = CARTESIAN_POINT('',(3.45881530606,4.587866864079,14.471433792755
    ));
#5059 = CARTESIAN_POINT('',(1.353049278988,3.79656730963,16.477471990094
    ));
#5060 = CARTESIAN_POINT('',(-0.661986357853,3.056315494867,
    18.330391054741));
#5061 = CARTESIAN_POINT('',(4.306022760998,2.726590664046,0.));
#5062 = CARTESIAN_POINT('',(7.748399981227,4.748506765216,0.));
#5063 = CARTESIAN_POINT('',(10.704348132611,6.484713688265,0.));
#5064 = CARTESIAN_POINT('',(13.17386721515,7.935211433193,0.));
#5065 = CARTESIAN_POINT('',(15.826257128693,9.493120264699,0.));
#5066 = CARTESIAN_POINT('',(14.601230590871,9.161491608484,
    1.666666666667));
#5067 = CARTESIAN_POINT('',(11.48187761538,8.105114031353,5.));
#5068 = CARTESIAN_POINT('',(4.149595622482,5.500296157592,
    12.312276462724));
#5069 = CARTESIAN_POINT('',(1.936500475499,4.733021294188,
    14.420394081858));
#5070 = CARTESIAN_POINT('',(-0.171087238728,4.022162943092,
    16.324352857402));
#5071 = CARTESIAN_POINT('',(-2.1731675202,3.367721104305,18.024152789357
    ));
#5072 = CARTESIAN_POINT('',(1.276648911055,5.641002885425,0.));
#5073 = CARTESIAN_POINT('',(5.269180139919,6.782382892361,0.));
#5074 = CARTESIAN_POINT('',(8.616611101354,7.739342413768,0.));
#5075 = CARTESIAN_POINT('',(11.318941795359,8.511881449648,0.));
#5076 = CARTESIAN_POINT('',(14.070494773589,9.298492092708,0.));
#5077 = CARTESIAN_POINT('',(12.877500980617,8.898013781835,
    1.666666666667));
#5078 = CARTESIAN_POINT('',(9.79719084302,7.898565067378,5.));
#5079 = CARTESIAN_POINT('',(2.532259202706,5.560948568498,
    12.312276462724));
#5080 = CARTESIAN_POINT('',(0.347505309452,4.877712902284,14.36935437096
    ));
#5081 = CARTESIAN_POINT('',(-1.724697318965,4.250438950699,
    16.17123372471));
#5082 = CARTESIAN_POINT('',(-3.684348682546,3.679126713743,
    17.717914523973));
#5083 = CARTESIAN_POINT('',(-1.385353980052,9.791435831356,0.));
#5084 = CARTESIAN_POINT('',(2.731197620655,9.564911450545,0.));
#5085 = CARTESIAN_POINT('',(6.197586732461,9.374164018382,0.));
#5086 = CARTESIAN_POINT('',(9.013813355368,9.219193534866,0.));
#5087 = CARTESIAN_POINT('',(11.910931802563,9.059771760031,0.));
#5088 = CARTESIAN_POINT('',(10.795743159834,8.571709753398,
    1.666666666667));
#5089 = CARTESIAN_POINT('',(7.834311561189,7.635813980099,5.));
#5090 = CARTESIAN_POINT('',(0.803302464035,5.612171390929,
    12.312276462724));
#5091 = CARTESIAN_POINT('',(-1.308170192081,5.021941688368,
    14.318314660063));
#5092 = CARTESIAN_POINT('',(-3.307780961723,4.481395332452,
    16.018114592018));
#5093 = CARTESIAN_POINT('',(-5.195529844892,3.990532323181,
    17.411676258588));
#5094 = CARTESIAN_POINT('',(-3.057388778553,13.917858767122,0.));
#5095 = CARTESIAN_POINT('',(0.445750990319,12.46607707241,0.));
#5096 = CARTESIAN_POINT('',(3.551041214896,11.179173379653,0.));
#5097 = CARTESIAN_POINT('',(6.258481895178,10.057147688849,0.));
#5098 = CARTESIAN_POINT('',(9.347568215614,8.776959266667,0.));
#5099 = CARTESIAN_POINT('',(8.355957128522,8.182579523173,1.666666666667
    ));
#5100 = CARTESIAN_POINT('',(5.593239769887,7.316860769515,5.));
#5101 = CARTESIAN_POINT('',(-1.037274593529,5.653964624888,
    12.312276462724));
#5102 = CARTESIAN_POINT('',(-3.0305260291,5.165707652439,14.267274949165
    ));
#5103 = CARTESIAN_POINT('',(-4.920338167003,4.71503208835,
    15.864995459326));
#5104 = CARTESIAN_POINT('',(-6.706711007238,4.301937932619,
    17.105437993204));
#5105 = CARTESIAN_POINT('',(-4.410486882768,16.802975646383,0.));
#5106 = CARTESIAN_POINT('',(-1.92267545025,14.877231734787,0.));
#5107 = CARTESIAN_POINT('',(0.565135982269,12.951487823191,0.));
#5108 = CARTESIAN_POINT('',(3.052947414788,11.025743911594,0.));
#5109 = CARTESIAN_POINT('',(6.380404012743,8.450054612617,0.));
#5110 = CARTESIAN_POINT('',(5.55814288668,7.730623091159,1.666666666667)
  );
#5111 = CARTESIAN_POINT('',(3.073975469115,6.941705435627,5.));
#5112 = CARTESIAN_POINT('',(-2.989471969987,5.686328270374,
    12.312276462724));
#5113 = CARTESIAN_POINT('',(-4.819562201605,5.309010794498,
    14.216235238268));
#5114 = CARTESIAN_POINT('',(-6.562368934804,4.951349218393,
    15.711876326633));
#5115 = CARTESIAN_POINT('',(-8.217892169585,4.613343542057,
    16.799199727819));
#5116 = DEFINITIONAL_REPRESENTATION('',(#5117),#5121);
#5117 = LINE('',#5118,#5119);
#5118 = CARTESIAN_POINT('',(0.,0.));
#5119 = VECTOR('',#5120,1.);
#5120 = DIRECTION('',(1.,0.));
#5121 = ( GEOMETRIC_REPRESENTATION_CONTEXT(2) 
PARAMETRIC_REPRESENTATION_CONTEXT() REPRESENTATION_CONTEXT('2D SPACE',''
  ) );
#5122 = ORIENTED_EDGE('',*,*,#5123,.T.);
#5123 = EDGE_CURVE('',#4835,#5124,#5126,.T.);
#5124 = VERTEX_POINT('',#5125);
#5125 = CARTESIAN_POINT('',(-18.125,9.1,0.));
#5126 = SURFACE_CURVE('',#5127,(#5137,#5150),.PCURVE_S1.);
#5127 = B_SPLINE_CURVE_WITH_KNOTS('',8,(#5128,#5129,#5130,#5131,#5132,
    #5133,#5134,#5135,#5136),.UNSPECIFIED.,.F.,.F.,(9,9),(6.,7.),
  .PIECEWISE_BEZIER_KNOTS.);
#5128 = CARTESIAN_POINT('',(18.125,9.1,0.));
#5129 = CARTESIAN_POINT('',(13.59375,9.1,0.));
#5130 = CARTESIAN_POINT('',(9.0625,9.1,0.));
#5131 = CARTESIAN_POINT('',(4.53125,9.1,0.));
#5132 = CARTESIAN_POINT('',(0.,9.1,0.));
#5133 = CARTESIAN_POINT('',(-4.53125,9.1,0.));
#5134 = CARTESIAN_POINT('',(-9.0625,9.1,0.));
#5135 = CARTESIAN_POINT('',(-13.59375,9.1,0.));
#5136 = CARTESIAN_POINT('',(-18.125,9.1,0.));
#5137 = PCURVE('',#3180,#5138);
#5138 = DEFINITIONAL_REPRESENTATION('',(#5139),#5149);
#5139 = B_SPLINE_CURVE_WITH_KNOTS('',8,(#5140,#5141,#5142,#5143,#5144,
    #5145,#5146,#5147,#5148),.UNSPECIFIED.,.F.,.F.,(9,9),(6.,7.),
  .PIECEWISE_BEZIER_KNOTS.);
#5140 = CARTESIAN_POINT('',(33.081689326421,16.012942618712));
#5141 = CARTESIAN_POINT('',(28.976637035253,14.094408738563));
#5142 = CARTESIAN_POINT('',(24.871584744085,12.175874858415));
#5143 = CARTESIAN_POINT('',(20.766532452917,10.257340978266));
#5144 = CARTESIAN_POINT('',(16.66148016175,8.338807098118));
#5145 = CARTESIAN_POINT('',(12.556427870582,6.42027321797));
#5146 = CARTESIAN_POINT('',(8.451375579414,4.501739337821));
#5147 = CARTESIAN_POINT('',(4.346323288246,2.583205457673));
#5148 = CARTESIAN_POINT('',(0.241270997078,0.664671577525));
#5149 = ( GEOMETRIC_REPRESENTATION_CONTEXT(2) 
PARAMETRIC_REPRESENTATION_CONTEXT() REPRESENTATION_CONTEXT('2D SPACE',''
  ) );
#5150 = PCURVE('',#5151,#5179);
#5151 = B_SPLINE_SURFACE_WITH_KNOTS('',8,2,(
    (#5152,#5153,#5154)
    ,(#5155,#5156,#5157)
    ,(#5158,#5159,#5160)
    ,(#5161,#5162,#5163)
    ,(#5164,#5165,#5166)
    ,(#5167,#5168,#5169)
    ,(#5170,#5171,#5172)
    ,(#5173,#5174,#5175)
    ,(#5176,#5177,#5178
  )),.UNSPECIFIED.,.F.,.F.,.F.,(9,9),(3,3),(6.,7.),(0.,1.),
  .PIECEWISE_BEZIER_KNOTS.);
#5152 = CARTESIAN_POINT('',(18.125,9.1,0.));
#5153 = CARTESIAN_POINT('',(19.497600779766,10.561422691599,0.));
#5154 = CARTESIAN_POINT('',(11.379798440467,6.177154616802,10.));
#5155 = CARTESIAN_POINT('',(13.59375,9.1,0.));
#5156 = CARTESIAN_POINT('',(14.620583380295,10.45575995683,0.));
#5157 = CARTESIAN_POINT('',(8.54008323941,6.388480086341,10.));
#5158 = CARTESIAN_POINT('',(9.0625,9.1,0.));
#5159 = CARTESIAN_POINT('',(9.745808473588,10.380231020318,0.));
#5160 = CARTESIAN_POINT('',(5.695883052824,6.539537959365,10.));
#5161 = CARTESIAN_POINT('',(4.53125,9.1,0.));
#5162 = CARTESIAN_POINT('',(4.872529937731,10.334891436597,0.));
#5163 = CARTESIAN_POINT('',(2.848690124539,6.630217126807,10.));
#5164 = CARTESIAN_POINT('',(0.,9.1,0.));
#5165 = CARTESIAN_POINT('',(-5.623279619726E-14,10.319774538387,0.));
#5166 = CARTESIAN_POINT('',(1.129096816044E-13,6.660450923225,10.));
#5167 = CARTESIAN_POINT('',(-4.53125,9.1,0.));
#5168 = CARTESIAN_POINT('',(-4.872529937731,10.334891436597,0.));
#5169 = CARTESIAN_POINT('',(-2.848690124539,6.630217126807,10.));
#5170 = CARTESIAN_POINT('',(-9.0625,9.1,0.));
#5171 = CARTESIAN_POINT('',(-9.745808473588,10.380231020318,0.));
#5172 = CARTESIAN_POINT('',(-5.695883052824,6.539537959365,10.));
#5173 = CARTESIAN_POINT('',(-13.59375,9.1,0.));
#5174 = CARTESIAN_POINT('',(-14.62058338029,10.45575995683,0.));
#5175 = CARTESIAN_POINT('',(-8.54008323941,6.388480086341,10.));
#5176 = CARTESIAN_POINT('',(-18.125,9.1,0.));
#5177 = CARTESIAN_POINT('',(-19.49760077976,10.561422691599,0.));
#5178 = CARTESIAN_POINT('',(-11.37979844046,6.177154616802,10.));
#5179 = DEFINITIONAL_REPRESENTATION('',(#5180),#5184);
#5180 = LINE('',#5181,#5182);
#5181 = CARTESIAN_POINT('',(0.,0.));
#5182 = VECTOR('',#5183,1.);
#5183 = DIRECTION('',(1.,0.));
#5184 = ( GEOMETRIC_REPRESENTATION_CONTEXT(2) 
PARAMETRIC_REPRESENTATION_CONTEXT() REPRESENTATION_CONTEXT('2D SPACE',''
  ) );
#5185 = ORIENTED_EDGE('',*,*,#5186,.T.);
#5186 = EDGE_CURVE('',#5124,#4204,#5187,.T.);
#5187 = SURFACE_CURVE('',#5188,(#5198,#5211),.PCURVE_S1.);
#5188 = B_SPLINE_CURVE_WITH_KNOTS('',8,(#5189,#5190,#5191,#5192,#5193,
    #5194,#5195,#5196,#5197),.UNSPECIFIED.,.F.,.F.,(9,9),(7.,8.),
  .PIECEWISE_BEZIER_KNOTS.);
#5189 = CARTESIAN_POINT('',(-18.125,9.1,0.));
#5190 = CARTESIAN_POINT('',(-18.22317477042,9.1,0.));
#5191 = CARTESIAN_POINT('',(-18.32134913377,9.077969167543,0.));
#5192 = CARTESIAN_POINT('',(-18.41375801869,9.03391043446,0.));
#5193 = CARTESIAN_POINT('',(-18.49462741575,8.969627415756,0.));
#5194 = CARTESIAN_POINT('',(-18.55891043446,8.888758018691,0.));
#5195 = CARTESIAN_POINT('',(-18.60296916754,8.796349133776,0.));
#5196 = CARTESIAN_POINT('',(-18.625,8.698174770425,0.));
#5197 = CARTESIAN_POINT('',(-18.625,8.6,0.));
#5198 = PCURVE('',#3180,#5199);
#5199 = DEFINITIONAL_REPRESENTATION('',(#5200),#5210);
#5200 = B_SPLINE_CURVE_WITH_KNOTS('',8,(#5201,#5202,#5203,#5204,#5205,
    #5206,#5207,#5208,#5209),.UNSPECIFIED.,.F.,.F.,(9,9),(7.,8.),
  .PIECEWISE_BEZIER_KNOTS.);
#5201 = CARTESIAN_POINT('',(0.241270997078,0.664671577525));
#5202 = CARTESIAN_POINT('',(0.152330292798,0.623104322742));
#5203 = CARTESIAN_POINT('',(7.271782455427E-02,0.561578571237));
#5204 = CARTESIAN_POINT('',(7.655174598433E-03,0.482537913642));
#5205 = CARTESIAN_POINT('',(-3.839038775284E-02,0.390061040517));
#5206 = CARTESIAN_POINT('',(-6.238696156252E-02,0.289580543302));
#5207 = CARTESIAN_POINT('',(-6.317566813442E-02,0.187208907024));
#5208 = CARTESIAN_POINT('',(-4.156725478297E-02,8.894070427956E-02));
#5209 = CARTESIAN_POINT('',(-3.552713678801E-15,1.7763568394E-15));
#5210 = ( GEOMETRIC_REPRESENTATION_CONTEXT(2) 
PARAMETRIC_REPRESENTATION_CONTEXT() REPRESENTATION_CONTEXT('2D SPACE',''
  ) );
#5211 = PCURVE('',#5212,#5328);
#5212 = B_SPLINE_SURFACE_WITH_KNOTS('',8,2,(
    (#5213,#5214,#5215,#5216,#5217)
    ,(#5218,#5219,#5220,#5221,#5222)
    ,(#5223,#5224,#5225,#5226,#5227)
    ,(#5228,#5229,#5230,#5231,#5232)
    ,(#5233,#5234,#5235,#5236,#5237)
    ,(#5238,#5239,#5240,#5241,#5242)
    ,(#5243,#5244,#5245,#5246,#5247)
    ,(#5248,#5249,#5250,#5251,#5252)
    ,(#5253,#5254,#5255,#5256,#5257)
    ,(#5258,#5259,#5260,#5261,#5262)
    ,(#5263,#5264,#5265,#5266,#5267)
    ,(#5268,#5269,#5270,#5271,#5272)
    ,(#5273,#5274,#5275,#5276,#5277)
    ,(#5278,#5279,#5280,#5281,#5282)
    ,(#5283,#5284,#5285,#5286,#5287)
    ,(#5288,#5289,#5290,#5291,#5292)
    ,(#5293,#5294,#5295,#5296,#5297)
    ,(#5298,#5299,#5300,#5301,#5302)
    ,(#5303,#5304,#5305,#5306,#5307)
    ,(#5308,#5309,#5310,#5311,#5312)
    ,(#5313,#5314,#5315,#5316,#5317)
    ,(#5318,#5319,#5320,#5321,#5322)
    ,(#5323,#5324,#5325,#5326,#5327
    )),.UNSPECIFIED.,.F.,.F.,.F.,(9,7,7,9),(3,1,1,3),(5.802933294025,7.,
    8.,9.132763294751),(-1.13503242214,0.,1.,1.454674247303),
  .UNSPECIFIED.);
#5213 = CARTESIAN_POINT('',(2.142025054275,-3.648974245239,0.));
#5214 = CARTESIAN_POINT('',(-5.951896674641,13.797126528977,0.));
#5215 = CARTESIAN_POINT('',(-7.426625221328,7.846569727162,0.));
#5216 = CARTESIAN_POINT('',(4.633038384843,5.301829513947,
    14.546742473032));
#5217 = CARTESIAN_POINT('',(7.896344059465,4.624131031756,
    16.709634964985));
#5218 = CARTESIAN_POINT('',(-0.719168999859,-2.744165260216,0.));
#5219 = CARTESIAN_POINT('',(-8.537172298731,12.249177296089,0.));
#5220 = CARTESIAN_POINT('',(-10.28366961846,8.489140446781,0.));
#5221 = CARTESIAN_POINT('',(2.892485828426,5.143891607186,
    14.546742473032));
#5222 = CARTESIAN_POINT('',(6.409565164068,4.319905533166,
    17.007616212619));
#5223 = CARTESIAN_POINT('',(-3.184189641236,-1.96464007514,0.));
#5224 = CARTESIAN_POINT('',(-10.76291049228,10.916503248798,0.));
#5225 = CARTESIAN_POINT('',(-12.75552188635,9.045078566666,0.));
#5226 = CARTESIAN_POINT('',(1.209166818237,4.991147077927,
    14.546742473032));
#5227 = CARTESIAN_POINT('',(4.922786268671,4.015680034576,
    17.305597460254));
#5228 = CARTESIAN_POINT('',(-5.253036869857,-1.310398690011,0.));
#5229 = CARTESIAN_POINT('',(-12.62911125529,9.799104387103,0.));
#5230 = CARTESIAN_POINT('',(-14.84218202501,9.51438408682,0.));
#5231 = CARTESIAN_POINT('',(-0.416918645722,4.84359592617,
    14.546742473032));
#5232 = CARTESIAN_POINT('',(3.436007373273,3.711454535986,
    17.603578707889));
#5233 = CARTESIAN_POINT('',(-6.925710685722,-0.781441104831,0.));
#5234 = CARTESIAN_POINT('',(-14.13577458777,8.896980711006,0.));
#5235 = CARTESIAN_POINT('',(-16.54365003443,9.89705700724,0.));
#5236 = CARTESIAN_POINT('',(-1.985770563453,4.701238151915,
    14.546742473032));
#5237 = CARTESIAN_POINT('',(1.949228477876,3.407229037396,
    17.901559955524));
#5238 = CARTESIAN_POINT('',(-8.20221108883,-0.377767319598,0.));
#5239 = CARTESIAN_POINT('',(-15.28290048971,8.210132220505,0.));
#5240 = CARTESIAN_POINT('',(-17.85992591462,10.193097327929,0.));
#5241 = CARTESIAN_POINT('',(-3.497388934956,4.564073755163,
    14.546742473032));
#5242 = CARTESIAN_POINT('',(0.462449582479,3.103003538806,
    18.199541203159));
#5243 = CARTESIAN_POINT('',(-9.082538079182,-9.937733431236E-02,0.));
#5244 = CARTESIAN_POINT('',(-16.07048896111,7.738558915601,0.));
#5245 = CARTESIAN_POINT('',(-18.79100966557,10.402505048885,0.));
#5246 = CARTESIAN_POINT('',(-4.951773760229,4.432102735913,
    14.546742473032));
#5247 = CARTESIAN_POINT('',(-1.024329312918,2.798778040215,
    18.497522450794));
#5248 = CARTESIAN_POINT('',(-9.566691656777,5.372885102539E-02,0.));
#5249 = CARTESIAN_POINT('',(-16.49854000198,7.482260796294,0.));
#5250 = CARTESIAN_POINT('',(-19.33690128728,10.525280170108,0.));
#5251 = CARTESIAN_POINT('',(-6.348925039274,4.305325094165,
    14.546742473032));
#5252 = CARTESIAN_POINT('',(-2.511108208316,2.494552541625,
    18.795503698429));
#5253 = CARTESIAN_POINT('',(-9.728168281253,0.104793370919,0.));
#5254 = CARTESIAN_POINT('',(-16.62428819246,7.406968315612,0.));
#5255 = CARTESIAN_POINT('',(-19.63184517206,10.591615262581,0.));
#5256 = CARTESIAN_POINT('',(-8.80817699643,4.082172334497,
    14.546742473032));
#5257 = CARTESIAN_POINT('',(-5.239905520879,1.936184565367,
    19.342411130501));
#5258 = CARTESIAN_POINT('',(-9.715545444411,0.188704832906,0.));
#5259 = CARTESIAN_POINT('',(-16.67514740625,7.377544334219,0.));
#5260 = CARTESIAN_POINT('',(-19.77170570105,10.576098031667,0.));
#5261 = CARTESIAN_POINT('',(-9.908619540787,3.781855766702,
    14.546742473032));
#5262 = CARTESIAN_POINT('',(-6.515152251094,1.444246775991,
    19.551656143224));
#5263 = CARTESIAN_POINT('',(-9.640550084602,0.309823084132,0.));
#5264 = CARTESIAN_POINT('',(-16.72475012328,7.354359177308,0.));
#5265 = CARTESIAN_POINT('',(-19.90182819401,10.513649007905,0.));
#5266 = CARTESIAN_POINT('',(-10.94952548094,3.28690144412,
    14.546742473032));
#5267 = CARTESIAN_POINT('',(-7.775559256304,0.724716784302,
    19.704171881733));
#5268 = CARTESIAN_POINT('',(-9.532845499167,0.439367019354,0.));
#5269 = CARTESIAN_POINT('',(-16.77853179112,7.336164039891,0.));
#5270 = CARTESIAN_POINT('',(-20.00656275007,10.408761086305,0.));
#5271 = CARTESIAN_POINT('',(-11.89127969116,2.61118614374,
    14.546742473032));
#5272 = CARTESIAN_POINT('',(-8.968574103704,-0.197097398289,
    19.785727385398));
#5273 = CARTESIAN_POINT('',(-9.425166575677,0.542884746644,0.));
#5274 = CARTESIAN_POINT('',(-16.84102723468,7.319058265424,0.));
#5275 = CARTESIAN_POINT('',(-20.07242067986,10.271713890831,0.));
#5276 = CARTESIAN_POINT('',(-12.6982927716,1.778132387355,
    14.546742473032));
#5277 = CARTESIAN_POINT('',(-10.0414765367,-1.282010521966,
    19.787771927373));
#5278 = CARTESIAN_POINT('',(-9.350756407197,0.582005788857,0.));
#5279 = CARTESIAN_POINT('',(-16.91426214592,7.297073269308,0.));
#5280 = CARTESIAN_POINT('',(-20.09077426339,10.11725929918,0.));
#5281 = CARTESIAN_POINT('',(-13.34158515795,0.819080180548,
    14.546742473032));
#5282 = CARTESIAN_POINT('',(-10.94634449923,-2.480779451339,
    19.709281035666));
#5283 = CARTESIAN_POINT('',(-9.342280136571,0.518322113559,0.));
#5284 = CARTESIAN_POINT('',(-16.99734141307,7.263896066272,0.));
#5285 = CARTESIAN_POINT('',(-20.05901946515,9.961820351093,0.));
#5286 = CARTESIAN_POINT('',(-13.80092590689,-0.228956207696,
    14.546742473032));
#5287 = CARTESIAN_POINT('',(-11.64531233887,-3.739190756662,
    19.557398698214));
#5288 = CARTESIAN_POINT('',(-9.547673961983,8.159017030064E-02,0.));
#5289 = CARTESIAN_POINT('',(-17.18781768553,7.157707530299,0.));
#5290 = CARTESIAN_POINT('',(-19.89120375456,9.661518686993,0.));
#5291 = CARTESIAN_POINT('',(-14.36546177376,-2.569167967476,
    14.546742473032));
#5292 = CARTESIAN_POINT('',(-12.64548537824,-6.436449753592,
    19.10639791099));
#5293 = CARTESIAN_POINT('',(-10.74365337101,-1.56998453822,0.));
#5294 = CARTESIAN_POINT('',(-17.50474288211,6.611822791972,0.));
#5295 = CARTESIAN_POINT('',(-19.61198248264,9.161859791442,0.));
#5296 = CARTESIAN_POINT('',(-14.6832548149,-3.886538670887,
    14.546742473032));
#5297 = CARTESIAN_POINT('',(-13.17670199764,-7.869030666663,
    18.866860246905));
#5298 = CARTESIAN_POINT('',(-14.00471742404,-4.441380393153,0.));
#5299 = CARTESIAN_POINT('',(-18.03742661955,5.576452671106,0.));
#5300 = CARTESIAN_POINT('',(-19.14267101008,8.32203963577,0.));
#5301 = CARTESIAN_POINT('',(-15.01900194639,-5.27833577632,
    14.546742473032));
#5302 = CARTESIAN_POINT('',(-13.70791861703,-9.301611579734,
    18.627322582819));
#5303 = CARTESIAN_POINT('',(-19.83067635492,-6.619061912977,0.));
#5304 = CARTESIAN_POINT('',(-18.78586889785,4.051597167702,0.));
#5305 = CARTESIAN_POINT('',(-18.48326933687,7.142058219978,0.));
#5306 = CARTESIAN_POINT('',(-15.37270316823,-6.744559283776,
    14.546742473032));
#5307 = CARTESIAN_POINT('',(-14.23913523643,-10.7341924928,
    18.387784918734));
#5308 = CARTESIAN_POINT('',(-24.91503563264,-6.711366633656,0.));
#5309 = CARTESIAN_POINT('',(-19.75006971701,2.037256281759,0.));
#5310 = CARTESIAN_POINT('',(-17.63377746303,5.621915544065,0.));
#5311 = CARTESIAN_POINT('',(-15.74435848043,-8.285209193253,
    14.546742473032));
#5312 = CARTESIAN_POINT('',(-14.77035185582,-12.16677340587,
    18.148247254649));
#5313 = CARTESIAN_POINT('',(-27.4829557205,-6.856797522243,0.));
#5314 = CARTESIAN_POINT('',(-20.93002907704,-0.466569986722,0.));
#5315 = CARTESIAN_POINT('',(-16.59419538854,3.761611608031,0.));
#5316 = CARTESIAN_POINT('',(-16.13396788299,-9.900285504751,
    14.546742473032));
#5317 = CARTESIAN_POINT('',(-15.30156847522,-13.59935431894,
    17.908709590564));
#5318 = CARTESIAN_POINT('',(-28.65959353219,-8.028391691426,0.));
#5319 = CARTESIAN_POINT('',(-22.32574697792,-3.459881637742,0.));
#5320 = CARTESIAN_POINT('',(-15.36452311341,1.561146411877,0.));
#5321 = CARTESIAN_POINT('',(-16.5415313759,-11.58978821827,
    14.546742473032));
#5322 = CARTESIAN_POINT('',(-15.83278509461,-15.03193523202,
    17.669171926478));
#5323 = CARTESIAN_POINT('',(-29.24944683933,-10.11285244056,0.));
#5324 = CARTESIAN_POINT('',(-23.93722341966,-6.9426786713,0.));
#5325 = CARTESIAN_POINT('',(-13.94476063763,-0.979480044397,0.));
#5326 = CARTESIAN_POINT('',(-16.96704895916,-13.35371733381,
    14.546742473032));
#5327 = CARTESIAN_POINT('',(-16.36400171401,-16.46451614509,
    17.429634262393));
#5328 = DEFINITIONAL_REPRESENTATION('',(#5329),#5333);
#5329 = LINE('',#5330,#5331);
#5330 = CARTESIAN_POINT('',(0.,0.));
#5331 = VECTOR('',#5332,1.);
#5332 = DIRECTION('',(1.,0.));
#5333 = ( GEOMETRIC_REPRESENTATION_CONTEXT(2) 
PARAMETRIC_REPRESENTATION_CONTEXT() REPRESENTATION_CONTEXT('2D SPACE',''
  ) );
#5334 = FACE_BOUND('',#5335,.F.);
#5335 = EDGE_LOOP('',(#5336,#5337,#5338,#5339));
#5336 = ORIENTED_EDGE('',*,*,#3908,.F.);
#5337 = ORIENTED_EDGE('',*,*,#3165,.F.);
#5338 = ORIENTED_EDGE('',*,*,#3252,.F.);
#5339 = ORIENTED_EDGE('',*,*,#5340,.F.);
#5340 = EDGE_CURVE('',#3909,#3221,#5341,.T.);
#5341 = SURFACE_CURVE('',#5342,(#5345,#5351),.PCURVE_S1.);
#5342 = B_SPLINE_CURVE_WITH_KNOTS('',1,(#5343,#5344),.UNSPECIFIED.,.F.,
  .F.,(2,2),(1.,2.),.PIECEWISE_BEZIER_KNOTS.);
#5343 = CARTESIAN_POINT('',(17.025,-7.5,0.));
#5344 = CARTESIAN_POINT('',(17.025,7.5,0.));
#5345 = PCURVE('',#3180,#5346);
#5346 = DEFINITIONAL_REPRESENTATION('',(#5347),#5350);
#5347 = B_SPLINE_CURVE_WITH_KNOTS('',1,(#5348,#5349),.UNSPECIFIED.,.F.,
  .F.,(2,2),(1.,2.),.PIECEWISE_BEZIER_KNOTS.);
#5348 = CARTESIAN_POINT('',(39.113602129771,0.508555241818));
#5349 = CARTESIAN_POINT('',(32.762593423073,14.097693860856));
#5350 = ( GEOMETRIC_REPRESENTATION_CONTEXT(2) 
PARAMETRIC_REPRESENTATION_CONTEXT() REPRESENTATION_CONTEXT('2D SPACE',''
  ) );
#5351 = PCURVE('',#3238,#5352);
#5352 = DEFINITIONAL_REPRESENTATION('',(#5353),#5357);
#5353 = LINE('',#5354,#5355);
#5354 = CARTESIAN_POINT('',(0.,0.));
#5355 = VECTOR('',#5356,1.);
#5356 = DIRECTION('',(1.,0.));
#5357 = ( GEOMETRIC_REPRESENTATION_CONTEXT(2) 
PARAMETRIC_REPRESENTATION_CONTEXT() REPRESENTATION_CONTEXT('2D SPACE',''
  ) );
#5358 = ADVANCED_FACE('',(#5359),#3238,.F.);
#5359 = FACE_BOUND('',#5360,.F.);
#5360 = EDGE_LOOP('',(#5361,#5362,#5363,#5364,#5385,#5419,#5453,#5487));
#5361 = ORIENTED_EDGE('',*,*,#3929,.F.);
#5362 = ORIENTED_EDGE('',*,*,#5340,.T.);
#5363 = ORIENTED_EDGE('',*,*,#3220,.T.);
#5364 = ORIENTED_EDGE('',*,*,#5365,.F.);
#5365 = EDGE_CURVE('',#5366,#3223,#5368,.T.);
#5366 = VERTEX_POINT('',#5367);
#5367 = CARTESIAN_POINT('',(14.775,0.4,5.5));
#5368 = SURFACE_CURVE('',#5369,(#5372,#5379),.PCURVE_S1.);
#5369 = B_SPLINE_CURVE_WITH_KNOTS('',1,(#5370,#5371),.UNSPECIFIED.,.F.,
  .F.,(2,2),(1.,2.),.PIECEWISE_BEZIER_KNOTS.);
#5370 = CARTESIAN_POINT('',(14.775,-5.25,5.5));
#5371 = CARTESIAN_POINT('',(14.775,5.25,5.5));
#5372 = PCURVE('',#3238,#5373);
#5373 = DEFINITIONAL_REPRESENTATION('',(#5374),#5378);
#5374 = LINE('',#5375,#5376);
#5375 = CARTESIAN_POINT('',(0.,1.));
#5376 = VECTOR('',#5377,1.);
#5377 = DIRECTION('',(1.,0.));
#5378 = ( GEOMETRIC_REPRESENTATION_CONTEXT(2) 
PARAMETRIC_REPRESENTATION_CONTEXT() REPRESENTATION_CONTEXT('2D SPACE',''
  ) );
#5379 = PCURVE('',#3497,#5380);
#5380 = DEFINITIONAL_REPRESENTATION('',(#5381),#5384);
#5381 = B_SPLINE_CURVE_WITH_KNOTS('',1,(#5382,#5383),.UNSPECIFIED.,.F.,
  .F.,(2,2),(1.,2.),.PIECEWISE_BEZIER_KNOTS.);
#5382 = CARTESIAN_POINT('',(27.844426420644,9.893958626625));
#5383 = CARTESIAN_POINT('',(31.360046237211,9.623251066494E-16));
#5384 = ( GEOMETRIC_REPRESENTATION_CONTEXT(2) 
PARAMETRIC_REPRESENTATION_CONTEXT() REPRESENTATION_CONTEXT('2D SPACE',''
  ) );
#5385 = ORIENTED_EDGE('',*,*,#5386,.F.);
#5386 = EDGE_CURVE('',#5387,#5366,#5389,.T.);
#5387 = VERTEX_POINT('',#5388);
#5388 = CARTESIAN_POINT('',(15.302413174145,0.4,4.5));
#5389 = SURFACE_CURVE('',#5390,(#5396,#5405),.PCURVE_S1.);
#5390 = B_SPLINE_CURVE_WITH_KNOTS('',4,(#5391,#5392,#5393,#5394,#5395),
  .UNSPECIFIED.,.F.,.F.,(5,5),(0.,1.),.PIECEWISE_BEZIER_KNOTS.);
#5391 = CARTESIAN_POINT('',(15.302413174145,0.4,4.5));
#5392 = CARTESIAN_POINT('',(15.174537772691,0.4,4.751863566283));
#5393 = CARTESIAN_POINT('',(15.043817015527,0.4,5.00243136797));
#5394 = CARTESIAN_POINT('',(14.910562774843,0.4,5.251786468597));
#5395 = CARTESIAN_POINT('',(14.775,0.4,5.5));
#5396 = PCURVE('',#3238,#5397);
#5397 = DEFINITIONAL_REPRESENTATION('',(#5398),#5404);
#5398 = B_SPLINE_CURVE_WITH_KNOTS('',4,(#5399,#5400,#5401,#5402,#5403),
  .UNSPECIFIED.,.F.,.F.,(5,5),(0.,1.),.PIECEWISE_BEZIER_KNOTS.);
#5399 = CARTESIAN_POINT('',(1.534617572447,0.842329183504));
#5400 = CARTESIAN_POINT('',(1.535383786625,0.883053108956));
#5401 = CARTESIAN_POINT('',(1.53621231413,0.922852656022));
#5402 = CARTESIAN_POINT('',(1.537111562632,0.961813302861));
#5403 = CARTESIAN_POINT('',(1.538095238095,1.));
#5404 = ( GEOMETRIC_REPRESENTATION_CONTEXT(2) 
PARAMETRIC_REPRESENTATION_CONTEXT() REPRESENTATION_CONTEXT('2D SPACE',''
  ) );
#5405 = PCURVE('',#5406,#5411);
#5406 = PLANE('',#5407);
#5407 = AXIS2_PLACEMENT_3D('',#5408,#5409,#5410);
#5408 = CARTESIAN_POINT('',(-16.125,0.4,4.5));
#5409 = DIRECTION('',(0.,1.,0.));
#5410 = DIRECTION('',(1.,0.,0.));
#5411 = DEFINITIONAL_REPRESENTATION('',(#5412),#5418);
#5412 = B_SPLINE_CURVE_WITH_KNOTS('',4,(#5413,#5414,#5415,#5416,#5417),
  .UNSPECIFIED.,.F.,.F.,(5,5),(0.,1.),.PIECEWISE_BEZIER_KNOTS.);
#5413 = CARTESIAN_POINT('',(31.427413174145,0.));
#5414 = CARTESIAN_POINT('',(31.299537772691,-0.251863566283));
#5415 = CARTESIAN_POINT('',(31.168817015527,-0.50243136797));
#5416 = CARTESIAN_POINT('',(31.035562774843,-0.751786468597));
#5417 = CARTESIAN_POINT('',(30.9,-1.));
#5418 = ( GEOMETRIC_REPRESENTATION_CONTEXT(2) 
PARAMETRIC_REPRESENTATION_CONTEXT() REPRESENTATION_CONTEXT('2D SPACE',''
  ) );
#5419 = ORIENTED_EDGE('',*,*,#5420,.T.);
#5420 = EDGE_CURVE('',#5387,#5421,#5423,.T.);
#5421 = VERTEX_POINT('',#5422);
#5422 = CARTESIAN_POINT('',(15.302413174145,-0.4,4.5));
#5423 = SURFACE_CURVE('',#5424,(#5430,#5439),.PCURVE_S1.);
#5424 = B_SPLINE_CURVE_WITH_KNOTS('',4,(#5425,#5426,#5427,#5428,#5429),
  .UNSPECIFIED.,.F.,.F.,(5,5),(0.,1.),.PIECEWISE_BEZIER_KNOTS.);
#5425 = CARTESIAN_POINT('',(15.302413174145,0.4,4.5));
#5426 = CARTESIAN_POINT('',(15.302413174145,0.2,4.5));
#5427 = CARTESIAN_POINT('',(15.302413174145,-5.551115123126E-16,4.5));
#5428 = CARTESIAN_POINT('',(15.302413174145,-0.2,4.5));
#5429 = CARTESIAN_POINT('',(15.302413174145,-0.4,4.5));
#5430 = PCURVE('',#3238,#5431);
#5431 = DEFINITIONAL_REPRESENTATION('',(#5432),#5438);
#5432 = B_SPLINE_CURVE_WITH_KNOTS('',4,(#5433,#5434,#5435,#5436,#5437),
  .UNSPECIFIED.,.F.,.F.,(5,5),(0.,1.),.PIECEWISE_BEZIER_KNOTS.);
#5433 = CARTESIAN_POINT('',(1.534617569139,0.842329219213));
#5434 = CARTESIAN_POINT('',(1.517308784569,0.842329219213));
#5435 = CARTESIAN_POINT('',(1.5,0.842329219213));
#5436 = CARTESIAN_POINT('',(1.482691215431,0.842329219213));
#5437 = CARTESIAN_POINT('',(1.465382430861,0.842329219213));
#5438 = ( GEOMETRIC_REPRESENTATION_CONTEXT(2) 
PARAMETRIC_REPRESENTATION_CONTEXT() REPRESENTATION_CONTEXT('2D SPACE',''
  ) );
#5439 = PCURVE('',#5440,#5445);
#5440 = PLANE('',#5441);
#5441 = AXIS2_PLACEMENT_3D('',#5442,#5443,#5444);
#5442 = CARTESIAN_POINT('',(0.,0.,4.5));
#5443 = DIRECTION('',(-0.,-0.,-1.));
#5444 = DIRECTION('',(-1.,0.,0.));
#5445 = DEFINITIONAL_REPRESENTATION('',(#5446),#5452);
#5446 = B_SPLINE_CURVE_WITH_KNOTS('',4,(#5447,#5448,#5449,#5450,#5451),
  .UNSPECIFIED.,.F.,.F.,(5,5),(0.,1.),.PIECEWISE_BEZIER_KNOTS.);
#5447 = CARTESIAN_POINT('',(-15.30241317414,0.4));
#5448 = CARTESIAN_POINT('',(-15.30241317414,0.2));
#5449 = CARTESIAN_POINT('',(-15.30241317414,-5.551115123126E-16));
#5450 = CARTESIAN_POINT('',(-15.30241317414,-0.2));
#5451 = CARTESIAN_POINT('',(-15.30241317414,-0.4));
#5452 = ( GEOMETRIC_REPRESENTATION_CONTEXT(2) 
PARAMETRIC_REPRESENTATION_CONTEXT() REPRESENTATION_CONTEXT('2D SPACE',''
  ) );
#5453 = ORIENTED_EDGE('',*,*,#5454,.T.);
#5454 = EDGE_CURVE('',#5421,#5455,#5457,.T.);
#5455 = VERTEX_POINT('',#5456);
#5456 = CARTESIAN_POINT('',(14.775,-0.4,5.5));
#5457 = SURFACE_CURVE('',#5458,(#5464,#5473),.PCURVE_S1.);
#5458 = B_SPLINE_CURVE_WITH_KNOTS('',4,(#5459,#5460,#5461,#5462,#5463),
  .UNSPECIFIED.,.F.,.F.,(5,5),(0.,1.),.PIECEWISE_BEZIER_KNOTS.);
#5459 = CARTESIAN_POINT('',(15.302413174145,-0.4,4.5));
#5460 = CARTESIAN_POINT('',(15.174537772691,-0.4,4.751863566283));
#5461 = CARTESIAN_POINT('',(15.043817015527,-0.4,5.00243136797));
#5462 = CARTESIAN_POINT('',(14.910562774843,-0.4,5.251786468597));
#5463 = CARTESIAN_POINT('',(14.775,-0.4,5.5));
#5464 = PCURVE('',#3238,#5465);
#5465 = DEFINITIONAL_REPRESENTATION('',(#5466),#5472);
#5466 = B_SPLINE_CURVE_WITH_KNOTS('',4,(#5467,#5468,#5469,#5470,#5471),
  .UNSPECIFIED.,.F.,.F.,(5,5),(0.,1.),.PIECEWISE_BEZIER_KNOTS.);
#5467 = CARTESIAN_POINT('',(1.465382427553,0.842329183504));
#5468 = CARTESIAN_POINT('',(1.464616213375,0.883053108956));
#5469 = CARTESIAN_POINT('',(1.46378768587,0.922852656022));
#5470 = CARTESIAN_POINT('',(1.462888437368,0.961813302861));
#5471 = CARTESIAN_POINT('',(1.461904761905,1.));
#5472 = ( GEOMETRIC_REPRESENTATION_CONTEXT(2) 
PARAMETRIC_REPRESENTATION_CONTEXT() REPRESENTATION_CONTEXT('2D SPACE',''
  ) );
#5473 = PCURVE('',#5474,#5479);
#5474 = PLANE('',#5475);
#5475 = AXIS2_PLACEMENT_3D('',#5476,#5477,#5478);
#5476 = CARTESIAN_POINT('',(16.125,-0.4,4.5));
#5477 = DIRECTION('',(0.,-1.,0.));
#5478 = DIRECTION('',(-1.,0.,0.));
#5479 = DEFINITIONAL_REPRESENTATION('',(#5480),#5486);
#5480 = B_SPLINE_CURVE_WITH_KNOTS('',4,(#5481,#5482,#5483,#5484,#5485),
  .UNSPECIFIED.,.F.,.F.,(5,5),(0.,1.),.PIECEWISE_BEZIER_KNOTS.);
#5481 = CARTESIAN_POINT('',(0.822586825855,0.));
#5482 = CARTESIAN_POINT('',(0.950462227309,-0.251863566283));
#5483 = CARTESIAN_POINT('',(1.081182984473,-0.50243136797));
#5484 = CARTESIAN_POINT('',(1.214437225157,-0.751786468597));
#5485 = CARTESIAN_POINT('',(1.35,-1.));
#5486 = ( GEOMETRIC_REPRESENTATION_CONTEXT(2) 
PARAMETRIC_REPRESENTATION_CONTEXT() REPRESENTATION_CONTEXT('2D SPACE',''
  ) );
#5487 = ORIENTED_EDGE('',*,*,#5488,.F.);
#5488 = EDGE_CURVE('',#3930,#5455,#5489,.T.);
#5489 = SURFACE_CURVE('',#5490,(#5493,#5500),.PCURVE_S1.);
#5490 = B_SPLINE_CURVE_WITH_KNOTS('',1,(#5491,#5492),.UNSPECIFIED.,.F.,
  .F.,(2,2),(1.,2.),.PIECEWISE_BEZIER_KNOTS.);
#5491 = CARTESIAN_POINT('',(14.775,-5.25,5.5));
#5492 = CARTESIAN_POINT('',(14.775,5.25,5.5));
#5493 = PCURVE('',#3238,#5494);
#5494 = DEFINITIONAL_REPRESENTATION('',(#5495),#5499);
#5495 = LINE('',#5496,#5497);
#5496 = CARTESIAN_POINT('',(0.,1.));
#5497 = VECTOR('',#5498,1.);
#5498 = DIRECTION('',(1.,0.));
#5499 = ( GEOMETRIC_REPRESENTATION_CONTEXT(2) 
PARAMETRIC_REPRESENTATION_CONTEXT() REPRESENTATION_CONTEXT('2D SPACE',''
  ) );
#5500 = PCURVE('',#3967,#5501);
#5501 = DEFINITIONAL_REPRESENTATION('',(#5502),#5505);
#5502 = B_SPLINE_CURVE_WITH_KNOTS('',1,(#5503,#5504),.UNSPECIFIED.,.F.,
  .F.,(2,2),(1.,2.),.PIECEWISE_BEZIER_KNOTS.);
#5503 = CARTESIAN_POINT('',(27.844426420644,9.893958626625));
#5504 = CARTESIAN_POINT('',(31.360046237211,9.623251066494E-16));
#5505 = ( GEOMETRIC_REPRESENTATION_CONTEXT(2) 
PARAMETRIC_REPRESENTATION_CONTEXT() REPRESENTATION_CONTEXT('2D SPACE',''
  ) );
#5506 = ADVANCED_FACE('',(#5507),#3497,.T.);
#5507 = FACE_BOUND('',#5508,.T.);
#5508 = EDGE_LOOP('',(#5509,#5531,#5532,#5533,#5555));
#5509 = ORIENTED_EDGE('',*,*,#5510,.F.);
#5510 = EDGE_CURVE('',#3451,#5511,#5513,.T.);
#5511 = VERTEX_POINT('',#5512);
#5512 = CARTESIAN_POINT('',(12.30625,2.720753572083,5.5));
#5513 = SURFACE_CURVE('',#5514,(#5518,#5525),.PCURVE_S1.);
#5514 = LINE('',#5515,#5516);
#5515 = CARTESIAN_POINT('',(12.30625,3.3,5.5));
#5516 = VECTOR('',#5517,1.);
#5517 = DIRECTION('',(-0.,-1.,0.));
#5518 = PCURVE('',#3497,#5519);
#5519 = DEFINITIONAL_REPRESENTATION('',(#5520),#5524);
#5520 = LINE('',#5521,#5522);
#5521 = CARTESIAN_POINT('',(28.38088728466,1.010860276168));
#5522 = VECTOR('',#5523,1.);
#5523 = DIRECTION('',(-0.334820934911,0.942281773964));
#5524 = ( GEOMETRIC_REPRESENTATION_CONTEXT(2) 
PARAMETRIC_REPRESENTATION_CONTEXT() REPRESENTATION_CONTEXT('2D SPACE',''
  ) );
#5525 = PCURVE('',#3470,#5526);
#5526 = DEFINITIONAL_REPRESENTATION('',(#5527),#5530);
#5527 = B_SPLINE_CURVE_WITH_KNOTS('',1,(#5528,#5529),.UNSPECIFIED.,.F.,
  .F.,(2,2),(-3.3,9.9),.PIECEWISE_BEZIER_KNOTS.);
#5528 = CARTESIAN_POINT('',(0.,-1.));
#5529 = CARTESIAN_POINT('',(13.2,-1.));
#5530 = ( GEOMETRIC_REPRESENTATION_CONTEXT(2) 
PARAMETRIC_REPRESENTATION_CONTEXT() REPRESENTATION_CONTEXT('2D SPACE',''
  ) );
#5531 = ORIENTED_EDGE('',*,*,#3484,.F.);
#5532 = ORIENTED_EDGE('',*,*,#5365,.F.);
#5533 = ORIENTED_EDGE('',*,*,#5534,.F.);
#5534 = EDGE_CURVE('',#5535,#5366,#5537,.T.);
#5535 = VERTEX_POINT('',#5536);
#5536 = CARTESIAN_POINT('',(14.627003572083,0.4,5.5));
#5537 = SURFACE_CURVE('',#5538,(#5542,#5549),.PCURVE_S1.);
#5538 = LINE('',#5539,#5540);
#5539 = CARTESIAN_POINT('',(-8.0625,0.4,5.5));
#5540 = VECTOR('',#5541,1.);
#5541 = DIRECTION('',(1.,0.,0.));
#5542 = PCURVE('',#3497,#5543);
#5543 = DEFINITIONAL_REPRESENTATION('',(#5544),#5548);
#5544 = LINE('',#5545,#5546);
#5545 = CARTESIAN_POINT('',(8.216804689983,-3.076406497307));
#5546 = VECTOR('',#5547,1.);
#5547 = DIRECTION('',(0.942281773964,0.334820934911));
#5548 = ( GEOMETRIC_REPRESENTATION_CONTEXT(2) 
PARAMETRIC_REPRESENTATION_CONTEXT() REPRESENTATION_CONTEXT('2D SPACE',''
  ) );
#5549 = PCURVE('',#5406,#5550);
#5550 = DEFINITIONAL_REPRESENTATION('',(#5551),#5554);
#5551 = B_SPLINE_CURVE_WITH_KNOTS('',1,(#5552,#5553),.UNSPECIFIED.,.F.,
  .F.,(2,2),(-8.0625,24.1875),.PIECEWISE_BEZIER_KNOTS.);
#5552 = CARTESIAN_POINT('',(0.,-1.));
#5553 = CARTESIAN_POINT('',(32.25,-1.));
#5554 = ( GEOMETRIC_REPRESENTATION_CONTEXT(2) 
PARAMETRIC_REPRESENTATION_CONTEXT() REPRESENTATION_CONTEXT('2D SPACE',''
  ) );
#5555 = ORIENTED_EDGE('',*,*,#5556,.T.);
#5556 = EDGE_CURVE('',#5535,#5511,#5557,.T.);
#5557 = SURFACE_CURVE('',#5558,(#5563,#5574),.PCURVE_S1.);
#5558 = CIRCLE('',#5559,2.75);
#5559 = AXIS2_PLACEMENT_3D('',#5560,#5561,#5562);
#5560 = CARTESIAN_POINT('',(11.90625,1.358564403107E-15,5.5));
#5561 = DIRECTION('',(0.,0.,1.));
#5562 = DIRECTION('',(1.,-2.490940594823E-16,0.));
#5563 = PCURVE('',#3497,#5564);
#5564 = DEFINITIONAL_REPRESENTATION('',(#5565),#5573);
#5565 = ( BOUNDED_CURVE() B_SPLINE_CURVE(2,(#5566,#5567,#5568,#5569,
#5570,#5571,#5572),.UNSPECIFIED.,.T.,.F.) B_SPLINE_CURVE_WITH_KNOTS((1,2
    ,2,2,2,1),(-2.094395102393,0.,2.094395102393,4.188790204786,
6.28318530718,8.377580409573),.UNSPECIFIED.) CURVE() 
GEOMETRIC_REPRESENTATION_ITEM() RATIONAL_B_SPLINE_CURVE((1.,0.5,1.,0.5,
1.,0.5,1.)) REPRESENTATION_ITEM('') );
#5566 = CARTESIAN_POINT('',(29.490340368269,4.907219327292));
#5567 = CARTESIAN_POINT('',(31.085139262705,0.418999581523));
#5568 = CARTESIAN_POINT('',(26.400827497884,1.281973097899));
#5569 = CARTESIAN_POINT('',(21.716515733064,2.144946614275));
#5570 = CARTESIAN_POINT('',(24.806028603449,5.770192843667));
#5571 = CARTESIAN_POINT('',(27.895541473833,9.39543907306));
#5572 = CARTESIAN_POINT('',(29.490340368269,4.907219327292));
#5573 = ( GEOMETRIC_REPRESENTATION_CONTEXT(2) 
PARAMETRIC_REPRESENTATION_CONTEXT() REPRESENTATION_CONTEXT('2D SPACE',''
  ) );
#5574 = PCURVE('',#5575,#5580);
#5575 = CYLINDRICAL_SURFACE('',#5576,2.75);
#5576 = AXIS2_PLACEMENT_3D('',#5577,#5578,#5579);
#5577 = CARTESIAN_POINT('',(11.90625,0.,4.5));
#5578 = DIRECTION('',(0.,0.,-1.));
#5579 = DIRECTION('',(1.,0.,0.));
#5580 = DEFINITIONAL_REPRESENTATION('',(#5581),#5585);
#5581 = LINE('',#5582,#5583);
#5582 = CARTESIAN_POINT('',(6.28318530718,-1.));
#5583 = VECTOR('',#5584,1.);
#5584 = DIRECTION('',(-1.,-0.));
#5585 = ( GEOMETRIC_REPRESENTATION_CONTEXT(2) 
PARAMETRIC_REPRESENTATION_CONTEXT() REPRESENTATION_CONTEXT('2D SPACE',''
  ) );
#5586 = ADVANCED_FACE('',(#5587),#3470,.T.);
#5587 = FACE_BOUND('',#5588,.T.);
#5588 = EDGE_LOOP('',(#5589,#5610,#5631,#5632));
#5589 = ORIENTED_EDGE('',*,*,#5590,.T.);
#5590 = EDGE_CURVE('',#5511,#5591,#5593,.T.);
#5591 = VERTEX_POINT('',#5592);
#5592 = CARTESIAN_POINT('',(12.30625,2.720753572083,4.5));
#5593 = SURFACE_CURVE('',#5594,(#5598,#5604),.PCURVE_S1.);
#5594 = LINE('',#5595,#5596);
#5595 = CARTESIAN_POINT('',(12.30625,2.720753572083,4.5));
#5596 = VECTOR('',#5597,1.);
#5597 = DIRECTION('',(0.,0.,-1.));
#5598 = PCURVE('',#3470,#5599);
#5599 = DEFINITIONAL_REPRESENTATION('',(#5600),#5603);
#5600 = B_SPLINE_CURVE_WITH_KNOTS('',1,(#5601,#5602),.UNSPECIFIED.,.F.,
  .F.,(2,2),(-1.0000006,5.999999999062E-07),.PIECEWISE_BEZIER_KNOTS.);
#5601 = CARTESIAN_POINT('',(3.879246427917,-1.0000006));
#5602 = CARTESIAN_POINT('',(3.879246427917,5.999999999062E-07));
#5603 = ( GEOMETRIC_REPRESENTATION_CONTEXT(2) 
PARAMETRIC_REPRESENTATION_CONTEXT() REPRESENTATION_CONTEXT('2D SPACE',''
  ) );
#5604 = PCURVE('',#5575,#5605);
#5605 = DEFINITIONAL_REPRESENTATION('',(#5606),#5609);
#5606 = B_SPLINE_CURVE_WITH_KNOTS('',1,(#5607,#5608),.UNSPECIFIED.,.F.,
  .F.,(2,2),(-1.0000006,5.999999999062E-07),.PIECEWISE_BEZIER_KNOTS.);
#5607 = CARTESIAN_POINT('',(4.858361368929,-1.0000006));
#5608 = CARTESIAN_POINT('',(4.858361368929,5.999999999062E-07));
#5609 = ( GEOMETRIC_REPRESENTATION_CONTEXT(2) 
PARAMETRIC_REPRESENTATION_CONTEXT() REPRESENTATION_CONTEXT('2D SPACE',''
  ) );
#5610 = ORIENTED_EDGE('',*,*,#5611,.F.);
#5611 = EDGE_CURVE('',#3426,#5591,#5612,.T.);
#5612 = SURFACE_CURVE('',#5613,(#5617,#5624),.PCURVE_S1.);
#5613 = LINE('',#5614,#5615);
#5614 = CARTESIAN_POINT('',(12.30625,6.6,4.5));
#5615 = VECTOR('',#5616,1.);
#5616 = DIRECTION('',(0.,-1.,0.));
#5617 = PCURVE('',#3470,#5618);
#5618 = DEFINITIONAL_REPRESENTATION('',(#5619),#5623);
#5619 = LINE('',#5620,#5621);
#5620 = CARTESIAN_POINT('',(0.,0.));
#5621 = VECTOR('',#5622,1.);
#5622 = DIRECTION('',(1.,0.));
#5623 = ( GEOMETRIC_REPRESENTATION_CONTEXT(2) 
PARAMETRIC_REPRESENTATION_CONTEXT() REPRESENTATION_CONTEXT('2D SPACE',''
  ) );
#5624 = PCURVE('',#3439,#5625);
#5625 = DEFINITIONAL_REPRESENTATION('',(#5626),#5630);
#5626 = LINE('',#5627,#5628);
#5627 = CARTESIAN_POINT('',(-12.30625,6.6));
#5628 = VECTOR('',#5629,1.);
#5629 = DIRECTION('',(0.,-1.));
#5630 = ( GEOMETRIC_REPRESENTATION_CONTEXT(2) 
PARAMETRIC_REPRESENTATION_CONTEXT() REPRESENTATION_CONTEXT('2D SPACE',''
  ) );
#5631 = ORIENTED_EDGE('',*,*,#3450,.T.);
#5632 = ORIENTED_EDGE('',*,*,#5510,.T.);
#5633 = ADVANCED_FACE('',(#5634),#3439,.T.);
#5634 = FACE_BOUND('',#5635,.T.);
#5635 = EDGE_LOOP('',(#5636,#5660,#5681,#5682));
#5636 = ORIENTED_EDGE('',*,*,#5637,.F.);
#5637 = EDGE_CURVE('',#5638,#5591,#5640,.T.);
#5638 = VERTEX_POINT('',#5639);
#5639 = CARTESIAN_POINT('',(11.50625,2.720753572083,4.5));
#5640 = SURFACE_CURVE('',#5641,(#5646,#5653),.PCURVE_S1.);
#5641 = CIRCLE('',#5642,2.75);
#5642 = AXIS2_PLACEMENT_3D('',#5643,#5644,#5645);
#5643 = CARTESIAN_POINT('',(11.90625,0.,4.5));
#5644 = DIRECTION('',(0.,0.,-1.));
#5645 = DIRECTION('',(1.,0.,0.));
#5646 = PCURVE('',#3439,#5647);
#5647 = DEFINITIONAL_REPRESENTATION('',(#5648),#5652);
#5648 = CIRCLE('',#5649,2.75);
#5649 = AXIS2_PLACEMENT_2D('',#5650,#5651);
#5650 = CARTESIAN_POINT('',(-11.90625,0.));
#5651 = DIRECTION('',(-1.,0.));
#5652 = ( GEOMETRIC_REPRESENTATION_CONTEXT(2) 
PARAMETRIC_REPRESENTATION_CONTEXT() REPRESENTATION_CONTEXT('2D SPACE',''
  ) );
#5653 = PCURVE('',#5575,#5654);
#5654 = DEFINITIONAL_REPRESENTATION('',(#5655),#5659);
#5655 = LINE('',#5656,#5657);
#5656 = CARTESIAN_POINT('',(0.,0.));
#5657 = VECTOR('',#5658,1.);
#5658 = DIRECTION('',(1.,0.));
#5659 = ( GEOMETRIC_REPRESENTATION_CONTEXT(2) 
PARAMETRIC_REPRESENTATION_CONTEXT() REPRESENTATION_CONTEXT('2D SPACE',''
  ) );
#5660 = ORIENTED_EDGE('',*,*,#5661,.T.);
#5661 = EDGE_CURVE('',#5638,#3392,#5662,.T.);
#5662 = SURFACE_CURVE('',#5663,(#5667,#5674),.PCURVE_S1.);
#5663 = LINE('',#5664,#5665);
#5664 = CARTESIAN_POINT('',(11.50625,-6.6,4.5));
#5665 = VECTOR('',#5666,1.);
#5666 = DIRECTION('',(0.,1.,0.));
#5667 = PCURVE('',#3439,#5668);
#5668 = DEFINITIONAL_REPRESENTATION('',(#5669),#5673);
#5669 = LINE('',#5670,#5671);
#5670 = CARTESIAN_POINT('',(-11.50625,-6.6));
#5671 = VECTOR('',#5672,1.);
#5672 = DIRECTION('',(0.,1.));
#5673 = ( GEOMETRIC_REPRESENTATION_CONTEXT(2) 
PARAMETRIC_REPRESENTATION_CONTEXT() REPRESENTATION_CONTEXT('2D SPACE',''
  ) );
#5674 = PCURVE('',#3411,#5675);
#5675 = DEFINITIONAL_REPRESENTATION('',(#5676),#5680);
#5676 = LINE('',#5677,#5678);
#5677 = CARTESIAN_POINT('',(0.,0.));
#5678 = VECTOR('',#5679,1.);
#5679 = DIRECTION('',(1.,0.));
#5680 = ( GEOMETRIC_REPRESENTATION_CONTEXT(2) 
PARAMETRIC_REPRESENTATION_CONTEXT() REPRESENTATION_CONTEXT('2D SPACE',''
  ) );
#5681 = ORIENTED_EDGE('',*,*,#3425,.T.);
#5682 = ORIENTED_EDGE('',*,*,#5611,.T.);
#5683 = ADVANCED_FACE('',(#5684),#3411,.T.);
#5684 = FACE_BOUND('',#5685,.T.);
#5685 = EDGE_LOOP('',(#5686,#5687,#5708,#5728));
#5686 = ORIENTED_EDGE('',*,*,#5661,.F.);
#5687 = ORIENTED_EDGE('',*,*,#5688,.F.);
#5688 = EDGE_CURVE('',#5689,#5638,#5691,.T.);
#5689 = VERTEX_POINT('',#5690);
#5690 = CARTESIAN_POINT('',(11.50625,2.720753572083,5.5));
#5691 = SURFACE_CURVE('',#5692,(#5696,#5702),.PCURVE_S1.);
#5692 = LINE('',#5693,#5694);
#5693 = CARTESIAN_POINT('',(11.50625,2.720753572083,4.5));
#5694 = VECTOR('',#5695,1.);
#5695 = DIRECTION('',(0.,0.,-1.));
#5696 = PCURVE('',#3411,#5697);
#5697 = DEFINITIONAL_REPRESENTATION('',(#5698),#5701);
#5698 = B_SPLINE_CURVE_WITH_KNOTS('',1,(#5699,#5700),.UNSPECIFIED.,.F.,
  .F.,(2,2),(-1.0000006,5.999999999062E-07),.PIECEWISE_BEZIER_KNOTS.);
#5699 = CARTESIAN_POINT('',(9.320753572083,-1.0000006));
#5700 = CARTESIAN_POINT('',(9.320753572083,5.999999999062E-07));
#5701 = ( GEOMETRIC_REPRESENTATION_CONTEXT(2) 
PARAMETRIC_REPRESENTATION_CONTEXT() REPRESENTATION_CONTEXT('2D SPACE',''
  ) );
#5702 = PCURVE('',#5575,#5703);
#5703 = DEFINITIONAL_REPRESENTATION('',(#5704),#5707);
#5704 = B_SPLINE_CURVE_WITH_KNOTS('',1,(#5705,#5706),.UNSPECIFIED.,.F.,
  .F.,(2,2),(-1.0000006,5.999999999062E-07),.PIECEWISE_BEZIER_KNOTS.);
#5705 = CARTESIAN_POINT('',(4.56641659184,-1.0000006));
#5706 = CARTESIAN_POINT('',(4.56641659184,5.999999999062E-07));
#5707 = ( GEOMETRIC_REPRESENTATION_CONTEXT(2) 
PARAMETRIC_REPRESENTATION_CONTEXT() REPRESENTATION_CONTEXT('2D SPACE',''
  ) );
#5708 = ORIENTED_EDGE('',*,*,#5709,.T.);
#5709 = EDGE_CURVE('',#5689,#3366,#5710,.T.);
#5710 = SURFACE_CURVE('',#5711,(#5715,#5721),.PCURVE_S1.);
#5711 = LINE('',#5712,#5713);
#5712 = CARTESIAN_POINT('',(11.50625,-3.3,5.5));
#5713 = VECTOR('',#5714,1.);
#5714 = DIRECTION('',(0.,1.,-0.));
#5715 = PCURVE('',#3411,#5716);
#5716 = DEFINITIONAL_REPRESENTATION('',(#5717),#5720);
#5717 = B_SPLINE_CURVE_WITH_KNOTS('',1,(#5718,#5719),.UNSPECIFIED.,.F.,
  .F.,(2,2),(-3.3,9.9),.PIECEWISE_BEZIER_KNOTS.);
#5718 = CARTESIAN_POINT('',(0.,-1.));
#5719 = CARTESIAN_POINT('',(13.2,-1.));
#5720 = ( GEOMETRIC_REPRESENTATION_CONTEXT(2) 
PARAMETRIC_REPRESENTATION_CONTEXT() REPRESENTATION_CONTEXT('2D SPACE',''
  ) );
#5721 = PCURVE('',#3380,#5722);
#5722 = DEFINITIONAL_REPRESENTATION('',(#5723),#5727);
#5723 = LINE('',#5724,#5725);
#5724 = CARTESIAN_POINT('',(25.417243695075,6.962063236404));
#5725 = VECTOR('',#5726,1.);
#5726 = DIRECTION('',(0.334820934911,-0.942281773964));
#5727 = ( GEOMETRIC_REPRESENTATION_CONTEXT(2) 
PARAMETRIC_REPRESENTATION_CONTEXT() REPRESENTATION_CONTEXT('2D SPACE',''
  ) );
#5728 = ORIENTED_EDGE('',*,*,#3391,.F.);
#5729 = ADVANCED_FACE('',(#5730),#3380,.T.);
#5730 = FACE_BOUND('',#5731,.T.);
#5731 = EDGE_LOOP('',(#5732,#5752,#5753,#5754,#5782,#5802));
#5732 = ORIENTED_EDGE('',*,*,#5733,.F.);
#5733 = EDGE_CURVE('',#3332,#3561,#5734,.T.);
#5734 = SURFACE_CURVE('',#5735,(#5739,#5746),.PCURVE_S1.);
#5735 = LINE('',#5736,#5737);
#5736 = CARTESIAN_POINT('',(0.4,3.3,5.5));
#5737 = VECTOR('',#5738,1.);
#5738 = DIRECTION('',(-0.,-1.,0.));
#5739 = PCURVE('',#3380,#5740);
#5740 = DEFINITIONAL_REPRESENTATION('',(#5741),#5745);
#5741 = LINE('',#5742,#5743);
#5742 = CARTESIAN_POINT('',(17.161844913398,-2.975601480118));
#5743 = VECTOR('',#5744,1.);
#5744 = DIRECTION('',(-0.334820934911,0.942281773964));
#5745 = ( GEOMETRIC_REPRESENTATION_CONTEXT(2) 
PARAMETRIC_REPRESENTATION_CONTEXT() REPRESENTATION_CONTEXT('2D SPACE',''
  ) );
#5746 = PCURVE('',#3351,#5747);
#5747 = DEFINITIONAL_REPRESENTATION('',(#5748),#5751);
#5748 = B_SPLINE_CURVE_WITH_KNOTS('',1,(#5749,#5750),.UNSPECIFIED.,.F.,
  .F.,(2,2),(-3.3,9.9),.PIECEWISE_BEZIER_KNOTS.);
#5749 = CARTESIAN_POINT('',(0.,-1.));
#5750 = CARTESIAN_POINT('',(13.2,-1.));
#5751 = ( GEOMETRIC_REPRESENTATION_CONTEXT(2) 
PARAMETRIC_REPRESENTATION_CONTEXT() REPRESENTATION_CONTEXT('2D SPACE',''
  ) );
#5752 = ORIENTED_EDGE('',*,*,#3365,.F.);
#5753 = ORIENTED_EDGE('',*,*,#5709,.F.);
#5754 = ORIENTED_EDGE('',*,*,#5755,.T.);
#5755 = EDGE_CURVE('',#5689,#5756,#5758,.T.);
#5756 = VERTEX_POINT('',#5757);
#5757 = CARTESIAN_POINT('',(9.185496427917,0.4,5.5));
#5758 = SURFACE_CURVE('',#5759,(#5764,#5775),.PCURVE_S1.);
#5759 = CIRCLE('',#5760,2.75);
#5760 = AXIS2_PLACEMENT_3D('',#5761,#5762,#5763);
#5761 = CARTESIAN_POINT('',(11.90625,1.358564403107E-15,5.5));
#5762 = DIRECTION('',(0.,0.,1.));
#5763 = DIRECTION('',(1.,-2.490940594823E-16,0.));
#5764 = PCURVE('',#3380,#5765);
#5765 = DEFINITIONAL_REPRESENTATION('',(#5766),#5774);
#5766 = ( BOUNDED_CURVE() B_SPLINE_CURVE(2,(#5767,#5768,#5769,#5770,
#5771,#5772,#5773),.UNSPECIFIED.,.T.,.F.) B_SPLINE_CURVE_WITH_KNOTS((1,2
    ,2,2,2,1),(-2.094395102393,0.,2.094395102393,4.188790204786,
6.28318530718,8.377580409573),.UNSPECIFIED.) CURVE() 
GEOMETRIC_REPRESENTATION_ITEM() RATIONAL_B_SPLINE_CURVE((1.,0.5,1.,0.5,
1.,0.5,1.)) REPRESENTATION_ITEM('') );
#5767 = CARTESIAN_POINT('',(29.490340368269,4.907219327292));
#5768 = CARTESIAN_POINT('',(31.085139262705,0.418999581523));
#5769 = CARTESIAN_POINT('',(26.400827497884,1.281973097899));
#5770 = CARTESIAN_POINT('',(21.716515733064,2.144946614275));
#5771 = CARTESIAN_POINT('',(24.806028603449,5.770192843667));
#5772 = CARTESIAN_POINT('',(27.895541473833,9.39543907306));
#5773 = CARTESIAN_POINT('',(29.490340368269,4.907219327292));
#5774 = ( GEOMETRIC_REPRESENTATION_CONTEXT(2) 
PARAMETRIC_REPRESENTATION_CONTEXT() REPRESENTATION_CONTEXT('2D SPACE',''
  ) );
#5775 = PCURVE('',#5575,#5776);
#5776 = DEFINITIONAL_REPRESENTATION('',(#5777),#5781);
#5777 = LINE('',#5778,#5779);
#5778 = CARTESIAN_POINT('',(6.28318530718,-1.));
#5779 = VECTOR('',#5780,1.);
#5780 = DIRECTION('',(-1.,-0.));
#5781 = ( GEOMETRIC_REPRESENTATION_CONTEXT(2) 
PARAMETRIC_REPRESENTATION_CONTEXT() REPRESENTATION_CONTEXT('2D SPACE',''
  ) );
#5782 = ORIENTED_EDGE('',*,*,#5783,.F.);
#5783 = EDGE_CURVE('',#3582,#5756,#5784,.T.);
#5784 = SURFACE_CURVE('',#5785,(#5789,#5796),.PCURVE_S1.);
#5785 = LINE('',#5786,#5787);
#5786 = CARTESIAN_POINT('',(-8.0625,0.4,5.5));
#5787 = VECTOR('',#5788,1.);
#5788 = DIRECTION('',(1.,0.,0.));
#5789 = PCURVE('',#3380,#5790);
#5790 = DEFINITIONAL_REPRESENTATION('',(#5791),#5795);
#5791 = LINE('',#5792,#5793);
#5792 = CARTESIAN_POINT('',(8.216804689983,-3.076406497307));
#5793 = VECTOR('',#5794,1.);
#5794 = DIRECTION('',(0.942281773964,0.334820934911));
#5795 = ( GEOMETRIC_REPRESENTATION_CONTEXT(2) 
PARAMETRIC_REPRESENTATION_CONTEXT() REPRESENTATION_CONTEXT('2D SPACE',''
  ) );
#5796 = PCURVE('',#3624,#5797);
#5797 = DEFINITIONAL_REPRESENTATION('',(#5798),#5801);
#5798 = B_SPLINE_CURVE_WITH_KNOTS('',1,(#5799,#5800),.UNSPECIFIED.,.F.,
  .F.,(2,2),(-8.0625,24.1875),.PIECEWISE_BEZIER_KNOTS.);
#5799 = CARTESIAN_POINT('',(0.,-1.));
#5800 = CARTESIAN_POINT('',(32.25,-1.));
#5801 = ( GEOMETRIC_REPRESENTATION_CONTEXT(2) 
PARAMETRIC_REPRESENTATION_CONTEXT() REPRESENTATION_CONTEXT('2D SPACE',''
  ) );
#5802 = ORIENTED_EDGE('',*,*,#3581,.T.);
#5803 = ADVANCED_FACE('',(#5804),#3351,.T.);
#5804 = FACE_BOUND('',#5805,.T.);
#5805 = EDGE_LOOP('',(#5806,#5807,#5828,#5829));
#5806 = ORIENTED_EDGE('',*,*,#3560,.T.);
#5807 = ORIENTED_EDGE('',*,*,#5808,.F.);
#5808 = EDGE_CURVE('',#3307,#3537,#5809,.T.);
#5809 = SURFACE_CURVE('',#5810,(#5814,#5821),.PCURVE_S1.);
#5810 = LINE('',#5811,#5812);
#5811 = CARTESIAN_POINT('',(0.4,6.6,4.5));
#5812 = VECTOR('',#5813,1.);
#5813 = DIRECTION('',(0.,-1.,0.));
#5814 = PCURVE('',#3351,#5815);
#5815 = DEFINITIONAL_REPRESENTATION('',(#5816),#5820);
#5816 = LINE('',#5817,#5818);
#5817 = CARTESIAN_POINT('',(0.,0.));
#5818 = VECTOR('',#5819,1.);
#5819 = DIRECTION('',(1.,0.));
#5820 = ( GEOMETRIC_REPRESENTATION_CONTEXT(2) 
PARAMETRIC_REPRESENTATION_CONTEXT() REPRESENTATION_CONTEXT('2D SPACE',''
  ) );
#5821 = PCURVE('',#3320,#5822);
#5822 = DEFINITIONAL_REPRESENTATION('',(#5823),#5827);
#5823 = LINE('',#5824,#5825);
#5824 = CARTESIAN_POINT('',(-0.4,6.6));
#5825 = VECTOR('',#5826,1.);
#5826 = DIRECTION('',(0.,-1.));
#5827 = ( GEOMETRIC_REPRESENTATION_CONTEXT(2) 
PARAMETRIC_REPRESENTATION_CONTEXT() REPRESENTATION_CONTEXT('2D SPACE',''
  ) );
#5828 = ORIENTED_EDGE('',*,*,#3331,.T.);
#5829 = ORIENTED_EDGE('',*,*,#5733,.T.);
#5830 = ADVANCED_FACE('',(#5831),#3320,.T.);
#5831 = FACE_BOUND('',#5832,.T.);
#5832 = EDGE_LOOP('',(#5833,#5834,#5835,#5836));
#5833 = ORIENTED_EDGE('',*,*,#3536,.F.);
#5834 = ORIENTED_EDGE('',*,*,#3880,.T.);
#5835 = ORIENTED_EDGE('',*,*,#3306,.T.);
#5836 = ORIENTED_EDGE('',*,*,#5808,.T.);
#5837 = ADVANCED_FACE('',(#5838),#3624,.T.);
#5838 = FACE_BOUND('',#5839,.T.);
#5839 = EDGE_LOOP('',(#5840,#5863,#5864,#5865));
#5840 = ORIENTED_EDGE('',*,*,#5841,.F.);
#5841 = EDGE_CURVE('',#3610,#5842,#5844,.T.);
#5842 = VERTEX_POINT('',#5843);
#5843 = CARTESIAN_POINT('',(9.185496427917,0.4,4.5));
#5844 = SURFACE_CURVE('',#5845,(#5849,#5856),.PCURVE_S1.);
#5845 = LINE('',#5846,#5847);
#5846 = CARTESIAN_POINT('',(-16.125,0.4,4.5));
#5847 = VECTOR('',#5848,1.);
#5848 = DIRECTION('',(1.,0.,0.));
#5849 = PCURVE('',#3624,#5850);
#5850 = DEFINITIONAL_REPRESENTATION('',(#5851),#5855);
#5851 = LINE('',#5852,#5853);
#5852 = CARTESIAN_POINT('',(0.,0.));
#5853 = VECTOR('',#5854,1.);
#5854 = DIRECTION('',(1.,0.));
#5855 = ( GEOMETRIC_REPRESENTATION_CONTEXT(2) 
PARAMETRIC_REPRESENTATION_CONTEXT() REPRESENTATION_CONTEXT('2D SPACE',''
  ) );
#5856 = PCURVE('',#3652,#5857);
#5857 = DEFINITIONAL_REPRESENTATION('',(#5858),#5862);
#5858 = LINE('',#5859,#5860);
#5859 = CARTESIAN_POINT('',(16.125,0.4));
#5860 = VECTOR('',#5861,1.);
#5861 = DIRECTION('',(-1.,0.));
#5862 = ( GEOMETRIC_REPRESENTATION_CONTEXT(2) 
PARAMETRIC_REPRESENTATION_CONTEXT() REPRESENTATION_CONTEXT('2D SPACE',''
  ) );
#5863 = ORIENTED_EDGE('',*,*,#3609,.F.);
#5864 = ORIENTED_EDGE('',*,*,#5783,.T.);
#5865 = ORIENTED_EDGE('',*,*,#5866,.T.);
#5866 = EDGE_CURVE('',#5756,#5842,#5867,.T.);
#5867 = SURFACE_CURVE('',#5868,(#5872,#5878),.PCURVE_S1.);
#5868 = LINE('',#5869,#5870);
#5869 = CARTESIAN_POINT('',(9.185496427917,0.4,4.5));
#5870 = VECTOR('',#5871,1.);
#5871 = DIRECTION('',(0.,0.,-1.));
#5872 = PCURVE('',#3624,#5873);
#5873 = DEFINITIONAL_REPRESENTATION('',(#5874),#5877);
#5874 = B_SPLINE_CURVE_WITH_KNOTS('',1,(#5875,#5876),.UNSPECIFIED.,.F.,
  .F.,(2,2),(-1.0000006,5.999999999062E-07),.PIECEWISE_BEZIER_KNOTS.);
#5875 = CARTESIAN_POINT('',(25.310496427917,-1.0000006));
#5876 = CARTESIAN_POINT('',(25.310496427917,5.999999999062E-07));
#5877 = ( GEOMETRIC_REPRESENTATION_CONTEXT(2) 
PARAMETRIC_REPRESENTATION_CONTEXT() REPRESENTATION_CONTEXT('2D SPACE',''
  ) );
#5878 = PCURVE('',#5575,#5879);
#5879 = DEFINITIONAL_REPRESENTATION('',(#5880),#5883);
#5880 = B_SPLINE_CURVE_WITH_KNOTS('',1,(#5881,#5882),.UNSPECIFIED.,.F.,
  .F.,(2,2),(-1.0000006,5.999999999062E-07),.PIECEWISE_BEZIER_KNOTS.);
#5881 = CARTESIAN_POINT('',(3.287565042134,-1.0000006));
#5882 = CARTESIAN_POINT('',(3.287565042134,5.999999999062E-07));
#5883 = ( GEOMETRIC_REPRESENTATION_CONTEXT(2) 
PARAMETRIC_REPRESENTATION_CONTEXT() REPRESENTATION_CONTEXT('2D SPACE',''
  ) );
#5884 = ADVANCED_FACE('',(#5885),#3652,.T.);
#5885 = FACE_BOUND('',#5886,.T.);
#5886 = EDGE_LOOP('',(#5887,#5911,#5932,#5933,#5934));
#5887 = ORIENTED_EDGE('',*,*,#5888,.F.);
#5888 = EDGE_CURVE('',#5889,#5842,#5891,.T.);
#5889 = VERTEX_POINT('',#5890);
#5890 = CARTESIAN_POINT('',(9.185496427917,-0.4,4.5));
#5891 = SURFACE_CURVE('',#5892,(#5897,#5904),.PCURVE_S1.);
#5892 = CIRCLE('',#5893,2.75);
#5893 = AXIS2_PLACEMENT_3D('',#5894,#5895,#5896);
#5894 = CARTESIAN_POINT('',(11.90625,0.,4.5));
#5895 = DIRECTION('',(0.,0.,-1.));
#5896 = DIRECTION('',(1.,0.,0.));
#5897 = PCURVE('',#3652,#5898);
#5898 = DEFINITIONAL_REPRESENTATION('',(#5899),#5903);
#5899 = CIRCLE('',#5900,2.75);
#5900 = AXIS2_PLACEMENT_2D('',#5901,#5902);
#5901 = CARTESIAN_POINT('',(-11.90625,0.));
#5902 = DIRECTION('',(-1.,0.));
#5903 = ( GEOMETRIC_REPRESENTATION_CONTEXT(2) 
PARAMETRIC_REPRESENTATION_CONTEXT() REPRESENTATION_CONTEXT('2D SPACE',''
  ) );
#5904 = PCURVE('',#5575,#5905);
#5905 = DEFINITIONAL_REPRESENTATION('',(#5906),#5910);
#5906 = LINE('',#5907,#5908);
#5907 = CARTESIAN_POINT('',(0.,0.));
#5908 = VECTOR('',#5909,1.);
#5909 = DIRECTION('',(1.,0.));
#5910 = ( GEOMETRIC_REPRESENTATION_CONTEXT(2) 
PARAMETRIC_REPRESENTATION_CONTEXT() REPRESENTATION_CONTEXT('2D SPACE',''
  ) );
#5911 = ORIENTED_EDGE('',*,*,#5912,.T.);
#5912 = EDGE_CURVE('',#5889,#3720,#5913,.T.);
#5913 = SURFACE_CURVE('',#5914,(#5918,#5925),.PCURVE_S1.);
#5914 = LINE('',#5915,#5916);
#5915 = CARTESIAN_POINT('',(16.125,-0.4,4.5));
#5916 = VECTOR('',#5917,1.);
#5917 = DIRECTION('',(-1.,0.,0.));
#5918 = PCURVE('',#3652,#5919);
#5919 = DEFINITIONAL_REPRESENTATION('',(#5920),#5924);
#5920 = LINE('',#5921,#5922);
#5921 = CARTESIAN_POINT('',(-16.125,-0.4));
#5922 = VECTOR('',#5923,1.);
#5923 = DIRECTION('',(1.,0.));
#5924 = ( GEOMETRIC_REPRESENTATION_CONTEXT(2) 
PARAMETRIC_REPRESENTATION_CONTEXT() REPRESENTATION_CONTEXT('2D SPACE',''
  ) );
#5925 = PCURVE('',#3758,#5926);
#5926 = DEFINITIONAL_REPRESENTATION('',(#5927),#5931);
#5927 = LINE('',#5928,#5929);
#5928 = CARTESIAN_POINT('',(0.,0.));
#5929 = VECTOR('',#5930,1.);
#5930 = DIRECTION('',(1.,0.));
#5931 = ( GEOMETRIC_REPRESENTATION_CONTEXT(2) 
PARAMETRIC_REPRESENTATION_CONTEXT() REPRESENTATION_CONTEXT('2D SPACE',''
  ) );
#5932 = ORIENTED_EDGE('',*,*,#3719,.F.);
#5933 = ORIENTED_EDGE('',*,*,#3635,.F.);
#5934 = ORIENTED_EDGE('',*,*,#5841,.T.);
#5935 = ADVANCED_FACE('',(#5936,#6274),#3702,.T.);
#5936 = FACE_BOUND('',#5937,.T.);
#5937 = EDGE_LOOP('',(#5938,#5968,#5996,#6024,#6052,#6080,#6108,#6136,
    #6164,#6192,#6220,#6248));
#5938 = ORIENTED_EDGE('',*,*,#5939,.T.);
#5939 = EDGE_CURVE('',#5940,#5942,#5944,.T.);
#5940 = VERTEX_POINT('',#5941);
#5941 = CARTESIAN_POINT('',(-0.76,-2.275,0.6));
#5942 = VERTEX_POINT('',#5943);
#5943 = CARTESIAN_POINT('',(0.76,-2.275,0.6));
#5944 = SURFACE_CURVE('',#5945,(#5949,#5956),.PCURVE_S1.);
#5945 = LINE('',#5946,#5947);
#5946 = CARTESIAN_POINT('',(-0.56,-2.275,0.6));
#5947 = VECTOR('',#5948,1.);
#5948 = DIRECTION('',(1.,-0.,0.));
#5949 = PCURVE('',#3702,#5950);
#5950 = DEFINITIONAL_REPRESENTATION('',(#5951),#5955);
#5951 = LINE('',#5952,#5953);
#5952 = CARTESIAN_POINT('',(0.56,-2.275));
#5953 = VECTOR('',#5954,1.);
#5954 = DIRECTION('',(-1.,0.));
#5955 = ( GEOMETRIC_REPRESENTATION_CONTEXT(2) 
PARAMETRIC_REPRESENTATION_CONTEXT() REPRESENTATION_CONTEXT('2D SPACE',''
  ) );
#5956 = PCURVE('',#5957,#5962);
#5957 = PLANE('',#5958);
#5958 = AXIS2_PLACEMENT_3D('',#5959,#5960,#5961);
#5959 = CARTESIAN_POINT('',(-0.56,-2.175,0.7));
#5960 = DIRECTION('',(1.899747459932E-18,0.707106781187,-0.707106781187)
  );
#5961 = DIRECTION('',(-1.,1.34332431146E-18,-1.34332431146E-18));
#5962 = DEFINITIONAL_REPRESENTATION('',(#5963),#5967);
#5963 = LINE('',#5964,#5965);
#5964 = CARTESIAN_POINT('',(-0.,-0.141421356237));
#5965 = VECTOR('',#5966,1.);
#5966 = DIRECTION('',(-1.,0.));
#5967 = ( GEOMETRIC_REPRESENTATION_CONTEXT(2) 
PARAMETRIC_REPRESENTATION_CONTEXT() REPRESENTATION_CONTEXT('2D SPACE',''
  ) );
#5968 = ORIENTED_EDGE('',*,*,#5969,.F.);
#5969 = EDGE_CURVE('',#5970,#5942,#5972,.T.);
#5970 = VERTEX_POINT('',#5971);
#5971 = CARTESIAN_POINT('',(0.76,-0.835,0.6));
#5972 = SURFACE_CURVE('',#5973,(#5977,#5984),.PCURVE_S1.);
#5973 = LINE('',#5974,#5975);
#5974 = CARTESIAN_POINT('',(0.76,-0.635,0.6));
#5975 = VECTOR('',#5976,1.);
#5976 = DIRECTION('',(0.,-1.,0.));
#5977 = PCURVE('',#3702,#5978);
#5978 = DEFINITIONAL_REPRESENTATION('',(#5979),#5983);
#5979 = LINE('',#5980,#5981);
#5980 = CARTESIAN_POINT('',(-0.76,-0.635));
#5981 = VECTOR('',#5982,1.);
#5982 = DIRECTION('',(0.,-1.));
#5983 = ( GEOMETRIC_REPRESENTATION_CONTEXT(2) 
PARAMETRIC_REPRESENTATION_CONTEXT() REPRESENTATION_CONTEXT('2D SPACE',''
  ) );
#5984 = PCURVE('',#5985,#5990);
#5985 = PLANE('',#5986);
#5986 = AXIS2_PLACEMENT_3D('',#5987,#5988,#5989);
#5987 = CARTESIAN_POINT('',(0.66,-0.635,0.7));
#5988 = DIRECTION('',(0.707106781187,-2.197497983273E-18,0.707106781187)
  );
#5989 = DIRECTION('',(1.553865725616E-18,1.,1.553865725616E-18));
#5990 = DEFINITIONAL_REPRESENTATION('',(#5991),#5995);
#5991 = LINE('',#5992,#5993);
#5992 = CARTESIAN_POINT('',(-0.,-0.141421356237));
#5993 = VECTOR('',#5994,1.);
#5994 = DIRECTION('',(-1.,0.));
#5995 = ( GEOMETRIC_REPRESENTATION_CONTEXT(2) 
PARAMETRIC_REPRESENTATION_CONTEXT() REPRESENTATION_CONTEXT('2D SPACE',''
  ) );
#5996 = ORIENTED_EDGE('',*,*,#5997,.T.);
#5997 = EDGE_CURVE('',#5970,#5998,#6000,.T.);
#5998 = VERTEX_POINT('',#5999);
#5999 = CARTESIAN_POINT('',(2.275,-0.835,0.6));
#6000 = SURFACE_CURVE('',#6001,(#6005,#6012),.PCURVE_S1.);
#6001 = LINE('',#6002,#6003);
#6002 = CARTESIAN_POINT('',(0.56,-0.835,0.6));
#6003 = VECTOR('',#6004,1.);
#6004 = DIRECTION('',(1.,-0.,0.));
#6005 = PCURVE('',#3702,#6006);
#6006 = DEFINITIONAL_REPRESENTATION('',(#6007),#6011);
#6007 = LINE('',#6008,#6009);
#6008 = CARTESIAN_POINT('',(-0.56,-0.835));
#6009 = VECTOR('',#6010,1.);
#6010 = DIRECTION('',(-1.,0.));
#6011 = ( GEOMETRIC_REPRESENTATION_CONTEXT(2) 
PARAMETRIC_REPRESENTATION_CONTEXT() REPRESENTATION_CONTEXT('2D SPACE',''
  ) );
#6012 = PCURVE('',#6013,#6018);
#6013 = PLANE('',#6014);
#6014 = AXIS2_PLACEMENT_3D('',#6015,#6016,#6017);
#6015 = CARTESIAN_POINT('',(0.56,-0.735,0.7));
#6016 = DIRECTION('',(-2.741723595365E-19,0.707106781187,-0.707106781187
    ));
#6017 = DIRECTION('',(-1.,-1.938691346422E-19,1.938691346422E-19));
#6018 = DEFINITIONAL_REPRESENTATION('',(#6019),#6023);
#6019 = LINE('',#6020,#6021);
#6020 = CARTESIAN_POINT('',(-0.,-0.141421356237));
#6021 = VECTOR('',#6022,1.);
#6022 = DIRECTION('',(-1.,0.));
#6023 = ( GEOMETRIC_REPRESENTATION_CONTEXT(2) 
PARAMETRIC_REPRESENTATION_CONTEXT() REPRESENTATION_CONTEXT('2D SPACE',''
  ) );
#6024 = ORIENTED_EDGE('',*,*,#6025,.F.);
#6025 = EDGE_CURVE('',#6026,#5998,#6028,.T.);
#6026 = VERTEX_POINT('',#6027);
#6027 = CARTESIAN_POINT('',(2.275,0.835,0.6));
#6028 = SURFACE_CURVE('',#6029,(#6033,#6040),.PCURVE_S1.);
#6029 = LINE('',#6030,#6031);
#6030 = CARTESIAN_POINT('',(2.275,0.635,0.6));
#6031 = VECTOR('',#6032,1.);
#6032 = DIRECTION('',(0.,-1.,0.));
#6033 = PCURVE('',#3702,#6034);
#6034 = DEFINITIONAL_REPRESENTATION('',(#6035),#6039);
#6035 = LINE('',#6036,#6037);
#6036 = CARTESIAN_POINT('',(-2.275,0.635));
#6037 = VECTOR('',#6038,1.);
#6038 = DIRECTION('',(0.,-1.));
#6039 = ( GEOMETRIC_REPRESENTATION_CONTEXT(2) 
PARAMETRIC_REPRESENTATION_CONTEXT() REPRESENTATION_CONTEXT('2D SPACE',''
  ) );
#6040 = PCURVE('',#6041,#6046);
#6041 = PLANE('',#6042);
#6042 = AXIS2_PLACEMENT_3D('',#6043,#6044,#6045);
#6043 = CARTESIAN_POINT('',(2.175,0.635,0.7));
#6044 = DIRECTION('',(0.707106781187,2.371286103816E-18,0.707106781187)
  );
#6045 = DIRECTION('',(-1.676752484141E-18,1.,-1.676752484141E-18));
#6046 = DEFINITIONAL_REPRESENTATION('',(#6047),#6051);
#6047 = LINE('',#6048,#6049);
#6048 = CARTESIAN_POINT('',(-0.,-0.141421356237));
#6049 = VECTOR('',#6050,1.);
#6050 = DIRECTION('',(-1.,0.));
#6051 = ( GEOMETRIC_REPRESENTATION_CONTEXT(2) 
PARAMETRIC_REPRESENTATION_CONTEXT() REPRESENTATION_CONTEXT('2D SPACE',''
  ) );
#6052 = ORIENTED_EDGE('',*,*,#6053,.F.);
#6053 = EDGE_CURVE('',#6054,#6026,#6056,.T.);
#6054 = VERTEX_POINT('',#6055);
#6055 = CARTESIAN_POINT('',(0.76,0.835,0.6));
#6056 = SURFACE_CURVE('',#6057,(#6061,#6068),.PCURVE_S1.);
#6057 = LINE('',#6058,#6059);
#6058 = CARTESIAN_POINT('',(0.56,0.835,0.6));
#6059 = VECTOR('',#6060,1.);
#6060 = DIRECTION('',(1.,-0.,0.));
#6061 = PCURVE('',#3702,#6062);
#6062 = DEFINITIONAL_REPRESENTATION('',(#6063),#6067);
#6063 = LINE('',#6064,#6065);
#6064 = CARTESIAN_POINT('',(-0.56,0.835));
#6065 = VECTOR('',#6066,1.);
#6066 = DIRECTION('',(-1.,0.));
#6067 = ( GEOMETRIC_REPRESENTATION_CONTEXT(2) 
PARAMETRIC_REPRESENTATION_CONTEXT() REPRESENTATION_CONTEXT('2D SPACE',''
  ) );
#6068 = PCURVE('',#6069,#6074);
#6069 = PLANE('',#6070);
#6070 = AXIS2_PLACEMENT_3D('',#6071,#6072,#6073);
#6071 = CARTESIAN_POINT('',(0.56,0.735,0.7));
#6072 = DIRECTION('',(2.741723595365E-19,0.707106781187,0.707106781187)
  );
#6073 = DIRECTION('',(-1.,1.938691346422E-19,1.938691346422E-19));
#6074 = DEFINITIONAL_REPRESENTATION('',(#6075),#6079);
#6075 = LINE('',#6076,#6077);
#6076 = CARTESIAN_POINT('',(-0.,-0.141421356237));
#6077 = VECTOR('',#6078,1.);
#6078 = DIRECTION('',(-1.,0.));
#6079 = ( GEOMETRIC_REPRESENTATION_CONTEXT(2) 
PARAMETRIC_REPRESENTATION_CONTEXT() REPRESENTATION_CONTEXT('2D SPACE',''
  ) );
#6080 = ORIENTED_EDGE('',*,*,#6081,.F.);
#6081 = EDGE_CURVE('',#6082,#6054,#6084,.T.);
#6082 = VERTEX_POINT('',#6083);
#6083 = CARTESIAN_POINT('',(0.76,2.275,0.6));
#6084 = SURFACE_CURVE('',#6085,(#6089,#6096),.PCURVE_S1.);
#6085 = LINE('',#6086,#6087);
#6086 = CARTESIAN_POINT('',(0.76,2.075,0.6));
#6087 = VECTOR('',#6088,1.);
#6088 = DIRECTION('',(0.,-1.,0.));
#6089 = PCURVE('',#3702,#6090);
#6090 = DEFINITIONAL_REPRESENTATION('',(#6091),#6095);
#6091 = LINE('',#6092,#6093);
#6092 = CARTESIAN_POINT('',(-0.76,2.075));
#6093 = VECTOR('',#6094,1.);
#6094 = DIRECTION('',(0.,-1.));
#6095 = ( GEOMETRIC_REPRESENTATION_CONTEXT(2) 
PARAMETRIC_REPRESENTATION_CONTEXT() REPRESENTATION_CONTEXT('2D SPACE',''
  ) );
#6096 = PCURVE('',#6097,#6102);
#6097 = PLANE('',#6098);
#6098 = AXIS2_PLACEMENT_3D('',#6099,#6100,#6101);
#6099 = CARTESIAN_POINT('',(0.66,2.075,0.7));
#6100 = DIRECTION('',(0.707106781187,-1.47866463162E-18,0.707106781187)
  );
#6101 = DIRECTION('',(1.04557378812E-18,1.,1.04557378812E-18));
#6102 = DEFINITIONAL_REPRESENTATION('',(#6103),#6107);
#6103 = LINE('',#6104,#6105);
#6104 = CARTESIAN_POINT('',(-0.,-0.141421356237));
#6105 = VECTOR('',#6106,1.);
#6106 = DIRECTION('',(-1.,0.));
#6107 = ( GEOMETRIC_REPRESENTATION_CONTEXT(2) 
PARAMETRIC_REPRESENTATION_CONTEXT() REPRESENTATION_CONTEXT('2D SPACE',''
  ) );
#6108 = ORIENTED_EDGE('',*,*,#6109,.F.);
#6109 = EDGE_CURVE('',#6110,#6082,#6112,.T.);
#6110 = VERTEX_POINT('',#6111);
#6111 = CARTESIAN_POINT('',(-0.76,2.275,0.6));
#6112 = SURFACE_CURVE('',#6113,(#6117,#6124),.PCURVE_S1.);
#6113 = LINE('',#6114,#6115);
#6114 = CARTESIAN_POINT('',(-0.56,2.275,0.6));
#6115 = VECTOR('',#6116,1.);
#6116 = DIRECTION('',(1.,-0.,0.));
#6117 = PCURVE('',#3702,#6118);
#6118 = DEFINITIONAL_REPRESENTATION('',(#6119),#6123);
#6119 = LINE('',#6120,#6121);
#6120 = CARTESIAN_POINT('',(0.56,2.275));
#6121 = VECTOR('',#6122,1.);
#6122 = DIRECTION('',(-1.,0.));
#6123 = ( GEOMETRIC_REPRESENTATION_CONTEXT(2) 
PARAMETRIC_REPRESENTATION_CONTEXT() REPRESENTATION_CONTEXT('2D SPACE',''
  ) );
#6124 = PCURVE('',#6125,#6130);
#6125 = PLANE('',#6126);
#6126 = AXIS2_PLACEMENT_3D('',#6127,#6128,#6129);
#6127 = CARTESIAN_POINT('',(-0.56,2.175,0.7));
#6128 = DIRECTION('',(-1.899747459932E-18,0.707106781187,0.707106781187)
  );
#6129 = DIRECTION('',(-1.,-1.34332431146E-18,-1.34332431146E-18));
#6130 = DEFINITIONAL_REPRESENTATION('',(#6131),#6135);
#6131 = LINE('',#6132,#6133);
#6132 = CARTESIAN_POINT('',(-0.,-0.141421356237));
#6133 = VECTOR('',#6134,1.);
#6134 = DIRECTION('',(-1.,0.));
#6135 = ( GEOMETRIC_REPRESENTATION_CONTEXT(2) 
PARAMETRIC_REPRESENTATION_CONTEXT() REPRESENTATION_CONTEXT('2D SPACE',''
  ) );
#6136 = ORIENTED_EDGE('',*,*,#6137,.T.);
#6137 = EDGE_CURVE('',#6110,#6138,#6140,.T.);
#6138 = VERTEX_POINT('',#6139);
#6139 = CARTESIAN_POINT('',(-0.76,0.835,0.6));
#6140 = SURFACE_CURVE('',#6141,(#6145,#6152),.PCURVE_S1.);
#6141 = LINE('',#6142,#6143);
#6142 = CARTESIAN_POINT('',(-0.76,2.075,0.6));
#6143 = VECTOR('',#6144,1.);
#6144 = DIRECTION('',(0.,-1.,0.));
#6145 = PCURVE('',#3702,#6146);
#6146 = DEFINITIONAL_REPRESENTATION('',(#6147),#6151);
#6147 = LINE('',#6148,#6149);
#6148 = CARTESIAN_POINT('',(0.76,2.075));
#6149 = VECTOR('',#6150,1.);
#6150 = DIRECTION('',(0.,-1.));
#6151 = ( GEOMETRIC_REPRESENTATION_CONTEXT(2) 
PARAMETRIC_REPRESENTATION_CONTEXT() REPRESENTATION_CONTEXT('2D SPACE',''
  ) );
#6152 = PCURVE('',#6153,#6158);
#6153 = PLANE('',#6154);
#6154 = AXIS2_PLACEMENT_3D('',#6155,#6156,#6157);
#6155 = CARTESIAN_POINT('',(-0.66,2.075,0.7));
#6156 = DIRECTION('',(0.707106781187,1.47866463162E-18,-0.707106781187)
  );
#6157 = DIRECTION('',(-1.04557378812E-18,1.,1.04557378812E-18));
#6158 = DEFINITIONAL_REPRESENTATION('',(#6159),#6163);
#6159 = LINE('',#6160,#6161);
#6160 = CARTESIAN_POINT('',(-0.,-0.141421356237));
#6161 = VECTOR('',#6162,1.);
#6162 = DIRECTION('',(-1.,0.));
#6163 = ( GEOMETRIC_REPRESENTATION_CONTEXT(2) 
PARAMETRIC_REPRESENTATION_CONTEXT() REPRESENTATION_CONTEXT('2D SPACE',''
  ) );
#6164 = ORIENTED_EDGE('',*,*,#6165,.F.);
#6165 = EDGE_CURVE('',#6166,#6138,#6168,.T.);
#6166 = VERTEX_POINT('',#6167);
#6167 = CARTESIAN_POINT('',(-2.275,0.835,0.6));
#6168 = SURFACE_CURVE('',#6169,(#6173,#6180),.PCURVE_S1.);
#6169 = LINE('',#6170,#6171);
#6170 = CARTESIAN_POINT('',(-2.075,0.835,0.6));
#6171 = VECTOR('',#6172,1.);
#6172 = DIRECTION('',(1.,-0.,0.));
#6173 = PCURVE('',#3702,#6174);
#6174 = DEFINITIONAL_REPRESENTATION('',(#6175),#6179);
#6175 = LINE('',#6176,#6177);
#6176 = CARTESIAN_POINT('',(2.075,0.835));
#6177 = VECTOR('',#6178,1.);
#6178 = DIRECTION('',(-1.,0.));
#6179 = ( GEOMETRIC_REPRESENTATION_CONTEXT(2) 
PARAMETRIC_REPRESENTATION_CONTEXT() REPRESENTATION_CONTEXT('2D SPACE',''
  ) );
#6180 = PCURVE('',#6181,#6186);
#6181 = PLANE('',#6182);
#6182 = AXIS2_PLACEMENT_3D('',#6183,#6184,#6185);
#6183 = CARTESIAN_POINT('',(-2.075,0.735,0.7));
#6184 = DIRECTION('',(-4.446609921157E-19,0.707106781187,0.707106781187)
  );
#6185 = DIRECTION('',(-1.,-3.144228028541E-19,-3.144228028541E-19));
#6186 = DEFINITIONAL_REPRESENTATION('',(#6187),#6191);
#6187 = LINE('',#6188,#6189);
#6188 = CARTESIAN_POINT('',(-0.,-0.141421356237));
#6189 = VECTOR('',#6190,1.);
#6190 = DIRECTION('',(-1.,0.));
#6191 = ( GEOMETRIC_REPRESENTATION_CONTEXT(2) 
PARAMETRIC_REPRESENTATION_CONTEXT() REPRESENTATION_CONTEXT('2D SPACE',''
  ) );
#6192 = ORIENTED_EDGE('',*,*,#6193,.T.);
#6193 = EDGE_CURVE('',#6166,#6194,#6196,.T.);
#6194 = VERTEX_POINT('',#6195);
#6195 = CARTESIAN_POINT('',(-2.275,-0.835,0.6));
#6196 = SURFACE_CURVE('',#6197,(#6201,#6208),.PCURVE_S1.);
#6197 = LINE('',#6198,#6199);
#6198 = CARTESIAN_POINT('',(-2.275,0.635,0.6));
#6199 = VECTOR('',#6200,1.);
#6200 = DIRECTION('',(0.,-1.,0.));
#6201 = PCURVE('',#3702,#6202);
#6202 = DEFINITIONAL_REPRESENTATION('',(#6203),#6207);
#6203 = LINE('',#6204,#6205);
#6204 = CARTESIAN_POINT('',(2.275,0.635));
#6205 = VECTOR('',#6206,1.);
#6206 = DIRECTION('',(0.,-1.));
#6207 = ( GEOMETRIC_REPRESENTATION_CONTEXT(2) 
PARAMETRIC_REPRESENTATION_CONTEXT() REPRESENTATION_CONTEXT('2D SPACE',''
  ) );
#6208 = PCURVE('',#6209,#6214);
#6209 = PLANE('',#6210);
#6210 = AXIS2_PLACEMENT_3D('',#6211,#6212,#6213);
#6211 = CARTESIAN_POINT('',(-2.175,0.635,0.7));
#6212 = DIRECTION('',(0.707106781187,-2.371286103816E-18,-0.707106781187
    ));
#6213 = DIRECTION('',(1.676752484141E-18,1.,-1.676752484141E-18));
#6214 = DEFINITIONAL_REPRESENTATION('',(#6215),#6219);
#6215 = LINE('',#6216,#6217);
#6216 = CARTESIAN_POINT('',(-0.,-0.141421356237));
#6217 = VECTOR('',#6218,1.);
#6218 = DIRECTION('',(-1.,0.));
#6219 = ( GEOMETRIC_REPRESENTATION_CONTEXT(2) 
PARAMETRIC_REPRESENTATION_CONTEXT() REPRESENTATION_CONTEXT('2D SPACE',''
  ) );
#6220 = ORIENTED_EDGE('',*,*,#6221,.T.);
#6221 = EDGE_CURVE('',#6194,#6222,#6224,.T.);
#6222 = VERTEX_POINT('',#6223);
#6223 = CARTESIAN_POINT('',(-0.76,-0.835,0.6));
#6224 = SURFACE_CURVE('',#6225,(#6229,#6236),.PCURVE_S1.);
#6225 = LINE('',#6226,#6227);
#6226 = CARTESIAN_POINT('',(-2.075,-0.835,0.6));
#6227 = VECTOR('',#6228,1.);
#6228 = DIRECTION('',(1.,-0.,0.));
#6229 = PCURVE('',#3702,#6230);
#6230 = DEFINITIONAL_REPRESENTATION('',(#6231),#6235);
#6231 = LINE('',#6232,#6233);
#6232 = CARTESIAN_POINT('',(2.075,-0.835));
#6233 = VECTOR('',#6234,1.);
#6234 = DIRECTION('',(-1.,0.));
#6235 = ( GEOMETRIC_REPRESENTATION_CONTEXT(2) 
PARAMETRIC_REPRESENTATION_CONTEXT() REPRESENTATION_CONTEXT('2D SPACE',''
  ) );
#6236 = PCURVE('',#6237,#6242);
#6237 = PLANE('',#6238);
#6238 = AXIS2_PLACEMENT_3D('',#6239,#6240,#6241);
#6239 = CARTESIAN_POINT('',(-2.075,-0.735,0.7));
#6240 = DIRECTION('',(4.446609921157E-19,0.707106781187,-0.707106781187)
  );
#6241 = DIRECTION('',(-1.,3.144228028541E-19,-3.144228028541E-19));
#6242 = DEFINITIONAL_REPRESENTATION('',(#6243),#6247);
#6243 = LINE('',#6244,#6245);
#6244 = CARTESIAN_POINT('',(-0.,-0.141421356237));
#6245 = VECTOR('',#6246,1.);
#6246 = DIRECTION('',(-1.,0.));
#6247 = ( GEOMETRIC_REPRESENTATION_CONTEXT(2) 
PARAMETRIC_REPRESENTATION_CONTEXT() REPRESENTATION_CONTEXT('2D SPACE',''
  ) );
#6248 = ORIENTED_EDGE('',*,*,#6249,.T.);
#6249 = EDGE_CURVE('',#6222,#5940,#6250,.T.);
#6250 = SURFACE_CURVE('',#6251,(#6255,#6262),.PCURVE_S1.);
#6251 = LINE('',#6252,#6253);
#6252 = CARTESIAN_POINT('',(-0.76,-0.635,0.6));
#6253 = VECTOR('',#6254,1.);
#6254 = DIRECTION('',(0.,-1.,0.));
#6255 = PCURVE('',#3702,#6256);
#6256 = DEFINITIONAL_REPRESENTATION('',(#6257),#6261);
#6257 = LINE('',#6258,#6259);
#6258 = CARTESIAN_POINT('',(0.76,-0.635));
#6259 = VECTOR('',#6260,1.);
#6260 = DIRECTION('',(0.,-1.));
#6261 = ( GEOMETRIC_REPRESENTATION_CONTEXT(2) 
PARAMETRIC_REPRESENTATION_CONTEXT() REPRESENTATION_CONTEXT('2D SPACE',''
  ) );
#6262 = PCURVE('',#6263,#6268);
#6263 = PLANE('',#6264);
#6264 = AXIS2_PLACEMENT_3D('',#6265,#6266,#6267);
#6265 = CARTESIAN_POINT('',(-0.66,-0.635,0.7));
#6266 = DIRECTION('',(0.707106781187,2.197497983273E-18,-0.707106781187)
  );
#6267 = DIRECTION('',(-1.553865725616E-18,1.,1.553865725616E-18));
#6268 = DEFINITIONAL_REPRESENTATION('',(#6269),#6273);
#6269 = LINE('',#6270,#6271);
#6270 = CARTESIAN_POINT('',(-0.,-0.141421356237));
#6271 = VECTOR('',#6272,1.);
#6272 = DIRECTION('',(-1.,0.));
#6273 = ( GEOMETRIC_REPRESENTATION_CONTEXT(2) 
PARAMETRIC_REPRESENTATION_CONTEXT() REPRESENTATION_CONTEXT('2D SPACE',''
  ) );
#6274 = FACE_BOUND('',#6275,.T.);
#6275 = EDGE_LOOP('',(#6276));
#6276 = ORIENTED_EDGE('',*,*,#3687,.F.);
#6277 = ADVANCED_FACE('',(#6278),#3758,.T.);
#6278 = FACE_BOUND('',#6279,.T.);
#6279 = EDGE_LOOP('',(#6280,#6281,#6302,#6322));
#6280 = ORIENTED_EDGE('',*,*,#5912,.F.);
#6281 = ORIENTED_EDGE('',*,*,#6282,.F.);
#6282 = EDGE_CURVE('',#6283,#5889,#6285,.T.);
#6283 = VERTEX_POINT('',#6284);
#6284 = CARTESIAN_POINT('',(9.185496427917,-0.4,5.5));
#6285 = SURFACE_CURVE('',#6286,(#6290,#6296),.PCURVE_S1.);
#6286 = LINE('',#6287,#6288);
#6287 = CARTESIAN_POINT('',(9.185496427917,-0.4,4.5));
#6288 = VECTOR('',#6289,1.);
#6289 = DIRECTION('',(0.,0.,-1.));
#6290 = PCURVE('',#3758,#6291);
#6291 = DEFINITIONAL_REPRESENTATION('',(#6292),#6295);
#6292 = B_SPLINE_CURVE_WITH_KNOTS('',1,(#6293,#6294),.UNSPECIFIED.,.F.,
  .F.,(2,2),(-1.0000006,5.999999999062E-07),.PIECEWISE_BEZIER_KNOTS.);
#6293 = CARTESIAN_POINT('',(6.939503572083,-1.0000006));
#6294 = CARTESIAN_POINT('',(6.939503572083,5.999999999062E-07));
#6295 = ( GEOMETRIC_REPRESENTATION_CONTEXT(2) 
PARAMETRIC_REPRESENTATION_CONTEXT() REPRESENTATION_CONTEXT('2D SPACE',''
  ) );
#6296 = PCURVE('',#5575,#6297);
#6297 = DEFINITIONAL_REPRESENTATION('',(#6298),#6301);
#6298 = B_SPLINE_CURVE_WITH_KNOTS('',1,(#6299,#6300),.UNSPECIFIED.,.F.,
  .F.,(2,2),(-1.0000006,5.999999999062E-07),.PIECEWISE_BEZIER_KNOTS.);
#6299 = CARTESIAN_POINT('',(2.995620265046,-1.0000006));
#6300 = CARTESIAN_POINT('',(2.995620265046,5.999999999062E-07));
#6301 = ( GEOMETRIC_REPRESENTATION_CONTEXT(2) 
PARAMETRIC_REPRESENTATION_CONTEXT() REPRESENTATION_CONTEXT('2D SPACE',''
  ) );
#6302 = ORIENTED_EDGE('',*,*,#6303,.T.);
#6303 = EDGE_CURVE('',#6283,#3744,#6304,.T.);
#6304 = SURFACE_CURVE('',#6305,(#6309,#6315),.PCURVE_S1.);
#6305 = LINE('',#6306,#6307);
#6306 = CARTESIAN_POINT('',(8.0625,-0.4,5.5));
#6307 = VECTOR('',#6308,1.);
#6308 = DIRECTION('',(-1.,0.,0.));
#6309 = PCURVE('',#3758,#6310);
#6310 = DEFINITIONAL_REPRESENTATION('',(#6311),#6314);
#6311 = B_SPLINE_CURVE_WITH_KNOTS('',1,(#6312,#6313),.UNSPECIFIED.,.F.,
  .F.,(2,2),(-8.0625,24.1875),.PIECEWISE_BEZIER_KNOTS.);
#6312 = CARTESIAN_POINT('',(0.,-1.));
#6313 = CARTESIAN_POINT('',(32.25,-1.));
#6314 = ( GEOMETRIC_REPRESENTATION_CONTEXT(2) 
PARAMETRIC_REPRESENTATION_CONTEXT() REPRESENTATION_CONTEXT('2D SPACE',''
  ) );
#6315 = PCURVE('',#3786,#6316);
#6316 = DEFINITIONAL_REPRESENTATION('',(#6317),#6321);
#6317 = LINE('',#6318,#6319);
#6318 = CARTESIAN_POINT('',(23.143241547228,3.076406497307));
#6319 = VECTOR('',#6320,1.);
#6320 = DIRECTION('',(-0.942281773964,-0.334820934911));
#6321 = ( GEOMETRIC_REPRESENTATION_CONTEXT(2) 
PARAMETRIC_REPRESENTATION_CONTEXT() REPRESENTATION_CONTEXT('2D SPACE',''
  ) );
#6322 = ORIENTED_EDGE('',*,*,#3743,.T.);
#6323 = ADVANCED_FACE('',(#6324),#3786,.T.);
#6324 = FACE_BOUND('',#6325,.T.);
#6325 = EDGE_LOOP('',(#6326,#6327,#6347,#6348,#6349,#6377));
#6326 = ORIENTED_EDGE('',*,*,#4071,.F.);
#6327 = ORIENTED_EDGE('',*,*,#6328,.F.);
#6328 = EDGE_CURVE('',#3770,#4072,#6329,.T.);
#6329 = SURFACE_CURVE('',#6330,(#6334,#6341),.PCURVE_S1.);
#6330 = LINE('',#6331,#6332);
#6331 = CARTESIAN_POINT('',(0.4,3.3,5.5));
#6332 = VECTOR('',#6333,1.);
#6333 = DIRECTION('',(-0.,-1.,0.));
#6334 = PCURVE('',#3786,#6335);
#6335 = DEFINITIONAL_REPRESENTATION('',(#6336),#6340);
#6336 = LINE('',#6337,#6338);
#6337 = CARTESIAN_POINT('',(17.161844913398,-2.975601480118));
#6338 = VECTOR('',#6339,1.);
#6339 = DIRECTION('',(-0.334820934911,0.942281773964));
#6340 = ( GEOMETRIC_REPRESENTATION_CONTEXT(2) 
PARAMETRIC_REPRESENTATION_CONTEXT() REPRESENTATION_CONTEXT('2D SPACE',''
  ) );
#6341 = PCURVE('',#3817,#6342);
#6342 = DEFINITIONAL_REPRESENTATION('',(#6343),#6346);
#6343 = B_SPLINE_CURVE_WITH_KNOTS('',1,(#6344,#6345),.UNSPECIFIED.,.F.,
  .F.,(2,2),(-3.3,9.9),.PIECEWISE_BEZIER_KNOTS.);
#6344 = CARTESIAN_POINT('',(0.,-1.));
#6345 = CARTESIAN_POINT('',(13.2,-1.));
#6346 = ( GEOMETRIC_REPRESENTATION_CONTEXT(2) 
PARAMETRIC_REPRESENTATION_CONTEXT() REPRESENTATION_CONTEXT('2D SPACE',''
  ) );
#6347 = ORIENTED_EDGE('',*,*,#3769,.T.);
#6348 = ORIENTED_EDGE('',*,*,#6303,.F.);
#6349 = ORIENTED_EDGE('',*,*,#6350,.T.);
#6350 = EDGE_CURVE('',#6283,#6351,#6353,.T.);
#6351 = VERTEX_POINT('',#6352);
#6352 = CARTESIAN_POINT('',(11.50625,-2.720753572083,5.5));
#6353 = SURFACE_CURVE('',#6354,(#6359,#6370),.PCURVE_S1.);
#6354 = CIRCLE('',#6355,2.75);
#6355 = AXIS2_PLACEMENT_3D('',#6356,#6357,#6358);
#6356 = CARTESIAN_POINT('',(11.90625,1.358564403107E-15,5.5));
#6357 = DIRECTION('',(0.,0.,1.));
#6358 = DIRECTION('',(1.,-2.490940594823E-16,0.));
#6359 = PCURVE('',#3786,#6360);
#6360 = DEFINITIONAL_REPRESENTATION('',(#6361),#6369);
#6361 = ( BOUNDED_CURVE() B_SPLINE_CURVE(2,(#6362,#6363,#6364,#6365,
#6366,#6367,#6368),.UNSPECIFIED.,.T.,.F.) B_SPLINE_CURVE_WITH_KNOTS((1,2
    ,2,2,2,1),(-2.094395102393,0.,2.094395102393,4.188790204786,
6.28318530718,8.377580409573),.UNSPECIFIED.) CURVE() 
GEOMETRIC_REPRESENTATION_ITEM() RATIONAL_B_SPLINE_CURVE((1.,0.5,1.,0.5,
1.,0.5,1.)) REPRESENTATION_ITEM('') );
#6362 = CARTESIAN_POINT('',(29.490340368269,4.907219327292));
#6363 = CARTESIAN_POINT('',(31.085139262705,0.418999581523));
#6364 = CARTESIAN_POINT('',(26.400827497884,1.281973097899));
#6365 = CARTESIAN_POINT('',(21.716515733064,2.144946614275));
#6366 = CARTESIAN_POINT('',(24.806028603449,5.770192843667));
#6367 = CARTESIAN_POINT('',(27.895541473833,9.39543907306));
#6368 = CARTESIAN_POINT('',(29.490340368269,4.907219327292));
#6369 = ( GEOMETRIC_REPRESENTATION_CONTEXT(2) 
PARAMETRIC_REPRESENTATION_CONTEXT() REPRESENTATION_CONTEXT('2D SPACE',''
  ) );
#6370 = PCURVE('',#5575,#6371);
#6371 = DEFINITIONAL_REPRESENTATION('',(#6372),#6376);
#6372 = LINE('',#6373,#6374);
#6373 = CARTESIAN_POINT('',(6.28318530718,-1.));
#6374 = VECTOR('',#6375,1.);
#6375 = DIRECTION('',(-1.,-0.));
#6376 = ( GEOMETRIC_REPRESENTATION_CONTEXT(2) 
PARAMETRIC_REPRESENTATION_CONTEXT() REPRESENTATION_CONTEXT('2D SPACE',''
  ) );
#6377 = ORIENTED_EDGE('',*,*,#6378,.F.);
#6378 = EDGE_CURVE('',#4038,#6351,#6379,.T.);
#6379 = SURFACE_CURVE('',#6380,(#6384,#6391),.PCURVE_S1.);
#6380 = LINE('',#6381,#6382);
#6381 = CARTESIAN_POINT('',(11.50625,-3.3,5.5));
#6382 = VECTOR('',#6383,1.);
#6383 = DIRECTION('',(0.,1.,-0.));
#6384 = PCURVE('',#3786,#6385);
#6385 = DEFINITIONAL_REPRESENTATION('',(#6386),#6390);
#6386 = LINE('',#6387,#6388);
#6387 = CARTESIAN_POINT('',(25.417243695075,6.962063236404));
#6388 = VECTOR('',#6389,1.);
#6389 = DIRECTION('',(0.334820934911,-0.942281773964));
#6390 = ( GEOMETRIC_REPRESENTATION_CONTEXT(2) 
PARAMETRIC_REPRESENTATION_CONTEXT() REPRESENTATION_CONTEXT('2D SPACE',''
  ) );
#6391 = PCURVE('',#4057,#6392);
#6392 = DEFINITIONAL_REPRESENTATION('',(#6393),#6396);
#6393 = B_SPLINE_CURVE_WITH_KNOTS('',1,(#6394,#6395),.UNSPECIFIED.,.F.,
  .F.,(2,2),(-3.3,9.9),.PIECEWISE_BEZIER_KNOTS.);
#6394 = CARTESIAN_POINT('',(0.,-1.));
#6395 = CARTESIAN_POINT('',(13.2,-1.));
#6396 = ( GEOMETRIC_REPRESENTATION_CONTEXT(2) 
PARAMETRIC_REPRESENTATION_CONTEXT() REPRESENTATION_CONTEXT('2D SPACE',''
  ) );
#6397 = ADVANCED_FACE('',(#6398),#3817,.T.);
#6398 = FACE_BOUND('',#6399,.T.);
#6399 = EDGE_LOOP('',(#6400,#6421,#6422,#6423));
#6400 = ORIENTED_EDGE('',*,*,#6401,.F.);
#6401 = EDGE_CURVE('',#3803,#4093,#6402,.T.);
#6402 = SURFACE_CURVE('',#6403,(#6407,#6414),.PCURVE_S1.);
#6403 = LINE('',#6404,#6405);
#6404 = CARTESIAN_POINT('',(0.4,6.6,4.5));
#6405 = VECTOR('',#6406,1.);
#6406 = DIRECTION('',(0.,-1.,0.));
#6407 = PCURVE('',#3817,#6408);
#6408 = DEFINITIONAL_REPRESENTATION('',(#6409),#6413);
#6409 = LINE('',#6410,#6411);
#6410 = CARTESIAN_POINT('',(0.,0.));
#6411 = VECTOR('',#6412,1.);
#6412 = DIRECTION('',(1.,0.));
#6413 = ( GEOMETRIC_REPRESENTATION_CONTEXT(2) 
PARAMETRIC_REPRESENTATION_CONTEXT() REPRESENTATION_CONTEXT('2D SPACE',''
  ) );
#6414 = PCURVE('',#3845,#6415);
#6415 = DEFINITIONAL_REPRESENTATION('',(#6416),#6420);
#6416 = LINE('',#6417,#6418);
#6417 = CARTESIAN_POINT('',(-0.4,6.6));
#6418 = VECTOR('',#6419,1.);
#6419 = DIRECTION('',(0.,-1.));
#6420 = ( GEOMETRIC_REPRESENTATION_CONTEXT(2) 
PARAMETRIC_REPRESENTATION_CONTEXT() REPRESENTATION_CONTEXT('2D SPACE',''
  ) );
#6421 = ORIENTED_EDGE('',*,*,#3802,.F.);
#6422 = ORIENTED_EDGE('',*,*,#6328,.T.);
#6423 = ORIENTED_EDGE('',*,*,#4092,.F.);
#6424 = ADVANCED_FACE('',(#6425),#3845,.T.);
#6425 = FACE_BOUND('',#6426,.T.);
#6426 = EDGE_LOOP('',(#6427,#6428,#6429,#6430));
#6427 = ORIENTED_EDGE('',*,*,#4177,.T.);
#6428 = ORIENTED_EDGE('',*,*,#3828,.F.);
#6429 = ORIENTED_EDGE('',*,*,#6401,.T.);
#6430 = ORIENTED_EDGE('',*,*,#4121,.T.);
#6431 = ADVANCED_FACE('',(#6432),#4057,.T.);
#6432 = FACE_BOUND('',#6433,.T.);
#6433 = EDGE_LOOP('',(#6434,#6455,#6476,#6477));
#6434 = ORIENTED_EDGE('',*,*,#6435,.T.);
#6435 = EDGE_CURVE('',#6351,#6436,#6438,.T.);
#6436 = VERTEX_POINT('',#6437);
#6437 = CARTESIAN_POINT('',(11.50625,-2.720753572083,4.5));
#6438 = SURFACE_CURVE('',#6439,(#6443,#6449),.PCURVE_S1.);
#6439 = LINE('',#6440,#6441);
#6440 = CARTESIAN_POINT('',(11.50625,-2.720753572083,4.5));
#6441 = VECTOR('',#6442,1.);
#6442 = DIRECTION('',(0.,0.,-1.));
#6443 = PCURVE('',#4057,#6444);
#6444 = DEFINITIONAL_REPRESENTATION('',(#6445),#6448);
#6445 = B_SPLINE_CURVE_WITH_KNOTS('',1,(#6446,#6447),.UNSPECIFIED.,.F.,
  .F.,(2,2),(-1.0000006,5.999999999062E-07),.PIECEWISE_BEZIER_KNOTS.);
#6446 = CARTESIAN_POINT('',(3.879246427917,-1.0000006));
#6447 = CARTESIAN_POINT('',(3.879246427917,5.999999999062E-07));
#6448 = ( GEOMETRIC_REPRESENTATION_CONTEXT(2) 
PARAMETRIC_REPRESENTATION_CONTEXT() REPRESENTATION_CONTEXT('2D SPACE',''
  ) );
#6449 = PCURVE('',#5575,#6450);
#6450 = DEFINITIONAL_REPRESENTATION('',(#6451),#6454);
#6451 = B_SPLINE_CURVE_WITH_KNOTS('',1,(#6452,#6453),.UNSPECIFIED.,.F.,
  .F.,(2,2),(-1.0000006,5.999999999062E-07),.PIECEWISE_BEZIER_KNOTS.);
#6452 = CARTESIAN_POINT('',(1.716768715339,-1.0000006));
#6453 = CARTESIAN_POINT('',(1.716768715339,5.999999999062E-07));
#6454 = ( GEOMETRIC_REPRESENTATION_CONTEXT(2) 
PARAMETRIC_REPRESENTATION_CONTEXT() REPRESENTATION_CONTEXT('2D SPACE',''
  ) );
#6455 = ORIENTED_EDGE('',*,*,#6456,.F.);
#6456 = EDGE_CURVE('',#4013,#6436,#6457,.T.);
#6457 = SURFACE_CURVE('',#6458,(#6462,#6469),.PCURVE_S1.);
#6458 = LINE('',#6459,#6460);
#6459 = CARTESIAN_POINT('',(11.50625,-6.6,4.5));
#6460 = VECTOR('',#6461,1.);
#6461 = DIRECTION('',(0.,1.,0.));
#6462 = PCURVE('',#4057,#6463);
#6463 = DEFINITIONAL_REPRESENTATION('',(#6464),#6468);
#6464 = LINE('',#6465,#6466);
#6465 = CARTESIAN_POINT('',(0.,0.));
#6466 = VECTOR('',#6467,1.);
#6467 = DIRECTION('',(1.,0.));
#6468 = ( GEOMETRIC_REPRESENTATION_CONTEXT(2) 
PARAMETRIC_REPRESENTATION_CONTEXT() REPRESENTATION_CONTEXT('2D SPACE',''
  ) );
#6469 = PCURVE('',#4026,#6470);
#6470 = DEFINITIONAL_REPRESENTATION('',(#6471),#6475);
#6471 = LINE('',#6472,#6473);
#6472 = CARTESIAN_POINT('',(-11.50625,-6.6));
#6473 = VECTOR('',#6474,1.);
#6474 = DIRECTION('',(0.,1.));
#6475 = ( GEOMETRIC_REPRESENTATION_CONTEXT(2) 
PARAMETRIC_REPRESENTATION_CONTEXT() REPRESENTATION_CONTEXT('2D SPACE',''
  ) );
#6476 = ORIENTED_EDGE('',*,*,#4037,.T.);
#6477 = ORIENTED_EDGE('',*,*,#6378,.T.);
#6478 = ADVANCED_FACE('',(#6479),#4026,.T.);
#6479 = FACE_BOUND('',#6480,.T.);
#6480 = EDGE_LOOP('',(#6481,#6482,#6506,#6527));
#6481 = ORIENTED_EDGE('',*,*,#6456,.T.);
#6482 = ORIENTED_EDGE('',*,*,#6483,.F.);
#6483 = EDGE_CURVE('',#6484,#6436,#6486,.T.);
#6484 = VERTEX_POINT('',#6485);
#6485 = CARTESIAN_POINT('',(12.30625,-2.720753572083,4.5));
#6486 = SURFACE_CURVE('',#6487,(#6492,#6499),.PCURVE_S1.);
#6487 = CIRCLE('',#6488,2.75);
#6488 = AXIS2_PLACEMENT_3D('',#6489,#6490,#6491);
#6489 = CARTESIAN_POINT('',(11.90625,0.,4.5));
#6490 = DIRECTION('',(0.,0.,-1.));
#6491 = DIRECTION('',(1.,0.,0.));
#6492 = PCURVE('',#4026,#6493);
#6493 = DEFINITIONAL_REPRESENTATION('',(#6494),#6498);
#6494 = CIRCLE('',#6495,2.75);
#6495 = AXIS2_PLACEMENT_2D('',#6496,#6497);
#6496 = CARTESIAN_POINT('',(-11.90625,0.));
#6497 = DIRECTION('',(-1.,0.));
#6498 = ( GEOMETRIC_REPRESENTATION_CONTEXT(2) 
PARAMETRIC_REPRESENTATION_CONTEXT() REPRESENTATION_CONTEXT('2D SPACE',''
  ) );
#6499 = PCURVE('',#5575,#6500);
#6500 = DEFINITIONAL_REPRESENTATION('',(#6501),#6505);
#6501 = LINE('',#6502,#6503);
#6502 = CARTESIAN_POINT('',(0.,0.));
#6503 = VECTOR('',#6504,1.);
#6504 = DIRECTION('',(1.,0.));
#6505 = ( GEOMETRIC_REPRESENTATION_CONTEXT(2) 
PARAMETRIC_REPRESENTATION_CONTEXT() REPRESENTATION_CONTEXT('2D SPACE',''
  ) );
#6506 = ORIENTED_EDGE('',*,*,#6507,.T.);
#6507 = EDGE_CURVE('',#6484,#3979,#6508,.T.);
#6508 = SURFACE_CURVE('',#6509,(#6513,#6520),.PCURVE_S1.);
#6509 = LINE('',#6510,#6511);
#6510 = CARTESIAN_POINT('',(12.30625,6.6,4.5));
#6511 = VECTOR('',#6512,1.);
#6512 = DIRECTION('',(0.,-1.,0.));
#6513 = PCURVE('',#4026,#6514);
#6514 = DEFINITIONAL_REPRESENTATION('',(#6515),#6519);
#6515 = LINE('',#6516,#6517);
#6516 = CARTESIAN_POINT('',(-12.30625,6.6));
#6517 = VECTOR('',#6518,1.);
#6518 = DIRECTION('',(0.,-1.));
#6519 = ( GEOMETRIC_REPRESENTATION_CONTEXT(2) 
PARAMETRIC_REPRESENTATION_CONTEXT() REPRESENTATION_CONTEXT('2D SPACE',''
  ) );
#6520 = PCURVE('',#3998,#6521);
#6521 = DEFINITIONAL_REPRESENTATION('',(#6522),#6526);
#6522 = LINE('',#6523,#6524);
#6523 = CARTESIAN_POINT('',(0.,0.));
#6524 = VECTOR('',#6525,1.);
#6525 = DIRECTION('',(1.,0.));
#6526 = ( GEOMETRIC_REPRESENTATION_CONTEXT(2) 
PARAMETRIC_REPRESENTATION_CONTEXT() REPRESENTATION_CONTEXT('2D SPACE',''
  ) );
#6527 = ORIENTED_EDGE('',*,*,#4012,.T.);
#6528 = ADVANCED_FACE('',(#6529),#3998,.T.);
#6529 = FACE_BOUND('',#6530,.T.);
#6530 = EDGE_LOOP('',(#6531,#6532,#6553,#6573));
#6531 = ORIENTED_EDGE('',*,*,#6507,.F.);
#6532 = ORIENTED_EDGE('',*,*,#6533,.F.);
#6533 = EDGE_CURVE('',#6534,#6484,#6536,.T.);
#6534 = VERTEX_POINT('',#6535);
#6535 = CARTESIAN_POINT('',(12.30625,-2.720753572083,5.5));
#6536 = SURFACE_CURVE('',#6537,(#6541,#6547),.PCURVE_S1.);
#6537 = LINE('',#6538,#6539);
#6538 = CARTESIAN_POINT('',(12.30625,-2.720753572083,4.5));
#6539 = VECTOR('',#6540,1.);
#6540 = DIRECTION('',(0.,0.,-1.));
#6541 = PCURVE('',#3998,#6542);
#6542 = DEFINITIONAL_REPRESENTATION('',(#6543),#6546);
#6543 = B_SPLINE_CURVE_WITH_KNOTS('',1,(#6544,#6545),.UNSPECIFIED.,.F.,
  .F.,(2,2),(-1.0000006,5.999999999062E-07),.PIECEWISE_BEZIER_KNOTS.);
#6544 = CARTESIAN_POINT('',(9.320753572083,-1.0000006));
#6545 = CARTESIAN_POINT('',(9.320753572083,5.999999999062E-07));
#6546 = ( GEOMETRIC_REPRESENTATION_CONTEXT(2) 
PARAMETRIC_REPRESENTATION_CONTEXT() REPRESENTATION_CONTEXT('2D SPACE',''
  ) );
#6547 = PCURVE('',#5575,#6548);
#6548 = DEFINITIONAL_REPRESENTATION('',(#6549),#6552);
#6549 = B_SPLINE_CURVE_WITH_KNOTS('',1,(#6550,#6551),.UNSPECIFIED.,.F.,
  .F.,(2,2),(-1.0000006,5.999999999062E-07),.PIECEWISE_BEZIER_KNOTS.);
#6550 = CARTESIAN_POINT('',(1.424823938251,-1.0000006));
#6551 = CARTESIAN_POINT('',(1.424823938251,5.999999999062E-07));
#6552 = ( GEOMETRIC_REPRESENTATION_CONTEXT(2) 
PARAMETRIC_REPRESENTATION_CONTEXT() REPRESENTATION_CONTEXT('2D SPACE',''
  ) );
#6553 = ORIENTED_EDGE('',*,*,#6554,.T.);
#6554 = EDGE_CURVE('',#6534,#3953,#6555,.T.);
#6555 = SURFACE_CURVE('',#6556,(#6560,#6566),.PCURVE_S1.);
#6556 = LINE('',#6557,#6558);
#6557 = CARTESIAN_POINT('',(12.30625,3.3,5.5));
#6558 = VECTOR('',#6559,1.);
#6559 = DIRECTION('',(-0.,-1.,0.));
#6560 = PCURVE('',#3998,#6561);
#6561 = DEFINITIONAL_REPRESENTATION('',(#6562),#6565);
#6562 = B_SPLINE_CURVE_WITH_KNOTS('',1,(#6563,#6564),.UNSPECIFIED.,.F.,
  .F.,(2,2),(-3.3,9.9),.PIECEWISE_BEZIER_KNOTS.);
#6563 = CARTESIAN_POINT('',(0.,-1.));
#6564 = CARTESIAN_POINT('',(13.2,-1.));
#6565 = ( GEOMETRIC_REPRESENTATION_CONTEXT(2) 
PARAMETRIC_REPRESENTATION_CONTEXT() REPRESENTATION_CONTEXT('2D SPACE',''
  ) );
#6566 = PCURVE('',#3967,#6567);
#6567 = DEFINITIONAL_REPRESENTATION('',(#6568),#6572);
#6568 = LINE('',#6569,#6570);
#6569 = CARTESIAN_POINT('',(28.38088728466,1.010860276168));
#6570 = VECTOR('',#6571,1.);
#6571 = DIRECTION('',(-0.334820934911,0.942281773964));
#6572 = ( GEOMETRIC_REPRESENTATION_CONTEXT(2) 
PARAMETRIC_REPRESENTATION_CONTEXT() REPRESENTATION_CONTEXT('2D SPACE',''
  ) );
#6573 = ORIENTED_EDGE('',*,*,#3978,.F.);
#6574 = ADVANCED_FACE('',(#6575),#3967,.T.);
#6575 = FACE_BOUND('',#6576,.T.);
#6576 = EDGE_LOOP('',(#6577,#6578,#6579,#6607,#6627));
#6577 = ORIENTED_EDGE('',*,*,#3952,.F.);
#6578 = ORIENTED_EDGE('',*,*,#6554,.F.);
#6579 = ORIENTED_EDGE('',*,*,#6580,.T.);
#6580 = EDGE_CURVE('',#6534,#6581,#6583,.T.);
#6581 = VERTEX_POINT('',#6582);
#6582 = CARTESIAN_POINT('',(14.627003572083,-0.4,5.5));
#6583 = SURFACE_CURVE('',#6584,(#6589,#6600),.PCURVE_S1.);
#6584 = CIRCLE('',#6585,2.75);
#6585 = AXIS2_PLACEMENT_3D('',#6586,#6587,#6588);
#6586 = CARTESIAN_POINT('',(11.90625,1.358564403107E-15,5.5));
#6587 = DIRECTION('',(0.,0.,1.));
#6588 = DIRECTION('',(1.,-2.490940594823E-16,0.));
#6589 = PCURVE('',#3967,#6590);
#6590 = DEFINITIONAL_REPRESENTATION('',(#6591),#6599);
#6591 = ( BOUNDED_CURVE() B_SPLINE_CURVE(2,(#6592,#6593,#6594,#6595,
#6596,#6597,#6598),.UNSPECIFIED.,.T.,.F.) B_SPLINE_CURVE_WITH_KNOTS((1,2
    ,2,2,2,1),(-2.094395102393,0.,2.094395102393,4.188790204786,
6.28318530718,8.377580409573),.UNSPECIFIED.) CURVE() 
GEOMETRIC_REPRESENTATION_ITEM() RATIONAL_B_SPLINE_CURVE((1.,0.5,1.,0.5,
1.,0.5,1.)) REPRESENTATION_ITEM('') );
#6592 = CARTESIAN_POINT('',(29.490340368269,4.907219327292));
#6593 = CARTESIAN_POINT('',(31.085139262705,0.418999581523));
#6594 = CARTESIAN_POINT('',(26.400827497884,1.281973097899));
#6595 = CARTESIAN_POINT('',(21.716515733064,2.144946614275));
#6596 = CARTESIAN_POINT('',(24.806028603449,5.770192843667));
#6597 = CARTESIAN_POINT('',(27.895541473833,9.39543907306));
#6598 = CARTESIAN_POINT('',(29.490340368269,4.907219327292));
#6599 = ( GEOMETRIC_REPRESENTATION_CONTEXT(2) 
PARAMETRIC_REPRESENTATION_CONTEXT() REPRESENTATION_CONTEXT('2D SPACE',''
  ) );
#6600 = PCURVE('',#5575,#6601);
#6601 = DEFINITIONAL_REPRESENTATION('',(#6602),#6606);
#6602 = LINE('',#6603,#6604);
#6603 = CARTESIAN_POINT('',(6.28318530718,-1.));
#6604 = VECTOR('',#6605,1.);
#6605 = DIRECTION('',(-1.,-0.));
#6606 = ( GEOMETRIC_REPRESENTATION_CONTEXT(2) 
PARAMETRIC_REPRESENTATION_CONTEXT() REPRESENTATION_CONTEXT('2D SPACE',''
  ) );
#6607 = ORIENTED_EDGE('',*,*,#6608,.F.);
#6608 = EDGE_CURVE('',#5455,#6581,#6609,.T.);
#6609 = SURFACE_CURVE('',#6610,(#6614,#6621),.PCURVE_S1.);
#6610 = LINE('',#6611,#6612);
#6611 = CARTESIAN_POINT('',(8.0625,-0.4,5.5));
#6612 = VECTOR('',#6613,1.);
#6613 = DIRECTION('',(-1.,0.,0.));
#6614 = PCURVE('',#3967,#6615);
#6615 = DEFINITIONAL_REPRESENTATION('',(#6616),#6620);
#6616 = LINE('',#6617,#6618);
#6617 = CARTESIAN_POINT('',(23.143241547228,3.076406497307));
#6618 = VECTOR('',#6619,1.);
#6619 = DIRECTION('',(-0.942281773964,-0.334820934911));
#6620 = ( GEOMETRIC_REPRESENTATION_CONTEXT(2) 
PARAMETRIC_REPRESENTATION_CONTEXT() REPRESENTATION_CONTEXT('2D SPACE',''
  ) );
#6621 = PCURVE('',#5474,#6622);
#6622 = DEFINITIONAL_REPRESENTATION('',(#6623),#6626);
#6623 = B_SPLINE_CURVE_WITH_KNOTS('',1,(#6624,#6625),.UNSPECIFIED.,.F.,
  .F.,(2,2),(-8.0625,24.1875),.PIECEWISE_BEZIER_KNOTS.);
#6624 = CARTESIAN_POINT('',(0.,-1.));
#6625 = CARTESIAN_POINT('',(32.25,-1.));
#6626 = ( GEOMETRIC_REPRESENTATION_CONTEXT(2) 
PARAMETRIC_REPRESENTATION_CONTEXT() REPRESENTATION_CONTEXT('2D SPACE',''
  ) );
#6627 = ORIENTED_EDGE('',*,*,#5488,.F.);
#6628 = ADVANCED_FACE('',(#6629),#4233,.T.);
#6629 = FACE_BOUND('',#6630,.T.);
#6630 = EDGE_LOOP('',(#6631,#6654,#6655,#6678));
#6631 = ORIENTED_EDGE('',*,*,#6632,.F.);
#6632 = EDGE_CURVE('',#4204,#6633,#6635,.T.);
#6633 = VERTEX_POINT('',#6634);
#6634 = CARTESIAN_POINT('',(-16.18031562477,2.660752292558,
    9.342100629491));
#6635 = SURFACE_CURVE('',#6636,(#6640,#6647),.PCURVE_S1.);
#6636 = B_SPLINE_CURVE_WITH_KNOTS('',2,(#6637,#6638,#6639),
  .UNSPECIFIED.,.F.,.F.,(3,3),(0.,1.),.PIECEWISE_BEZIER_KNOTS.);
#6637 = CARTESIAN_POINT('',(-18.625,8.6,0.));
#6638 = CARTESIAN_POINT('',(-19.98033482583,9.821016322423,0.));
#6639 = CARTESIAN_POINT('',(-15.91433034832,2.157967355154,10.));
#6640 = PCURVE('',#4233,#6641);
#6641 = DEFINITIONAL_REPRESENTATION('',(#6642),#6646);
#6642 = LINE('',#6643,#6644);
#6643 = CARTESIAN_POINT('',(0.,0.));
#6644 = VECTOR('',#6645,1.);
#6645 = DIRECTION('',(0.,1.));
#6646 = ( GEOMETRIC_REPRESENTATION_CONTEXT(2) 
PARAMETRIC_REPRESENTATION_CONTEXT() REPRESENTATION_CONTEXT('2D SPACE',''
  ) );
#6647 = PCURVE('',#5212,#6648);
#6648 = DEFINITIONAL_REPRESENTATION('',(#6649),#6653);
#6649 = LINE('',#6650,#6651);
#6650 = CARTESIAN_POINT('',(8.,0.));
#6651 = VECTOR('',#6652,1.);
#6652 = DIRECTION('',(0.,1.));
#6653 = ( GEOMETRIC_REPRESENTATION_CONTEXT(2) 
PARAMETRIC_REPRESENTATION_CONTEXT() REPRESENTATION_CONTEXT('2D SPACE',''
  ) );
#6654 = ORIENTED_EDGE('',*,*,#4203,.T.);
#6655 = ORIENTED_EDGE('',*,*,#6656,.T.);
#6656 = EDGE_CURVE('',#4206,#6657,#6659,.T.);
#6657 = VERTEX_POINT('',#6658);
#6658 = CARTESIAN_POINT('',(-16.18031565638,-2.660752352493,
    9.342100550845));
#6659 = SURFACE_CURVE('',#6660,(#6664,#6671),.PCURVE_S1.);
#6660 = B_SPLINE_CURVE_WITH_KNOTS('',2,(#6661,#6662,#6663),
  .UNSPECIFIED.,.F.,.F.,(3,3),(0.,1.),.PIECEWISE_BEZIER_KNOTS.);
#6661 = CARTESIAN_POINT('',(-18.625,-8.6,0.));
#6662 = CARTESIAN_POINT('',(-19.98033482583,-9.821016322423,0.));
#6663 = CARTESIAN_POINT('',(-15.91433034832,-2.157967355154,10.));
#6664 = PCURVE('',#4233,#6665);
#6665 = DEFINITIONAL_REPRESENTATION('',(#6666),#6670);
#6666 = LINE('',#6667,#6668);
#6667 = CARTESIAN_POINT('',(1.,0.));
#6668 = VECTOR('',#6669,1.);
#6669 = DIRECTION('',(0.,1.));
#6670 = ( GEOMETRIC_REPRESENTATION_CONTEXT(2) 
PARAMETRIC_REPRESENTATION_CONTEXT() REPRESENTATION_CONTEXT('2D SPACE',''
  ) );
#6671 = PCURVE('',#4296,#6672);
#6672 = DEFINITIONAL_REPRESENTATION('',(#6673),#6677);
#6673 = LINE('',#6674,#6675);
#6674 = CARTESIAN_POINT('',(1.,0.));
#6675 = VECTOR('',#6676,1.);
#6676 = DIRECTION('',(0.,1.));
#6677 = ( GEOMETRIC_REPRESENTATION_CONTEXT(2) 
PARAMETRIC_REPRESENTATION_CONTEXT() REPRESENTATION_CONTEXT('2D SPACE',''
  ) );
#6678 = ORIENTED_EDGE('',*,*,#6679,.T.);
#6679 = EDGE_CURVE('',#6657,#6633,#6680,.T.);
#6680 = SURFACE_CURVE('',#6681,(#6716,#6758),.PCURVE_S1.);
#6681 = B_SPLINE_CURVE_WITH_KNOTS('',9,(#6682,#6683,#6684,#6685,#6686,
    #6687,#6688,#6689,#6690,#6691,#6692,#6693,#6694,#6695,#6696,#6697,
    #6698,#6699,#6700,#6701,#6702,#6703,#6704,#6705,#6706,#6707,#6708,
    #6709,#6710,#6711,#6712,#6713,#6714,#6715),.UNSPECIFIED.,.F.,.F.,(10
    ,8,8,8,10),(-2.187547432077,-1.909591707221,2.390802477986,
    6.691196663193,6.969151197033),.UNSPECIFIED.);
#6682 = CARTESIAN_POINT('',(-16.09907084264,-4.468186609649,
    8.962058748882));
#6683 = CARTESIAN_POINT('',(-16.0995275311,-4.435617447882,
    8.970720348045));
#6684 = CARTESIAN_POINT('',(-16.09997934927,-4.40339561545,
    8.979289576778));
#6685 = CARTESIAN_POINT('',(-16.10042629714,-4.371521112352,
    8.987766435082));
#6686 = CARTESIAN_POINT('',(-16.10086837473,-4.339993938589,
    8.996150922955));
#6687 = CARTESIAN_POINT('',(-16.10130558203,-4.308814094161,
    9.004443040398));
#6688 = CARTESIAN_POINT('',(-16.10173791903,-4.277981579067,
    9.012642787412));
#6689 = CARTESIAN_POINT('',(-16.10216538574,-4.247496393308,
    9.020750163996));
#6690 = CARTESIAN_POINT('',(-16.10258798216,-4.217358536884,
    9.028765170149));
#6691 = CARTESIAN_POINT('',(-16.10946856141,-3.726663635418,
    9.15926292684));
#6692 = CARTESIAN_POINT('',(-16.13166136655,-3.26558141973,
    9.259889010509));
#6693 = CARTESIAN_POINT('',(-16.16539691582,-2.802912237023,
    9.340006154538));
#6694 = CARTESIAN_POINT('',(-16.20470923787,-2.341146982992,
    9.401224801511));
#6695 = CARTESIAN_POINT('',(-16.24320019609,-1.87352352773,9.44640511288
    ));
#6696 = CARTESIAN_POINT('',(-16.27485498451,-1.407390053269,
    9.478166905416));
#6697 = CARTESIAN_POINT('',(-16.29718254257,-0.938475925719,
    9.49881064481));
#6698 = CARTESIAN_POINT('',(-16.3083141,-0.46927108266,9.509102228707));
#6699 = CARTESIAN_POINT('',(-16.30831465655,0.469245850882,9.50910265594
    ));
#6700 = CARTESIAN_POINT('',(-16.29718458357,0.938462453604,
    9.498811455056));
#6701 = CARTESIAN_POINT('',(-16.27485156888,1.40748409456,9.478168167563
    ));
#6702 = CARTESIAN_POINT('',(-16.24319486219,1.873473684557,
    9.446392903499));
#6703 = CARTESIAN_POINT('',(-16.20472706715,2.341037644334,
    9.401246410458));
#6704 = CARTESIAN_POINT('',(-16.16538703437,2.802967559868,9.34000089634
    ));
#6705 = CARTESIAN_POINT('',(-16.13166311679,3.265576875439,
    9.259888088873));
#6706 = CARTESIAN_POINT('',(-16.10946903784,3.726656272491,
    9.159264345006));
#6707 = CARTESIAN_POINT('',(-16.1025882428,4.217347531321,9.028767927252
    ));
#6708 = CARTESIAN_POINT('',(-16.10216563355,4.247485133365,
    9.020753011486));
#6709 = CARTESIAN_POINT('',(-16.10173815261,4.27797015141,9.012645702504
    ));
#6710 = CARTESIAN_POINT('',(-16.10130579997,4.308802585457,
    9.004446000306));
#6711 = CARTESIAN_POINT('',(-16.10086857564,4.339982435504,
    8.996153904891));
#6712 = CARTESIAN_POINT('',(-16.10042647961,4.371509701554,8.98776941626
    ));
#6713 = CARTESIAN_POINT('',(-16.09997951189,4.403384383604,
    8.979292534413));
#6714 = CARTESIAN_POINT('',(-16.09952767247,4.435606481656,
    8.970723259349));
#6715 = CARTESIAN_POINT('',(-16.09907096136,4.468175995709,
    8.962061591069));
#6716 = PCURVE('',#4233,#6717);
#6717 = DEFINITIONAL_REPRESENTATION('',(#6718),#6757);
#6718 = B_SPLINE_CURVE_WITH_KNOTS('',10,(#6719,#6720,#6721,#6722,#6723,
    #6724,#6725,#6726,#6727,#6728,#6729,#6730,#6731,#6732,#6733,#6734,
    #6735,#6736,#6737,#6738,#6739,#6740,#6741,#6742,#6743,#6744,#6745,
    #6746,#6747,#6748,#6749,#6750,#6751,#6752,#6753,#6754,#6755,#6756),
  .UNSPECIFIED.,.F.,.F.,(11,9,9,9,11),(-0.330486051368,1.030161910971,
    2.39080987331,3.751457835649,5.112105797988),.UNSPECIFIED.);
#6719 = CARTESIAN_POINT('',(1.000000037182,0.966545448977));
#6720 = CARTESIAN_POINT('',(0.977614761114,0.967497800738));
#6721 = CARTESIAN_POINT('',(0.954773572674,0.968378382272));
#6722 = CARTESIAN_POINT('',(0.931507816089,0.969190093023));
#6723 = CARTESIAN_POINT('',(0.907849110994,0.969935866442));
#6724 = CARTESIAN_POINT('',(0.883830359184,0.97061857777));
#6725 = CARTESIAN_POINT('',(0.859484628994,0.971241017631));
#6726 = CARTESIAN_POINT('',(0.834844054973,0.971805863702));
#6727 = CARTESIAN_POINT('',(0.809939626806,0.972315626742));
#6728 = CARTESIAN_POINT('',(0.784801477486,0.97277259106));
#6729 = CARTESIAN_POINT('',(0.734114556561,0.973585035966));
#6730 = CARTESIAN_POINT('',(0.708565843578,0.973940515398));
#6731 = CARTESIAN_POINT('',(0.682840197392,0.974247304612));
#6732 = CARTESIAN_POINT('',(0.656965898569,0.974507207447));
#6733 = CARTESIAN_POINT('',(0.630966546436,0.974721767416));
#6734 = CARTESIAN_POINT('',(0.604871514185,0.974892193332));
#6735 = CARTESIAN_POINT('',(0.578700922657,0.975019415234));
#6736 = CARTESIAN_POINT('',(0.55248363986,0.975104005266));
#6737 = CARTESIAN_POINT('',(0.526242713014,0.97514626707));
#6738 = CARTESIAN_POINT('',(0.473759389479,0.975146269174));
#6739 = CARTESIAN_POINT('',(0.447518279052,0.975104009256));
#6740 = CARTESIAN_POINT('',(0.421300247761,0.975019420943));
#6741 = CARTESIAN_POINT('',(0.395128540288,0.974892196795));
#6742 = CARTESIAN_POINT('',(0.369032228265,0.974721762682));
#6743 = CARTESIAN_POINT('',(0.343031856609,0.974507191069));
#6744 = CARTESIAN_POINT('',(0.317156844522,0.974247276046));
#6745 = CARTESIAN_POINT('',(0.291430911526,0.973940477555));
#6746 = CARTESIAN_POINT('',(0.265882267254,0.973584993511));
#6747 = CARTESIAN_POINT('',(0.215196017947,0.97277254942));
#6748 = CARTESIAN_POINT('',(0.190058467295,0.972315590348));
#6749 = CARTESIAN_POINT('',(0.165154824752,0.97180583865));
#6750 = CARTESIAN_POINT('',(0.140515041306,0.97124100708));
#6751 = CARTESIAN_POINT('',(0.116169975981,0.970618583185));
#6752 = CARTESIAN_POINT('',(9.215166039854E-02,0.969935886092));
#6753 = CARTESIAN_POINT('',(6.849308463229E-02,0.969190120079));
#6754 = CARTESIAN_POINT('',(4.522716494457E-02,0.968378407197));
#6755 = CARTESIAN_POINT('',(2.238566680267E-02,0.967497817398));
#6756 = CARTESIAN_POINT('',(-3.071658355447E-08,0.966545450484));
#6757 = ( GEOMETRIC_REPRESENTATION_CONTEXT(2) 
PARAMETRIC_REPRESENTATION_CONTEXT() REPRESENTATION_CONTEXT('2D SPACE',''
  ) );
#6758 = PCURVE('',#6759,#6862);
#6759 = ( BOUNDED_SURFACE() B_SPLINE_SURFACE(2,9,(
    (#6760,#6761,#6762,#6763,#6764,#6765,#6766,#6767,#6768,#6769,#6770
      ,#6771,#6772,#6773,#6774,#6775,#6776,#6777,#6778,#6779,#6780,#6781
      ,#6782,#6783,#6784,#6785,#6786,#6787,#6788,#6789,#6790,#6791,#6792
      ,#6793)
    ,(#6794,#6795,#6796,#6797,#6798,#6799,#6800,#6801,#6802,#6803,#6804
      ,#6805,#6806,#6807,#6808,#6809,#6810,#6811,#6812,#6813,#6814,#6815
      ,#6816,#6817,#6818,#6819,#6820,#6821,#6822,#6823,#6824,#6825,#6826
      ,#6827)
    ,(#6828,#6829,#6830,#6831,#6832,#6833,#6834,#6835,#6836,#6837,#6838
      ,#6839,#6840,#6841,#6842,#6843,#6844,#6845,#6846,#6847,#6848,#6849
      ,#6850,#6851,#6852,#6853,#6854,#6855,#6856,#6857,#6858,#6859,#6860
,#6861
    )),.UNSPECIFIED.,.F.,.F.,.F.) B_SPLINE_SURFACE_WITH_KNOTS((3,3),(10,
    8,8,8,10),(0.,8.600788370414),(-2.187547432077,-1.909591707221,
    2.390802477986,6.691196663193,6.969151197033),.UNSPECIFIED.) 
GEOMETRIC_REPRESENTATION_ITEM() RATIONAL_B_SPLINE_SURFACE((
    (1.,1.,1.,1.,1.,1.,1.,1.,1.,1.,1.,1.,1.,1.,1.,1.,1.,1.,1.,1.,1.,1.
      ,1.,1.,1.,1.,1.,1.,1.,1.,1.,1.,1.,1.)
    ,(0.88113728643,0.881463336089,0.881707873334,0.881870898163
      ,0.881952410578,0.881952410578,0.881870898163,0.881707873334
      ,0.881463336089,0.876092806561,0.869052105001,0.860189057811
      ,0.850156266289,0.839659244848,0.830725484662,0.82432245722
      ,0.821128603733,0.821128422765,0.824321771196,0.830726732376
      ,0.839660724002,0.850150950327,0.860192064067,0.869051749512
      ,0.876092650712,0.881463133605,0.881707667742,0.881870690499
      ,0.881952201878,0.881952201878,0.881870690499,0.881707667742
      ,0.881463133605,0.881137088089)
    ,(1.,1.,1.,1.,1.,1.,1.,1.,1.,1.,1.,1.,1.,1.,1.,1.,1.,1.,1.,1.,1.,1.
,1.,1.,1.,1.,1.,1.,1.,1.,1.,1.,1.,1.
  ))) REPRESENTATION_ITEM('') SURFACE() );
#6760 = CARTESIAN_POINT('',(-16.09907084264,-4.468186609649,
    8.962058748882));
#6761 = CARTESIAN_POINT('',(-16.0995275311,-4.435617447882,
    8.970720348045));
#6762 = CARTESIAN_POINT('',(-16.09997934927,-4.40339561545,
    8.979289576778));
#6763 = CARTESIAN_POINT('',(-16.10042629714,-4.371521112352,
    8.987766435082));
#6764 = CARTESIAN_POINT('',(-16.10086837473,-4.339993938589,
    8.996150922955));
#6765 = CARTESIAN_POINT('',(-16.10130558203,-4.308814094161,
    9.004443040398));
#6766 = CARTESIAN_POINT('',(-16.10173791903,-4.277981579067,
    9.012642787412));
#6767 = CARTESIAN_POINT('',(-16.10216538574,-4.247496393308,
    9.020750163996));
#6768 = CARTESIAN_POINT('',(-16.10258798216,-4.217358536884,
    9.028765170149));
#6769 = CARTESIAN_POINT('',(-16.10946856141,-3.726663635418,
    9.15926292684));
#6770 = CARTESIAN_POINT('',(-16.13166136655,-3.26558141973,
    9.259889010509));
#6771 = CARTESIAN_POINT('',(-16.16539691582,-2.802912237023,
    9.340006154538));
#6772 = CARTESIAN_POINT('',(-16.20470923787,-2.341146982992,
    9.401224801511));
#6773 = CARTESIAN_POINT('',(-16.24320019609,-1.87352352773,9.44640511288
    ));
#6774 = CARTESIAN_POINT('',(-16.27485498451,-1.407390053269,
    9.478166905416));
#6775 = CARTESIAN_POINT('',(-16.29718254257,-0.938475925719,
    9.49881064481));
#6776 = CARTESIAN_POINT('',(-16.3083141,-0.46927108266,9.509102228707));
#6777 = CARTESIAN_POINT('',(-16.30831465655,0.469245850882,9.50910265594
    ));
#6778 = CARTESIAN_POINT('',(-16.29718458357,0.938462453604,
    9.498811455056));
#6779 = CARTESIAN_POINT('',(-16.27485156888,1.40748409456,9.478168167563
    ));
#6780 = CARTESIAN_POINT('',(-16.24319486219,1.873473684557,
    9.446392903499));
#6781 = CARTESIAN_POINT('',(-16.20472706715,2.341037644334,
    9.401246410458));
#6782 = CARTESIAN_POINT('',(-16.16538703437,2.802967559868,9.34000089634
    ));
#6783 = CARTESIAN_POINT('',(-16.13166311679,3.265576875439,
    9.259888088873));
#6784 = CARTESIAN_POINT('',(-16.10946903784,3.726656272491,
    9.159264345006));
#6785 = CARTESIAN_POINT('',(-16.1025882428,4.217347531321,9.028767927252
    ));
#6786 = CARTESIAN_POINT('',(-16.10216563355,4.247485133365,
    9.020753011486));
#6787 = CARTESIAN_POINT('',(-16.10173815261,4.27797015141,9.012645702504
    ));
#6788 = CARTESIAN_POINT('',(-16.10130579997,4.308802585457,
    9.004446000306));
#6789 = CARTESIAN_POINT('',(-16.10086857564,4.339982435504,
    8.996153904891));
#6790 = CARTESIAN_POINT('',(-16.10042647961,4.371509701554,8.98776941626
    ));
#6791 = CARTESIAN_POINT('',(-16.09997951189,4.403384383604,
    8.979292534413));
#6792 = CARTESIAN_POINT('',(-16.09952767247,4.435606481656,
    8.970723259349));
#6793 = CARTESIAN_POINT('',(-16.09907096136,4.468175995709,
    8.962061591069));
#6794 = CARTESIAN_POINT('',(-15.92047340913,-4.536564909072,
    9.21492872872));
#6795 = CARTESIAN_POINT('',(-15.92099480611,-4.504897410093,
    9.224102727493));
#6796 = CARTESIAN_POINT('',(-15.92151307222,-4.473420067341,
    9.233221638462));
#6797 = CARTESIAN_POINT('',(-15.92202835378,-4.442123994158,
    9.242288036069));
#6798 = CARTESIAN_POINT('',(-15.9225407953,-4.411000412623,
    9.251304463258));
#6799 = CARTESIAN_POINT('',(-15.92305053966,-4.380040645333,
    9.260273433852));
#6800 = CARTESIAN_POINT('',(-15.92355772822,-4.349236107341,
    9.269197434889));
#6801 = CARTESIAN_POINT('',(-15.92406250092,-4.318578298215,
    9.278078928925));
#6802 = CARTESIAN_POINT('',(-15.92456499647,-4.288058794218,
    9.286920356295));
#6803 = CARTESIAN_POINT('',(-15.93285406806,-3.784614823393,
    9.432766871476));
#6804 = CARTESIAN_POINT('',(-15.95752280431,-3.310664800695,
    9.551468339433));
#6805 = CARTESIAN_POINT('',(-15.9951750361,-2.836450143081,
    9.652214068826));
#6806 = CARTESIAN_POINT('',(-16.04009730907,-2.362830825389,
    9.735473635369));
#6807 = CARTESIAN_POINT('',(-16.08478162726,-1.890479158967,
    9.801230721344));
#6808 = CARTESIAN_POINT('',(-16.1223715727,-1.422162718962,
    9.850292842784));
#6809 = CARTESIAN_POINT('',(-16.14936489983,-0.951083110189,
    9.883325425836));
#6810 = CARTESIAN_POINT('',(-16.16297286624,-0.477440533834,
    9.899999684984));
#6811 = CARTESIAN_POINT('',(-16.16297343261,0.47742028112,9.90000031501)
  );
#6812 = CARTESIAN_POINT('',(-16.14936703713,0.951072488121,
    9.883327475257));
#6813 = CARTESIAN_POINT('',(-16.12236740369,1.42223821356,9.850289897643
    ));
#6814 = CARTESIAN_POINT('',(-16.08477964225,1.890410295953,
    9.801225373537));
#6815 = CARTESIAN_POINT('',(-16.04010989612,2.362792160669,9.73548989682
    ));
#6816 = CARTESIAN_POINT('',(-15.99516967257,2.836449485768,
    9.652212461222));
#6817 = CARTESIAN_POINT('',(-15.95752399354,3.310658804571,9.55146987908
    ));
#6818 = CARTESIAN_POINT('',(-15.93285441946,3.784609857862,
    9.432768093704));
#6819 = CARTESIAN_POINT('',(-15.9245651896,4.288052577199,9.286922167928
    ));
#6820 = CARTESIAN_POINT('',(-15.92406268561,4.318571935113,
    9.278080796629));
#6821 = CARTESIAN_POINT('',(-15.92355790359,4.349229648307,
    9.269199344199));
#6822 = CARTESIAN_POINT('',(-15.92305070485,4.380034140358,
    9.260275370351));
#6823 = CARTESIAN_POINT('',(-15.92254094942,4.410993911565,
    9.251306412573));
#6824 = CARTESIAN_POINT('',(-15.92202849595,4.442117546771,9.24228998386
    ));
#6825 = CARTESIAN_POINT('',(-15.92151320158,4.473413723297,
    9.233223570416));
#6826 = CARTESIAN_POINT('',(-15.92099492177,4.504891219013,
    9.224104629318));
#6827 = CARTESIAN_POINT('',(-15.9204735102,4.536558920548,9.214930586135
    ));
#6828 = CARTESIAN_POINT('',(-15.60332185553,-4.530480887634,
    9.216817435644));
#6829 = CARTESIAN_POINT('',(-15.60330168203,-4.499484782458,
    9.225782596962));
#6830 = CARTESIAN_POINT('',(-15.60328150853,-4.468488677283,
    9.23474775828));
#6831 = CARTESIAN_POINT('',(-15.60326133503,-4.437492572107,
    9.243712919599));
#6832 = CARTESIAN_POINT('',(-15.60324116152,-4.406496466932,
    9.252678080917));
#6833 = CARTESIAN_POINT('',(-15.60322098802,-4.375500361756,
    9.261643242235));
#6834 = CARTESIAN_POINT('',(-15.60320081452,-4.344504256581,
    9.270608403554));
#6835 = CARTESIAN_POINT('',(-15.60318064102,-4.313508151405,
    9.279573564872));
#6836 = CARTESIAN_POINT('',(-15.60316046752,-4.28251204623,9.28853872619
    ));
#6837 = CARTESIAN_POINT('',(-15.60282817952,-3.771959455827,
    9.43620845142));
#6838 = CARTESIAN_POINT('',(-15.61624723889,-3.293855441113,
    9.555414214811));
#6839 = CARTESIAN_POINT('',(-15.63961766522,-2.817779086696,
    9.655876782873));
#6840 = CARTESIAN_POINT('',(-15.66863144558,-2.341597407516,
    9.73898180111));
#6841 = CARTESIAN_POINT('',(-15.69724215005,-1.867885533436,
    9.803915034541));
#6842 = CARTESIAN_POINT('',(-15.72087523686,-1.399612006255,
    9.852092079579));
#6843 = CARTESIAN_POINT('',(-15.73761512621,-0.931628777259,
    9.884054208271));
#6844 = CARTESIAN_POINT('',(-15.74592997076,-0.465881785985,
    9.899999794231));
#6845 = CARTESIAN_POINT('',(-15.74593006542,0.465868269129,
    9.900000205766));
#6846 = CARTESIAN_POINT('',(-15.73761573639,0.931622688353,
    9.884056703561));
#6847 = CARTESIAN_POINT('',(-15.72087148407,1.399684914639,9.85208248696
    ));
#6848 = CARTESIAN_POINT('',(-15.69725310741,1.867727941548,
    9.803932774747));
#6849 = CARTESIAN_POINT('',(-15.66861911634,2.341716488045,9.73896734939
    ));
#6850 = CARTESIAN_POINT('',(-15.63962807589,2.817678651812,
    9.655891055633));
#6851 = CARTESIAN_POINT('',(-15.61624628871,3.293849801861,9.55541836074
    ));
#6852 = CARTESIAN_POINT('',(-15.60282799878,3.771958140735,
    9.436208857703));
#6853 = CARTESIAN_POINT('',(-15.60316019876,4.282512778696,
    9.288538512661));
#6854 = CARTESIAN_POINT('',(-15.60318036684,4.313508883428,
    9.279573349796));
#6855 = CARTESIAN_POINT('',(-15.60320053492,4.34450498816,9.270608186931
    ));
#6856 = CARTESIAN_POINT('',(-15.60322070299,4.375501092892,
    9.261643024066));
#6857 = CARTESIAN_POINT('',(-15.60324087107,4.406497197624,
    9.252677861201));
#6858 = CARTESIAN_POINT('',(-15.60326103915,4.437493302355,
    9.243712698337));
#6859 = CARTESIAN_POINT('',(-15.60328120722,4.468489407087,
    9.234747535472));
#6860 = CARTESIAN_POINT('',(-15.6033013753,4.499485511819,9.225782372607
    ));
#6861 = CARTESIAN_POINT('',(-15.60332154338,4.530481616551,
    9.216817209742));
#6862 = DEFINITIONAL_REPRESENTATION('',(#6863),#6867);
#6863 = LINE('',#6864,#6865);
#6864 = CARTESIAN_POINT('',(0.,0.));
#6865 = VECTOR('',#6866,1.);
#6866 = DIRECTION('',(0.,1.));
#6867 = ( GEOMETRIC_REPRESENTATION_CONTEXT(2) 
PARAMETRIC_REPRESENTATION_CONTEXT() REPRESENTATION_CONTEXT('2D SPACE',''
  ) );
#6868 = ADVANCED_FACE('',(#6869),#5212,.T.);
#6869 = FACE_BOUND('',#6870,.T.);
#6870 = EDGE_LOOP('',(#6871,#6872,#7039,#7079,#7207,#7228));
#6871 = ORIENTED_EDGE('',*,*,#6632,.T.);
#6872 = ORIENTED_EDGE('',*,*,#6873,.T.);
#6873 = EDGE_CURVE('',#6633,#6874,#6876,.T.);
#6874 = VERTEX_POINT('',#6875);
#6875 = CARTESIAN_POINT('',(-15.60314003068,4.251516673965,
    9.297503675525));
#6876 = SURFACE_CURVE('',#6877,(#6929,#6984),.PCURVE_S1.);
#6877 = B_SPLINE_CURVE_WITH_KNOTS('',8,(#6878,#6879,#6880,#6881,#6882,
    #6883,#6884,#6885,#6886,#6887,#6888,#6889,#6890,#6891,#6892,#6893,
    #6894,#6895,#6896,#6897,#6898,#6899,#6900,#6901,#6902,#6903,#6904,
    #6905,#6906,#6907,#6908,#6909,#6910,#6911,#6912,#6913,#6914,#6915,
    #6916,#6917,#6918,#6919,#6920,#6921,#6922,#6923,#6924,#6925,#6926,
    #6927,#6928),.UNSPECIFIED.,.F.,.F.,(9,7,7,7,7,7,7,9),(0.,
    1.744565921407E-02,0.13807741169,0.23697201046,0.417641468743,
    0.472311331625,0.725271038996,1.),.UNSPECIFIED.);
#6878 = CARTESIAN_POINT('',(-16.18031613336,2.660745733499,
    9.342101958244));
#6879 = CARTESIAN_POINT('',(-16.179755076,2.659681892427,9.343497936576)
  );
#6880 = CARTESIAN_POINT('',(-16.17918282749,2.658716637124,
    9.344880413194));
#6881 = CARTESIAN_POINT('',(-16.17859929292,2.657851285479,
    9.346249096517));
#6882 = CARTESIAN_POINT('',(-16.17800439972,2.657086899108,
    9.347603723486));
#6883 = CARTESIAN_POINT('',(-16.17739809762,2.656424283348,
    9.348944059563));
#6884 = CARTESIAN_POINT('',(-16.17678035869,2.65586398726,9.350269898737
    ));
#6885 = CARTESIAN_POINT('',(-16.1761511773,2.65540630363,9.351581063514)
  );
#6886 = CARTESIAN_POINT('',(-16.17108095455,2.652596305636,9.36184123568
    ));
#6887 = CARTESIAN_POINT('',(-16.16610894646,2.655050074675,
    9.370088792366));
#6888 = CARTESIAN_POINT('',(-16.16060211995,2.66241242242,9.37757211613)
  );
#6889 = CARTESIAN_POINT('',(-16.15461370105,2.674036792812,
    9.384337595927));
#6890 = CARTESIAN_POINT('',(-16.14823093611,2.688838990959,
    9.390497918308));
#6891 = CARTESIAN_POINT('',(-16.1415095519,2.706178570484,9.396118528205
    ));
#6892 = CARTESIAN_POINT('',(-16.13449892949,2.72547025416,9.401265515973
    ));
#6893 = CARTESIAN_POINT('',(-16.121270483,2.763422906538,9.409857487359)
  );
#6894 = CARTESIAN_POINT('',(-16.11513696993,2.781571830979,
    9.413442476405));
#6895 = CARTESIAN_POINT('',(-16.10884729162,2.800551036034,
    9.416768338681));
#6896 = CARTESIAN_POINT('',(-16.10241592478,2.820197785284,
    9.419853944837));
#6897 = CARTESIAN_POINT('',(-16.09585474309,2.840390360857,
    9.422713016272));
#6898 = CARTESIAN_POINT('',(-16.08917372598,2.8610350672,9.425355927938)
  );
#6899 = CARTESIAN_POINT('',(-16.08238140126,2.882057807229,
    9.427790845705));
#6900 = CARTESIAN_POINT('',(-16.06288610093,2.9423904706,9.434104285635)
  );
#6901 = CARTESIAN_POINT('',(-16.04994181042,2.982441491,9.437511072219)
  );
#6902 = CARTESIAN_POINT('',(-16.03669893661,3.023189695011,
    9.440283304185));
#6903 = CARTESIAN_POINT('',(-16.02319596816,3.064420470591,
    9.442440922295));
#6904 = CARTESIAN_POINT('',(-16.00946782208,3.105980182314,
    9.443998078551));
#6905 = CARTESIAN_POINT('',(-15.99554702075,3.147748730424,9.44496697495
    ));
#6906 = CARTESIAN_POINT('',(-15.98146352141,3.189636386254,
    9.445357993619));
#6907 = CARTESIAN_POINT('',(-15.96294305279,3.244257138751,
    9.445128207829));
#6908 = CARTESIAN_POINT('',(-15.95862841277,3.256949643506,
    9.445022872078));
#6909 = CARTESIAN_POINT('',(-15.95430226768,3.269644079381,9.4448658653)
  );
#6910 = CARTESIAN_POINT('',(-15.94996539111,3.282338513762,
    9.444657473275));
#6911 = CARTESIAN_POINT('',(-15.94561854253,3.295031129251,
    9.444397982601));
#6912 = CARTESIAN_POINT('',(-15.94126246729,3.307720223663,
    9.444087680696));
#6913 = CARTESIAN_POINT('',(-15.93689789664,3.320404210034,
    9.443726855794));
#6914 = CARTESIAN_POINT('',(-15.91229450899,3.391740499016,
    9.441413810751));
#6915 = CARTESIAN_POINT('',(-15.89189697003,3.450257992388,
    9.438436400447));
#6916 = CARTESIAN_POINT('',(-15.87140398235,3.508486893712,
    9.434412258232));
#6917 = CARTESIAN_POINT('',(-15.85088050519,3.56631915034,9.42937186478)
  );
#6918 = CARTESIAN_POINT('',(-15.83038553479,3.623672275435,
    9.423347902525));
#6919 = CARTESIAN_POINT('',(-15.8099723216,3.680480224178,9.4163752374)
  );
#6920 = CARTESIAN_POINT('',(-15.7896886754,3.736688730729,9.408490469045
    ));
#6921 = CARTESIAN_POINT('',(-15.74773529797,3.85260342265,9.390217810106
    ));
#6922 = CARTESIAN_POINT('',(-15.72609645236,3.912194081538,
    9.379672861525));
#6923 = CARTESIAN_POINT('',(-15.7047155947,3.970972425474,9.368144433317
    ));
#6924 = CARTESIAN_POINT('',(-15.68364041296,4.028896427243,
    9.355682026304));
#6925 = CARTESIAN_POINT('',(-15.6629121851,4.085934299648,9.342335993856
    ));
#6926 = CARTESIAN_POINT('',(-15.64256645413,4.142062105602,
    9.328157123206));
#6927 = CARTESIAN_POINT('',(-15.62263370319,4.197261368212,
    9.313196216783));
#6928 = CARTESIAN_POINT('',(-15.60314003069,4.251516680868,
    9.297503673529));
#6929 = PCURVE('',#5212,#6930);
#6930 = DEFINITIONAL_REPRESENTATION('',(#6931),#6983);
#6931 = B_SPLINE_CURVE_WITH_KNOTS('',8,(#6932,#6933,#6934,#6935,#6936,
    #6937,#6938,#6939,#6940,#6941,#6942,#6943,#6944,#6945,#6946,#6947,
    #6948,#6949,#6950,#6951,#6952,#6953,#6954,#6955,#6956,#6957,#6958,
    #6959,#6960,#6961,#6962,#6963,#6964,#6965,#6966,#6967,#6968,#6969,
    #6970,#6971,#6972,#6973,#6974,#6975,#6976,#6977,#6978,#6979,#6980,
    #6981,#6982),.UNSPECIFIED.,.F.,.F.,(9,7,7,7,7,7,7,9),(0.,
    1.744565921407E-02,0.13807741169,0.23697201046,0.417641468743,
    0.472311331625,0.725271038996,1.),.UNSPECIFIED.);
#6932 = CARTESIAN_POINT('',(8.000000918274,0.966545495994));
#6933 = CARTESIAN_POINT('',(8.000000917462,0.966617710822));
#6934 = CARTESIAN_POINT('',(7.999986295671,0.96668922103));
#6935 = CARTESIAN_POINT('',(7.999956878836,0.966760011747));
#6936 = CARTESIAN_POINT('',(7.99991253124,0.966830069581));
#6937 = CARTESIAN_POINT('',(7.999853155508,0.966899382616));
#6938 = CARTESIAN_POINT('',(7.99977869261,0.966967940411));
#6939 = CARTESIAN_POINT('',(7.999689121858,0.967035734005));
#6940 = CARTESIAN_POINT('',(7.998860760349,0.967566193261));
#6941 = CARTESIAN_POINT('',(7.997416368898,0.96799234489));
#6942 = CARTESIAN_POINT('',(7.995258944487,0.968378802434));
#6943 = CARTESIAN_POINT('',(7.992489909841,0.968728036435));
#6944 = CARTESIAN_POINT('',(7.989272744266,0.969045912743));
#6945 = CARTESIAN_POINT('',(7.985703870343,0.969335842854));
#6946 = CARTESIAN_POINT('',(7.981870377753,0.969601263842));
#6947 = CARTESIAN_POINT('',(7.974516321113,0.970044219897));
#6948 = CARTESIAN_POINT('',(7.971063670427,0.970228995831));
#6949 = CARTESIAN_POINT('',(7.967503894082,0.970400377768));
#6950 = CARTESIAN_POINT('',(7.963860904588,0.97055934776));
#6951 = CARTESIAN_POINT('',(7.96015253094,0.970706620545));
#6952 = CARTESIAN_POINT('',(7.956392436382,0.970842737177));
#6953 = CARTESIAN_POINT('',(7.952591359694,0.970968123984));
#6954 = CARTESIAN_POINT('',(7.941753972621,0.971293196052));
#6955 = CARTESIAN_POINT('',(7.934642551765,0.971468555812));
#6956 = CARTESIAN_POINT('',(7.927475883272,0.971611221096));
#6957 = CARTESIAN_POINT('',(7.920284518871,0.971722239136));
#6958 = CARTESIAN_POINT('',(7.91308992974,0.971802352882));
#6959 = CARTESIAN_POINT('',(7.905908534181,0.971852199383));
#6960 = CARTESIAN_POINT('',(7.898752196401,0.971872316431));
#6961 = CARTESIAN_POINT('',(7.889475468214,0.971860494511));
#6962 = CARTESIAN_POINT('',(7.887323649898,0.971855075235));
#6963 = CARTESIAN_POINT('',(7.885175281294,0.97184699757));
#6964 = CARTESIAN_POINT('',(7.883030607916,0.971836276148));
#6965 = CARTESIAN_POINT('',(7.880889857957,0.971822925603));
#6966 = CARTESIAN_POINT('',(7.878753242286,0.971806960575));
#6967 = CARTESIAN_POINT('',(7.876620954449,0.971788395705));
#6968 = CARTESIAN_POINT('',(7.864647827467,0.971669383408));
#6969 = CARTESIAN_POINT('',(7.854898992186,0.971516176486));
#6970 = CARTESIAN_POINT('',(7.845264339622,0.971309078904));
#6971 = CARTESIAN_POINT('',(7.835755662001,0.971049619912));
#6972 = CARTESIAN_POINT('',(7.826380990229,0.970739427786));
#6973 = CARTESIAN_POINT('',(7.817146029666,0.970380231511));
#6974 = CARTESIAN_POINT('',(7.808054910443,0.969973840355));
#6975 = CARTESIAN_POINT('',(7.789395833122,0.969031486441));
#6976 = CARTESIAN_POINT('',(7.779854208113,0.968487380827));
#6977 = CARTESIAN_POINT('',(7.770488710308,0.967892163168));
#6978 = CARTESIAN_POINT('',(7.761301114871,0.967248269442));
#6979 = CARTESIAN_POINT('',(7.752292002035,0.966558174703));
#6980 = CARTESIAN_POINT('',(7.743461120037,0.965824374888));
#6981 = CARTESIAN_POINT('',(7.734807748049,0.9650493686));
#6982 = CARTESIAN_POINT('',(7.726331059107,0.964235638915));
#6983 = ( GEOMETRIC_REPRESENTATION_CONTEXT(2) 
PARAMETRIC_REPRESENTATION_CONTEXT() REPRESENTATION_CONTEXT('2D SPACE',''
  ) );
#6984 = PCURVE('',#6759,#6985);
#6985 = DEFINITIONAL_REPRESENTATION('',(#6986),#7038);
#6986 = B_SPLINE_CURVE_WITH_KNOTS('',8,(#6987,#6988,#6989,#6990,#6991,
    #6992,#6993,#6994,#6995,#6996,#6997,#6998,#6999,#7000,#7001,#7002,
    #7003,#7004,#7005,#7006,#7007,#7008,#7009,#7010,#7011,#7012,#7013,
    #7014,#7015,#7016,#7017,#7018,#7019,#7020,#7021,#7022,#7023,#7024,
    #7025,#7026,#7027,#7028,#7029,#7030,#7031,#7032,#7033,#7034,#7035,
    #7036,#7037),.UNSPECIFIED.,.F.,.F.,(9,7,7,7,7,7,7,9),(0.,
    1.744565921407E-02,0.13807741169,0.23697201046,0.417641468743,
    0.472311331625,0.725271038996,1.),.UNSPECIFIED.);
#6987 = CARTESIAN_POINT('',(0.,5.112099285838));
#6988 = CARTESIAN_POINT('',(1.938543466406E-02,5.110833177651));
#6989 = CARTESIAN_POINT('',(3.878363000253E-02,5.109669204307));
#6990 = CARTESIAN_POINT('',(5.819345980666E-02,5.108608708121));
#6991 = CARTESIAN_POINT('',(7.761375687256E-02,5.107652767639));
#6992 = CARTESIAN_POINT('',(9.704331300119E-02,5.106802197633));
#6993 = CARTESIAN_POINT('',(0.116480878998,5.106057549103));
#6994 = CARTESIAN_POINT('',(0.135925164675,5.10541910928));
#6995 = CARTESIAN_POINT('',(0.289863782576,5.101206837602));
#6996 = CARTESIAN_POINT('',(0.424494947327,5.102607845069));
#6997 = CARTESIAN_POINT('',(0.558815327945,5.109085297047));
#6998 = CARTESIAN_POINT('',(0.69259669947,5.119967135583));
#6999 = CARTESIAN_POINT('',(0.825740511237,5.134134360317));
#7000 = CARTESIAN_POINT('',(0.958190651676,5.15092614608));
#7001 = CARTESIAN_POINT('',(1.089981808012,5.169738629256));
#7002 = CARTESIAN_POINT('',(1.328851506442,5.206920502157));
#7003 = CARTESIAN_POINT('',(1.436113355338,5.224759541589));
#7004 = CARTESIAN_POINT('',(1.543085115806,5.243458974884));
#7005 = CARTESIAN_POINT('',(1.649808349206,5.262850897527));
#7006 = CARTESIAN_POINT('',(1.756316133822,5.282809799936));
#7007 = CARTESIAN_POINT('',(1.862637945445,5.303239078772));
#7008 = CARTESIAN_POINT('',(1.96880280184,5.324062314498));
#7009 = CARTESIAN_POINT('',(2.268560091853,5.383870807754));
#7010 = CARTESIAN_POINT('',(2.461826627734,5.423630113066));
#7011 = CARTESIAN_POINT('',(2.654786352182,5.464122413386));
#7012 = CARTESIAN_POINT('',(2.84752411277,5.505126781032));
#7013 = CARTESIAN_POINT('',(3.040102035601,5.546485129544));
#7014 = CARTESIAN_POINT('',(3.232571581868,5.588073887793));
#7015 = CARTESIAN_POINT('',(3.424974949127,5.62980079578));
#7016 = CARTESIAN_POINT('',(3.675564025796,5.684234232918));
#7017 = CARTESIAN_POINT('',(3.733773533392,5.696884775977));
#7018 = CARTESIAN_POINT('',(3.791981047659,5.709538745935));
#7019 = CARTESIAN_POINT('',(3.850187432347,5.722194157551));
#7020 = CARTESIAN_POINT('',(3.90839349989,5.734849144485));
#7021 = CARTESIAN_POINT('',(3.966600011409,5.7475019593));
#7022 = CARTESIAN_POINT('',(4.024807676714,5.760150973458));
#7023 = CARTESIAN_POINT('',(4.352354804691,5.831297615904));
#7024 = CARTESIAN_POINT('',(4.621731222094,5.889686331928));
#7025 = CARTESIAN_POINT('',(4.891212439211,5.947809826285));
#7026 = CARTESIAN_POINT('',(5.16084602539,6.005557556916));
#7027 = CARTESIAN_POINT('',(5.430667109598,6.062845472808));
#7028 = CARTESIAN_POINT('',(5.700702422475,6.119606645767));
#7029 = CARTESIAN_POINT('',(5.970972357445,6.175786499962));
#7030 = CARTESIAN_POINT('',(6.535290092511,6.291679839093));
#7031 = CARTESIAN_POINT('',(6.829383505075,6.351281098056));
#7032 = CARTESIAN_POINT('',(7.123789577618,6.410092122305));
#7033 = CARTESIAN_POINT('',(7.418520639061,6.468072005477));
#7034 = CARTESIAN_POINT('',(7.71358405147,6.525190837748));
#7035 = CARTESIAN_POINT('',(8.008983203301,6.581427314935));
#7036 = CARTESIAN_POINT('',(8.304718502633,6.636766347586));
#7037 = CARTESIAN_POINT('',(8.600788370414,6.691196670071));
#7038 = ( GEOMETRIC_REPRESENTATION_CONTEXT(2) 
PARAMETRIC_REPRESENTATION_CONTEXT() REPRESENTATION_CONTEXT('2D SPACE',''
  ) );
#7039 = ORIENTED_EDGE('',*,*,#7040,.F.);
#7040 = EDGE_CURVE('',#7041,#6874,#7043,.T.);
#7041 = VERTEX_POINT('',#7042);
#7042 = CARTESIAN_POINT('',(-16.03021399042,2.376645021544,
    9.714303736167));
#7043 = SURFACE_CURVE('',#7044,(#7052,#7063),.PCURVE_S1.);
#7044 = B_SPLINE_CURVE_WITH_KNOTS('',6,(#7045,#7046,#7047,#7048,#7049,
    #7050,#7051),.UNSPECIFIED.,.F.,.F.,(7,7),(0.,1.),
  .PIECEWISE_BEZIER_KNOTS.);
#7045 = CARTESIAN_POINT('',(-16.03021399042,2.376645021544,
    9.714303736167));
#7046 = CARTESIAN_POINT('',(-15.99518195434,2.705887134167,
    9.662537848368));
#7047 = CARTESIAN_POINT('',(-15.94410600817,3.030380640456,
    9.602700416802));
#7048 = CARTESIAN_POINT('',(-15.87852495059,3.348574409239,
    9.535375852053));
#7049 = CARTESIAN_POINT('',(-15.79951458532,3.659036573366,
    9.461374941476));
#7050 = CARTESIAN_POINT('',(-15.70771784211,3.960452902693,
    9.381689548399));
#7051 = CARTESIAN_POINT('',(-15.60314003128,4.251516674324,
    9.297503676031));
#7052 = PCURVE('',#5212,#7053);
#7053 = DEFINITIONAL_REPRESENTATION('',(#7054),#7062);
#7054 = B_SPLINE_CURVE_WITH_KNOTS('',6,(#7055,#7056,#7057,#7058,#7059,
    #7060,#7061),.UNSPECIFIED.,.F.,.F.,(7,7),(0.,1.),
  .PIECEWISE_BEZIER_KNOTS.);
#7055 = CARTESIAN_POINT('',(8.,0.985611674858));
#7056 = CARTESIAN_POINT('',(7.953550639075,0.982985595586));
#7057 = CARTESIAN_POINT('',(7.907710304256,0.979941650897));
#7058 = CARTESIAN_POINT('',(7.862271193958,0.976504479795));
#7059 = CARTESIAN_POINT('',(7.817037588041,0.972709392548));
#7060 = CARTESIAN_POINT('',(7.771805999262,0.968601059148));
#7061 = CARTESIAN_POINT('',(7.726331059924,0.964235639071));
#7062 = ( GEOMETRIC_REPRESENTATION_CONTEXT(2) 
PARAMETRIC_REPRESENTATION_CONTEXT() REPRESENTATION_CONTEXT('2D SPACE',''
  ) );
#7063 = PCURVE('',#7064,#7069);
#7064 = CYLINDRICAL_SURFACE('',#7065,15.301666666667);
#7065 = AXIS2_PLACEMENT_3D('',#7066,#7067,#7068);
#7066 = CARTESIAN_POINT('',(-18.625,4.033530768E-16,-5.401666666667));
#7067 = DIRECTION('',(-1.,0.,0.));
#7068 = DIRECTION('',(0.,-0.594706458991,0.803942925607));
#7069 = DEFINITIONAL_REPRESENTATION('',(#7070),#7078);
#7070 = B_SPLINE_CURVE_WITH_KNOTS('',6,(#7071,#7072,#7073,#7074,#7075,
    #7076,#7077),.UNSPECIFIED.,.F.,.F.,(7,7),(0.,1.),
  .PIECEWISE_BEZIER_KNOTS.);
#7071 = CARTESIAN_POINT('',(0.792851197648,-2.594786009578));
#7072 = CARTESIAN_POINT('',(0.814632274473,-2.629818045654));
#7073 = CARTESIAN_POINT('',(0.836188714173,-2.680893990953));
#7074 = CARTESIAN_POINT('',(0.857433049275,-2.746475051679));
#7075 = CARTESIAN_POINT('',(0.878281277085,-2.825485412429));
#7076 = CARTESIAN_POINT('',(0.898650856097,-2.917282158482));
#7077 = CARTESIAN_POINT('',(0.918452230246,-3.021859969312));
#7078 = ( GEOMETRIC_REPRESENTATION_CONTEXT(2) 
PARAMETRIC_REPRESENTATION_CONTEXT() REPRESENTATION_CONTEXT('2D SPACE',''
  ) );
#7079 = ORIENTED_EDGE('',*,*,#7080,.T.);
#7080 = EDGE_CURVE('',#7041,#7081,#7083,.T.);
#7081 = VERTEX_POINT('',#7082);
#7082 = CARTESIAN_POINT('',(-12.7993461089,6.93767303981,8.236870482546)
  );
#7083 = SURFACE_CURVE('',#7084,(#7123,#7165),.PCURVE_S1.);
#7084 = B_SPLINE_CURVE_WITH_KNOTS('',7,(#7085,#7086,#7087,#7088,#7089,
    #7090,#7091,#7092,#7093,#7094,#7095,#7096,#7097,#7098,#7099,#7100,
    #7101,#7102,#7103,#7104,#7105,#7106,#7107,#7108,#7109,#7110,#7111,
    #7112,#7113,#7114,#7115,#7116,#7117,#7118,#7119,#7120,#7121,#7122),
  .UNSPECIFIED.,.F.,.F.,(8,6,6,6,6,6,8),(0.,0.240634466199,
    0.546340986871,0.627808365972,0.774101115989,0.923789683342,1.),
  .UNSPECIFIED.);
#7085 = CARTESIAN_POINT('',(-16.03021399042,2.376645021544,
    9.714303736167));
#7086 = CARTESIAN_POINT('',(-16.00456091266,2.617740728806,
    9.676396880232));
#7087 = CARTESIAN_POINT('',(-15.97054047208,2.856390850213,
    9.634277335117));
#7088 = CARTESIAN_POINT('',(-15.92870048676,3.092010568395,
    9.588156418848));
#7089 = CARTESIAN_POINT('',(-15.87948807567,3.324060915899,
    9.538297655807));
#7090 = CARTESIAN_POINT('',(-15.8232471313,3.552045656122,9.485008203697
    ));
#7091 = CARTESIAN_POINT('',(-15.76020418603,3.775503211821,
    9.428633617343));
#7092 = CARTESIAN_POINT('',(-15.60181634234,4.271567963915,
    9.294502576399));
#7093 = CARTESIAN_POINT('',(-15.50240569314,4.540939490505,
    9.215136930463));
#7094 = CARTESIAN_POINT('',(-15.39237147807,4.801337013213,
    9.132222332818));
#7095 = CARTESIAN_POINT('',(-15.27163501777,5.051509637408,
    9.046746562189));
#7096 = CARTESIAN_POINT('',(-15.13998042057,5.289842876151,
    8.959990613427));
#7097 = CARTESIAN_POINT('',(-14.99704851219,5.514379758164,
    8.873599630276));
#7098 = CARTESIAN_POINT('',(-14.80139451923,5.778617100553,
    8.767037623445));
#7099 = CARTESIAN_POINT('',(-14.75941343129,5.833076777791,
    8.744779583519));
#7100 = CARTESIAN_POINT('',(-14.71661866223,5.88635296178,8.722723177069
    ));
#7101 = CARTESIAN_POINT('',(-14.67301073867,5.938400620702,8.70090746966
    ));
#7102 = CARTESIAN_POINT('',(-14.62859251239,5.989174026197,
    8.679372747953));
#7103 = CARTESIAN_POINT('',(-14.58336973834,6.038627543441,
    8.658160053616));
#7104 = CARTESIAN_POINT('',(-14.4547159721,6.173070668181,8.599871109008
    ));
#7105 = CARTESIAN_POINT('',(-14.36950753395,6.255033177775,
    8.563599454714));
#7106 = CARTESIAN_POINT('',(-14.28179102764,6.332330654404,
    8.528740517893));
#7107 = CARTESIAN_POINT('',(-14.19165865744,6.404715978973,
    8.495535481337));
#7108 = CARTESIAN_POINT('',(-14.09923791758,6.471981391621,
    8.464209119703));
#7109 = CARTESIAN_POINT('',(-14.00469936729,6.53397167445,8.434956972137
    ));
#7110 = CARTESIAN_POINT('',(-13.80959095021,6.648537416,8.380280753014)
  );
#7111 = CARTESIAN_POINT('',(-13.70891491179,6.700870847483,
    8.354956528705));
#7112 = CARTESIAN_POINT('',(-13.60647484217,6.747495806189,
    8.332126885081));
#7113 = CARTESIAN_POINT('',(-13.50251664951,6.788410951465,
    8.311899187365));
#7114 = CARTESIAN_POINT('',(-13.3972905118,6.823698557246,8.294321011404
    ));
#7115 = CARTESIAN_POINT('',(-13.2910468073,6.85350654535,8.279386087138)
  );
#7116 = CARTESIAN_POINT('',(-13.12954658175,6.890514648026,
    8.260763791123));
#7117 = CARTESIAN_POINT('',(-13.07485854888,6.901630711107,
    8.255153565917));
#7118 = CARTESIAN_POINT('',(-13.01999682491,6.911403605828,
    8.250209101741));
#7119 = CARTESIAN_POINT('',(-12.9649894918,6.919862366456,8.245921063855
    ));
#7120 = CARTESIAN_POINT('',(-12.90986276368,6.927038268949,
    8.242277804739));
#7121 = CARTESIAN_POINT('',(-12.85464089837,6.932964035623,8.23926586638
    ));
#7122 = CARTESIAN_POINT('',(-12.7993461089,6.93767303981,8.236870482546)
  );
#7123 = PCURVE('',#5212,#7124);
#7124 = DEFINITIONAL_REPRESENTATION('',(#7125),#7164);
#7125 = B_SPLINE_CURVE_WITH_KNOTS('',7,(#7126,#7127,#7128,#7129,#7130,
    #7131,#7132,#7133,#7134,#7135,#7136,#7137,#7138,#7139,#7140,#7141,
    #7142,#7143,#7144,#7145,#7146,#7147,#7148,#7149,#7150,#7151,#7152,
    #7153,#7154,#7155,#7156,#7157,#7158,#7159,#7160,#7161,#7162,#7163),
  .UNSPECIFIED.,.F.,.F.,(8,6,6,6,6,6,8),(0.,0.240634466199,
    0.546340986871,0.627808365972,0.774101115989,0.923789683342,1.),
  .UNSPECIFIED.);
#7126 = CARTESIAN_POINT('',(8.,0.985611674858));
#7127 = CARTESIAN_POINT('',(7.9659863028,0.983688663144));
#7128 = CARTESIAN_POINT('',(7.932285899068,0.981547564661));
#7129 = CARTESIAN_POINT('',(7.898829174139,0.979197313024));
#7130 = CARTESIAN_POINT('',(7.865546716762,0.976649306195));
#7131 = CARTESIAN_POINT('',(7.832367259904,0.973917102643));
#7132 = CARTESIAN_POINT('',(7.799214287279,0.971016309989));
#7133 = CARTESIAN_POINT('',(7.723806913296,0.964087800838));
#7134 = CARTESIAN_POINT('',(7.68154389616,0.959970072063));
#7135 = CARTESIAN_POINT('',(7.639018084517,0.955646846317));
#7136 = CARTESIAN_POINT('',(7.596087788122,0.951165749425));
#7137 = CARTESIAN_POINT('',(7.552644304078,0.946590903669));
#7138 = CARTESIAN_POINT('',(7.50861722093,0.942008545256));
#7139 = CARTESIAN_POINT('',(7.452112188981,0.936325366713));
#7140 = CARTESIAN_POINT('',(7.440183187596,0.935136518657));
#7141 = CARTESIAN_POINT('',(7.428215639305,0.933956681758));
#7142 = CARTESIAN_POINT('',(7.416211094823,0.932787995087));
#7143 = CARTESIAN_POINT('',(7.404171777714,0.931632681315));
#7144 = CARTESIAN_POINT('',(7.392100628003,0.930493021764));
#7145 = CARTESIAN_POINT('',(7.358274400738,0.927357087685));
#7146 = CARTESIAN_POINT('',(7.336454600651,0.925400589293));
#7147 = CARTESIAN_POINT('',(7.314566414102,0.923515519173));
#7148 = CARTESIAN_POINT('',(7.292639471152,0.921715578153));
#7149 = CARTESIAN_POINT('',(7.270708588081,0.920013722332));
#7150 = CARTESIAN_POINT('',(7.248813792132,0.918421400414));
#7151 = CARTESIAN_POINT('',(7.204680556213,0.915439975536));
#7152 = CARTESIAN_POINT('',(7.182442055141,0.914056185155));
#7153 = CARTESIAN_POINT('',(7.16033393544,0.912806384403));
#7154 = CARTESIAN_POINT('',(7.138399936482,0.911697295334));
#7155 = CARTESIAN_POINT('',(7.116678390319,0.910732273742));
#7156 = CARTESIAN_POINT('',(7.09520228795,0.90991157218));
#7157 = CARTESIAN_POINT('',(7.063204561807,0.90888750595));
#7158 = CARTESIAN_POINT('',(7.052479814652,0.908578838577));
#7159 = CARTESIAN_POINT('',(7.041828417872,0.908306688087));
#7160 = CARTESIAN_POINT('',(7.031252962878,0.908070589459));
#7161 = CARTESIAN_POINT('',(7.02075548044,0.907869940293));
#7162 = CARTESIAN_POINT('',(7.010337481836,0.907704028884));
#7163 = CARTESIAN_POINT('',(7.,0.907572062293));
#7164 = ( GEOMETRIC_REPRESENTATION_CONTEXT(2) 
PARAMETRIC_REPRESENTATION_CONTEXT() REPRESENTATION_CONTEXT('2D SPACE',''
  ) );
#7165 = PCURVE('',#7064,#7166);
#7166 = DEFINITIONAL_REPRESENTATION('',(#7167),#7206);
#7167 = B_SPLINE_CURVE_WITH_KNOTS('',7,(#7168,#7169,#7170,#7171,#7172,
    #7173,#7174,#7175,#7176,#7177,#7178,#7179,#7180,#7181,#7182,#7183,
    #7184,#7185,#7186,#7187,#7188,#7189,#7190,#7191,#7192,#7193,#7194,
    #7195,#7196,#7197,#7198,#7199,#7200,#7201,#7202,#7203,#7204,#7205),
  .UNSPECIFIED.,.F.,.F.,(8,6,6,6,6,6,8),(0.,0.240634466199,
    0.546340986871,0.627808365972,0.774101115989,0.923789683342,1.),
  .UNSPECIFIED.);
#7168 = CARTESIAN_POINT('',(0.792851197648,-2.594786009578));
#7169 = CARTESIAN_POINT('',(0.80880093166,-2.620439087331));
#7170 = CARTESIAN_POINT('',(0.824635541049,-2.654459527914));
#7171 = CARTESIAN_POINT('',(0.84032175406,-2.69629951324));
#7172 = CARTESIAN_POINT('',(0.855828294301,-2.745511924325));
#7173 = CARTESIAN_POINT('',(0.871125439444,-2.801752868693));
#7174 = CARTESIAN_POINT('',(0.8861843183,-2.864795813963));
#7175 = CARTESIAN_POINT('',(0.919767506706,-3.023183657655));
#7176 = CARTESIAN_POINT('',(0.938115136645,-3.122594306851));
#7177 = CARTESIAN_POINT('',(0.955968006701,-3.232628521927));
#7178 = CARTESIAN_POINT('',(0.97323886466,-3.353364982223));
#7179 = CARTESIAN_POINT('',(0.989809809872,-3.485019579424));
#7180 = CARTESIAN_POINT('',(1.005530458854,-3.627951487804));
#7181 = CARTESIAN_POINT('',(1.02415035776,-3.823605480763));
#7182 = CARTESIAN_POINT('',(1.027995166243,-3.865586568705));
#7183 = CARTESIAN_POINT('',(1.03176341392,-3.908381337766));
#7184 = CARTESIAN_POINT('',(1.035451498108,-3.95198926133));
#7185 = CARTESIAN_POINT('',(1.039055727086,-3.996407487609));
#7186 = CARTESIAN_POINT('',(1.042572379296,-4.041630261656));
#7187 = CARTESIAN_POINT('',(1.052148797938,-4.170284027898));
#7188 = CARTESIAN_POINT('',(1.058006142902,-4.255492466043));
#7189 = CARTESIAN_POINT('',(1.063547435862,-4.343208972355));
#7190 = CARTESIAN_POINT('',(1.068751796593,-4.433341342551));
#7191 = CARTESIAN_POINT('',(1.073600983567,-4.52576208242));
#7192 = CARTESIAN_POINT('',(1.078080551307,-4.620300632708));
#7193 = CARTESIAN_POINT('',(1.086376645932,-4.815409049789));
#7194 = CARTESIAN_POINT('',(1.090176089102,-4.916085088203));
#7195 = CARTESIAN_POINT('',(1.093568751562,-5.018525157823));
#7196 = CARTESIAN_POINT('',(1.09655154745,-5.122483350489));
#7197 = CARTESIAN_POINT('',(1.099127950958,-5.227709488198));
#7198 = CARTESIAN_POINT('',(1.101306807447,-5.3339531927));
#7199 = CARTESIAN_POINT('',(1.104014312007,-5.495453418244));
#7200 = CARTESIAN_POINT('',(1.104828050619,-5.550141451115));
#7201 = CARTESIAN_POINT('',(1.105543821641,-5.605003175087));
#7202 = CARTESIAN_POINT('',(1.106163594379,-5.660010508197));
#7203 = CARTESIAN_POINT('',(1.106689536336,-5.715137236315));
#7204 = CARTESIAN_POINT('',(1.107123952464,-5.770359101626));
#7205 = CARTESIAN_POINT('',(1.107469224405,-5.825653891095));
#7206 = ( GEOMETRIC_REPRESENTATION_CONTEXT(2) 
PARAMETRIC_REPRESENTATION_CONTEXT() REPRESENTATION_CONTEXT('2D SPACE',''
  ) );
#7207 = ORIENTED_EDGE('',*,*,#7208,.F.);
#7208 = EDGE_CURVE('',#5124,#7081,#7209,.T.);
#7209 = SURFACE_CURVE('',#7210,(#7214,#7221),.PCURVE_S1.);
#7210 = B_SPLINE_CURVE_WITH_KNOTS('',2,(#7211,#7212,#7213),
  .UNSPECIFIED.,.F.,.F.,(3,3),(0.,1.),.PIECEWISE_BEZIER_KNOTS.);
#7211 = CARTESIAN_POINT('',(-18.125,9.1,0.));
#7212 = CARTESIAN_POINT('',(-19.49760077976,10.561422691599,0.));
#7213 = CARTESIAN_POINT('',(-11.37979844046,6.177154616802,10.));
#7214 = PCURVE('',#5212,#7215);
#7215 = DEFINITIONAL_REPRESENTATION('',(#7216),#7220);
#7216 = LINE('',#7217,#7218);
#7217 = CARTESIAN_POINT('',(7.,0.));
#7218 = VECTOR('',#7219,1.);
#7219 = DIRECTION('',(0.,1.));
#7220 = ( GEOMETRIC_REPRESENTATION_CONTEXT(2) 
PARAMETRIC_REPRESENTATION_CONTEXT() REPRESENTATION_CONTEXT('2D SPACE',''
  ) );
#7221 = PCURVE('',#5151,#7222);
#7222 = DEFINITIONAL_REPRESENTATION('',(#7223),#7227);
#7223 = LINE('',#7224,#7225);
#7224 = CARTESIAN_POINT('',(7.,0.));
#7225 = VECTOR('',#7226,1.);
#7226 = DIRECTION('',(0.,1.));
#7227 = ( GEOMETRIC_REPRESENTATION_CONTEXT(2) 
PARAMETRIC_REPRESENTATION_CONTEXT() REPRESENTATION_CONTEXT('2D SPACE',''
  ) );
#7228 = ORIENTED_EDGE('',*,*,#5186,.T.);
#7229 = ADVANCED_FACE('',(#7230),#4296,.T.);
#7230 = FACE_BOUND('',#7231,.T.);
#7231 = EDGE_LOOP('',(#7232,#7233,#7234,#7257,#7385,#7435));
#7232 = ORIENTED_EDGE('',*,*,#6656,.F.);
#7233 = ORIENTED_EDGE('',*,*,#4268,.T.);
#7234 = ORIENTED_EDGE('',*,*,#7235,.T.);
#7235 = EDGE_CURVE('',#4269,#7236,#7238,.T.);
#7236 = VERTEX_POINT('',#7237);
#7237 = CARTESIAN_POINT('',(-12.7993461089,-6.93767303981,8.236870482546
    ));
#7238 = SURFACE_CURVE('',#7239,(#7243,#7250),.PCURVE_S1.);
#7239 = B_SPLINE_CURVE_WITH_KNOTS('',2,(#7240,#7241,#7242),
  .UNSPECIFIED.,.F.,.F.,(3,3),(0.,1.),.PIECEWISE_BEZIER_KNOTS.);
#7240 = CARTESIAN_POINT('',(-18.125,-9.1,0.));
#7241 = CARTESIAN_POINT('',(-19.49760077976,-10.56142269159,0.));
#7242 = CARTESIAN_POINT('',(-11.37979844046,-6.177154616802,10.));
#7243 = PCURVE('',#4296,#7244);
#7244 = DEFINITIONAL_REPRESENTATION('',(#7245),#7249);
#7245 = LINE('',#7246,#7247);
#7246 = CARTESIAN_POINT('',(2.,0.));
#7247 = VECTOR('',#7248,1.);
#7248 = DIRECTION('',(0.,1.));
#7249 = ( GEOMETRIC_REPRESENTATION_CONTEXT(2) 
PARAMETRIC_REPRESENTATION_CONTEXT() REPRESENTATION_CONTEXT('2D SPACE',''
  ) );
#7250 = PCURVE('',#4585,#7251);
#7251 = DEFINITIONAL_REPRESENTATION('',(#7252),#7256);
#7252 = LINE('',#7253,#7254);
#7253 = CARTESIAN_POINT('',(2.,0.));
#7254 = VECTOR('',#7255,1.);
#7255 = DIRECTION('',(0.,1.));
#7256 = ( GEOMETRIC_REPRESENTATION_CONTEXT(2) 
PARAMETRIC_REPRESENTATION_CONTEXT() REPRESENTATION_CONTEXT('2D SPACE',''
  ) );
#7257 = ORIENTED_EDGE('',*,*,#7258,.T.);
#7258 = EDGE_CURVE('',#7236,#7259,#7261,.T.);
#7259 = VERTEX_POINT('',#7260);
#7260 = CARTESIAN_POINT('',(-16.03021399042,-2.376645021544,
    9.714303736167));
#7261 = SURFACE_CURVE('',#7262,(#7301,#7343),.PCURVE_S1.);
#7262 = B_SPLINE_CURVE_WITH_KNOTS('',7,(#7263,#7264,#7265,#7266,#7267,
    #7268,#7269,#7270,#7271,#7272,#7273,#7274,#7275,#7276,#7277,#7278,
    #7279,#7280,#7281,#7282,#7283,#7284,#7285,#7286,#7287,#7288,#7289,
    #7290,#7291,#7292,#7293,#7294,#7295,#7296,#7297,#7298,#7299,#7300),
  .UNSPECIFIED.,.F.,.F.,(8,6,6,6,6,6,8),(0.,7.621063636792E-02,
    0.225897496534,0.372188314553,0.453654896928,0.759362040357,1.),
  .UNSPECIFIED.);
#7263 = CARTESIAN_POINT('',(-12.7993461089,-6.93767303981,8.236870482546
    ));
#7264 = CARTESIAN_POINT('',(-12.85464113062,-6.932964015844,
    8.239265876441));
#7265 = CARTESIAN_POINT('',(-12.90986322757,-6.927038219169,
    8.242277830041));
#7266 = CARTESIAN_POINT('',(-12.96499018644,-6.919862276033,
    8.245921109763));
#7267 = CARTESIAN_POINT('',(-13.01999774909,-6.911403463712,
    8.250209173785));
#7268 = CARTESIAN_POINT('',(-13.07485970105,-6.901630505863,
    8.255153669757));
#7269 = CARTESIAN_POINT('',(-13.12954795998,-6.890514367883,
    8.260763932509));
#7270 = CARTESIAN_POINT('',(-13.29104717921,-6.853506390044,
    8.279386164462));
#7271 = CARTESIAN_POINT('',(-13.39728966839,-6.823698732219,
    8.294320922642));
#7272 = CARTESIAN_POINT('',(-13.50251461419,-6.788411582233,
    8.311898871839));
#7273 = CARTESIAN_POINT('',(-13.6064716471,-6.747497023245,
    8.332126281975));
#7274 = CARTESIAN_POINT('',(-13.70891059763,-6.700872783221,
    8.354955579597));
#7275 = CARTESIAN_POINT('',(-13.80958556567,-6.648540200742,
    8.380279404648));
#7276 = CARTESIAN_POINT('',(-14.00469180369,-6.533976484148,
    8.434954695635));
#7277 = CARTESIAN_POINT('',(-14.09922924884,-6.471987391576,
    8.464206308084));
#7278 = CARTESIAN_POINT('',(-14.19164895114,-6.404723300609,
    8.49553209073));
#7279 = CARTESIAN_POINT('',(-14.28178035601,-6.332339419681,
    8.528736514089));
#7280 = CARTESIAN_POINT('',(-14.36949597143,-6.255043497235,
    8.563594814039));
#7281 = CARTESIAN_POINT('',(-14.45470359355,-6.173082640112,
    8.599865818284));
#7282 = CARTESIAN_POINT('',(-14.58335636253,-6.038642057671,
    8.658153816633));
#7283 = CARTESIAN_POINT('',(-14.62857889859,-5.989189361499,
    8.679366219701));
#7284 = CARTESIAN_POINT('',(-14.67299690402,-5.938416793166,
    8.70090065263));
#7285 = CARTESIAN_POINT('',(-14.71660462351,-5.886369986109,
    8.722716074844));
#7286 = CARTESIAN_POINT('',(-14.75939920486,-5.833094667409,
    8.744772200672));
#7287 = CARTESIAN_POINT('',(-14.80138012105,-5.778635867742,
    8.767029965437));
#7288 = CARTESIAN_POINT('',(-14.99703519724,-5.514400284264,
    8.873591688447));
#7289 = CARTESIAN_POINT('',(-15.13996829111,-5.289864053588,
    8.959982798239));
#7290 = CARTESIAN_POINT('',(-15.27162400529,-5.051531275854,
    9.046738986836));
#7291 = CARTESIAN_POINT('',(-15.3923615182,-4.801358958318,
    9.132215079248));
#7292 = CARTESIAN_POINT('',(-15.5023967303,-4.540961618124,
    9.215130056877));
#7293 = CARTESIAN_POINT('',(-15.60180833284,-4.271590171931,
    9.294496123952));
#7294 = CARTESIAN_POINT('',(-15.76019869568,-3.775522672152,
    9.428628707772));
#7295 = CARTESIAN_POINT('',(-15.82324304988,-3.552062201161,
    9.485004336461));
#7296 = CARTESIAN_POINT('',(-15.87948521888,-3.324074386831,
    9.538294761457));
#7297 = CARTESIAN_POINT('',(-15.92869866518,-3.092020826462,
    9.588154410894));
#7298 = CARTESIAN_POINT('',(-15.97053948451,-2.856397777381,
    9.634276112496));
#7299 = CARTESIAN_POINT('',(-16.00456054024,-2.617744228936,
    9.676396329916));
#7300 = CARTESIAN_POINT('',(-16.03021399042,-2.376645021544,
    9.714303736167));
#7301 = PCURVE('',#4296,#7302);
#7302 = DEFINITIONAL_REPRESENTATION('',(#7303),#7342);
#7303 = B_SPLINE_CURVE_WITH_KNOTS('',7,(#7304,#7305,#7306,#7307,#7308,
    #7309,#7310,#7311,#7312,#7313,#7314,#7315,#7316,#7317,#7318,#7319,
    #7320,#7321,#7322,#7323,#7324,#7325,#7326,#7327,#7328,#7329,#7330,
    #7331,#7332,#7333,#7334,#7335,#7336,#7337,#7338,#7339,#7340,#7341),
  .UNSPECIFIED.,.F.,.F.,(8,6,6,6,6,6,8),(0.,7.621063636792E-02,
    0.225897496534,0.372188314553,0.453654896928,0.759362040357,1.),
  .UNSPECIFIED.);
#7304 = CARTESIAN_POINT('',(2.,0.907572062293));
#7305 = CARTESIAN_POINT('',(1.989662474744,0.907704029439));
#7306 = CARTESIAN_POINT('',(1.979244432043,0.907869941687));
#7307 = CARTESIAN_POINT('',(1.968746904845,0.908070591987));
#7308 = CARTESIAN_POINT('',(1.958171404449,0.908306692054));
#7309 = CARTESIAN_POINT('',(1.947519961654,0.908578844292));
#7310 = CARTESIAN_POINT('',(1.936795167912,0.908887513729));
#7311 = CARTESIAN_POINT('',(1.904797632894,0.909911576425));
#7312 = CARTESIAN_POINT('',(1.883321775343,0.910732268855));
#7313 = CARTESIAN_POINT('',(1.861600479608,0.911697278));
#7314 = CARTESIAN_POINT('',(1.839666735515,0.912806351322));
#7315 = CARTESIAN_POINT('',(1.817558873737,0.914056133186));
#7316 = CARTESIAN_POINT('',(1.795320632065,0.91543990185));
#7317 = CARTESIAN_POINT('',(1.751187947763,0.918421276436));
#7318 = CARTESIAN_POINT('',(1.729293444519,0.920013569443));
#7319 = CARTESIAN_POINT('',(1.707362852531,0.921715394103));
#7320 = CARTESIAN_POINT('',(1.685436197648,0.923515302268));
#7321 = CARTESIAN_POINT('',(1.663548295148,0.925400338433));
#7322 = CARTESIAN_POINT('',(1.64172877446,0.927356802351));
#7323 = CARTESIAN_POINT('',(1.607902933045,0.930492686601));
#7324 = CARTESIAN_POINT('',(1.595831893411,0.931632330917));
#7325 = CARTESIAN_POINT('',(1.58379268509,0.932787629638));
#7326 = CARTESIAN_POINT('',(1.571788248147,0.933956301498));
#7327 = CARTESIAN_POINT('',(1.559820806208,0.935136123879));
#7328 = CARTESIAN_POINT('',(1.547891910074,0.936324957756));
#7329 = CARTESIAN_POINT('',(1.491386846358,0.942008123725));
#7330 = CARTESIAN_POINT('',(1.447359626822,0.946590490945));
#7331 = CARTESIAN_POINT('',(1.403916012242,0.951165351373));
#7332 = CARTESIAN_POINT('',(1.360985594193,0.955646466997));
#7333 = CARTESIAN_POINT('',(1.318459671062,0.95996971422));
#7334 = CARTESIAN_POINT('',(1.276196552743,0.964087466297));
#7335 = CARTESIAN_POINT('',(1.200788599935,0.971016057363));
#7336 = CARTESIAN_POINT('',(1.167635147953,0.973916904366));
#7337 = CARTESIAN_POINT('',(1.13445521534,0.976649158281));
#7338 = CARTESIAN_POINT('',(1.101172282452,0.979197210702));
#7339 = CARTESIAN_POINT('',(1.067715079137,0.981547502511));
#7340 = CARTESIAN_POINT('',(1.034014190997,0.983688635226));
#7341 = CARTESIAN_POINT('',(1.,0.985611674858));
#7342 = ( GEOMETRIC_REPRESENTATION_CONTEXT(2) 
PARAMETRIC_REPRESENTATION_CONTEXT() REPRESENTATION_CONTEXT('2D SPACE',''
  ) );
#7343 = PCURVE('',#7064,#7344);
#7344 = DEFINITIONAL_REPRESENTATION('',(#7345),#7384);
#7345 = B_SPLINE_CURVE_WITH_KNOTS('',7,(#7346,#7347,#7348,#7349,#7350,
    #7351,#7352,#7353,#7354,#7355,#7356,#7357,#7358,#7359,#7360,#7361,
    #7362,#7363,#7364,#7365,#7366,#7367,#7368,#7369,#7370,#7371,#7372,
    #7373,#7374,#7375,#7376,#7377,#7378,#7379,#7380,#7381,#7382,#7383),
  .UNSPECIFIED.,.F.,.F.,(8,6,6,6,6,6,8),(0.,7.621063636792E-02,
    0.225897496534,0.372188314553,0.453654896928,0.759362040357,1.),
  .UNSPECIFIED.);
#7346 = CARTESIAN_POINT('',(0.16633172098,-5.825653891095));
#7347 = CARTESIAN_POINT('',(0.166676994371,-5.770358869373));
#7348 = CARTESIAN_POINT('',(0.167111412698,-5.715136772422));
#7349 = CARTESIAN_POINT('',(0.167637357633,-5.660009813555));
#7350 = CARTESIAN_POINT('',(0.168257134157,-5.605002250905));
#7351 = CARTESIAN_POINT('',(0.168972909798,-5.550140298946));
#7352 = CARTESIAN_POINT('',(0.169786653885,-5.495452040019));
#7353 = CARTESIAN_POINT('',(0.172494149275,-5.333952820785));
#7354 = CARTESIAN_POINT('',(0.174672981605,-5.227710331604));
#7355 = CARTESIAN_POINT('',(0.177249351843,-5.122485385807));
#7356 = CARTESIAN_POINT('',(0.180232105056,-5.018528352898));
#7357 = CARTESIAN_POINT('',(0.183624715392,-4.91608940237));
#7358 = CARTESIAN_POINT('',(0.187424097255,-4.815414434329));
#7359 = CARTESIAN_POINT('',(0.195720046324,-4.620308196304));
#7360 = CARTESIAN_POINT('',(0.200199528794,-4.525770751151));
#7361 = CARTESIAN_POINT('',(0.2050486215,-4.433351048851));
#7362 = CARTESIAN_POINT('',(0.210252879779,-4.343219643988));
#7363 = CARTESIAN_POINT('',(0.215794063051,-4.255504028565));
#7364 = CARTESIAN_POINT('',(0.221651292078,-4.170296406443));
#7365 = CARTESIAN_POINT('',(0.231227533687,-4.041643637465));
#7366 = CARTESIAN_POINT('',(0.23474412908,-3.996421101401));
#7367 = CARTESIAN_POINT('',(0.238348300324,-3.952003095971));
#7368 = CARTESIAN_POINT('',(0.242036325966,-3.908395376485));
#7369 = CARTESIAN_POINT('',(0.245804514384,-3.865600795133));
#7370 = CARTESIAN_POINT('',(0.249649262976,-3.823619878941));
#7371 = CARTESIAN_POINT('',(0.268269048339,-3.627964802759));
#7372 = CARTESIAN_POINT('',(0.28398966059,-3.485031708886));
#7373 = CARTESIAN_POINT('',(0.30056058288,-3.353375994705));
#7374 = CARTESIAN_POINT('',(0.317831428684,-3.232638481795));
#7375 = CARTESIAN_POINT('',(0.335684294908,-3.122603269695));
#7376 = CARTESIAN_POINT('',(0.354031927578,-3.023191667151));
#7377 = CARTESIAN_POINT('',(0.387615315645,-2.864801304312));
#7378 = CARTESIAN_POINT('',(0.402674395814,-2.801756950112));
#7379 = CARTESIAN_POINT('',(0.417971750902,-2.745514781114));
#7380 = CARTESIAN_POINT('',(0.433478508401,-2.696301334818));
#7381 = CARTESIAN_POINT('',(0.449164944713,-2.654460515486));
#7382 = CARTESIAN_POINT('',(0.464999782173,-2.620439459752));
#7383 = CARTESIAN_POINT('',(0.480949747737,-2.594786009578));
#7384 = ( GEOMETRIC_REPRESENTATION_CONTEXT(2) 
PARAMETRIC_REPRESENTATION_CONTEXT() REPRESENTATION_CONTEXT('2D SPACE',''
  ) );
#7385 = ORIENTED_EDGE('',*,*,#7386,.T.);
#7386 = EDGE_CURVE('',#7259,#7387,#7389,.T.);
#7387 = VERTEX_POINT('',#7388);
#7388 = CARTESIAN_POINT('',(-15.60314029401,-4.251515941054,
    9.297503887509));
#7389 = SURFACE_CURVE('',#7390,(#7403,#7419),.PCURVE_S1.);
#7390 = B_SPLINE_CURVE_WITH_KNOTS('',6,(#7391,#7392,#7393,#7394,#7395,
    #7396,#7397,#7398,#7399,#7400,#7401,#7402),.UNSPECIFIED.,.F.,.F.,(7,
    5,7),(0.,0.855373512616,1.),.UNSPECIFIED.);
#7391 = CARTESIAN_POINT('',(-16.03021399042,-2.376645021544,
    9.714303736167));
#7392 = CARTESIAN_POINT('',(-16.00024995572,-2.65825646041,
    9.670026696298));
#7393 = CARTESIAN_POINT('',(-15.95854541825,-2.93642144727,
    9.619840199562));
#7394 = CARTESIAN_POINT('',(-15.90606191516,-3.210138452238,
    9.564112582903));
#7395 = CARTESIAN_POINT('',(-15.84352064273,-3.478490538616,
    9.503334325549));
#7396 = CARTESIAN_POINT('',(-15.77140364886,-3.740639066841,
    9.438093535601));
#7397 = CARTESIAN_POINT('',(-15.67608674709,-4.038919116182,
    9.357402827382));
#7398 = CARTESIAN_POINT('',(-15.66203240395,-4.081857504424,
    9.345624882555));
#7399 = CARTESIAN_POINT('',(-15.64770997485,-4.12459082235,
    9.333742412805));
#7400 = CARTESIAN_POINT('',(-15.63312017081,-4.167114688184,
    9.321758955801));
#7401 = CARTESIAN_POINT('',(-15.61826350537,-4.209424601138,
    9.309678180674));
#7402 = CARTESIAN_POINT('',(-15.60314029461,-4.251515941413,
    9.297503888015));
#7403 = PCURVE('',#4296,#7404);
#7404 = DEFINITIONAL_REPRESENTATION('',(#7405),#7418);
#7405 = B_SPLINE_CURVE_WITH_KNOTS('',6,(#7406,#7407,#7408,#7409,#7410,
    #7411,#7412,#7413,#7414,#7415,#7416,#7417),.UNSPECIFIED.,.F.,.F.,(7,
    5,7),(0.,0.855373512616,1.),.UNSPECIFIED.);
#7406 = CARTESIAN_POINT('',(1.,0.985611674858));
#7407 = CARTESIAN_POINT('',(1.0397296423,0.983365504231));
#7408 = CARTESIAN_POINT('',(1.079017588084,0.98081340448));
#7409 = CARTESIAN_POINT('',(1.117989681557,0.977970924851));
#7410 = CARTESIAN_POINT('',(1.156767977892,0.974859377845));
#7411 = CARTESIAN_POINT('',(1.195479322061,0.971505051564));
#7412 = CARTESIAN_POINT('',(1.240829019565,0.967336883479));
#7413 = CARTESIAN_POINT('',(1.247389991319,0.966728030154));
#7414 = CARTESIAN_POINT('',(1.253953817273,0.966113310028));
#7415 = CARTESIAN_POINT('',(1.260521141075,0.965492889522));
#7416 = CARTESIAN_POINT('',(1.267092600123,0.964866942458));
#7417 = CARTESIAN_POINT('',(1.273668825569,0.964235650063));
#7418 = ( GEOMETRIC_REPRESENTATION_CONTEXT(2) 
PARAMETRIC_REPRESENTATION_CONTEXT() REPRESENTATION_CONTEXT('2D SPACE',''
  ) );
#7419 = PCURVE('',#7064,#7420);
#7420 = DEFINITIONAL_REPRESENTATION('',(#7421),#7434);
#7421 = B_SPLINE_CURVE_WITH_KNOTS('',6,(#7422,#7423,#7424,#7425,#7426,
    #7427,#7428,#7429,#7430,#7431,#7432,#7433),.UNSPECIFIED.,.F.,.F.,(7,
    5,7),(0.,0.855373512616,1.),.UNSPECIFIED.);
#7422 = CARTESIAN_POINT('',(0.480949747737,-2.594786009578));
#7423 = CARTESIAN_POINT('',(0.462319687518,-2.624750044273));
#7424 = CARTESIAN_POINT('',(0.443852144134,-2.666454581743));
#7425 = CARTESIAN_POINT('',(0.425603873519,-2.71893808484));
#7426 = CARTESIAN_POINT('',(0.407628433227,-2.781479357269));
#7427 = CARTESIAN_POINT('',(0.389977464883,-2.853596351137));
#7428 = CARTESIAN_POINT('',(0.369783482775,-2.948913252906));
#7429 = CARTESIAN_POINT('',(0.366873724077,-2.962967595743));
#7430 = CARTESIAN_POINT('',(0.363975073529,-2.977290024809));
#7431 = CARTESIAN_POINT('',(0.361087824795,-2.99187982924));
#7432 = CARTESIAN_POINT('',(0.358212283054,-3.006736495219));
#7433 = CARTESIAN_POINT('',(0.355348764999,-3.021859705981));
#7434 = ( GEOMETRIC_REPRESENTATION_CONTEXT(2) 
PARAMETRIC_REPRESENTATION_CONTEXT() REPRESENTATION_CONTEXT('2D SPACE',''
  ) );
#7435 = ORIENTED_EDGE('',*,*,#7436,.F.);
#7436 = EDGE_CURVE('',#6657,#7387,#7437,.T.);
#7437 = SURFACE_CURVE('',#7438,(#7489,#7543),.PCURVE_S1.);
#7438 = B_SPLINE_CURVE_WITH_KNOTS('',7,(#7439,#7440,#7441,#7442,#7443,
    #7444,#7445,#7446,#7447,#7448,#7449,#7450,#7451,#7452,#7453,#7454,
    #7455,#7456,#7457,#7458,#7459,#7460,#7461,#7462,#7463,#7464,#7465,
    #7466,#7467,#7468,#7469,#7470,#7471,#7472,#7473,#7474,#7475,#7476,
    #7477,#7478,#7479,#7480,#7481,#7482,#7483,#7484,#7485,#7486,#7487,
    #7488),.UNSPECIFIED.,.F.,.F.,(8,6,6,6,6,6,6,6,8),(0.,
    1.724544570611E-02,3.576232252539E-02,0.141168180183,0.241257339589,
    0.472761170809,0.725034037536,0.977788535782,1.),.UNSPECIFIED.);
#7439 = CARTESIAN_POINT('',(-16.18031615085,-2.660745705167,
    9.342101935928));
#7440 = CARTESIAN_POINT('',(-16.17968266152,-2.659544521485,
    9.34367813434));
#7441 = CARTESIAN_POINT('',(-16.17903460698,-2.6584716389,9.345236762989
    ));
#7442 = CARTESIAN_POINT('',(-16.17837184146,-2.657529091872,
    9.346777370414));
#7443 = CARTESIAN_POINT('',(-16.17769426154,-2.656718426164,
    9.348299559988));
#7444 = CARTESIAN_POINT('',(-16.17700180613,-2.656040698843,
    9.349802989926));
#7445 = CARTESIAN_POINT('',(-16.17629445645,-2.655496478274,
    9.351287373279));
#7446 = CARTESIAN_POINT('',(-16.17479676953,-2.654644935731,
    9.354325598337));
#7447 = CARTESIAN_POINT('',(-16.17400415995,-2.654358049801,
    9.355876488815));
#7448 = CARTESIAN_POINT('',(-16.17319444604,-2.654225207974,
    9.357404865291));
#7449 = CARTESIAN_POINT('',(-16.17236771741,-2.654245804539,
    9.358910526982));
#7450 = CARTESIAN_POINT('',(-16.17152411456,-2.654418606433,
    9.360393356394));
#7451 = CARTESIAN_POINT('',(-16.1706638289,-2.654741753247,
    9.361853319327));
#7452 = CARTESIAN_POINT('',(-16.16479640804,-2.657893910129,
    9.371471302295));
#7453 = CARTESIAN_POINT('',(-16.15927645137,-2.665363633146,
    9.378907281952));
#7454 = CARTESIAN_POINT('',(-16.15326772808,-2.677179463255,
    9.385612112571));
#7455 = CARTESIAN_POINT('',(-16.14685322459,-2.69229930359,
    9.391691510252));
#7456 = CARTESIAN_POINT('',(-16.14010062664,-2.709919580573,
    9.397231406256));
#7457 = CARTESIAN_POINT('',(-16.13305659063,-2.729481679517,
    9.402295826569));
#7458 = CARTESIAN_POINT('',(-16.11881529343,-2.770615810846,
    9.411342537215));
#7459 = CARTESIAN_POINT('',(-16.11164554209,-2.792031814239,
    9.415365229776));
#7460 = CARTESIAN_POINT('',(-16.10427138092,-2.814476823448,
    9.419046425828));
#7461 = CARTESIAN_POINT('',(-16.09671453326,-2.837717067909,
    9.42241281952));
#7462 = CARTESIAN_POINT('',(-16.08899222956,-2.861588497756,
    9.425482511224));
#7463 = CARTESIAN_POINT('',(-16.08111876907,-2.885967791816,
    9.428269002313));
#7464 = CARTESIAN_POINT('',(-16.05457244728,-2.968113519707,
    9.436595621762));
#7465 = CARTESIAN_POINT('',(-16.03529770433,-3.027674124066,
    9.440946439796));
#7466 = CARTESIAN_POINT('',(-16.01543489267,-3.088286968412,
    9.443957429801));
#7467 = CARTESIAN_POINT('',(-15.99509685475,-3.149525627103,
    9.445659727484));
#7468 = CARTESIAN_POINT('',(-15.97439224301,-3.211010087127,
    9.446094484916));
#7469 = CARTESIAN_POINT('',(-15.95341535659,-3.272520635875,
    9.445292565528));
#7470 = CARTESIAN_POINT('',(-15.90919065067,-3.400731741618,
    9.441107532465));
#7471 = CARTESIAN_POINT('',(-15.88590912438,-3.467399927884,
    9.437499324522));
#7472 = CARTESIAN_POINT('',(-15.8625204263,-3.533645526248,
    9.432510815443));
#7473 = CARTESIAN_POINT('',(-15.83912520349,-3.599312683699,
    9.426191110266));
#7474 = CARTESIAN_POINT('',(-15.81581239074,-3.664287150623,
    9.418593944133));
#7475 = CARTESIAN_POINT('',(-15.79265989409,-3.728478167807,
    9.409777064993));
#7476 = CARTESIAN_POINT('',(-15.74676758419,-3.855278533356,
    9.38980372218));
#7477 = CARTESIAN_POINT('',(-15.72402858532,-3.917884407086,
    9.378642795008));
#7478 = CARTESIAN_POINT('',(-15.70158692255,-3.979567144212,
    9.366377195639));
#7479 = CARTESIAN_POINT('',(-15.67950071529,-4.040276766833,
    9.35306886557));
#7480 = CARTESIAN_POINT('',(-15.65781911192,-4.09997727839,
    9.338780843679));
#7481 = CARTESIAN_POINT('',(-15.63658349607,-4.158642258465,
    9.32357648165));
#7482 = CARTESIAN_POINT('',(-15.61400481035,-4.221312929112,
    9.306107536166));
#7483 = CARTESIAN_POINT('',(-15.6121846404,-4.226367241704,
    9.304689822167));
#7484 = CARTESIAN_POINT('',(-15.61036820681,-4.231413381473,
    9.303265560128));
#7485 = CARTESIAN_POINT('',(-15.60855553277,-4.236451334916,
    9.301834792758));
#7486 = CARTESIAN_POINT('',(-15.60674664108,-4.241481088912,
    9.300397562752));
#7487 = CARTESIAN_POINT('',(-15.60494155416,-4.246502630715,
    9.298953912784));
#7488 = CARTESIAN_POINT('',(-15.60314029402,-4.251515947958,
    9.297503885512));
#7489 = PCURVE('',#4296,#7490);
#7490 = DEFINITIONAL_REPRESENTATION('',(#7491),#7542);
#7491 = B_SPLINE_CURVE_WITH_KNOTS('',7,(#7492,#7493,#7494,#7495,#7496,
    #7497,#7498,#7499,#7500,#7501,#7502,#7503,#7504,#7505,#7506,#7507,
    #7508,#7509,#7510,#7511,#7512,#7513,#7514,#7515,#7516,#7517,#7518,
    #7519,#7520,#7521,#7522,#7523,#7524,#7525,#7526,#7527,#7528,#7529,
    #7530,#7531,#7532,#7533,#7534,#7535,#7536,#7537,#7538,#7539,#7540,
    #7541),.UNSPECIFIED.,.F.,.F.,(8,6,6,6,6,6,6,6,8),(0.,
    1.724544570611E-02,3.576232252539E-02,0.141168180183,0.241257339589,
    0.472761170809,0.725034037536,0.977788535782,1.),.UNSPECIFIED.);
#7492 = CARTESIAN_POINT('',(0.99999907422,0.966545494839));
#7493 = CARTESIAN_POINT('',(0.999999074925,0.966627032564));
#7494 = CARTESIAN_POINT('',(1.000018103808,0.966707653367));
#7495 = CARTESIAN_POINT('',(1.00005642941,0.966787334223));
#7496 = CARTESIAN_POINT('',(1.000114247212,0.966866054947));
#7497 = CARTESIAN_POINT('',(1.000191679628,0.966943798193));
#7498 = CARTESIAN_POINT('',(1.000288776008,0.967020549454));
#7499 = CARTESIAN_POINT('',(1.000530855743,0.967177629212));
#7500 = CARTESIAN_POINT('',(1.000678843525,0.967257804066));
#7501 = CARTESIAN_POINT('',(1.000849434436,0.967336807352));
#7502 = CARTESIAN_POINT('',(1.001042495173,0.967414629096));
#7503 = CARTESIAN_POINT('',(1.001257800683,0.967491263624));
#7504 = CARTESIAN_POINT('',(1.001495034153,0.967566709559));
#7505 = CARTESIAN_POINT('',(1.00322671727,0.96806369053));
#7506 = CARTESIAN_POINT('',(1.005395848804,0.96844770739));
#7507 = CARTESIAN_POINT('',(1.008189086872,0.968793800253));
#7508 = CARTESIAN_POINT('',(1.011448526557,0.969107488767));
#7509 = CARTESIAN_POINT('',(1.015053773767,0.969393241863));
#7510 = CARTESIAN_POINT('',(1.018921835542,0.969654391979));
#7511 = CARTESIAN_POINT('',(1.026859934639,0.970120768421));
#7512 = CARTESIAN_POINT('',(1.030908970117,0.970328084399));
#7513 = CARTESIAN_POINT('',(1.035088874254,0.970517752907));
#7514 = CARTESIAN_POINT('',(1.039365346281,0.970691163679));
#7515 = CARTESIAN_POINT('',(1.043714428294,0.970849260436));
#7516 = CARTESIAN_POINT('',(1.0481182328,0.970992748159));
#7517 = CARTESIAN_POINT('',(1.062845499431,0.971421459389));
#7518 = CARTESIAN_POINT('',(1.073346991415,0.971645361653));
#7519 = CARTESIAN_POINT('',(1.083901240683,0.971800269965));
#7520 = CARTESIAN_POINT('',(1.094449027838,0.971887836333));
#7521 = CARTESIAN_POINT('',(1.104938851782,0.971910203994));
#7522 = CARTESIAN_POINT('',(1.115343111366,0.97186895576));
#7523 = CARTESIAN_POINT('',(1.136860269753,0.971653624423));
#7524 = CARTESIAN_POINT('',(1.147952499298,0.97146795716));
#7525 = CARTESIAN_POINT('',(1.158888528824,0.971211218944));
#7526 = CARTESIAN_POINT('',(1.169651991111,0.970885867593));
#7527 = CARTESIAN_POINT('',(1.180232558846,0.970494572627));
#7528 = CARTESIAN_POINT('',(1.1906230726,0.970040190532));
#7529 = CARTESIAN_POINT('',(1.211035119911,0.969010133063));
#7530 = CARTESIAN_POINT('',(1.2210558764,0.96843422635));
#7531 = CARTESIAN_POINT('',(1.230877439286,0.967800895024));
#7532 = CARTESIAN_POINT('',(1.240497897474,0.967113186332));
#7533 = CARTESIAN_POINT('',(1.249916947905,0.966374198162));
#7534 = CARTESIAN_POINT('',(1.259135221467,0.965587044631));
#7535 = CARTESIAN_POINT('',(1.268946123354,0.964681687898));
#7536 = CARTESIAN_POINT('',(1.269737094518,0.964608206078));
#7537 = CARTESIAN_POINT('',(1.270526523094,0.964534378316));
#7538 = CARTESIAN_POINT('',(1.271314409802,0.964460206716));
#7539 = CARTESIAN_POINT('',(1.272100755392,0.964385693381));
#7540 = CARTESIAN_POINT('',(1.272885560647,0.964310840411));
#7541 = CARTESIAN_POINT('',(1.273668826379,0.964235649908));
#7542 = ( GEOMETRIC_REPRESENTATION_CONTEXT(2) 
PARAMETRIC_REPRESENTATION_CONTEXT() REPRESENTATION_CONTEXT('2D SPACE',''
  ) );
#7543 = PCURVE('',#6759,#7544);
#7544 = DEFINITIONAL_REPRESENTATION('',(#7545),#7596);
#7545 = B_SPLINE_CURVE_WITH_KNOTS('',7,(#7546,#7547,#7548,#7549,#7550,
    #7551,#7552,#7553,#7554,#7555,#7556,#7557,#7558,#7559,#7560,#7561,
    #7562,#7563,#7564,#7565,#7566,#7567,#7568,#7569,#7570,#7571,#7572,
    #7573,#7574,#7575,#7576,#7577,#7578,#7579,#7580,#7581,#7582,#7583,
    #7584,#7585,#7586,#7587,#7588,#7589,#7590,#7591,#7592,#7593,#7594,
    #7595),.UNSPECIFIED.,.F.,.F.,(8,6,6,6,6,6,6,6,8),(0.,
    1.724544570611E-02,3.576232252539E-02,0.141168180183,0.241257339589,
    0.472761170809,0.725034037536,0.977788535782,1.),.UNSPECIFIED.);
#7546 = CARTESIAN_POINT('',(0.,-0.330479485862));
#7547 = CARTESIAN_POINT('',(2.188807630961E-02,-0.329049889748));
#7548 = CARTESIAN_POINT('',(4.379278501852E-02,-0.32775321597));
#7549 = CARTESIAN_POINT('',(6.571236622614E-02,-0.326591536905));
#7550 = CARTESIAN_POINT('',(8.764498874386E-02,-0.325566421863));
#7551 = CARTESIAN_POINT('',(0.109588750095,-0.324678937091));
#7552 = CARTESIAN_POINT('',(0.131541676515,-0.323929645774));
#7553 = CARTESIAN_POINT('',(0.177080787345,-0.322662521157));
#7554 = CARTESIAN_POINT('',(0.200668012768,-0.322165838807));
#7555 = CARTESIAN_POINT('',(0.224260770727,-0.321828556925));
#7556 = CARTESIAN_POINT('',(0.24785649849,-0.321650026193));
#7557 = CARTESIAN_POINT('',(0.271452699083,-0.321628952037));
#7558 = CARTESIAN_POINT('',(0.295046941292,-0.321763394628));
#7559 = CARTESIAN_POINT('',(0.452920605365,-0.323686624067));
#7560 = CARTESIAN_POINT('',(0.586972454689,-0.330276194147));
#7561 = CARTESIAN_POINT('',(0.720452863926,-0.341358734081));
#7562 = CARTESIAN_POINT('',(0.853266069028,-0.355856621057));
#7563 = CARTESIAN_POINT('',(0.985376056249,-0.372941292194));
#7564 = CARTESIAN_POINT('',(1.116845229808,-0.392035900826));
#7565 = CARTESIAN_POINT('',(1.37222782361,-0.432364849042));
#7566 = CARTESIAN_POINT('',(1.496153613232,-0.453437918253));
#7567 = CARTESIAN_POINT('',(1.619710332783,-0.475577744343));
#7568 = CARTESIAN_POINT('',(1.742959209341,-0.49854321815));
#7569 = CARTESIAN_POINT('',(1.865948379356,-0.522165224302));
#7570 = CARTESIAN_POINT('',(1.988723840445,-0.546316584633));
#7571 = CARTESIAN_POINT('',(2.394924874661,-0.62776876435));
#7572 = CARTESIAN_POINT('',(2.677562058363,-0.686944668078));
#7573 = CARTESIAN_POINT('',(2.959722031715,-0.747236589934));
#7574 = CARTESIAN_POINT('',(3.241573203324,-0.808206394877));
#7575 = CARTESIAN_POINT('',(3.523276664526,-0.869462946728));
#7576 = CARTESIAN_POINT('',(3.804936923783,-0.930780662036));
#7577 = CARTESIAN_POINT('',(4.39364793153,-1.058651993791));
#7578 = CARTESIAN_POINT('',(4.700692728646,-1.125178946448));
#7579 = CARTESIAN_POINT('',(5.007894369434,-1.191313316614));
#7580 = CARTESIAN_POINT('',(5.315320952719,-1.256895907355));
#7581 = CARTESIAN_POINT('',(5.623019952533,-1.321810672784));
#7582 = CARTESIAN_POINT('',(5.931026240259,-1.385966121658));
#7583 = CARTESIAN_POINT('',(6.548287055378,-1.512744426332));
#7584 = CARTESIAN_POINT('',(6.857543841183,-1.575363890983));
#7585 = CARTESIAN_POINT('',(7.167155658899,-1.637085271392));
#7586 = CARTESIAN_POINT('',(7.477136794831,-1.697860021365));
#7587 = CARTESIAN_POINT('',(7.787494652347,-1.757654656467));
#7588 = CARTESIAN_POINT('',(8.098231569128,-1.81644641801));
#7589 = CARTESIAN_POINT('',(8.436686686492,-1.87929584863));
#7590 = CARTESIAN_POINT('',(8.464029661877,-1.884364891167));
#7591 = CARTESIAN_POINT('',(8.491375560242,-1.889426054093));
#7592 = CARTESIAN_POINT('',(8.518724381067,-1.894479327291));
#7593 = CARTESIAN_POINT('',(8.546076123653,-1.899524701095));
#7594 = CARTESIAN_POINT('',(8.573430787121,-1.904562166287));
#7595 = CARTESIAN_POINT('',(8.600788370414,-1.9095917141));
#7596 = ( GEOMETRIC_REPRESENTATION_CONTEXT(2) 
PARAMETRIC_REPRESENTATION_CONTEXT() REPRESENTATION_CONTEXT('2D SPACE',''
  ) );
#7597 = ADVANCED_FACE('',(#7598),#5151,.T.);
#7598 = FACE_BOUND('',#7599,.T.);
#7599 = EDGE_LOOP('',(#7600,#7623,#7624,#7625));
#7600 = ORIENTED_EDGE('',*,*,#7601,.F.);
#7601 = EDGE_CURVE('',#4835,#7602,#7604,.T.);
#7602 = VERTEX_POINT('',#7603);
#7603 = CARTESIAN_POINT('',(12.799346108905,6.93767303981,8.236870482546
    ));
#7604 = SURFACE_CURVE('',#7605,(#7609,#7616),.PCURVE_S1.);
#7605 = B_SPLINE_CURVE_WITH_KNOTS('',2,(#7606,#7607,#7608),
  .UNSPECIFIED.,.F.,.F.,(3,3),(0.,1.),.PIECEWISE_BEZIER_KNOTS.);
#7606 = CARTESIAN_POINT('',(18.125,9.1,0.));
#7607 = CARTESIAN_POINT('',(19.497600779766,10.561422691599,0.));
#7608 = CARTESIAN_POINT('',(11.379798440467,6.177154616802,10.));
#7609 = PCURVE('',#5151,#7610);
#7610 = DEFINITIONAL_REPRESENTATION('',(#7611),#7615);
#7611 = LINE('',#7612,#7613);
#7612 = CARTESIAN_POINT('',(6.,0.));
#7613 = VECTOR('',#7614,1.);
#7614 = DIRECTION('',(0.,1.));
#7615 = ( GEOMETRIC_REPRESENTATION_CONTEXT(2) 
PARAMETRIC_REPRESENTATION_CONTEXT() REPRESENTATION_CONTEXT('2D SPACE',''
  ) );
#7616 = PCURVE('',#4862,#7617);
#7617 = DEFINITIONAL_REPRESENTATION('',(#7618),#7622);
#7618 = LINE('',#7619,#7620);
#7619 = CARTESIAN_POINT('',(6.,0.));
#7620 = VECTOR('',#7621,1.);
#7621 = DIRECTION('',(0.,1.));
#7622 = ( GEOMETRIC_REPRESENTATION_CONTEXT(2) 
PARAMETRIC_REPRESENTATION_CONTEXT() REPRESENTATION_CONTEXT('2D SPACE',''
  ) );
#7623 = ORIENTED_EDGE('',*,*,#5123,.T.);
#7624 = ORIENTED_EDGE('',*,*,#7208,.T.);
#7625 = ORIENTED_EDGE('',*,*,#7626,.T.);
#7626 = EDGE_CURVE('',#7081,#7602,#7627,.T.);
#7627 = SURFACE_CURVE('',#7628,(#7647,#7669),.PCURVE_S1.);
#7628 = B_SPLINE_CURVE_WITH_KNOTS('',5,(#7629,#7630,#7631,#7632,#7633,
    #7634,#7635,#7636,#7637,#7638,#7639,#7640,#7641,#7642,#7643,#7644,
    #7645,#7646),.UNSPECIFIED.,.F.,.F.,(6,4,4,4,6),(0.,0.248597191122,
    0.500000504042,0.752040355731,1.),.UNSPECIFIED.);
#7629 = CARTESIAN_POINT('',(-12.7993461089,6.93767303981,8.236870482546)
  );
#7630 = CARTESIAN_POINT('',(-11.52775669384,7.019016342796,
    8.195492640193));
#7631 = CARTESIAN_POINT('',(-10.25566895104,7.087928143195,
    8.159675563643));
#7632 = CARTESIAN_POINT('',(-8.983218397955,7.14564207893,8.129243890258
    ));
#7633 = CARTESIAN_POINT('',(-7.710506238868,7.192993096842,
    8.104023498441));
#7634 = CARTESIAN_POINT('',(-5.150328012048,7.268483769815,
    8.063547828199));
#7635 = CARTESIAN_POINT('',(-3.86286131747,7.296400555789,8.048408075986
    ));
#7636 = CARTESIAN_POINT('',(-2.575274559131,7.314837613682,
    8.038358281039));
#7637 = CARTESIAN_POINT('',(-1.287631539872,7.324055064991,
    8.033333154054));
#7638 = CARTESIAN_POINT('',(1.290917588355,7.32405491701,8.033333234725)
  );
#7639 = CARTESIAN_POINT('',(2.581820830119,7.314790585522,8.03838392237)
  );
#7640 = CARTESIAN_POINT('',(3.872667395609,7.296259881325,8.048484750148
    ));
#7641 = CARTESIAN_POINT('',(5.163392970618,7.268200072532,8.063701681965
    ));
#7642 = CARTESIAN_POINT('',(7.723562098463,7.192506944792,8.104282419366
    ));
#7643 = CARTESIAN_POINT('',(8.993008269377,7.145197826373,8.129478135193
    ));
#7644 = CARTESIAN_POINT('',(10.262193667516,7.087574601148,8.15985930783
    ));
#7645 = CARTESIAN_POINT('',(11.53101778367,7.018807731577,8.195598756884
    ));
#7646 = CARTESIAN_POINT('',(12.799346108905,6.93767303981,8.236870482546
    ));
#7647 = PCURVE('',#5151,#7648);
#7648 = DEFINITIONAL_REPRESENTATION('',(#7649),#7668);
#7649 = B_SPLINE_CURVE_WITH_KNOTS('',5,(#7650,#7651,#7652,#7653,#7654,
    #7655,#7656,#7657,#7658,#7659,#7660,#7661,#7662,#7663,#7664,#7665,
    #7666,#7667),.UNSPECIFIED.,.F.,.F.,(6,4,4,4,6),(0.,0.248597191122,
    0.500000504042,0.752040355731,1.),.UNSPECIFIED.);
#7650 = CARTESIAN_POINT('',(7.,0.907572062293));
#7651 = CARTESIAN_POINT('',(6.948974680231,0.905292472381));
#7652 = CARTESIAN_POINT('',(6.898458468715,0.903312078694));
#7653 = CARTESIAN_POINT('',(6.848348949182,0.90162498147));
#7654 = CARTESIAN_POINT('',(6.798556806105,0.90022419557));
#7655 = CARTESIAN_POINT('',(6.698883060075,0.897973309013));
#7656 = CARTESIAN_POINT('',(6.649006922038,0.897129594544));
#7657 = CARTESIAN_POINT('',(6.599285972135,0.896568964583));
#7658 = CARTESIAN_POINT('',(6.549642765158,0.896288633982));
#7659 = CARTESIAN_POINT('',(6.450230546012,0.896288638482));
#7660 = CARTESIAN_POINT('',(6.400461644926,0.896570395013));
#7661 = CARTESIAN_POINT('',(6.350614407425,0.897133871807));
#7662 = CARTESIAN_POINT('',(6.300610799517,0.897981883017));
#7663 = CARTESIAN_POINT('',(6.200932398513,0.900238576383));
#7664 = CARTESIAN_POINT('',(6.151265513879,0.901637967632));
#7665 = CARTESIAN_POINT('',(6.101282423234,0.903322238205));
#7666 = CARTESIAN_POINT('',(6.050894461373,0.905298318566));
#7667 = CARTESIAN_POINT('',(6.,0.907572062293));
#7668 = ( GEOMETRIC_REPRESENTATION_CONTEXT(2) 
PARAMETRIC_REPRESENTATION_CONTEXT() REPRESENTATION_CONTEXT('2D SPACE',''
  ) );
#7669 = PCURVE('',#7064,#7670);
#7670 = DEFINITIONAL_REPRESENTATION('',(#7671),#7690);
#7671 = B_SPLINE_CURVE_WITH_KNOTS('',5,(#7672,#7673,#7674,#7675,#7676,
    #7677,#7678,#7679,#7680,#7681,#7682,#7683,#7684,#7685,#7686,#7687,
    #7688,#7689),.UNSPECIFIED.,.F.,.F.,(6,4,4,4,6),(0.,0.248597191122,
    0.500000504042,0.752040355731,1.),.UNSPECIFIED.);
#7672 = CARTESIAN_POINT('',(1.107469224405,-5.825653891095));
#7673 = CARTESIAN_POINT('',(1.113433449314,-7.097243306156));
#7674 = CARTESIAN_POINT('',(1.118508785977,-8.369331048956));
#7675 = CARTESIAN_POINT('',(1.122772699634,-9.641781602044));
#7676 = CARTESIAN_POINT('',(1.126278753362,-10.91449376113));
#7677 = CARTESIAN_POINT('',(1.131876640279,-13.47467198795));
#7678 = CARTESIAN_POINT('',(1.13395206664,-14.76213868253));
#7679 = CARTESIAN_POINT('',(1.135324353594,-16.04972544086));
#7680 = CARTESIAN_POINT('',(1.136010437644,-17.33736846012));
#7681 = CARTESIAN_POINT('',(1.136010426629,-19.91591758835));
#7682 = CARTESIAN_POINT('',(1.135320853071,-21.20682083011));
#7683 = CARTESIAN_POINT('',(1.133941596256,-22.4976673956));
#7684 = CARTESIAN_POINT('',(1.131855549305,-23.78839297061));
#7685 = CARTESIAN_POINT('',(1.126242757229,-26.34856209846));
#7686 = CARTESIAN_POINT('',(1.122739878353,-27.61800826937));
#7687 = CARTESIAN_POINT('',(1.118482747955,-28.88719366751));
#7688 = CARTESIAN_POINT('',(1.113418153596,-30.15601778367));
#7689 = CARTESIAN_POINT('',(1.107469224405,-31.4243461089));
#7690 = ( GEOMETRIC_REPRESENTATION_CONTEXT(2) 
PARAMETRIC_REPRESENTATION_CONTEXT() REPRESENTATION_CONTEXT('2D SPACE',''
  ) );
#7691 = ADVANCED_FACE('',(#7692),#4585,.T.);
#7692 = FACE_BOUND('',#7693,.T.);
#7693 = EDGE_LOOP('',(#7694,#7695,#7696,#7719));
#7694 = ORIENTED_EDGE('',*,*,#7235,.F.);
#7695 = ORIENTED_EDGE('',*,*,#4557,.T.);
#7696 = ORIENTED_EDGE('',*,*,#7697,.T.);
#7697 = EDGE_CURVE('',#4558,#7698,#7700,.T.);
#7698 = VERTEX_POINT('',#7699);
#7699 = CARTESIAN_POINT('',(12.799346108905,-6.93767303981,
    8.236870482546));
#7700 = SURFACE_CURVE('',#7701,(#7705,#7712),.PCURVE_S1.);
#7701 = B_SPLINE_CURVE_WITH_KNOTS('',2,(#7702,#7703,#7704),
  .UNSPECIFIED.,.F.,.F.,(3,3),(0.,1.),.PIECEWISE_BEZIER_KNOTS.);
#7702 = CARTESIAN_POINT('',(18.125,-9.1,0.));
#7703 = CARTESIAN_POINT('',(19.497600779766,-10.56142269159,0.));
#7704 = CARTESIAN_POINT('',(11.379798440467,-6.177154616802,10.));
#7705 = PCURVE('',#4585,#7706);
#7706 = DEFINITIONAL_REPRESENTATION('',(#7707),#7711);
#7707 = LINE('',#7708,#7709);
#7708 = CARTESIAN_POINT('',(3.,0.));
#7709 = VECTOR('',#7710,1.);
#7710 = DIRECTION('',(0.,1.));
#7711 = ( GEOMETRIC_REPRESENTATION_CONTEXT(2) 
PARAMETRIC_REPRESENTATION_CONTEXT() REPRESENTATION_CONTEXT('2D SPACE',''
  ) );
#7712 = PCURVE('',#4648,#7713);
#7713 = DEFINITIONAL_REPRESENTATION('',(#7714),#7718);
#7714 = LINE('',#7715,#7716);
#7715 = CARTESIAN_POINT('',(3.,0.));
#7716 = VECTOR('',#7717,1.);
#7717 = DIRECTION('',(0.,1.));
#7718 = ( GEOMETRIC_REPRESENTATION_CONTEXT(2) 
PARAMETRIC_REPRESENTATION_CONTEXT() REPRESENTATION_CONTEXT('2D SPACE',''
  ) );
#7719 = ORIENTED_EDGE('',*,*,#7720,.T.);
#7720 = EDGE_CURVE('',#7698,#7236,#7721,.T.);
#7721 = SURFACE_CURVE('',#7722,(#7741,#7763),.PCURVE_S1.);
#7722 = B_SPLINE_CURVE_WITH_KNOTS('',5,(#7723,#7724,#7725,#7726,#7727,
    #7728,#7729,#7730,#7731,#7732,#7733,#7734,#7735,#7736,#7737,#7738,
    #7739,#7740),.UNSPECIFIED.,.F.,.F.,(6,4,4,4,6),(0.,0.248597191122,
    0.500000504042,0.752040355733,1.),.UNSPECIFIED.);
#7723 = CARTESIAN_POINT('',(12.799346108905,-6.93767303981,
    8.236870482546));
#7724 = CARTESIAN_POINT('',(11.527756693844,-7.019016342796,
    8.195492640193));
#7725 = CARTESIAN_POINT('',(10.255668951045,-7.087928143195,
    8.159675563643));
#7726 = CARTESIAN_POINT('',(8.983218397957,-7.14564207893,8.129243890258
    ));
#7727 = CARTESIAN_POINT('',(7.71050623887,-7.192993096842,8.104023498442
    ));
#7728 = CARTESIAN_POINT('',(5.150328012052,-7.268483769814,
    8.063547828199));
#7729 = CARTESIAN_POINT('',(3.862861317474,-7.296400555789,
    8.048408075986));
#7730 = CARTESIAN_POINT('',(2.575274559136,-7.314837613682,
    8.038358281039));
#7731 = CARTESIAN_POINT('',(1.287631539877,-7.324055064991,
    8.033333154054));
#7732 = CARTESIAN_POINT('',(-1.290917588359,-7.32405491701,
    8.033333234725));
#7733 = CARTESIAN_POINT('',(-2.581820830134,-7.314790585522,
    8.03838392237));
#7734 = CARTESIAN_POINT('',(-3.872667395634,-7.296259881325,
    8.048484750149));
#7735 = CARTESIAN_POINT('',(-5.163392970654,-7.268200072532,
    8.063701681965));
#7736 = CARTESIAN_POINT('',(-7.7235620985,-7.19250694479,8.104282419367)
  );
#7737 = CARTESIAN_POINT('',(-8.993008269406,-7.145197826371,
    8.129478135193));
#7738 = CARTESIAN_POINT('',(-10.26219366753,-7.087574601147,
    8.159859307831));
#7739 = CARTESIAN_POINT('',(-11.53101778367,-7.018807731577,
    8.195598756884));
#7740 = CARTESIAN_POINT('',(-12.7993461089,-6.93767303981,8.236870482546
    ));
#7741 = PCURVE('',#4585,#7742);
#7742 = DEFINITIONAL_REPRESENTATION('',(#7743),#7762);
#7743 = B_SPLINE_CURVE_WITH_KNOTS('',5,(#7744,#7745,#7746,#7747,#7748,
    #7749,#7750,#7751,#7752,#7753,#7754,#7755,#7756,#7757,#7758,#7759,
    #7760,#7761),.UNSPECIFIED.,.F.,.F.,(6,4,4,4,6),(0.,0.248597191122,
    0.500000504042,0.752040355733,1.),.UNSPECIFIED.);
#7744 = CARTESIAN_POINT('',(3.,0.907572062293));
#7745 = CARTESIAN_POINT('',(2.948974680231,0.905292472381));
#7746 = CARTESIAN_POINT('',(2.898458468715,0.903312078694));
#7747 = CARTESIAN_POINT('',(2.848348949182,0.90162498147));
#7748 = CARTESIAN_POINT('',(2.798556806105,0.90022419557));
#7749 = CARTESIAN_POINT('',(2.698883060075,0.897973309013));
#7750 = CARTESIAN_POINT('',(2.649006922038,0.897129594544));
#7751 = CARTESIAN_POINT('',(2.599285972136,0.896568964583));
#7752 = CARTESIAN_POINT('',(2.549642765158,0.896288633982));
#7753 = CARTESIAN_POINT('',(2.450230546012,0.896288638482));
#7754 = CARTESIAN_POINT('',(2.400461644926,0.896570395013));
#7755 = CARTESIAN_POINT('',(2.350614407424,0.897133871807));
#7756 = CARTESIAN_POINT('',(2.300610799516,0.897981883017));
#7757 = CARTESIAN_POINT('',(2.200932398511,0.900238576383));
#7758 = CARTESIAN_POINT('',(2.151265513878,0.901637967632));
#7759 = CARTESIAN_POINT('',(2.101282423233,0.903322238205));
#7760 = CARTESIAN_POINT('',(2.050894461373,0.905298318566));
#7761 = CARTESIAN_POINT('',(2.,0.907572062293));
#7762 = ( GEOMETRIC_REPRESENTATION_CONTEXT(2) 
PARAMETRIC_REPRESENTATION_CONTEXT() REPRESENTATION_CONTEXT('2D SPACE',''
  ) );
#7763 = PCURVE('',#7064,#7764);
#7764 = DEFINITIONAL_REPRESENTATION('',(#7765),#7784);
#7765 = B_SPLINE_CURVE_WITH_KNOTS('',5,(#7766,#7767,#7768,#7769,#7770,
    #7771,#7772,#7773,#7774,#7775,#7776,#7777,#7778,#7779,#7780,#7781,
    #7782,#7783),.UNSPECIFIED.,.F.,.F.,(6,4,4,4,6),(0.,0.248597191122,
    0.500000504042,0.752040355733,1.),.UNSPECIFIED.);
#7766 = CARTESIAN_POINT('',(0.16633172098,-31.4243461089));
#7767 = CARTESIAN_POINT('',(0.160367496071,-30.15275669384));
#7768 = CARTESIAN_POINT('',(0.155292159408,-28.88066895104));
#7769 = CARTESIAN_POINT('',(0.151028245751,-27.60821839795));
#7770 = CARTESIAN_POINT('',(0.147522192023,-26.33550623887));
#7771 = CARTESIAN_POINT('',(0.141924305106,-23.77532801205));
#7772 = CARTESIAN_POINT('',(0.139848878745,-22.48786131747));
#7773 = CARTESIAN_POINT('',(0.138476591791,-21.20027455913));
#7774 = CARTESIAN_POINT('',(0.137790507741,-19.91263153987));
#7775 = CARTESIAN_POINT('',(0.137790518755,-17.33408241164));
#7776 = CARTESIAN_POINT('',(0.138480092314,-16.04317916986));
#7777 = CARTESIAN_POINT('',(0.139859349128,-14.75233260436));
#7778 = CARTESIAN_POINT('',(0.141945396079,-13.46160702934));
#7779 = CARTESIAN_POINT('',(0.147558188155,-10.9014379015));
#7780 = CARTESIAN_POINT('',(0.151061067032,-9.631991730594));
#7781 = CARTESIAN_POINT('',(0.15531819743,-8.362806332466));
#7782 = CARTESIAN_POINT('',(0.160382791789,-7.093982216321));
#7783 = CARTESIAN_POINT('',(0.16633172098,-5.825653891095));
#7784 = ( GEOMETRIC_REPRESENTATION_CONTEXT(2) 
PARAMETRIC_REPRESENTATION_CONTEXT() REPRESENTATION_CONTEXT('2D SPACE',''
  ) );
#7785 = ADVANCED_FACE('',(#7786),#4862,.T.);
#7786 = FACE_BOUND('',#7787,.T.);
#7787 = EDGE_LOOP('',(#7788,#7811,#7812,#7813,#7941,#7991));
#7788 = ORIENTED_EDGE('',*,*,#7789,.F.);
#7789 = EDGE_CURVE('',#4772,#7790,#7792,.T.);
#7790 = VERTEX_POINT('',#7791);
#7791 = CARTESIAN_POINT('',(16.180315656388,2.660752352493,
    9.342100550845));
#7792 = SURFACE_CURVE('',#7793,(#7797,#7804),.PCURVE_S1.);
#7793 = B_SPLINE_CURVE_WITH_KNOTS('',2,(#7794,#7795,#7796),
  .UNSPECIFIED.,.F.,.F.,(3,3),(0.,1.),.PIECEWISE_BEZIER_KNOTS.);
#7794 = CARTESIAN_POINT('',(18.625,8.6,0.));
#7795 = CARTESIAN_POINT('',(19.980334825836,9.821016322423,0.));
#7796 = CARTESIAN_POINT('',(15.914330348329,2.157967355154,10.));
#7797 = PCURVE('',#4862,#7798);
#7798 = DEFINITIONAL_REPRESENTATION('',(#7799),#7803);
#7799 = LINE('',#7800,#7801);
#7800 = CARTESIAN_POINT('',(5.,0.));
#7801 = VECTOR('',#7802,1.);
#7802 = DIRECTION('',(0.,1.));
#7803 = ( GEOMETRIC_REPRESENTATION_CONTEXT(2) 
PARAMETRIC_REPRESENTATION_CONTEXT() REPRESENTATION_CONTEXT('2D SPACE',''
  ) );
#7804 = PCURVE('',#4799,#7805);
#7805 = DEFINITIONAL_REPRESENTATION('',(#7806),#7810);
#7806 = LINE('',#7807,#7808);
#7807 = CARTESIAN_POINT('',(5.,0.));
#7808 = VECTOR('',#7809,1.);
#7809 = DIRECTION('',(0.,1.));
#7810 = ( GEOMETRIC_REPRESENTATION_CONTEXT(2) 
PARAMETRIC_REPRESENTATION_CONTEXT() REPRESENTATION_CONTEXT('2D SPACE',''
  ) );
#7811 = ORIENTED_EDGE('',*,*,#4834,.T.);
#7812 = ORIENTED_EDGE('',*,*,#7601,.T.);
#7813 = ORIENTED_EDGE('',*,*,#7814,.T.);
#7814 = EDGE_CURVE('',#7602,#7815,#7817,.T.);
#7815 = VERTEX_POINT('',#7816);
#7816 = CARTESIAN_POINT('',(16.030213990422,2.376645021544,
    9.714303736167));
#7817 = SURFACE_CURVE('',#7818,(#7857,#7899),.PCURVE_S1.);
#7818 = B_SPLINE_CURVE_WITH_KNOTS('',7,(#7819,#7820,#7821,#7822,#7823,
    #7824,#7825,#7826,#7827,#7828,#7829,#7830,#7831,#7832,#7833,#7834,
    #7835,#7836,#7837,#7838,#7839,#7840,#7841,#7842,#7843,#7844,#7845,
    #7846,#7847,#7848,#7849,#7850,#7851,#7852,#7853,#7854,#7855,#7856),
  .UNSPECIFIED.,.F.,.F.,(8,6,6,6,6,6,8),(0.,7.621063636795E-02,
    0.225897496534,0.372188314553,0.453654896928,0.759362040357,1.),
  .UNSPECIFIED.);
#7819 = CARTESIAN_POINT('',(12.799346108905,6.93767303981,8.236870482546
    ));
#7820 = CARTESIAN_POINT('',(12.854641130627,6.932964015844,
    8.239265876441));
#7821 = CARTESIAN_POINT('',(12.909863227578,6.927038219169,
    8.242277830041));
#7822 = CARTESIAN_POINT('',(12.964990186445,6.919862276033,
    8.245921109763));
#7823 = CARTESIAN_POINT('',(13.019997749095,6.911403463712,
    8.250209173785));
#7824 = CARTESIAN_POINT('',(13.074859701054,6.901630505863,
    8.255153669757));
#7825 = CARTESIAN_POINT('',(13.129547959981,6.890514367883,
    8.260763932509));
#7826 = CARTESIAN_POINT('',(13.291047179216,6.853506390044,
    8.279386164462));
#7827 = CARTESIAN_POINT('',(13.397289668397,6.823698732219,
    8.294320922642));
#7828 = CARTESIAN_POINT('',(13.502514614193,6.788411582233,
    8.311898871839));
#7829 = CARTESIAN_POINT('',(13.606471647103,6.747497023244,
    8.332126281975));
#7830 = CARTESIAN_POINT('',(13.70891059763,6.700872783221,8.354955579597
    ));
#7831 = CARTESIAN_POINT('',(13.809585565672,6.648540200742,
    8.380279404648));
#7832 = CARTESIAN_POINT('',(14.004691803697,6.533976484148,
    8.434954695635));
#7833 = CARTESIAN_POINT('',(14.09922924885,6.471987391575,8.464206308084
    ));
#7834 = CARTESIAN_POINT('',(14.19164895115,6.404723300608,8.49553209073)
  );
#7835 = CARTESIAN_POINT('',(14.281780356013,6.33233941968,8.528736514089
    ));
#7836 = CARTESIAN_POINT('',(14.369495971436,6.255043497235,
    8.563594814039));
#7837 = CARTESIAN_POINT('',(14.454703593558,6.173082640111,
    8.599865818284));
#7838 = CARTESIAN_POINT('',(14.583356362536,6.03864205767,8.658153816633
    ));
#7839 = CARTESIAN_POINT('',(14.6285788986,5.989189361498,8.679366219702)
  );
#7840 = CARTESIAN_POINT('',(14.672996904031,5.938416793165,
    8.700900652631));
#7841 = CARTESIAN_POINT('',(14.716604623516,5.886369986108,
    8.722716074844));
#7842 = CARTESIAN_POINT('',(14.759399204868,5.833094667408,
    8.744772200673));
#7843 = CARTESIAN_POINT('',(14.80138012106,5.77863586774,8.767029965437)
  );
#7844 = CARTESIAN_POINT('',(14.997035197242,5.514400284263,
    8.873591688447));
#7845 = CARTESIAN_POINT('',(15.139968291115,5.289864053586,8.95998279824
    ));
#7846 = CARTESIAN_POINT('',(15.271624005296,5.051531275853,
    9.046738986836));
#7847 = CARTESIAN_POINT('',(15.392361518207,4.801358958315,
    9.132215079249));
#7848 = CARTESIAN_POINT('',(15.502396730306,4.540961618123,
    9.215130056878));
#7849 = CARTESIAN_POINT('',(15.60180833285,4.271590171929,9.294496123953
    ));
#7850 = CARTESIAN_POINT('',(15.760198695689,3.77552267215,9.428628707772
    ));
#7851 = CARTESIAN_POINT('',(15.823243049888,3.552062201159,
    9.485004336461));
#7852 = CARTESIAN_POINT('',(15.879485218887,3.32407438683,9.538294761458
    ));
#7853 = CARTESIAN_POINT('',(15.928698665183,3.092020826461,
    9.588154410894));
#7854 = CARTESIAN_POINT('',(15.970539484514,2.85639777738,9.634276112497
    ));
#7855 = CARTESIAN_POINT('',(16.004560540248,2.617744228936,
    9.676396329916));
#7856 = CARTESIAN_POINT('',(16.030213990422,2.376645021544,
    9.714303736167));
#7857 = PCURVE('',#4862,#7858);
#7858 = DEFINITIONAL_REPRESENTATION('',(#7859),#7898);
#7859 = B_SPLINE_CURVE_WITH_KNOTS('',7,(#7860,#7861,#7862,#7863,#7864,
    #7865,#7866,#7867,#7868,#7869,#7870,#7871,#7872,#7873,#7874,#7875,
    #7876,#7877,#7878,#7879,#7880,#7881,#7882,#7883,#7884,#7885,#7886,
    #7887,#7888,#7889,#7890,#7891,#7892,#7893,#7894,#7895,#7896,#7897),
  .UNSPECIFIED.,.F.,.F.,(8,6,6,6,6,6,8),(0.,7.621063636795E-02,
    0.225897496534,0.372188314553,0.453654896928,0.759362040357,1.),
  .UNSPECIFIED.);
#7860 = CARTESIAN_POINT('',(6.,0.907572062293));
#7861 = CARTESIAN_POINT('',(5.989662474744,0.907704029439));
#7862 = CARTESIAN_POINT('',(5.979244432043,0.907869941687));
#7863 = CARTESIAN_POINT('',(5.968746904845,0.908070591987));
#7864 = CARTESIAN_POINT('',(5.958171404449,0.908306692054));
#7865 = CARTESIAN_POINT('',(5.947519961654,0.908578844292));
#7866 = CARTESIAN_POINT('',(5.936795167912,0.908887513729));
#7867 = CARTESIAN_POINT('',(5.904797632894,0.909911576425));
#7868 = CARTESIAN_POINT('',(5.883321775342,0.910732268855));
#7869 = CARTESIAN_POINT('',(5.861600479607,0.911697278));
#7870 = CARTESIAN_POINT('',(5.839666735514,0.912806351322));
#7871 = CARTESIAN_POINT('',(5.817558873737,0.914056133186));
#7872 = CARTESIAN_POINT('',(5.795320632065,0.91543990185));
#7873 = CARTESIAN_POINT('',(5.751187947763,0.918421276436));
#7874 = CARTESIAN_POINT('',(5.729293444519,0.920013569443));
#7875 = CARTESIAN_POINT('',(5.707362852531,0.921715394103));
#7876 = CARTESIAN_POINT('',(5.685436197648,0.923515302268));
#7877 = CARTESIAN_POINT('',(5.663548295148,0.925400338434));
#7878 = CARTESIAN_POINT('',(5.64172877446,0.927356802351));
#7879 = CARTESIAN_POINT('',(5.607902933045,0.930492686601));
#7880 = CARTESIAN_POINT('',(5.595831893411,0.931632330918));
#7881 = CARTESIAN_POINT('',(5.58379268509,0.932787629638));
#7882 = CARTESIAN_POINT('',(5.571788248147,0.933956301498));
#7883 = CARTESIAN_POINT('',(5.559820806208,0.935136123879));
#7884 = CARTESIAN_POINT('',(5.547891910073,0.936324957756));
#7885 = CARTESIAN_POINT('',(5.491386846358,0.942008123725));
#7886 = CARTESIAN_POINT('',(5.447359626821,0.946590490945));
#7887 = CARTESIAN_POINT('',(5.403916012242,0.951165351373));
#7888 = CARTESIAN_POINT('',(5.360985594192,0.955646466997));
#7889 = CARTESIAN_POINT('',(5.318459671062,0.95996971422));
#7890 = CARTESIAN_POINT('',(5.276196552742,0.964087466297));
#7891 = CARTESIAN_POINT('',(5.200788599935,0.971016057363));
#7892 = CARTESIAN_POINT('',(5.167635147953,0.973916904366));
#7893 = CARTESIAN_POINT('',(5.13445521534,0.976649158281));
#7894 = CARTESIAN_POINT('',(5.101172282452,0.979197210702));
#7895 = CARTESIAN_POINT('',(5.067715079136,0.981547502511));
#7896 = CARTESIAN_POINT('',(5.034014190997,0.983688635226));
#7897 = CARTESIAN_POINT('',(5.,0.985611674858));
#7898 = ( GEOMETRIC_REPRESENTATION_CONTEXT(2) 
PARAMETRIC_REPRESENTATION_CONTEXT() REPRESENTATION_CONTEXT('2D SPACE',''
  ) );
#7899 = PCURVE('',#7064,#7900);
#7900 = DEFINITIONAL_REPRESENTATION('',(#7901),#7940);
#7901 = B_SPLINE_CURVE_WITH_KNOTS('',7,(#7902,#7903,#7904,#7905,#7906,
    #7907,#7908,#7909,#7910,#7911,#7912,#7913,#7914,#7915,#7916,#7917,
    #7918,#7919,#7920,#7921,#7922,#7923,#7924,#7925,#7926,#7927,#7928,
    #7929,#7930,#7931,#7932,#7933,#7934,#7935,#7936,#7937,#7938,#7939),
  .UNSPECIFIED.,.F.,.F.,(8,6,6,6,6,6,8),(0.,7.621063636795E-02,
    0.225897496534,0.372188314553,0.453654896928,0.759362040357,1.),
  .UNSPECIFIED.);
#7902 = CARTESIAN_POINT('',(1.107469224405,-31.4243461089));
#7903 = CARTESIAN_POINT('',(1.107123951014,-31.47964113062));
#7904 = CARTESIAN_POINT('',(1.106689532687,-31.53486322757));
#7905 = CARTESIAN_POINT('',(1.106163587751,-31.58999018644));
#7906 = CARTESIAN_POINT('',(1.105543811228,-31.64499774909));
#7907 = CARTESIAN_POINT('',(1.104828035586,-31.69985970105));
#7908 = CARTESIAN_POINT('',(1.104014291499,-31.75454795998));
#7909 = CARTESIAN_POINT('',(1.101306796109,-31.91604717921));
#7910 = CARTESIAN_POINT('',(1.09912796378,-32.02228966839));
#7911 = CARTESIAN_POINT('',(1.096551593542,-32.12751461419));
#7912 = CARTESIAN_POINT('',(1.093568840329,-32.2314716471));
#7913 = CARTESIAN_POINT('',(1.090176229993,-32.33391059763));
#7914 = CARTESIAN_POINT('',(1.086376848129,-32.43458556567));
#7915 = CARTESIAN_POINT('',(1.078080899061,-32.62969180369));
#7916 = CARTESIAN_POINT('',(1.073601416591,-32.72422924885));
#7917 = CARTESIAN_POINT('',(1.068752323885,-32.81664895115));
#7918 = CARTESIAN_POINT('',(1.063548065605,-32.90678035601));
#7919 = CARTESIAN_POINT('',(1.058006882334,-32.99449597143));
#7920 = CARTESIAN_POINT('',(1.052149653306,-33.07970359355));
#7921 = CARTESIAN_POINT('',(1.042573411698,-33.20835636253));
#7922 = CARTESIAN_POINT('',(1.039056816304,-33.2535788986));
#7923 = CARTESIAN_POINT('',(1.03545264506,-33.29799690403));
#7924 = CARTESIAN_POINT('',(1.031764619418,-33.34160462351));
#7925 = CARTESIAN_POINT('',(1.027996431001,-33.38439920486));
#7926 = CARTESIAN_POINT('',(1.024151682409,-33.42638012106));
#7927 = CARTESIAN_POINT('',(1.005531897046,-33.62203519724));
#7928 = CARTESIAN_POINT('',(0.989811284795,-33.76496829111));
#7929 = CARTESIAN_POINT('',(0.973240362504,-33.89662400529));
#7930 = CARTESIAN_POINT('',(0.9559695167,-34.0173615182));
#7931 = CARTESIAN_POINT('',(0.938116650476,-34.1273967303));
#7932 = CARTESIAN_POINT('',(0.919769017806,-34.22680833285));
#7933 = CARTESIAN_POINT('',(0.886185629739,-34.38519869568));
#7934 = CARTESIAN_POINT('',(0.87112654957,-34.44824304988));
#7935 = CARTESIAN_POINT('',(0.855829194483,-34.50448521888));
#7936 = CARTESIAN_POINT('',(0.840322436984,-34.55369866518));
#7937 = CARTESIAN_POINT('',(0.824636000672,-34.59553948451));
#7938 = CARTESIAN_POINT('',(0.808801163212,-34.62956054024));
#7939 = CARTESIAN_POINT('',(0.792851197648,-34.65521399042));
#7940 = ( GEOMETRIC_REPRESENTATION_CONTEXT(2) 
PARAMETRIC_REPRESENTATION_CONTEXT() REPRESENTATION_CONTEXT('2D SPACE',''
  ) );
#7941 = ORIENTED_EDGE('',*,*,#7942,.T.);
#7942 = EDGE_CURVE('',#7815,#7943,#7945,.T.);
#7943 = VERTEX_POINT('',#7944);
#7944 = CARTESIAN_POINT('',(15.603140294016,4.251515941063,
    9.297503887506));
#7945 = SURFACE_CURVE('',#7946,(#7959,#7975),.PCURVE_S1.);
#7946 = B_SPLINE_CURVE_WITH_KNOTS('',6,(#7947,#7948,#7949,#7950,#7951,
    #7952,#7953,#7954,#7955,#7956,#7957,#7958),.UNSPECIFIED.,.F.,.F.,(7,
    5,7),(0.,0.855373512616,1.),.UNSPECIFIED.);
#7947 = CARTESIAN_POINT('',(16.030213990422,2.376645021544,
    9.714303736167));
#7948 = CARTESIAN_POINT('',(16.000249955727,2.658256460412,
    9.670026696297));
#7949 = CARTESIAN_POINT('',(15.958545418257,2.936421447273,
    9.619840199561));
#7950 = CARTESIAN_POINT('',(15.90606191516,3.210138452242,9.564112582902
    ));
#7951 = CARTESIAN_POINT('',(15.84352064273,3.478490538622,9.503334325548
    ));
#7952 = CARTESIAN_POINT('',(15.771403648861,3.740639066849,9.4380935356)
  );
#7953 = CARTESIAN_POINT('',(15.676086747092,4.038919116191,
    9.357402827379));
#7954 = CARTESIAN_POINT('',(15.662032403954,4.081857504433,
    9.345624882552));
#7955 = CARTESIAN_POINT('',(15.647709974856,4.124590822359,
    9.333742412802));
#7956 = CARTESIAN_POINT('',(15.633120170812,4.167114688193,
    9.321758955798));
#7957 = CARTESIAN_POINT('',(15.618263505371,4.209424601147,
    9.309678180671));
#7958 = CARTESIAN_POINT('',(15.603140294609,4.251515941423,
    9.297503888012));
#7959 = PCURVE('',#4862,#7960);
#7960 = DEFINITIONAL_REPRESENTATION('',(#7961),#7974);
#7961 = B_SPLINE_CURVE_WITH_KNOTS('',6,(#7962,#7963,#7964,#7965,#7966,
    #7967,#7968,#7969,#7970,#7971,#7972,#7973),.UNSPECIFIED.,.F.,.F.,(7,
    5,7),(0.,0.855373512616,1.),.UNSPECIFIED.);
#7962 = CARTESIAN_POINT('',(5.,0.985611674858));
#7963 = CARTESIAN_POINT('',(5.0397296423,0.983365504231));
#7964 = CARTESIAN_POINT('',(5.079017588085,0.98081340448));
#7965 = CARTESIAN_POINT('',(5.117989681558,0.977970924851));
#7966 = CARTESIAN_POINT('',(5.156767977892,0.974859377845));
#7967 = CARTESIAN_POINT('',(5.195479322062,0.971505051563));
#7968 = CARTESIAN_POINT('',(5.240829019566,0.967336883479));
#7969 = CARTESIAN_POINT('',(5.247389991321,0.966728030154));
#7970 = CARTESIAN_POINT('',(5.253953817275,0.966113310028));
#7971 = CARTESIAN_POINT('',(5.260521141076,0.965492889522));
#7972 = CARTESIAN_POINT('',(5.267092600124,0.964866942458));
#7973 = CARTESIAN_POINT('',(5.27366882557,0.964235650063));
#7974 = ( GEOMETRIC_REPRESENTATION_CONTEXT(2) 
PARAMETRIC_REPRESENTATION_CONTEXT() REPRESENTATION_CONTEXT('2D SPACE',''
  ) );
#7975 = PCURVE('',#7064,#7976);
#7976 = DEFINITIONAL_REPRESENTATION('',(#7977),#7990);
#7977 = B_SPLINE_CURVE_WITH_KNOTS('',6,(#7978,#7979,#7980,#7981,#7982,
    #7983,#7984,#7985,#7986,#7987,#7988,#7989),.UNSPECIFIED.,.F.,.F.,(7,
    5,7),(0.,0.855373512616,1.),.UNSPECIFIED.);
#7978 = CARTESIAN_POINT('',(0.792851197648,-34.65521399042));
#7979 = CARTESIAN_POINT('',(0.811481257867,-34.62524995572));
#7980 = CARTESIAN_POINT('',(0.829948801251,-34.58354541825));
#7981 = CARTESIAN_POINT('',(0.848197071866,-34.53106191516));
#7982 = CARTESIAN_POINT('',(0.866172512158,-34.46852064273));
#7983 = CARTESIAN_POINT('',(0.883823480502,-34.39640364886));
#7984 = CARTESIAN_POINT('',(0.90401746261,-34.30108674709));
#7985 = CARTESIAN_POINT('',(0.906927221308,-34.28703240425));
#7986 = CARTESIAN_POINT('',(0.909825871856,-34.27270997518));
#7987 = CARTESIAN_POINT('',(0.91271312059,-34.25812017075));
#7988 = CARTESIAN_POINT('',(0.915588662331,-34.24326350477));
#7989 = CARTESIAN_POINT('',(0.918452180386,-34.22814029401));
#7990 = ( GEOMETRIC_REPRESENTATION_CONTEXT(2) 
PARAMETRIC_REPRESENTATION_CONTEXT() REPRESENTATION_CONTEXT('2D SPACE',''
  ) );
#7991 = ORIENTED_EDGE('',*,*,#7992,.T.);
#7992 = EDGE_CURVE('',#7943,#7790,#7993,.T.);
#7993 = SURFACE_CURVE('',#7994,(#8046,#8101),.PCURVE_S1.);
#7994 = B_SPLINE_CURVE_WITH_KNOTS('',8,(#7995,#7996,#7997,#7998,#7999,
    #8000,#8001,#8002,#8003,#8004,#8005,#8006,#8007,#8008,#8009,#8010,
    #8011,#8012,#8013,#8014,#8015,#8016,#8017,#8018,#8019,#8020,#8021,
    #8022,#8023,#8024,#8025,#8026,#8027,#8028,#8029,#8030,#8031,#8032,
    #8033,#8034,#8035,#8036,#8037,#8038,#8039,#8040,#8041,#8042,#8043,
    #8044,#8045),.UNSPECIFIED.,.F.,.F.,(9,7,7,7,7,7,7,9),(0.,
    0.275278942909,0.527540854773,0.583266284804,0.763126500215,
    0.862011928347,0.98266157771,1.),.UNSPECIFIED.);
#7995 = CARTESIAN_POINT('',(15.60314029402,4.251515947968,9.297503885509
    ));
#7996 = CARTESIAN_POINT('',(15.622672949235,4.197152119589,
    9.313227812387));
#7997 = CARTESIAN_POINT('',(15.64264645668,4.141840597944,9.328217126458
    ));
#7998 = CARTESIAN_POINT('',(15.663034537012,4.085596867454,9.34242117029
    ));
#7999 = CARTESIAN_POINT('',(15.68380651,4.028439503083,9.355788854518));
#8000 = CARTESIAN_POINT('',(15.704926605373,3.970392589128,
    9.368269088648));
#8001 = CARTESIAN_POINT('',(15.72635327367,3.911488138012,9.379811211859
    ));
#8002 = CARTESIAN_POINT('',(15.74803849709,3.851768509075,9.390365423804
    ));
#8003 = CARTESIAN_POINT('',(15.789985521263,3.735866062455,
    9.408605191326));
#8004 = CARTESIAN_POINT('',(15.81021477728,3.679805243339,9.416456850867
    ));
#8005 = CARTESIAN_POINT('',(15.830572406784,3.623148821584,
    9.423401057561));
#8006 = CARTESIAN_POINT('',(15.851010949052,3.565950718946,
    9.429401524296));
#8007 = CARTESIAN_POINT('',(15.871477558406,3.508276540256,
    9.434423683247));
#8008 = CARTESIAN_POINT('',(15.891913704956,3.450208180873,
    9.438435129098));
#8009 = CARTESIAN_POINT('',(15.912254961946,3.391852828717,
    9.441405635536));
#8010 = CARTESIAN_POINT('',(15.936887801806,3.320434311713,
    9.443726705975));
#8011 = CARTESIAN_POINT('',(15.94133665423,3.307505402267,9.444094479319
    ));
#8012 = CARTESIAN_POINT('',(15.945776677695,3.294571188779,
    9.444409759063));
#8013 = CARTESIAN_POINT('',(15.950207097686,3.281633352292,
    9.444672240028));
#8014 = CARTESIAN_POINT('',(15.95462712444,3.268693698642,9.444881617875
    ));
#8015 = CARTESIAN_POINT('',(15.95903595295,3.255754158464,9.445037589104
    ));
#8016 = CARTESIAN_POINT('',(15.96343276296,3.242816787189,9.44513985106)
  );
#8017 = CARTESIAN_POINT('',(15.981966439701,3.188140953056,
    9.445343837126));
#8018 = CARTESIAN_POINT('',(15.995981889233,3.146444561462,
    9.444936912296));
#8019 = CARTESIAN_POINT('',(16.00983532357,3.104868550204,9.443957009169
    ));
#8020 = CARTESIAN_POINT('',(16.023497143593,3.063501974052,
    9.442393859583));
#8021 = CARTESIAN_POINT('',(16.03693522505,3.022463873648,9.440235389749
    ));
#8022 = CARTESIAN_POINT('',(16.050115077187,2.981906523027,
    9.437467570031));
#8023 = CARTESIAN_POINT('',(16.062998679047,2.9420424864,9.434070628));
#8024 = CARTESIAN_POINT('',(16.082434854375,2.881892717874,
    9.427771744136));
#8025 = CARTESIAN_POINT('',(16.089225784094,2.860874479226,9.42533564166
    ));
#8026 = CARTESIAN_POINT('',(16.095905377443,2.840234624091,
    9.422691539063));
#8027 = CARTESIAN_POINT('',(16.102465103691,2.820047316051,
    9.419831261747));
#8028 = CARTESIAN_POINT('',(16.10889497852,2.80040634184,9.416744423072)
  );
#8029 = CARTESIAN_POINT('',(16.115183120985,2.781433543752,
    9.413417285882));
#8030 = CARTESIAN_POINT('',(16.121315044499,2.763291821819,
    9.409830958997));
#8031 = CARTESIAN_POINT('',(16.134541567388,2.72535235502,9.401234682529
    ));
#8032 = CARTESIAN_POINT('',(16.141551733326,2.70606779902,9.396084456185
    ));
#8033 = CARTESIAN_POINT('',(16.148272390291,2.688738260178,
    9.390460181539));
#8034 = CARTESIAN_POINT('',(16.15465406083,2.673950045277,9.384295680112
    ));
#8035 = CARTESIAN_POINT('',(16.160640938348,2.662344460067,
    9.377525448867));
#8036 = CARTESIAN_POINT('',(16.166145657986,2.655007305592,9.37003666247
    ));
#8037 = CARTESIAN_POINT('',(16.171115153527,2.6525829368,9.361783283499)
  );
#8038 = CARTESIAN_POINT('',(16.176178230744,2.65542602424,9.351524671874
    ));
#8039 = CARTESIAN_POINT('',(16.176803128573,2.655884653505,9.35022102345
    ));
#8040 = CARTESIAN_POINT('',(16.177416724784,2.656444630565,
    9.348902884427));
#8041 = CARTESIAN_POINT('',(16.178019025385,2.657105662107,
    9.347570429732));
#8042 = CARTESIAN_POINT('',(16.178610058067,2.657867204486,
    9.346223862384));
#8043 = CARTESIAN_POINT('',(16.179189872213,2.65872846372,9.344863413487
    ));
#8044 = CARTESIAN_POINT('',(16.179758538892,2.659688395497,9.34348934224
    ));
#8045 = CARTESIAN_POINT('',(16.180316150859,2.660745705167,
    9.342101935928));
#8046 = PCURVE('',#4862,#8047);
#8047 = DEFINITIONAL_REPRESENTATION('',(#8048),#8100);
#8048 = B_SPLINE_CURVE_WITH_KNOTS('',8,(#8049,#8050,#8051,#8052,#8053,
    #8054,#8055,#8056,#8057,#8058,#8059,#8060,#8061,#8062,#8063,#8064,
    #8065,#8066,#8067,#8068,#8069,#8070,#8071,#8072,#8073,#8074,#8075,
    #8076,#8077,#8078,#8079,#8080,#8081,#8082,#8083,#8084,#8085,#8086,
    #8087,#8088,#8089,#8090,#8091,#8092,#8093,#8094,#8095,#8096,#8097,
    #8098,#8099),.UNSPECIFIED.,.F.,.F.,(9,7,7,7,7,7,7,9),(0.,
    0.275278942909,0.527540854773,0.583266284804,0.763126500215,
    0.862011928347,0.98266157771,1.),.UNSPECIFIED.);
#8049 = CARTESIAN_POINT('',(5.273668826384,0.964235649907));
#8050 = CARTESIAN_POINT('',(5.265175183997,0.965051006966));
#8051 = CARTESIAN_POINT('',(5.256504152566,0.965827483171));
#8052 = CARTESIAN_POINT('',(5.247654902224,0.966562582828));
#8053 = CARTESIAN_POINT('',(5.238626706691,0.967253793279));
#8054 = CARTESIAN_POINT('',(5.229419311515,0.967898603697));
#8055 = CARTESIAN_POINT('',(5.220033302329,0.968494523887));
#8056 = CARTESIAN_POINT('',(5.2104704731,0.969039103086));
#8057 = CARTESIAN_POINT('',(5.191811999827,0.969979753117));
#8058 = CARTESIAN_POINT('',(5.182744182403,0.970384435572));
#8059 = CARTESIAN_POINT('',(5.173533354637,0.97074216463));
#8060 = CARTESIAN_POINT('',(5.164183626455,0.971051146422));
#8061 = CARTESIAN_POINT('',(5.154700671329,0.971309666698));
#8062 = CARTESIAN_POINT('',(5.145092467591,0.971516110962));
#8063 = CARTESIAN_POINT('',(5.135370714907,0.971668962724));
#8064 = CARTESIAN_POINT('',(5.123384146213,0.971788388007));
#8065 = CARTESIAN_POINT('',(5.121210684025,0.971807310378));
#8066 = CARTESIAN_POINT('',(5.11903272562,0.971823531505));
#8067 = CARTESIAN_POINT('',(5.116850476031,0.971837035884));
#8068 = CARTESIAN_POINT('',(5.114664159055,0.971847808014));
#8069 = CARTESIAN_POINT('',(5.112474017254,0.971855832394));
#8070 = CARTESIAN_POINT('',(5.110280311951,0.971861093527));
#8071 = CARTESIAN_POINT('',(5.100992290231,0.971871588111));
#8072 = CARTESIAN_POINT('',(5.093867241629,0.971850652758));
#8073 = CARTESIAN_POINT('',(5.086717669873,0.971800239913));
#8074 = CARTESIAN_POINT('',(5.079555359505,0.971719817586));
#8075 = CARTESIAN_POINT('',(5.072396591366,0.971608755357));
#8076 = CARTESIAN_POINT('',(5.065262652607,0.971466316696));
#8077 = CARTESIAN_POINT('',(5.058183807704,0.971291463256));
#8078 = CARTESIAN_POINT('',(5.047378789641,0.970967140356));
#8079 = CARTESIAN_POINT('',(5.043578342092,0.970841692413));
#8080 = CARTESIAN_POINT('',(5.039818930029,0.970705514297));
#8081 = CARTESIAN_POINT('',(5.036111302105,0.970558179225));
#8082 = CARTESIAN_POINT('',(5.032469135122,0.970399145536));
#8083 = CARTESIAN_POINT('',(5.028910276594,0.970227697678));
#8084 = CARTESIAN_POINT('',(5.025458663432,0.970042852532));
#8085 = CARTESIAN_POINT('',(5.018106270051,0.969599673872));
#8086 = CARTESIAN_POINT('',(5.01427355768,0.969334085439));
#8087 = CARTESIAN_POINT('',(5.010705886522,0.969043965762));
#8088 = CARTESIAN_POINT('',(5.00749050462,0.968725873161));
#8089 = CARTESIAN_POINT('',(5.004723968646,0.968376393097));
#8090 = CARTESIAN_POINT('',(5.002570006721,0.967989652431));
#8091 = CARTESIAN_POINT('',(5.001129730269,0.96756319866));
#8092 = CARTESIAN_POINT('',(5.000307031784,0.967032818279));
#8093 = CARTESIAN_POINT('',(5.000218564343,0.966965413117));
#8094 = CARTESIAN_POINT('',(5.000145019087,0.966897253317));
#8095 = CARTESIAN_POINT('',(5.000086374833,0.966828347713));
#8096 = CARTESIAN_POINT('',(5.00004257297,0.966758706593));
#8097 = CARTESIAN_POINT('',(5.000013517461,0.9666883417));
#8098 = CARTESIAN_POINT('',(4.999999074841,0.966617266232));
#8099 = CARTESIAN_POINT('',(4.99999907422,0.96654549484));
#8100 = ( GEOMETRIC_REPRESENTATION_CONTEXT(2) 
PARAMETRIC_REPRESENTATION_CONTEXT() REPRESENTATION_CONTEXT('2D SPACE',''
  ) );
#8101 = PCURVE('',#8102,#8205);
#8102 = ( BOUNDED_SURFACE() B_SPLINE_SURFACE(2,9,(
    (#8103,#8104,#8105,#8106,#8107,#8108,#8109,#8110,#8111,#8112,#8113
      ,#8114,#8115,#8116,#8117,#8118,#8119,#8120,#8121,#8122,#8123,#8124
      ,#8125,#8126,#8127,#8128,#8129,#8130,#8131,#8132,#8133,#8134,#8135
      ,#8136)
    ,(#8137,#8138,#8139,#8140,#8141,#8142,#8143,#8144,#8145,#8146,#8147
      ,#8148,#8149,#8150,#8151,#8152,#8153,#8154,#8155,#8156,#8157,#8158
      ,#8159,#8160,#8161,#8162,#8163,#8164,#8165,#8166,#8167,#8168,#8169
      ,#8170)
    ,(#8171,#8172,#8173,#8174,#8175,#8176,#8177,#8178,#8179,#8180,#8181
      ,#8182,#8183,#8184,#8185,#8186,#8187,#8188,#8189,#8190,#8191,#8192
      ,#8193,#8194,#8195,#8196,#8197,#8198,#8199,#8200,#8201,#8202,#8203
,#8204
    )),.UNSPECIFIED.,.F.,.F.,.F.) B_SPLINE_SURFACE_WITH_KNOTS((3,3),(10,
    8,8,8,10),(0.,8.600788369421),(-2.187547431843,-1.909591707079,
    2.390802477631,6.691196662342,6.969151195799),.UNSPECIFIED.) 
GEOMETRIC_REPRESENTATION_ITEM() RATIONAL_B_SPLINE_SURFACE((
    (1.,1.,1.,1.,1.,1.,1.,1.,1.,1.,1.,1.,1.,1.,1.,1.,1.,1.,1.,1.,1.,1.
      ,1.,1.,1.,1.,1.,1.,1.,1.,1.,1.,1.,1.)
    ,(0.881137286427,0.881463336086,0.88170787333,0.88187089816
      ,0.881952410575,0.881952410575,0.88187089816,0.88170787333
      ,0.881463336086,0.876092806558,0.869052104999,0.860189057809
      ,0.850156266295,0.839659244848,0.830725484667,0.824322457224
      ,0.821128603736,0.821128422763,0.824321771191,0.83072673237
      ,0.839660723985,0.85015095032,0.860192064049,0.869051749498
      ,0.876092650703,0.881463133601,0.881707667738,0.881870690496
      ,0.881952201875,0.881952201875,0.881870690496,0.881707667738
      ,0.881463133601,0.881137088086)
    ,(1.,1.,1.,1.,1.,1.,1.,1.,1.,1.,1.,1.,1.,1.,1.,1.,1.,1.,1.,1.,1.,1.
,1.,1.,1.,1.,1.,1.,1.,1.,1.,1.,1.,1.
  ))) REPRESENTATION_ITEM('') SURFACE() );
#8103 = CARTESIAN_POINT('',(15.603321855532,4.530480887602,
    9.216817435653));
#8104 = CARTESIAN_POINT('',(15.603301682031,4.499484782431,9.22578259697
    ));
#8105 = CARTESIAN_POINT('',(15.603281508529,4.46848867726,9.234747758287
    ));
#8106 = CARTESIAN_POINT('',(15.603261335027,4.437492572089,
    9.243712919604));
#8107 = CARTESIAN_POINT('',(15.603241161525,4.406496466918,
    9.252678080921));
#8108 = CARTESIAN_POINT('',(15.603220988023,4.375500361747,
    9.261643242238));
#8109 = CARTESIAN_POINT('',(15.603200814522,4.344504256576,
    9.270608403555));
#8110 = CARTESIAN_POINT('',(15.60318064102,4.313508151405,9.279573564872
    ));
#8111 = CARTESIAN_POINT('',(15.603160467518,4.282512046234,
    9.288538726189));
#8112 = CARTESIAN_POINT('',(15.602828179523,3.771959455803,
    9.436208451428));
#8113 = CARTESIAN_POINT('',(15.616247238901,3.29385544109,9.555414214815
    ));
#8114 = CARTESIAN_POINT('',(15.639617665221,2.817779086754,9.65587678286
    ));
#8115 = CARTESIAN_POINT('',(15.668631445596,2.341597407496,9.73898180111
    ));
#8116 = CARTESIAN_POINT('',(15.697242150032,1.867885533634,
    9.803915034505));
#8117 = CARTESIAN_POINT('',(15.720875236859,1.399612006443,
    9.852092079564));
#8118 = CARTESIAN_POINT('',(15.737615126205,0.93162877749,9.884054208253
    ));
#8119 = CARTESIAN_POINT('',(15.745929970757,0.465881786272,
    9.899999794221));
#8120 = CARTESIAN_POINT('',(15.745930065432,-0.465868268728,
    9.900000205776));
#8121 = CARTESIAN_POINT('',(15.737615736404,-0.931622687889,
    9.884056703587));
#8122 = CARTESIAN_POINT('',(15.720871484098,-1.399684914158,
    9.852082486999));
#8123 = CARTESIAN_POINT('',(15.697253107442,-1.86772794094,
    9.803932774822));
#8124 = CARTESIAN_POINT('',(15.668619116383,-2.341716487486,
    9.738967349465));
#8125 = CARTESIAN_POINT('',(15.639628075944,-2.81767865101,
    9.655891055772));
#8126 = CARTESIAN_POINT('',(15.616246288747,-3.293849801075,
    9.555418360927));
#8127 = CARTESIAN_POINT('',(15.602827998782,-3.771958140216,
    9.436208857853));
#8128 = CARTESIAN_POINT('',(15.603160198761,-4.282512778705,
    9.288538512658));
#8129 = CARTESIAN_POINT('',(15.603180366838,-4.313508883432,
    9.279573349795));
#8130 = CARTESIAN_POINT('',(15.603200534915,-4.344504988159,
    9.270608186931));
#8131 = CARTESIAN_POINT('',(15.603220702992,-4.375501092886,
    9.261643024068));
#8132 = CARTESIAN_POINT('',(15.603240871069,-4.406497197614,
    9.252677861204));
#8133 = CARTESIAN_POINT('',(15.603261039146,-4.437493302341,
    9.243712698341));
#8134 = CARTESIAN_POINT('',(15.603281207224,-4.468489407068,
    9.234747535477));
#8135 = CARTESIAN_POINT('',(15.603301375301,-4.499485511795,
    9.225782372614));
#8136 = CARTESIAN_POINT('',(15.603321543378,-4.530481616522,
    9.21681720975));
#8137 = CARTESIAN_POINT('',(15.920473409142,4.536564908944,
    9.214928728759));
#8138 = CARTESIAN_POINT('',(15.920994806123,4.504897409967,
    9.224102727531));
#8139 = CARTESIAN_POINT('',(15.921513072231,4.473420067217,
    9.233221638499));
#8140 = CARTESIAN_POINT('',(15.922028353784,4.442123994038,
    9.242288036105));
#8141 = CARTESIAN_POINT('',(15.922540795308,4.411000412507,
    9.251304463293));
#8142 = CARTESIAN_POINT('',(15.923050539673,4.380040645222,
    9.260273433885));
#8143 = CARTESIAN_POINT('',(15.923557728229,4.349236107235,
    9.269197434921));
#8144 = CARTESIAN_POINT('',(15.924062500933,4.318578298115,
    9.278078928955));
#8145 = CARTESIAN_POINT('',(15.92456499648,4.288058794124,9.286920356323
    ));
#8146 = CARTESIAN_POINT('',(15.932854068071,3.784614823311,
    9.432766871497));
#8147 = CARTESIAN_POINT('',(15.957522804316,3.310664800657,
    9.551468339438));
#8148 = CARTESIAN_POINT('',(15.995175036103,2.836450143107,
    9.652214068816));
#8149 = CARTESIAN_POINT('',(16.040097309061,2.362830825476,
    9.735473635352));
#8150 = CARTESIAN_POINT('',(16.084781627252,1.890479159096,
    9.801230721324));
#8151 = CARTESIAN_POINT('',(16.12237157269,1.422162719154,9.850292842763
    ));
#8152 = CARTESIAN_POINT('',(16.149364899819,0.95108311043,9.883325425818
    ));
#8153 = CARTESIAN_POINT('',(16.162972866233,0.477440534131,
    9.899999684973));
#8154 = CARTESIAN_POINT('',(16.162973432625,-0.477420280712,
    9.900000315021));
#8155 = CARTESIAN_POINT('',(16.149367037152,-0.951072487652,
    9.883327475285));
#8156 = CARTESIAN_POINT('',(16.122367403718,-1.422238213096,
    9.850289897678));
#8157 = CARTESIAN_POINT('',(16.084779642318,-1.89041029528,
    9.801225373622));
#8158 = CARTESIAN_POINT('',(16.040109896161,-2.362792160179,
    9.735489896892));
#8159 = CARTESIAN_POINT('',(15.995169672656,-2.836449484999,
    9.65221246135));
#8160 = CARTESIAN_POINT('',(15.957523993598,-3.310658803751,
    9.551469879272));
#8161 = CARTESIAN_POINT('',(15.932854419479,-3.784609857249,
    9.432768093877));
#8162 = CARTESIAN_POINT('',(15.924565189605,-4.288052577059,
    9.286922167968));
#8163 = CARTESIAN_POINT('',(15.924062685619,-4.318571934967,
    9.278080796672));
#8164 = CARTESIAN_POINT('',(15.923557903601,-4.349229648155,
    9.269199344244));
#8165 = CARTESIAN_POINT('',(15.923050704856,-4.380034140201,
    9.260275370398));
#8166 = CARTESIAN_POINT('',(15.922540949426,-4.410993911403,
    9.251306412622));
#8167 = CARTESIAN_POINT('',(15.92202849596,-4.442117546605,9.24228998391
    ));
#8168 = CARTESIAN_POINT('',(15.921513201585,-4.473413723128,
    9.233223570467));
#8169 = CARTESIAN_POINT('',(15.920994921774,-4.504891218842,
    9.22410462937));
#8170 = CARTESIAN_POINT('',(15.920473510207,-4.536558920375,
    9.214930586188));
#8171 = CARTESIAN_POINT('',(16.099070842648,4.468186609445,
    8.962058748936));
#8172 = CARTESIAN_POINT('',(16.099527531107,4.435617447678,
    8.970720348099));
#8173 = CARTESIAN_POINT('',(16.099979349276,4.403395615247,
    8.979289576831));
#8174 = CARTESIAN_POINT('',(16.100426297154,4.371521112152,
    8.987766435133));
#8175 = CARTESIAN_POINT('',(16.10086837474,4.339993938393,8.996150923006
    ));
#8176 = CARTESIAN_POINT('',(16.101305582035,4.308814093969,
    9.004443040447));
#8177 = CARTESIAN_POINT('',(16.101737919039,4.277981578881,
    9.012642787459));
#8178 = CARTESIAN_POINT('',(16.102165385752,4.247496393129,9.02075016404
    ));
#8179 = CARTESIAN_POINT('',(16.102587982174,4.217358536712,
    9.028765170192));
#8180 = CARTESIAN_POINT('',(16.109468561427,3.726663635289,
    9.159262926865));
#8181 = CARTESIAN_POINT('',(16.131661366564,3.265581419679,
    9.259889010514));
#8182 = CARTESIAN_POINT('',(16.165396915823,2.802912237015,
    9.340006154528));
#8183 = CARTESIAN_POINT('',(16.204709237861,2.341146983156,
    9.401224801495));
#8184 = CARTESIAN_POINT('',(16.24320019609,1.873523527802,9.44640511287)
  );
#8185 = CARTESIAN_POINT('',(16.274854984494,1.407390053455,9.4781669054)
  );
#8186 = CARTESIAN_POINT('',(16.29718254256,0.938475925962,9.498810644799
    ));
#8187 = CARTESIAN_POINT('',(16.308314099998,0.469271082957,9.5091022287)
  );
#8188 = CARTESIAN_POINT('',(16.308314656559,-0.46924585048,
    9.509102655947));
#8189 = CARTESIAN_POINT('',(16.29718458359,-0.938462453143,
    9.498811455074));
#8190 = CARTESIAN_POINT('',(16.274851568909,-1.407484094105,
    9.478168167583));
#8191 = CARTESIAN_POINT('',(16.243194862254,-1.873473683848,
    9.446392903558));
#8192 = CARTESIAN_POINT('',(16.204727067178,-2.341037643897,
    9.401246410512));
#8193 = CARTESIAN_POINT('',(16.165387034449,-2.802967559103,
    9.340000896425));
#8194 = CARTESIAN_POINT('',(16.131663116843,-3.265576874618,
    9.259888089033));
#8195 = CARTESIAN_POINT('',(16.109469037862,-3.726656271844,
    9.159264345168));
#8196 = CARTESIAN_POINT('',(16.102588242805,-4.217347531119,
    9.028767927303));
#8197 = CARTESIAN_POINT('',(16.102165633559,-4.247485133155,
    9.02075301154));
#8198 = CARTESIAN_POINT('',(16.101738152618,-4.277970151194,
    9.01264570256));
#8199 = CARTESIAN_POINT('',(16.101305799981,-4.308802585235,
    9.004446000364));
#8200 = CARTESIAN_POINT('',(16.100868575649,-4.339982435278,
    8.996153904951));
#8201 = CARTESIAN_POINT('',(16.100426479622,-4.371509701324,
    8.987769416321));
#8202 = CARTESIAN_POINT('',(16.099979511899,-4.403384383372,
    8.979292534475));
#8203 = CARTESIAN_POINT('',(16.099527672481,-4.435606481422,
    8.970723259412));
#8204 = CARTESIAN_POINT('',(16.099070961368,-4.468175995474,
    8.962061591133));
#8205 = DEFINITIONAL_REPRESENTATION('',(#8206),#8258);
#8206 = B_SPLINE_CURVE_WITH_KNOTS('',8,(#8207,#8208,#8209,#8210,#8211,
    #8212,#8213,#8214,#8215,#8216,#8217,#8218,#8219,#8220,#8221,#8222,
    #8223,#8224,#8225,#8226,#8227,#8228,#8229,#8230,#8231,#8232,#8233,
    #8234,#8235,#8236,#8237,#8238,#8239,#8240,#8241,#8242,#8243,#8244,
    #8245,#8246,#8247,#8248,#8249,#8250,#8251,#8252,#8253,#8254,#8255,
    #8256,#8257),.UNSPECIFIED.,.F.,.F.,(9,7,7,7,7,7,7,9),(0.,
    0.275278942909,0.527540854773,0.583266284804,0.763126500215,
    0.862011928347,0.98266157771,1.),.UNSPECIFIED.);
#8207 = CARTESIAN_POINT('',(0.,-1.909591713958));
#8208 = CARTESIAN_POINT('',(0.29666244736,-1.855051883184));
#8209 = CARTESIAN_POINT('',(0.59298900504,-1.799599744059));
#8210 = CARTESIAN_POINT('',(0.888978051439,-1.74324649156));
#8211 = CARTESIAN_POINT('',(1.184629988464,-1.686007281952));
#8212 = CARTESIAN_POINT('',(1.479948239177,-1.627903611561));
#8213 = CARTESIAN_POINT('',(1.774940245442,-1.568965695545));
#8214 = CARTESIAN_POINT('',(2.069618465567,-1.509234846657));
#8215 = CARTESIAN_POINT('',(2.63376989837,-1.39335288444));
#8216 = CARTESIAN_POINT('',(2.903291233728,-1.337320267011));
#8217 = CARTESIAN_POINT('',(3.17257946656,-1.280710197019));
#8218 = CARTESIAN_POINT('',(3.441654878042,-1.223576913641));
#8219 = CARTESIAN_POINT('',(3.710544026484,-1.165986881734));
#8220 = CARTESIAN_POINT('',(3.979281784795,-1.108023510061));
#8221 = CARTESIAN_POINT('',(4.247915330904,-1.049796405944));
#8222 = CARTESIAN_POINT('',(4.575843497498,-0.9785674076));
#8223 = CARTESIAN_POINT('',(4.63517500988,-0.965674105782));
#8224 = CARTESIAN_POINT('',(4.69450532457,-0.952776856729));
#8225 = CARTESIAN_POINT('',(4.753835193386,-0.939877385078));
#8226 = CARTESIAN_POINT('',(4.813165423708,-0.92697754428));
#8227 = CARTESIAN_POINT('',(4.872496878477,-0.914079316598));
#8228 = CARTESIAN_POINT('',(4.93183047619,-0.901184813109));
#8229 = CARTESIAN_POINT('',(5.182683241752,-0.84669703485));
#8230 = CARTESIAN_POINT('',(5.374226777834,-0.805161036078));
#8231 = CARTESIAN_POINT('',(5.565836927967,-0.763764307252));
#8232 = CARTESIAN_POINT('',(5.757555541016,-0.722598409872));
#8233 = CARTESIAN_POINT('',(5.949433600238,-0.681785824726));
#8234 = CARTESIAN_POINT('',(6.141532660115,-0.641483243848));
#8235 = CARTESIAN_POINT('',(6.333936731532,-0.60190950005));
#8236 = CARTESIAN_POINT('',(6.632818948307,-0.542281881849));
#8237 = CARTESIAN_POINT('',(6.738974946308,-0.521462959204));
#8238 = CARTESIAN_POINT('',(6.84528802535,-0.501038348793));
#8239 = CARTESIAN_POINT('',(6.951787218908,-0.481084542028));
#8240 = CARTESIAN_POINT('',(7.058502016208,-0.461698240005));
#8241 = CARTESIAN_POINT('',(7.165465509676,-0.443005084828));
#8242 = CARTESIAN_POINT('',(7.272719277321,-0.425173154613));
#8243 = CARTESIAN_POINT('',(7.511603139715,-0.388004468532));
#8244 = CARTESIAN_POINT('',(7.643417525929,-0.36919925987));
#8245 = CARTESIAN_POINT('',(7.775891630733,-0.352417791817));
#8246 = CARTESIAN_POINT('',(7.909059663339,-0.338265000109));
#8247 = CARTESIAN_POINT('',(8.042864970324,-0.327402606333));
#8248 = CARTESIAN_POINT('',(8.17720854163,-0.320951291531));
#8249 = CARTESIAN_POINT('',(8.311861238941,-0.319580873287));
#8250 = CARTESIAN_POINT('',(8.465699002849,-0.323826670512));
#8251 = CARTESIAN_POINT('',(8.485023608341,-0.324465094351));
#8252 = CARTESIAN_POINT('',(8.504341555017,-0.325208420481));
#8253 = CARTESIAN_POINT('',(8.523651576668,-0.326056360888));
#8254 = CARTESIAN_POINT('',(8.542952443676,-0.32700836987));
#8255 = CARTESIAN_POINT('',(8.562242963005,-0.328063644031));
#8256 = CARTESIAN_POINT('',(8.581521978208,-0.329221122288));
#8257 = CARTESIAN_POINT('',(8.600788369421,-0.330479485866));
#8258 = ( GEOMETRIC_REPRESENTATION_CONTEXT(2) 
PARAMETRIC_REPRESENTATION_CONTEXT() REPRESENTATION_CONTEXT('2D SPACE',''
  ) );
#8259 = ADVANCED_FACE('',(#8260),#4648,.T.);
#8260 = FACE_BOUND('',#8261,.T.);
#8261 = EDGE_LOOP('',(#8262,#8285,#8473,#8508,#8634,#8635));
#8262 = ORIENTED_EDGE('',*,*,#8263,.T.);
#8263 = EDGE_CURVE('',#4621,#8264,#8266,.T.);
#8264 = VERTEX_POINT('',#8265);
#8265 = CARTESIAN_POINT('',(16.180315624779,-2.660752292558,
    9.342100629491));
#8266 = SURFACE_CURVE('',#8267,(#8271,#8278),.PCURVE_S1.);
#8267 = B_SPLINE_CURVE_WITH_KNOTS('',2,(#8268,#8269,#8270),
  .UNSPECIFIED.,.F.,.F.,(3,3),(0.,1.),.PIECEWISE_BEZIER_KNOTS.);
#8268 = CARTESIAN_POINT('',(18.625,-8.6,0.));
#8269 = CARTESIAN_POINT('',(19.980334825836,-9.821016322423,0.));
#8270 = CARTESIAN_POINT('',(15.914330348328,-2.157967355154,10.));
#8271 = PCURVE('',#4648,#8272);
#8272 = DEFINITIONAL_REPRESENTATION('',(#8273),#8277);
#8273 = LINE('',#8274,#8275);
#8274 = CARTESIAN_POINT('',(4.,0.));
#8275 = VECTOR('',#8276,1.);
#8276 = DIRECTION('',(0.,1.));
#8277 = ( GEOMETRIC_REPRESENTATION_CONTEXT(2) 
PARAMETRIC_REPRESENTATION_CONTEXT() REPRESENTATION_CONTEXT('2D SPACE',''
  ) );
#8278 = PCURVE('',#4799,#8279);
#8279 = DEFINITIONAL_REPRESENTATION('',(#8280),#8284);
#8280 = LINE('',#8281,#8282);
#8281 = CARTESIAN_POINT('',(4.,0.));
#8282 = VECTOR('',#8283,1.);
#8283 = DIRECTION('',(0.,1.));
#8284 = ( GEOMETRIC_REPRESENTATION_CONTEXT(2) 
PARAMETRIC_REPRESENTATION_CONTEXT() REPRESENTATION_CONTEXT('2D SPACE',''
  ) );
#8285 = ORIENTED_EDGE('',*,*,#8286,.F.);
#8286 = EDGE_CURVE('',#8287,#8264,#8289,.T.);
#8287 = VERTEX_POINT('',#8288);
#8288 = CARTESIAN_POINT('',(15.603140030684,-4.251516673978,
    9.297503675522));
#8289 = SURFACE_CURVE('',#8290,(#8349,#8411),.PCURVE_S1.);
#8290 = B_SPLINE_CURVE_WITH_KNOTS('',8,(#8291,#8292,#8293,#8294,#8295,
    #8296,#8297,#8298,#8299,#8300,#8301,#8302,#8303,#8304,#8305,#8306,
    #8307,#8308,#8309,#8310,#8311,#8312,#8313,#8314,#8315,#8316,#8317,
    #8318,#8319,#8320,#8321,#8322,#8323,#8324,#8325,#8326,#8327,#8328,
    #8329,#8330,#8331,#8332,#8333,#8334,#8335,#8336,#8337,#8338,#8339,
    #8340,#8341,#8342,#8343,#8344,#8345,#8346,#8347,#8348),
  .UNSPECIFIED.,.F.,.F.,(9,7,7,7,7,7,7,7,9),(0.,2.190429981054E-02,
    0.275460170602,0.527604848584,0.759258545068,0.858946102823,
    0.964736078313,0.982867068232,1.),.UNSPECIFIED.);
#8291 = CARTESIAN_POINT('',(15.603140030688,-4.251516680881,
    9.297503673525));
#8292 = CARTESIAN_POINT('',(15.604694339193,-4.247190687723,
    9.298754902786));
#8293 = CARTESIAN_POINT('',(15.606251438853,-4.242858695316,
    9.300001480731));
#8294 = CARTESIAN_POINT('',(15.607811316483,-4.238520711081,
    9.301243381767));
#8295 = CARTESIAN_POINT('',(15.609373958711,-4.234176742623,
    9.302480580294));
#8296 = CARTESIAN_POINT('',(15.610939351981,-4.22982679772,
    9.303713050702));
#8297 = CARTESIAN_POINT('',(15.612507482549,-4.225470884332,
    9.304940767378));
#8298 = CARTESIAN_POINT('',(15.614078336489,-4.221109010597,
    9.306163704698));
#8299 = CARTESIAN_POINT('',(15.633866870741,-4.166180889578,
    9.321482475161));
#8300 = CARTESIAN_POINT('',(15.652444897824,-4.114822851737,
    9.33493926308));
#8301 = CARTESIAN_POINT('',(15.671364039582,-4.06268047848,
    9.347712500566));
#8302 = CARTESIAN_POINT('',(15.690599024756,-4.009769784749,
    9.359762262298));
#8303 = CARTESIAN_POINT('',(15.710120797047,-3.956111071394,
    9.371048692224));
#8304 = CARTESIAN_POINT('',(15.729896059959,-3.9017306033,9.381532297927
    ));
#8305 = CARTESIAN_POINT('',(15.749886821654,-3.846662287519,
    9.391174244988));
#8306 = CARTESIAN_POINT('',(15.790100837931,-3.735546491696,
    9.408650289598));
#8307 = CARTESIAN_POINT('',(15.81032222185,-3.67950633483,9.416494172477
    ));
#8308 = CARTESIAN_POINT('',(15.830671662688,-3.622871315334,
    9.423431219393));
#8309 = CARTESIAN_POINT('',(15.851101742943,-3.565695324084,
    9.429425197584));
#8310 = CARTESIAN_POINT('',(15.871559670764,-3.508043922905,
    9.434441589686));
#8311 = CARTESIAN_POINT('',(15.891986980272,-3.449998949174,
    9.438448035621));
#8312 = CARTESIAN_POINT('',(15.912319317934,-3.391667510409,
    9.441414348827));
#8313 = CARTESIAN_POINT('',(15.951014405482,-3.279475068911,
    9.445055640149));
#8314 = CARTESIAN_POINT('',(15.969402172461,-3.225637871866,
    9.445897225291));
#8315 = CARTESIAN_POINT('',(15.987595664689,-3.171798746296,
    9.445814373586));
#8316 = CARTESIAN_POINT('',(16.005536828383,-3.118090927793,
    9.444787138565));
#8317 = CARTESIAN_POINT('',(16.023161163592,-3.064712876823,
    9.44279229168));
#8318 = CARTESIAN_POINT('',(16.040399518211,-3.011914990504,
    9.439806530145));
#8319 = CARTESIAN_POINT('',(16.05717608889,-2.960057253376,
    9.435798790967));
#8320 = CARTESIAN_POINT('',(16.080374053776,-2.888271501539,
    9.428494029762));
#8321 = CARTESIAN_POINT('',(16.087249476094,-2.866985205393,
    9.42609289709));
#8322 = CARTESIAN_POINT('',(16.094013666225,-2.846067300429,
    9.423482100487));
#8323 = CARTESIAN_POINT('',(16.100658080461,-2.82559046501,
    9.420653681425));
#8324 = CARTESIAN_POINT('',(16.107172773566,-2.805646402917,
    9.417597541351));
#8325 = CARTESIAN_POINT('',(16.113545962468,-2.786354149672,
    9.414300316521));
#8326 = CARTESIAN_POINT('',(16.119763310278,-2.767873161493,
    9.410743555899));
#8327 = CARTESIAN_POINT('',(16.132220513927,-2.731900881963,
    9.402823636986));
#8328 = CARTESIAN_POINT('',(16.13843682999,-2.714544370626,
    9.398425415129));
#8329 = CARTESIAN_POINT('',(16.144436987173,-2.69860220192,
    9.393674641482));
#8330 = CARTESIAN_POINT('',(16.150192232907,-2.68442402925,
    9.388530486097));
#8331 = CARTESIAN_POINT('',(16.155666840128,-2.672432803006,
    9.382947193968));
#8332 = CARTESIAN_POINT('',(16.160812191754,-2.663223050714,
    9.376862106946));
#8333 = CARTESIAN_POINT('',(16.165582374916,-2.657361477434,
    9.37022235153));
#8334 = CARTESIAN_POINT('',(16.170700785901,-2.654743278124,
    9.361785090143));
#8335 = CARTESIAN_POINT('',(16.171437820624,-2.654466760235,
    9.360534215122));
#8336 = CARTESIAN_POINT('',(16.172162871351,-2.654298219143,
    9.359266904839));
#8337 = CARTESIAN_POINT('',(16.172875822285,-2.654238788828,
    9.357983173945));
#8338 = CARTESIAN_POINT('',(16.173576581153,-2.654289313694,
    9.356683075415));
#8339 = CARTESIAN_POINT('',(16.174265079205,-2.654450348579,
    9.355366700553));
#8340 = CARTESIAN_POINT('',(16.174941271218,-2.654722158743,
    9.35403417899));
#8341 = CARTESIAN_POINT('',(16.176232455968,-2.655466222142,
    9.351411409387));
#8342 = CARTESIAN_POINT('',(16.176848768357,-2.655926611619,
    9.35012287305));
#8343 = CARTESIAN_POINT('',(16.177454058556,-2.656485831313,
    9.34882021354));
#8344 = CARTESIAN_POINT('',(16.178048333183,-2.657143586301,
    9.347503601219));
#8345 = CARTESIAN_POINT('',(16.178631619571,-2.657899343741,
    9.346173232939));
#8346 = CARTESIAN_POINT('',(16.179203965768,-2.658752332866,
    9.344829332043));
#8347 = CARTESIAN_POINT('',(16.17976544054,-2.659701544989,
    9.343472148369));
#8348 = CARTESIAN_POINT('',(16.180316133366,-2.660745733499,
    9.342101958244));
#8349 = PCURVE('',#4648,#8350);
#8350 = DEFINITIONAL_REPRESENTATION('',(#8351),#8410);
#8351 = B_SPLINE_CURVE_WITH_KNOTS('',8,(#8352,#8353,#8354,#8355,#8356,
    #8357,#8358,#8359,#8360,#8361,#8362,#8363,#8364,#8365,#8366,#8367,
    #8368,#8369,#8370,#8371,#8372,#8373,#8374,#8375,#8376,#8377,#8378,
    #8379,#8380,#8381,#8382,#8383,#8384,#8385,#8386,#8387,#8388,#8389,
    #8390,#8391,#8392,#8393,#8394,#8395,#8396,#8397,#8398,#8399,#8400,
    #8401,#8402,#8403,#8404,#8405,#8406,#8407,#8408,#8409),
  .UNSPECIFIED.,.F.,.F.,(9,7,7,7,7,7,7,7,9),(0.,2.190429981054E-02,
    0.275460170602,0.527604848584,0.759258545068,0.858946102823,
    0.964736078313,0.982867068232,1.),.UNSPECIFIED.);
#8352 = CARTESIAN_POINT('',(3.726331059104,0.964235638915));
#8353 = CARTESIAN_POINT('',(3.727006939429,0.964300520838));
#8354 = CARTESIAN_POINT('',(3.727683942699,0.96436515658));
#8355 = CARTESIAN_POINT('',(3.728362069398,0.96442954488));
#8356 = CARTESIAN_POINT('',(3.729041319998,0.964493684477));
#8357 = CARTESIAN_POINT('',(3.729721694956,0.964557574109));
#8358 = CARTESIAN_POINT('',(3.730403194717,0.964621212515));
#8359 = CARTESIAN_POINT('',(3.73108581971,0.964684598434));
#8360 = CARTESIAN_POINT('',(3.739684408594,0.965478524658));
#8361 = CARTESIAN_POINT('',(3.747750111558,0.96617531729));
#8362 = CARTESIAN_POINT('',(3.755967242188,0.966836153747));
#8363 = CARTESIAN_POINT('',(3.764336231861,0.9674590708));
#8364 = CARTESIAN_POINT('',(3.772857124133,0.968042109613));
#8365 = CARTESIAN_POINT('',(3.781529318476,0.96858332862));
#8366 = CARTESIAN_POINT('',(3.790351314021,0.969080816393));
#8367 = CARTESIAN_POINT('',(3.808239673848,0.969982077616));
#8368 = CARTESIAN_POINT('',(3.817304378348,0.970386358326));
#8369 = CARTESIAN_POINT('',(3.826511952489,0.970743717908));
#8370 = CARTESIAN_POINT('',(3.835858286453,0.971052365167));
#8371 = CARTESIAN_POINT('',(3.845337708537,0.971310588337));
#8372 = CARTESIAN_POINT('',(3.854942244287,0.971516775148));
#8373 = CARTESIAN_POINT('',(3.864660201135,0.971669411074));
#8374 = CARTESIAN_POINT('',(3.883490413905,0.971856765199));
#8375 = CARTESIAN_POINT('',(3.892587389846,0.971900057564));
#8376 = CARTESIAN_POINT('',(3.901751198235,0.971895792697));
#8377 = CARTESIAN_POINT('',(3.91096522402,0.971842950204));
#8378 = CARTESIAN_POINT('',(3.920203106891,0.971740326364));
#8379 = CARTESIAN_POINT('',(3.929430541858,0.971586699803));
#8380 = CARTESIAN_POINT('',(3.93859676845,0.97138043435));
#8381 = CARTESIAN_POINT('',(3.951469639011,0.971004333554));
#8382 = CARTESIAN_POINT('',(3.955311423123,0.970880691173));
#8383 = CARTESIAN_POINT('',(3.95911384746,0.970746233892));
#8384 = CARTESIAN_POINT('',(3.962866387267,0.970600546106));
#8385 = CARTESIAN_POINT('',(3.966555679398,0.970443101049));
#8386 = CARTESIAN_POINT('',(3.970164298996,0.970273202481));
#8387 = CARTESIAN_POINT('',(3.973668829684,0.970089890075));
#8388 = CARTESIAN_POINT('',(3.980611822816,0.969681601293));
#8389 = CARTESIAN_POINT('',(3.984032169408,0.969454811467));
#8390 = CARTESIAN_POINT('',(3.987261660635,0.969209780411));
#8391 = CARTESIAN_POINT('',(3.990248509132,0.968944384939));
#8392 = CARTESIAN_POINT('',(3.992929409168,0.968656242434));
#8393 = CARTESIAN_POINT('',(3.995214942662,0.968342091137));
#8394 = CARTESIAN_POINT('',(3.997018462531,0.967999159957));
#8395 = CARTESIAN_POINT('',(3.998513309437,0.967563182993));
#8396 = CARTESIAN_POINT('',(3.998716509484,0.967498541967));
#8397 = CARTESIAN_POINT('',(3.998903962669,0.967433046653));
#8398 = CARTESIAN_POINT('',(3.999075476871,0.967366697579));
#8399 = CARTESIAN_POINT('',(3.999230902341,0.967299497249));
#8400 = CARTESIAN_POINT('',(3.999370131701,0.967231450147));
#8401 = CARTESIAN_POINT('',(3.999493099942,0.967162562737));
#8402 = CARTESIAN_POINT('',(3.999700596245,0.967026962023));
#8403 = CARTESIAN_POINT('',(3.999786868702,0.966960337834));
#8404 = CARTESIAN_POINT('',(3.9998585884,0.966892978125));
#8405 = CARTESIAN_POINT('',(3.999915777533,0.966824891503));
#8406 = CARTESIAN_POINT('',(3.999958493896,0.966756087943));
#8407 = CARTESIAN_POINT('',(3.999986830881,0.966686578795));
#8408 = CARTESIAN_POINT('',(4.000000917478,0.966616376781));
#8409 = CARTESIAN_POINT('',(4.000000918274,0.966545495993));
#8410 = ( GEOMETRIC_REPRESENTATION_CONTEXT(2) 
PARAMETRIC_REPRESENTATION_CONTEXT() REPRESENTATION_CONTEXT('2D SPACE',''
  ) );
#8411 = PCURVE('',#8102,#8412);
#8412 = DEFINITIONAL_REPRESENTATION('',(#8413),#8472);
#8413 = B_SPLINE_CURVE_WITH_KNOTS('',8,(#8414,#8415,#8416,#8417,#8418,
    #8419,#8420,#8421,#8422,#8423,#8424,#8425,#8426,#8427,#8428,#8429,
    #8430,#8431,#8432,#8433,#8434,#8435,#8436,#8437,#8438,#8439,#8440,
    #8441,#8442,#8443,#8444,#8445,#8446,#8447,#8448,#8449,#8450,#8451,
    #8452,#8453,#8454,#8455,#8456,#8457,#8458,#8459,#8460,#8461,#8462,
    #8463,#8464,#8465,#8466,#8467,#8468,#8469,#8470,#8471),
  .UNSPECIFIED.,.F.,.F.,(9,7,7,7,7,7,7,7,9),(0.,2.190429981054E-02,
    0.275460170602,0.527604848584,0.759258545068,0.858946102823,
    0.964736078313,0.982867068232,1.),.UNSPECIFIED.);
#8414 = CARTESIAN_POINT('',(0.,6.69119666922));
#8415 = CARTESIAN_POINT('',(2.360683515424E-02,6.686856721834));
#8416 = CARTESIAN_POINT('',(4.72115404876E-02,6.68251099921));
#8417 = CARTESIAN_POINT('',(7.081411538161E-02,6.678159506679));
#8418 = CARTESIAN_POINT('',(9.441455930182E-02,6.673802249783));
#8419 = CARTESIAN_POINT('',(0.118012871798,6.66943923427));
#8420 = CARTESIAN_POINT('',(0.141609052503,6.665070466095));
#8421 = CARTESIAN_POINT('',(0.165203101135,6.660695951422));
#8422 = CARTESIAN_POINT('',(0.461886097696,6.605611527607));
#8423 = CARTESIAN_POINT('',(0.73469176819,6.554138011476));
#8424 = CARTESIAN_POINT('',(1.00721146177,6.501905533042));
#8425 = CARTESIAN_POINT('',(1.27944623912,6.448927634256));
#8426 = CARTESIAN_POINT('',(1.551399486107,6.395222691971));
#8427 = CARTESIAN_POINT('',(1.823077611073,6.34081559571));
#8428 = CARTESIAN_POINT('',(2.094490742136,6.285739425427));
#8429 = CARTESIAN_POINT('',(2.63530692139,6.174644850322));
#8430 = CARTESIAN_POINT('',(2.904713494695,6.118633568865));
#8431 = CARTESIAN_POINT('',(3.173887228654,6.062045437571));
#8432 = CARTESIAN_POINT('',(3.442848396927,6.004934661056));
#8433 = CARTESIAN_POINT('',(3.711623548445,5.947367681963));
#8434 = CARTESIAN_POINT('',(3.980247542796,5.889427891808));
#8435 = CARTESIAN_POINT('',(4.248767535129,5.83122486658));
#8436 = CARTESIAN_POINT('',(4.763911674,5.719330600217));
#8437 = CARTESIAN_POINT('',(5.010531036309,5.665658932509));
#8438 = CARTESIAN_POINT('',(5.257170790539,5.61201116207));
#8439 = CARTESIAN_POINT('',(5.503896172267,5.558524107028));
#8440 = CARTESIAN_POINT('',(5.750794154601,5.505401914462));
#8441 = CARTESIAN_POINT('',(5.99796769963,5.452902116025));
#8442 = CARTESIAN_POINT('',(6.245561389127,5.401395056753));
#8443 = CARTESIAN_POINT('',(6.600733046529,5.330218264965));
#8444 = CARTESIAN_POINT('',(6.707714690579,5.309129076166));
#8445 = CARTESIAN_POINT('',(6.814850151091,5.288423973043));
#8446 = CARTESIAN_POINT('',(6.922168107459,5.268177906888));
#8447 = CARTESIAN_POINT('',(7.029697863209,5.248485422351));
#8448 = CARTESIAN_POINT('',(7.137472474265,5.229469257182));
#8449 = CARTESIAN_POINT('',(7.245533699089,5.211293923734));
#8450 = CARTESIAN_POINT('',(7.46897990646,5.176027245846));
#8451 = CARTESIAN_POINT('',(7.584379694819,5.159075229286));
#8452 = CARTESIAN_POINT('',(7.700244217064,5.143587281468));
#8453 = CARTESIAN_POINT('',(7.816625106877,5.12992433045));
#8454 = CARTESIAN_POINT('',(7.933522527467,5.118522923127));
#8455 = CARTESIAN_POINT('',(8.050899999632,5.1099966326));
#8456 = CARTESIAN_POINT('',(8.168662235441,5.104932088541));
#8457 = CARTESIAN_POINT('',(8.306804876395,5.103393985812));
#8458 = CARTESIAN_POINT('',(8.327019538351,5.103279154056));
#8459 = CARTESIAN_POINT('',(8.347235690116,5.10327601136));
#8460 = CARTESIAN_POINT('',(8.367451906983,5.10338573948));
#8461 = CARTESIAN_POINT('',(8.387666735389,5.103609222336));
#8462 = CARTESIAN_POINT('',(8.407878692922,5.103947046011));
#8463 = CARTESIAN_POINT('',(8.428086268315,5.104399498748));
#8464 = CARTESIAN_POINT('',(8.467377532458,5.105502427488));
#8465 = CARTESIAN_POINT('',(8.486461844602,5.106140624919));
#8466 = CARTESIAN_POINT('',(8.505539594972,5.106881117884));
#8467 = CARTESIAN_POINT('',(8.524609558531,5.107723616133));
#8468 = CARTESIAN_POINT('',(8.543670548113,5.108667584525));
#8469 = CARTESIAN_POINT('',(8.562721414425,5.109712243033));
#8470 = CARTESIAN_POINT('',(8.581761046044,5.11085656674));
#8471 = CARTESIAN_POINT('',(8.600788369421,5.11209928584));
#8472 = ( GEOMETRIC_REPRESENTATION_CONTEXT(2) 
PARAMETRIC_REPRESENTATION_CONTEXT() REPRESENTATION_CONTEXT('2D SPACE',''
  ) );
#8473 = ORIENTED_EDGE('',*,*,#8474,.F.);
#8474 = EDGE_CURVE('',#8475,#8287,#8477,.T.);
#8475 = VERTEX_POINT('',#8476);
#8476 = CARTESIAN_POINT('',(16.030213990422,-2.376645021544,
    9.714303736167));
#8477 = SURFACE_CURVE('',#8478,(#8486,#8497),.PCURVE_S1.);
#8478 = B_SPLINE_CURVE_WITH_KNOTS('',6,(#8479,#8480,#8481,#8482,#8483,
    #8484,#8485),.UNSPECIFIED.,.F.,.F.,(7,7),(0.,1.),
  .PIECEWISE_BEZIER_KNOTS.);
#8479 = CARTESIAN_POINT('',(16.030213990422,-2.376645021544,
    9.714303736167));
#8480 = CARTESIAN_POINT('',(15.995181954346,-2.70588713417,
    9.662537848368));
#8481 = CARTESIAN_POINT('',(15.944106008179,-3.030380640461,
    9.602700416801));
#8482 = CARTESIAN_POINT('',(15.878524950594,-3.348574409246,
    9.535375852052));
#8483 = CARTESIAN_POINT('',(15.799514585326,-3.659036573376,
    9.461374941474));
#8484 = CARTESIAN_POINT('',(15.707717842107,-3.960452902704,
    9.381689548396));
#8485 = CARTESIAN_POINT('',(15.603140031276,-4.251516674337,
    9.297503676028));
#8486 = PCURVE('',#4648,#8487);
#8487 = DEFINITIONAL_REPRESENTATION('',(#8488),#8496);
#8488 = B_SPLINE_CURVE_WITH_KNOTS('',6,(#8489,#8490,#8491,#8492,#8493,
    #8494,#8495),.UNSPECIFIED.,.F.,.F.,(7,7),(0.,1.),
  .PIECEWISE_BEZIER_KNOTS.);
#8489 = CARTESIAN_POINT('',(4.,0.985611674858));
#8490 = CARTESIAN_POINT('',(3.953550639074,0.982985595586));
#8491 = CARTESIAN_POINT('',(3.907710304255,0.979941650897));
#8492 = CARTESIAN_POINT('',(3.862271193957,0.976504479795));
#8493 = CARTESIAN_POINT('',(3.817037588039,0.972709392548));
#8494 = CARTESIAN_POINT('',(3.77180599926,0.968601059148));
#8495 = CARTESIAN_POINT('',(3.726331059921,0.96423563907));
#8496 = ( GEOMETRIC_REPRESENTATION_CONTEXT(2) 
PARAMETRIC_REPRESENTATION_CONTEXT() REPRESENTATION_CONTEXT('2D SPACE',''
  ) );
#8497 = PCURVE('',#7064,#8498);
#8498 = DEFINITIONAL_REPRESENTATION('',(#8499),#8507);
#8499 = B_SPLINE_CURVE_WITH_KNOTS('',6,(#8500,#8501,#8502,#8503,#8504,
    #8505,#8506),.UNSPECIFIED.,.F.,.F.,(7,7),(0.,1.),
  .PIECEWISE_BEZIER_KNOTS.);
#8500 = CARTESIAN_POINT('',(0.480949747737,-34.65521399042));
#8501 = CARTESIAN_POINT('',(0.459168670912,-34.62018195434));
#8502 = CARTESIAN_POINT('',(0.437612231212,-34.56910600904));
#8503 = CARTESIAN_POINT('',(0.416367896109,-34.50352494831));
#8504 = CARTESIAN_POINT('',(0.395519668299,-34.42451458756));
#8505 = CARTESIAN_POINT('',(0.375150089287,-34.33271784151));
#8506 = CARTESIAN_POINT('',(0.355348715137,-34.22814003068));
#8507 = ( GEOMETRIC_REPRESENTATION_CONTEXT(2) 
PARAMETRIC_REPRESENTATION_CONTEXT() REPRESENTATION_CONTEXT('2D SPACE',''
  ) );
#8508 = ORIENTED_EDGE('',*,*,#8509,.T.);
#8509 = EDGE_CURVE('',#8475,#7698,#8510,.T.);
#8510 = SURFACE_CURVE('',#8511,(#8550,#8592),.PCURVE_S1.);
#8511 = B_SPLINE_CURVE_WITH_KNOTS('',7,(#8512,#8513,#8514,#8515,#8516,
    #8517,#8518,#8519,#8520,#8521,#8522,#8523,#8524,#8525,#8526,#8527,
    #8528,#8529,#8530,#8531,#8532,#8533,#8534,#8535,#8536,#8537,#8538,
    #8539,#8540,#8541,#8542,#8543,#8544,#8545,#8546,#8547,#8548,#8549),
  .UNSPECIFIED.,.F.,.F.,(8,6,6,6,6,6,8),(0.,0.2406344662,0.54634098687,
    0.627808365972,0.774101115989,0.923789683341,1.),.UNSPECIFIED.);
#8512 = CARTESIAN_POINT('',(16.030213990422,-2.376645021544,
    9.714303736167));
#8513 = CARTESIAN_POINT('',(16.004560912669,-2.617740728806,
    9.676396880232));
#8514 = CARTESIAN_POINT('',(15.970540472087,-2.856390850213,
    9.634277335117));
#8515 = CARTESIAN_POINT('',(15.92870048676,-3.092010568394,
    9.588156418848));
#8516 = CARTESIAN_POINT('',(15.879488075675,-3.324060915899,
    9.538297655807));
#8517 = CARTESIAN_POINT('',(15.823247131307,-3.552045656122,
    9.485008203697));
#8518 = CARTESIAN_POINT('',(15.760204186037,-3.77550321182,
    9.428633617343));
#8519 = CARTESIAN_POINT('',(15.601816342346,-4.271567963913,9.2945025764
    ));
#8520 = CARTESIAN_POINT('',(15.502405693147,-4.54093949051,
    9.215136930463));
#8521 = CARTESIAN_POINT('',(15.392371478077,-4.801337013204,
    9.13222233282));
#8522 = CARTESIAN_POINT('',(15.271635017774,-5.051509637414,
    9.046746562188));
#8523 = CARTESIAN_POINT('',(15.139980420578,-5.289842876147,
    8.959990613428));
#8524 = CARTESIAN_POINT('',(14.997048512197,-5.514379758164,
    8.873599630276));
#8525 = CARTESIAN_POINT('',(14.801394519238,-5.778617100552,
    8.767037623445));
#8526 = CARTESIAN_POINT('',(14.759413431296,-5.83307677779,8.74477958352
    ));
#8527 = CARTESIAN_POINT('',(14.716618662235,-5.886352961779,
    8.72272317707));
#8528 = CARTESIAN_POINT('',(14.67301073867,-5.938400620701,8.70090746966
    ));
#8529 = CARTESIAN_POINT('',(14.628592512392,-5.989174026196,
    8.679372747953));
#8530 = CARTESIAN_POINT('',(14.583369738345,-6.03862754344,
    8.658160053616));
#8531 = CARTESIAN_POINT('',(14.454715972103,-6.17307066818,
    8.599871109009));
#8532 = CARTESIAN_POINT('',(14.369507533958,-6.255033177774,
    8.563599454714));
#8533 = CARTESIAN_POINT('',(14.281791027646,-6.332330654402,
    8.528740517894));
#8534 = CARTESIAN_POINT('',(14.19165865745,-6.404715978972,
    8.495535481337));
#8535 = CARTESIAN_POINT('',(14.099237917581,-6.47198139162,
    8.464209119704));
#8536 = CARTESIAN_POINT('',(14.004699367293,-6.533971674449,
    8.434956972137));
#8537 = CARTESIAN_POINT('',(13.809590950213,-6.648537415999,
    8.380280753014));
#8538 = CARTESIAN_POINT('',(13.708914911798,-6.700870847482,
    8.354956528705));
#8539 = CARTESIAN_POINT('',(13.606474842179,-6.747495806188,
    8.332126885081));
#8540 = CARTESIAN_POINT('',(13.502516649513,-6.788410951464,
    8.311899187366));
#8541 = CARTESIAN_POINT('',(13.397290511804,-6.823698557246,
    8.294321011404));
#8542 = CARTESIAN_POINT('',(13.291046807302,-6.85350654535,
    8.279386087138));
#8543 = CARTESIAN_POINT('',(13.129546581758,-6.890514648026,
    8.260763791123));
#8544 = CARTESIAN_POINT('',(13.074858548886,-6.901630711107,
    8.255153565917));
#8545 = CARTESIAN_POINT('',(13.019996824914,-6.911403605828,
    8.250209101741));
#8546 = CARTESIAN_POINT('',(12.964989491804,-6.919862366455,
    8.245921063855));
#8547 = CARTESIAN_POINT('',(12.909862763685,-6.927038268949,
    8.242277804739));
#8548 = CARTESIAN_POINT('',(12.854640898375,-6.932964035623,
    8.23926586638));
#8549 = CARTESIAN_POINT('',(12.799346108905,-6.93767303981,
    8.236870482546));
#8550 = PCURVE('',#4648,#8551);
#8551 = DEFINITIONAL_REPRESENTATION('',(#8552),#8591);
#8552 = B_SPLINE_CURVE_WITH_KNOTS('',7,(#8553,#8554,#8555,#8556,#8557,
    #8558,#8559,#8560,#8561,#8562,#8563,#8564,#8565,#8566,#8567,#8568,
    #8569,#8570,#8571,#8572,#8573,#8574,#8575,#8576,#8577,#8578,#8579,
    #8580,#8581,#8582,#8583,#8584,#8585,#8586,#8587,#8588,#8589,#8590),
  .UNSPECIFIED.,.F.,.F.,(8,6,6,6,6,6,8),(0.,0.2406344662,0.54634098687,
    0.627808365972,0.774101115989,0.923789683341,1.),.UNSPECIFIED.);
#8553 = CARTESIAN_POINT('',(4.,0.985611674858));
#8554 = CARTESIAN_POINT('',(3.9659863028,0.983688663144));
#8555 = CARTESIAN_POINT('',(3.932285899068,0.981547564661));
#8556 = CARTESIAN_POINT('',(3.898829174139,0.979197313024));
#8557 = CARTESIAN_POINT('',(3.865546716762,0.976649306195));
#8558 = CARTESIAN_POINT('',(3.832367259904,0.973917102643));
#8559 = CARTESIAN_POINT('',(3.799214287279,0.971016309989));
#8560 = CARTESIAN_POINT('',(3.723806913297,0.964087800838));
#8561 = CARTESIAN_POINT('',(3.681543896159,0.959970072063));
#8562 = CARTESIAN_POINT('',(3.639018084519,0.955646846317));
#8563 = CARTESIAN_POINT('',(3.596087788121,0.951165749424));
#8564 = CARTESIAN_POINT('',(3.552644304078,0.946590903669));
#8565 = CARTESIAN_POINT('',(3.50861722093,0.942008545256));
#8566 = CARTESIAN_POINT('',(3.452112188981,0.936325366713));
#8567 = CARTESIAN_POINT('',(3.440183187596,0.935136518657));
#8568 = CARTESIAN_POINT('',(3.428215639305,0.933956681758));
#8569 = CARTESIAN_POINT('',(3.416211094823,0.932787995087));
#8570 = CARTESIAN_POINT('',(3.404171777714,0.931632681315));
#8571 = CARTESIAN_POINT('',(3.392100628003,0.930493021764));
#8572 = CARTESIAN_POINT('',(3.358274400739,0.927357087685));
#8573 = CARTESIAN_POINT('',(3.336454600651,0.925400589293));
#8574 = CARTESIAN_POINT('',(3.314566414103,0.923515519173));
#8575 = CARTESIAN_POINT('',(3.292639471152,0.921715578153));
#8576 = CARTESIAN_POINT('',(3.270708588082,0.920013722333));
#8577 = CARTESIAN_POINT('',(3.248813792132,0.918421400414));
#8578 = CARTESIAN_POINT('',(3.204680556213,0.915439975536));
#8579 = CARTESIAN_POINT('',(3.182442055142,0.914056185156));
#8580 = CARTESIAN_POINT('',(3.16033393544,0.912806384403));
#8581 = CARTESIAN_POINT('',(3.138399936482,0.911697295334));
#8582 = CARTESIAN_POINT('',(3.116678390319,0.910732273742));
#8583 = CARTESIAN_POINT('',(3.09520228795,0.90991157218));
#8584 = CARTESIAN_POINT('',(3.063204561808,0.90888750595));
#8585 = CARTESIAN_POINT('',(3.052479814653,0.908578838577));
#8586 = CARTESIAN_POINT('',(3.041828417873,0.908306688087));
#8587 = CARTESIAN_POINT('',(3.031252962878,0.908070589459));
#8588 = CARTESIAN_POINT('',(3.02075548044,0.907869940293));
#8589 = CARTESIAN_POINT('',(3.010337481836,0.907704028884));
#8590 = CARTESIAN_POINT('',(3.,0.907572062293));
#8591 = ( GEOMETRIC_REPRESENTATION_CONTEXT(2) 
PARAMETRIC_REPRESENTATION_CONTEXT() REPRESENTATION_CONTEXT('2D SPACE',''
  ) );
#8592 = PCURVE('',#7064,#8593);
#8593 = DEFINITIONAL_REPRESENTATION('',(#8594),#8633);
#8594 = B_SPLINE_CURVE_WITH_KNOTS('',7,(#8595,#8596,#8597,#8598,#8599,
    #8600,#8601,#8602,#8603,#8604,#8605,#8606,#8607,#8608,#8609,#8610,
    #8611,#8612,#8613,#8614,#8615,#8616,#8617,#8618,#8619,#8620,#8621,
    #8622,#8623,#8624,#8625,#8626,#8627,#8628,#8629,#8630,#8631,#8632),
  .UNSPECIFIED.,.F.,.F.,(8,6,6,6,6,6,8),(0.,0.2406344662,0.54634098687,
    0.627808365972,0.774101115989,0.923789683341,1.),.UNSPECIFIED.);
#8595 = CARTESIAN_POINT('',(0.480949747737,-34.65521399042));
#8596 = CARTESIAN_POINT('',(0.465000013724,-34.62956091266));
#8597 = CARTESIAN_POINT('',(0.449165404336,-34.59554047208));
#8598 = CARTESIAN_POINT('',(0.433479191324,-34.55370048676));
#8599 = CARTESIAN_POINT('',(0.417972651083,-34.50448807567));
#8600 = CARTESIAN_POINT('',(0.40267550594,-34.4482471313));
#8601 = CARTESIAN_POINT('',(0.387616627084,-34.38520418603));
#8602 = CARTESIAN_POINT('',(0.354033438679,-34.22681634234));
#8603 = CARTESIAN_POINT('',(0.335685808739,-34.12740569314));
#8604 = CARTESIAN_POINT('',(0.317832938684,-34.01737147807));
#8605 = CARTESIAN_POINT('',(0.300562080724,-33.89663501777));
#8606 = CARTESIAN_POINT('',(0.283991135513,-33.76498042057));
#8607 = CARTESIAN_POINT('',(0.268270486531,-33.62204851219));
#8608 = CARTESIAN_POINT('',(0.249650587624,-33.42639451923));
#8609 = CARTESIAN_POINT('',(0.245805779142,-33.38441343129));
#8610 = CARTESIAN_POINT('',(0.242037531464,-33.34161866223));
#8611 = CARTESIAN_POINT('',(0.238349447277,-33.29801073867));
#8612 = CARTESIAN_POINT('',(0.234745218299,-33.25359251239));
#8613 = CARTESIAN_POINT('',(0.231228566089,-33.20836973834));
#8614 = CARTESIAN_POINT('',(0.221652147447,-33.0797159721));
#8615 = CARTESIAN_POINT('',(0.215794802482,-32.99450753395));
#8616 = CARTESIAN_POINT('',(0.210253509523,-32.90679102764));
#8617 = CARTESIAN_POINT('',(0.205049148791,-32.81665865745));
#8618 = CARTESIAN_POINT('',(0.200199961817,-32.72423791758));
#8619 = CARTESIAN_POINT('',(0.195720394078,-32.62969936729));
#8620 = CARTESIAN_POINT('',(0.187424299453,-32.43459095021));
#8621 = CARTESIAN_POINT('',(0.183624856282,-32.33391491179));
#8622 = CARTESIAN_POINT('',(0.180232193823,-32.23147484217));
#8623 = CARTESIAN_POINT('',(0.177249397935,-32.12751664951));
#8624 = CARTESIAN_POINT('',(0.174672994427,-32.0222905118));
#8625 = CARTESIAN_POINT('',(0.172494137938,-31.9160468073));
#8626 = CARTESIAN_POINT('',(0.169786633378,-31.75454658175));
#8627 = CARTESIAN_POINT('',(0.168972894766,-31.69985854888));
#8628 = CARTESIAN_POINT('',(0.168257123744,-31.64499682491));
#8629 = CARTESIAN_POINT('',(0.167637351006,-31.5899894918));
#8630 = CARTESIAN_POINT('',(0.167111409048,-31.53486276368));
#8631 = CARTESIAN_POINT('',(0.16667699292,-31.47964089837));
#8632 = CARTESIAN_POINT('',(0.16633172098,-31.4243461089));
#8633 = ( GEOMETRIC_REPRESENTATION_CONTEXT(2) 
PARAMETRIC_REPRESENTATION_CONTEXT() REPRESENTATION_CONTEXT('2D SPACE',''
  ) );
#8634 = ORIENTED_EDGE('',*,*,#7697,.F.);
#8635 = ORIENTED_EDGE('',*,*,#4620,.T.);
#8636 = ADVANCED_FACE('',(#8637),#4799,.T.);
#8637 = FACE_BOUND('',#8638,.T.);
#8638 = EDGE_LOOP('',(#8639,#8640,#8641,#8642));
#8639 = ORIENTED_EDGE('',*,*,#8263,.F.);
#8640 = ORIENTED_EDGE('',*,*,#4771,.T.);
#8641 = ORIENTED_EDGE('',*,*,#7789,.T.);
#8642 = ORIENTED_EDGE('',*,*,#8643,.T.);
#8643 = EDGE_CURVE('',#7790,#8264,#8644,.T.);
#8644 = SURFACE_CURVE('',#8645,(#8680,#8722),.PCURVE_S1.);
#8645 = B_SPLINE_CURVE_WITH_KNOTS('',9,(#8646,#8647,#8648,#8649,#8650,
    #8651,#8652,#8653,#8654,#8655,#8656,#8657,#8658,#8659,#8660,#8661,
    #8662,#8663,#8664,#8665,#8666,#8667,#8668,#8669,#8670,#8671,#8672,
    #8673,#8674,#8675,#8676,#8677,#8678,#8679),.UNSPECIFIED.,.F.,.F.,(10
    ,8,8,8,10),(-2.187547431843,-1.909591707079,2.390802477631,
    6.691196662342,6.969151195799),.UNSPECIFIED.);
#8646 = CARTESIAN_POINT('',(16.099070842648,4.468186609445,
    8.962058748936));
#8647 = CARTESIAN_POINT('',(16.099527531107,4.435617447678,
    8.970720348099));
#8648 = CARTESIAN_POINT('',(16.099979349276,4.403395615247,
    8.979289576831));
#8649 = CARTESIAN_POINT('',(16.100426297154,4.371521112152,
    8.987766435133));
#8650 = CARTESIAN_POINT('',(16.10086837474,4.339993938393,8.996150923006
    ));
#8651 = CARTESIAN_POINT('',(16.101305582035,4.308814093969,
    9.004443040447));
#8652 = CARTESIAN_POINT('',(16.101737919039,4.277981578881,
    9.012642787459));
#8653 = CARTESIAN_POINT('',(16.102165385752,4.247496393129,9.02075016404
    ));
#8654 = CARTESIAN_POINT('',(16.102587982174,4.217358536712,
    9.028765170192));
#8655 = CARTESIAN_POINT('',(16.109468561427,3.726663635289,
    9.159262926865));
#8656 = CARTESIAN_POINT('',(16.131661366564,3.265581419679,
    9.259889010514));
#8657 = CARTESIAN_POINT('',(16.165396915823,2.802912237015,
    9.340006154528));
#8658 = CARTESIAN_POINT('',(16.204709237861,2.341146983156,
    9.401224801495));
#8659 = CARTESIAN_POINT('',(16.24320019609,1.873523527802,9.44640511287)
  );
#8660 = CARTESIAN_POINT('',(16.274854984494,1.407390053455,9.4781669054)
  );
#8661 = CARTESIAN_POINT('',(16.29718254256,0.938475925962,9.498810644799
    ));
#8662 = CARTESIAN_POINT('',(16.308314099998,0.469271082957,9.5091022287)
  );
#8663 = CARTESIAN_POINT('',(16.308314656559,-0.46924585048,
    9.509102655947));
#8664 = CARTESIAN_POINT('',(16.29718458359,-0.938462453143,
    9.498811455074));
#8665 = CARTESIAN_POINT('',(16.274851568909,-1.407484094105,
    9.478168167583));
#8666 = CARTESIAN_POINT('',(16.243194862254,-1.873473683848,
    9.446392903558));
#8667 = CARTESIAN_POINT('',(16.204727067178,-2.341037643897,
    9.401246410512));
#8668 = CARTESIAN_POINT('',(16.165387034449,-2.802967559103,
    9.340000896425));
#8669 = CARTESIAN_POINT('',(16.131663116843,-3.265576874618,
    9.259888089033));
#8670 = CARTESIAN_POINT('',(16.109469037862,-3.726656271844,
    9.159264345168));
#8671 = CARTESIAN_POINT('',(16.102588242805,-4.217347531119,
    9.028767927303));
#8672 = CARTESIAN_POINT('',(16.102165633559,-4.247485133155,
    9.02075301154));
#8673 = CARTESIAN_POINT('',(16.101738152618,-4.277970151194,
    9.01264570256));
#8674 = CARTESIAN_POINT('',(16.101305799981,-4.308802585235,
    9.004446000364));
#8675 = CARTESIAN_POINT('',(16.100868575649,-4.339982435278,
    8.996153904951));
#8676 = CARTESIAN_POINT('',(16.100426479622,-4.371509701324,
    8.987769416321));
#8677 = CARTESIAN_POINT('',(16.099979511899,-4.403384383372,
    8.979292534475));
#8678 = CARTESIAN_POINT('',(16.099527672481,-4.435606481422,
    8.970723259412));
#8679 = CARTESIAN_POINT('',(16.099070961368,-4.468175995474,
    8.962061591133));
#8680 = PCURVE('',#4799,#8681);
#8681 = DEFINITIONAL_REPRESENTATION('',(#8682),#8721);
#8682 = B_SPLINE_CURVE_WITH_KNOTS('',10,(#8683,#8684,#8685,#8686,#8687,
    #8688,#8689,#8690,#8691,#8692,#8693,#8694,#8695,#8696,#8697,#8698,
    #8699,#8700,#8701,#8702,#8703,#8704,#8705,#8706,#8707,#8708,#8709,
    #8710,#8711,#8712,#8713,#8714,#8715,#8716,#8717,#8718,#8719,#8720),
  .UNSPECIFIED.,.F.,.F.,(11,9,9,9,11),(-0.330486051372,1.030161910968,
    2.390809873309,3.75145783565,5.112105797991),.UNSPECIFIED.);
#8683 = CARTESIAN_POINT('',(5.000000037182,0.966545448977));
#8684 = CARTESIAN_POINT('',(4.977614761114,0.967497800738));
#8685 = CARTESIAN_POINT('',(4.954773572675,0.968378382271));
#8686 = CARTESIAN_POINT('',(4.931507816091,0.969190093024));
#8687 = CARTESIAN_POINT('',(4.907849110993,0.969935866442));
#8688 = CARTESIAN_POINT('',(4.883830359186,0.970618577771));
#8689 = CARTESIAN_POINT('',(4.859484628993,0.97124101763));
#8690 = CARTESIAN_POINT('',(4.834844054974,0.971805863703));
#8691 = CARTESIAN_POINT('',(4.809939626806,0.972315626742));
#8692 = CARTESIAN_POINT('',(4.784801477486,0.97277259106));
#8693 = CARTESIAN_POINT('',(4.734114556561,0.973585035966));
#8694 = CARTESIAN_POINT('',(4.708565843578,0.973940515398));
#8695 = CARTESIAN_POINT('',(4.682840197393,0.974247304612));
#8696 = CARTESIAN_POINT('',(4.656965898568,0.974507207447));
#8697 = CARTESIAN_POINT('',(4.630966546437,0.974721767416));
#8698 = CARTESIAN_POINT('',(4.604871514185,0.974892193332));
#8699 = CARTESIAN_POINT('',(4.578700922658,0.975019415234));
#8700 = CARTESIAN_POINT('',(4.552483639861,0.975104005266));
#8701 = CARTESIAN_POINT('',(4.526242713015,0.97514626707));
#8702 = CARTESIAN_POINT('',(4.473759389479,0.975146269174));
#8703 = CARTESIAN_POINT('',(4.447518279051,0.975104009256));
#8704 = CARTESIAN_POINT('',(4.421300247763,0.975019420943));
#8705 = CARTESIAN_POINT('',(4.395128540284,0.974892196794));
#8706 = CARTESIAN_POINT('',(4.369032228268,0.974721762682));
#8707 = CARTESIAN_POINT('',(4.343031856606,0.974507191069));
#8708 = CARTESIAN_POINT('',(4.317156844523,0.974247276046));
#8709 = CARTESIAN_POINT('',(4.291430911525,0.973940477555));
#8710 = CARTESIAN_POINT('',(4.265882267255,0.973584993511));
#8711 = CARTESIAN_POINT('',(4.215196017948,0.97277254942));
#8712 = CARTESIAN_POINT('',(4.190058467295,0.972315590348));
#8713 = CARTESIAN_POINT('',(4.165154824753,0.97180583865));
#8714 = CARTESIAN_POINT('',(4.140515041306,0.971241007081));
#8715 = CARTESIAN_POINT('',(4.116169975982,0.970618583184));
#8716 = CARTESIAN_POINT('',(4.092151660398,0.969935886092));
#8717 = CARTESIAN_POINT('',(4.068493084633,0.969190120078));
#8718 = CARTESIAN_POINT('',(4.045227164945,0.968378407197));
#8719 = CARTESIAN_POINT('',(4.022385666803,0.967497817398));
#8720 = CARTESIAN_POINT('',(3.999999969283,0.966545450484));
#8721 = ( GEOMETRIC_REPRESENTATION_CONTEXT(2) 
PARAMETRIC_REPRESENTATION_CONTEXT() REPRESENTATION_CONTEXT('2D SPACE',''
  ) );
#8722 = PCURVE('',#8102,#8723);
#8723 = DEFINITIONAL_REPRESENTATION('',(#8724),#8728);
#8724 = LINE('',#8725,#8726);
#8725 = CARTESIAN_POINT('',(8.600788369421,0.));
#8726 = VECTOR('',#8727,1.);
#8727 = DIRECTION('',(0.,1.));
#8728 = ( GEOMETRIC_REPRESENTATION_CONTEXT(2) 
PARAMETRIC_REPRESENTATION_CONTEXT() REPRESENTATION_CONTEXT('2D SPACE',''
  ) );
#8729 = ADVANCED_FACE('',(#8730),#5474,.T.);
#8730 = FACE_BOUND('',#8731,.T.);
#8731 = EDGE_LOOP('',(#8732,#8753,#8774,#8775));
#8732 = ORIENTED_EDGE('',*,*,#8733,.T.);
#8733 = EDGE_CURVE('',#6581,#8734,#8736,.T.);
#8734 = VERTEX_POINT('',#8735);
#8735 = CARTESIAN_POINT('',(14.627003572083,-0.4,4.5));
#8736 = SURFACE_CURVE('',#8737,(#8741,#8747),.PCURVE_S1.);
#8737 = LINE('',#8738,#8739);
#8738 = CARTESIAN_POINT('',(14.627003572083,-0.4,4.5));
#8739 = VECTOR('',#8740,1.);
#8740 = DIRECTION('',(0.,0.,-1.));
#8741 = PCURVE('',#5474,#8742);
#8742 = DEFINITIONAL_REPRESENTATION('',(#8743),#8746);
#8743 = B_SPLINE_CURVE_WITH_KNOTS('',1,(#8744,#8745),.UNSPECIFIED.,.F.,
  .F.,(2,2),(-1.0000006,5.999999999062E-07),.PIECEWISE_BEZIER_KNOTS.);
#8744 = CARTESIAN_POINT('',(1.497996427917,-1.0000006));
#8745 = CARTESIAN_POINT('',(1.497996427917,5.999999999062E-07));
#8746 = ( GEOMETRIC_REPRESENTATION_CONTEXT(2) 
PARAMETRIC_REPRESENTATION_CONTEXT() REPRESENTATION_CONTEXT('2D SPACE',''
  ) );
#8747 = PCURVE('',#5575,#8748);
#8748 = DEFINITIONAL_REPRESENTATION('',(#8749),#8752);
#8749 = B_SPLINE_CURVE_WITH_KNOTS('',1,(#8750,#8751),.UNSPECIFIED.,.F.,
  .F.,(2,2),(-1.0000006,5.999999999062E-07),.PIECEWISE_BEZIER_KNOTS.);
#8750 = CARTESIAN_POINT('',(0.145972388544,-1.0000006));
#8751 = CARTESIAN_POINT('',(0.145972388544,5.999999999062E-07));
#8752 = ( GEOMETRIC_REPRESENTATION_CONTEXT(2) 
PARAMETRIC_REPRESENTATION_CONTEXT() REPRESENTATION_CONTEXT('2D SPACE',''
  ) );
#8753 = ORIENTED_EDGE('',*,*,#8754,.F.);
#8754 = EDGE_CURVE('',#5421,#8734,#8755,.T.);
#8755 = SURFACE_CURVE('',#8756,(#8760,#8767),.PCURVE_S1.);
#8756 = LINE('',#8757,#8758);
#8757 = CARTESIAN_POINT('',(16.125,-0.4,4.5));
#8758 = VECTOR('',#8759,1.);
#8759 = DIRECTION('',(-1.,0.,0.));
#8760 = PCURVE('',#5474,#8761);
#8761 = DEFINITIONAL_REPRESENTATION('',(#8762),#8766);
#8762 = LINE('',#8763,#8764);
#8763 = CARTESIAN_POINT('',(0.,0.));
#8764 = VECTOR('',#8765,1.);
#8765 = DIRECTION('',(1.,0.));
#8766 = ( GEOMETRIC_REPRESENTATION_CONTEXT(2) 
PARAMETRIC_REPRESENTATION_CONTEXT() REPRESENTATION_CONTEXT('2D SPACE',''
  ) );
#8767 = PCURVE('',#5440,#8768);
#8768 = DEFINITIONAL_REPRESENTATION('',(#8769),#8773);
#8769 = LINE('',#8770,#8771);
#8770 = CARTESIAN_POINT('',(-16.125,-0.4));
#8771 = VECTOR('',#8772,1.);
#8772 = DIRECTION('',(1.,0.));
#8773 = ( GEOMETRIC_REPRESENTATION_CONTEXT(2) 
PARAMETRIC_REPRESENTATION_CONTEXT() REPRESENTATION_CONTEXT('2D SPACE',''
  ) );
#8774 = ORIENTED_EDGE('',*,*,#5454,.T.);
#8775 = ORIENTED_EDGE('',*,*,#6608,.T.);
#8776 = ADVANCED_FACE('',(#8777),#5440,.T.);
#8777 = FACE_BOUND('',#8778,.T.);
#8778 = EDGE_LOOP('',(#8779,#8780,#8804,#8828,#8849));
#8779 = ORIENTED_EDGE('',*,*,#8754,.T.);
#8780 = ORIENTED_EDGE('',*,*,#8781,.F.);
#8781 = EDGE_CURVE('',#8782,#8734,#8784,.T.);
#8782 = VERTEX_POINT('',#8783);
#8783 = CARTESIAN_POINT('',(14.65625,0.,4.5));
#8784 = SURFACE_CURVE('',#8785,(#8790,#8797),.PCURVE_S1.);
#8785 = CIRCLE('',#8786,2.75);
#8786 = AXIS2_PLACEMENT_3D('',#8787,#8788,#8789);
#8787 = CARTESIAN_POINT('',(11.90625,0.,4.5));
#8788 = DIRECTION('',(0.,0.,-1.));
#8789 = DIRECTION('',(1.,0.,0.));
#8790 = PCURVE('',#5440,#8791);
#8791 = DEFINITIONAL_REPRESENTATION('',(#8792),#8796);
#8792 = CIRCLE('',#8793,2.75);
#8793 = AXIS2_PLACEMENT_2D('',#8794,#8795);
#8794 = CARTESIAN_POINT('',(-11.90625,0.));
#8795 = DIRECTION('',(-1.,0.));
#8796 = ( GEOMETRIC_REPRESENTATION_CONTEXT(2) 
PARAMETRIC_REPRESENTATION_CONTEXT() REPRESENTATION_CONTEXT('2D SPACE',''
  ) );
#8797 = PCURVE('',#5575,#8798);
#8798 = DEFINITIONAL_REPRESENTATION('',(#8799),#8803);
#8799 = LINE('',#8800,#8801);
#8800 = CARTESIAN_POINT('',(0.,0.));
#8801 = VECTOR('',#8802,1.);
#8802 = DIRECTION('',(1.,0.));
#8803 = ( GEOMETRIC_REPRESENTATION_CONTEXT(2) 
PARAMETRIC_REPRESENTATION_CONTEXT() REPRESENTATION_CONTEXT('2D SPACE',''
  ) );
#8804 = ORIENTED_EDGE('',*,*,#8805,.F.);
#8805 = EDGE_CURVE('',#8806,#8782,#8808,.T.);
#8806 = VERTEX_POINT('',#8807);
#8807 = CARTESIAN_POINT('',(14.627003572083,0.4,4.5));
#8808 = SURFACE_CURVE('',#8809,(#8814,#8821),.PCURVE_S1.);
#8809 = CIRCLE('',#8810,2.75);
#8810 = AXIS2_PLACEMENT_3D('',#8811,#8812,#8813);
#8811 = CARTESIAN_POINT('',(11.90625,0.,4.5));
#8812 = DIRECTION('',(0.,0.,-1.));
#8813 = DIRECTION('',(1.,0.,0.));
#8814 = PCURVE('',#5440,#8815);
#8815 = DEFINITIONAL_REPRESENTATION('',(#8816),#8820);
#8816 = CIRCLE('',#8817,2.75);
#8817 = AXIS2_PLACEMENT_2D('',#8818,#8819);
#8818 = CARTESIAN_POINT('',(-11.90625,0.));
#8819 = DIRECTION('',(-1.,0.));
#8820 = ( GEOMETRIC_REPRESENTATION_CONTEXT(2) 
PARAMETRIC_REPRESENTATION_CONTEXT() REPRESENTATION_CONTEXT('2D SPACE',''
  ) );
#8821 = PCURVE('',#5575,#8822);
#8822 = DEFINITIONAL_REPRESENTATION('',(#8823),#8827);
#8823 = LINE('',#8824,#8825);
#8824 = CARTESIAN_POINT('',(0.,0.));
#8825 = VECTOR('',#8826,1.);
#8826 = DIRECTION('',(1.,0.));
#8827 = ( GEOMETRIC_REPRESENTATION_CONTEXT(2) 
PARAMETRIC_REPRESENTATION_CONTEXT() REPRESENTATION_CONTEXT('2D SPACE',''
  ) );
#8828 = ORIENTED_EDGE('',*,*,#8829,.T.);
#8829 = EDGE_CURVE('',#8806,#5387,#8830,.T.);
#8830 = SURFACE_CURVE('',#8831,(#8835,#8842),.PCURVE_S1.);
#8831 = LINE('',#8832,#8833);
#8832 = CARTESIAN_POINT('',(-16.125,0.4,4.5));
#8833 = VECTOR('',#8834,1.);
#8834 = DIRECTION('',(1.,0.,0.));
#8835 = PCURVE('',#5440,#8836);
#8836 = DEFINITIONAL_REPRESENTATION('',(#8837),#8841);
#8837 = LINE('',#8838,#8839);
#8838 = CARTESIAN_POINT('',(16.125,0.4));
#8839 = VECTOR('',#8840,1.);
#8840 = DIRECTION('',(-1.,0.));
#8841 = ( GEOMETRIC_REPRESENTATION_CONTEXT(2) 
PARAMETRIC_REPRESENTATION_CONTEXT() REPRESENTATION_CONTEXT('2D SPACE',''
  ) );
#8842 = PCURVE('',#5406,#8843);
#8843 = DEFINITIONAL_REPRESENTATION('',(#8844),#8848);
#8844 = LINE('',#8845,#8846);
#8845 = CARTESIAN_POINT('',(0.,0.));
#8846 = VECTOR('',#8847,1.);
#8847 = DIRECTION('',(1.,0.));
#8848 = ( GEOMETRIC_REPRESENTATION_CONTEXT(2) 
PARAMETRIC_REPRESENTATION_CONTEXT() REPRESENTATION_CONTEXT('2D SPACE',''
  ) );
#8849 = ORIENTED_EDGE('',*,*,#5420,.T.);
#8850 = ADVANCED_FACE('',(#8851),#5406,.T.);
#8851 = FACE_BOUND('',#8852,.T.);
#8852 = EDGE_LOOP('',(#8853,#8854,#8873,#8874));
#8853 = ORIENTED_EDGE('',*,*,#8829,.F.);
#8854 = ORIENTED_EDGE('',*,*,#8855,.F.);
#8855 = EDGE_CURVE('',#5535,#8806,#8856,.T.);
#8856 = SURFACE_CURVE('',#8857,(#8861,#8867),.PCURVE_S1.);
#8857 = LINE('',#8858,#8859);
#8858 = CARTESIAN_POINT('',(14.627003572083,0.4,4.5));
#8859 = VECTOR('',#8860,1.);
#8860 = DIRECTION('',(0.,0.,-1.));
#8861 = PCURVE('',#5406,#8862);
#8862 = DEFINITIONAL_REPRESENTATION('',(#8863),#8866);
#8863 = B_SPLINE_CURVE_WITH_KNOTS('',1,(#8864,#8865),.UNSPECIFIED.,.F.,
  .F.,(2,2),(-1.0000006,5.999999999062E-07),.PIECEWISE_BEZIER_KNOTS.);
#8864 = CARTESIAN_POINT('',(30.752003572083,-1.0000006));
#8865 = CARTESIAN_POINT('',(30.752003572083,5.999999999062E-07));
#8866 = ( GEOMETRIC_REPRESENTATION_CONTEXT(2) 
PARAMETRIC_REPRESENTATION_CONTEXT() REPRESENTATION_CONTEXT('2D SPACE',''
  ) );
#8867 = PCURVE('',#5575,#8868);
#8868 = DEFINITIONAL_REPRESENTATION('',(#8869),#8872);
#8869 = B_SPLINE_CURVE_WITH_KNOTS('',1,(#8870,#8871),.UNSPECIFIED.,.F.,
  .F.,(2,2),(-1.0000006,5.999999999062E-07),.PIECEWISE_BEZIER_KNOTS.);
#8870 = CARTESIAN_POINT('',(6.137212918635,-1.0000006));
#8871 = CARTESIAN_POINT('',(6.137212918635,5.999999999062E-07));
#8872 = ( GEOMETRIC_REPRESENTATION_CONTEXT(2) 
PARAMETRIC_REPRESENTATION_CONTEXT() REPRESENTATION_CONTEXT('2D SPACE',''
  ) );
#8873 = ORIENTED_EDGE('',*,*,#5534,.T.);
#8874 = ORIENTED_EDGE('',*,*,#5386,.F.);
#8875 = ADVANCED_FACE('',(#8876),#5575,.T.);
#8876 = FACE_BOUND('',#8877,.T.);
#8877 = EDGE_LOOP('',(#8878,#8879,#8880,#8881,#8882,#8883,#8884,#8885,
    #8886,#8887,#8888,#8911,#8942,#8943,#8944,#8945,#8946,#8947,#8948,
    #8949));
#8878 = ORIENTED_EDGE('',*,*,#6282,.T.);
#8879 = ORIENTED_EDGE('',*,*,#5888,.T.);
#8880 = ORIENTED_EDGE('',*,*,#5866,.F.);
#8881 = ORIENTED_EDGE('',*,*,#5755,.F.);
#8882 = ORIENTED_EDGE('',*,*,#5688,.T.);
#8883 = ORIENTED_EDGE('',*,*,#5637,.T.);
#8884 = ORIENTED_EDGE('',*,*,#5590,.F.);
#8885 = ORIENTED_EDGE('',*,*,#5556,.F.);
#8886 = ORIENTED_EDGE('',*,*,#8855,.T.);
#8887 = ORIENTED_EDGE('',*,*,#8805,.T.);
#8888 = ORIENTED_EDGE('',*,*,#8889,.F.);
#8889 = EDGE_CURVE('',#8890,#8782,#8892,.T.);
#8890 = VERTEX_POINT('',#8891);
#8891 = CARTESIAN_POINT('',(14.65625,0.,0.6));
#8892 = SEAM_CURVE('',#8893,(#8897,#8904),.PCURVE_S1.);
#8893 = LINE('',#8894,#8895);
#8894 = CARTESIAN_POINT('',(14.65625,0.,0.6));
#8895 = VECTOR('',#8896,1.);
#8896 = DIRECTION('',(0.,0.,1.));
#8897 = PCURVE('',#5575,#8898);
#8898 = DEFINITIONAL_REPRESENTATION('',(#8899),#8903);
#8899 = LINE('',#8900,#8901);
#8900 = CARTESIAN_POINT('',(6.28318530718,3.9));
#8901 = VECTOR('',#8902,1.);
#8902 = DIRECTION('',(0.,-1.));
#8903 = ( GEOMETRIC_REPRESENTATION_CONTEXT(2) 
PARAMETRIC_REPRESENTATION_CONTEXT() REPRESENTATION_CONTEXT('2D SPACE',''
  ) );
#8904 = PCURVE('',#5575,#8905);
#8905 = DEFINITIONAL_REPRESENTATION('',(#8906),#8910);
#8906 = LINE('',#8907,#8908);
#8907 = CARTESIAN_POINT('',(0.,3.9));
#8908 = VECTOR('',#8909,1.);
#8909 = DIRECTION('',(0.,-1.));
#8910 = ( GEOMETRIC_REPRESENTATION_CONTEXT(2) 
PARAMETRIC_REPRESENTATION_CONTEXT() REPRESENTATION_CONTEXT('2D SPACE',''
  ) );
#8911 = ORIENTED_EDGE('',*,*,#8912,.T.);
#8912 = EDGE_CURVE('',#8890,#8890,#8913,.T.);
#8913 = SURFACE_CURVE('',#8914,(#8919,#8926),.PCURVE_S1.);
#8914 = CIRCLE('',#8915,2.75);
#8915 = AXIS2_PLACEMENT_3D('',#8916,#8917,#8918);
#8916 = CARTESIAN_POINT('',(11.90625,4.703859834072E-16,0.6));
#8917 = DIRECTION('',(0.,0.,1.));
#8918 = DIRECTION('',(1.,7.387991131778E-17,-0.));
#8919 = PCURVE('',#5575,#8920);
#8920 = DEFINITIONAL_REPRESENTATION('',(#8921),#8925);
#8921 = LINE('',#8922,#8923);
#8922 = CARTESIAN_POINT('',(6.28318530718,3.9));
#8923 = VECTOR('',#8924,1.);
#8924 = DIRECTION('',(-1.,-0.));
#8925 = ( GEOMETRIC_REPRESENTATION_CONTEXT(2) 
PARAMETRIC_REPRESENTATION_CONTEXT() REPRESENTATION_CONTEXT('2D SPACE',''
  ) );
#8926 = PCURVE('',#8927,#8932);
#8927 = PLANE('',#8928);
#8928 = AXIS2_PLACEMENT_3D('',#8929,#8930,#8931);
#8929 = CARTESIAN_POINT('',(-2.486254786435E-16,-1.205344939993E-17,0.6)
  );
#8930 = DIRECTION('',(-0.,-0.,-1.));
#8931 = DIRECTION('',(-1.,0.,0.));
#8932 = DEFINITIONAL_REPRESENTATION('',(#8933),#8941);
#8933 = ( BOUNDED_CURVE() B_SPLINE_CURVE(2,(#8934,#8935,#8936,#8937,
#8938,#8939,#8940),.UNSPECIFIED.,.T.,.F.) B_SPLINE_CURVE_WITH_KNOTS((1,2
    ,2,2,2,1),(-2.094395102393,0.,2.094395102393,4.188790204786,
6.28318530718,8.377580409573),.UNSPECIFIED.) CURVE() 
GEOMETRIC_REPRESENTATION_ITEM() RATIONAL_B_SPLINE_CURVE((1.,0.5,1.,0.5,
1.,0.5,1.)) REPRESENTATION_ITEM('') );
#8934 = CARTESIAN_POINT('',(-14.65625,6.85609188931E-16));
#8935 = CARTESIAN_POINT('',(-14.65625,4.763139720814));
#8936 = CARTESIAN_POINT('',(-10.53125,2.381569860407));
#8937 = CARTESIAN_POINT('',(-6.40625,7.496556600904E-16));
#8938 = CARTESIAN_POINT('',(-10.53125,-2.381569860407));
#8939 = CARTESIAN_POINT('',(-14.65625,-4.763139720814));
#8940 = CARTESIAN_POINT('',(-14.65625,6.85609188931E-16));
#8941 = ( GEOMETRIC_REPRESENTATION_CONTEXT(2) 
PARAMETRIC_REPRESENTATION_CONTEXT() REPRESENTATION_CONTEXT('2D SPACE',''
  ) );
#8942 = ORIENTED_EDGE('',*,*,#8889,.T.);
#8943 = ORIENTED_EDGE('',*,*,#8781,.T.);
#8944 = ORIENTED_EDGE('',*,*,#8733,.F.);
#8945 = ORIENTED_EDGE('',*,*,#6580,.F.);
#8946 = ORIENTED_EDGE('',*,*,#6533,.T.);
#8947 = ORIENTED_EDGE('',*,*,#6483,.T.);
#8948 = ORIENTED_EDGE('',*,*,#6435,.F.);
#8949 = ORIENTED_EDGE('',*,*,#6350,.F.);
#8950 = ADVANCED_FACE('',(#8951),#5957,.T.);
#8951 = FACE_BOUND('',#8952,.F.);
#8952 = EDGE_LOOP('',(#8953,#8976,#8977,#9000));
#8953 = ORIENTED_EDGE('',*,*,#8954,.F.);
#8954 = EDGE_CURVE('',#5940,#8955,#8957,.T.);
#8955 = VERTEX_POINT('',#8956);
#8956 = CARTESIAN_POINT('',(-0.56,-2.075,0.8));
#8957 = SURFACE_CURVE('',#8958,(#8962,#8969),.PCURVE_S1.);
#8958 = LINE('',#8959,#8960);
#8959 = CARTESIAN_POINT('',(-0.386666666667,-1.901666666667,
    0.973333333333));
#8960 = VECTOR('',#8961,1.);
#8961 = DIRECTION('',(0.57735026919,0.57735026919,0.57735026919));
#8962 = PCURVE('',#5957,#8963);
#8963 = DEFINITIONAL_REPRESENTATION('',(#8964),#8968);
#8964 = LINE('',#8965,#8966);
#8965 = CARTESIAN_POINT('',(-0.173333333333,0.386551707049));
#8966 = VECTOR('',#8967,1.);
#8967 = DIRECTION('',(-0.57735026919,0.816496580928));
#8968 = ( GEOMETRIC_REPRESENTATION_CONTEXT(2) 
PARAMETRIC_REPRESENTATION_CONTEXT() REPRESENTATION_CONTEXT('2D SPACE',''
  ) );
#8969 = PCURVE('',#6263,#8970);
#8970 = DEFINITIONAL_REPRESENTATION('',(#8971),#8975);
#8971 = LINE('',#8972,#8973);
#8972 = CARTESIAN_POINT('',(-1.266666666667,0.386551707049));
#8973 = VECTOR('',#8974,1.);
#8974 = DIRECTION('',(0.57735026919,0.816496580928));
#8975 = ( GEOMETRIC_REPRESENTATION_CONTEXT(2) 
PARAMETRIC_REPRESENTATION_CONTEXT() REPRESENTATION_CONTEXT('2D SPACE',''
  ) );
#8976 = ORIENTED_EDGE('',*,*,#5939,.T.);
#8977 = ORIENTED_EDGE('',*,*,#8978,.T.);
#8978 = EDGE_CURVE('',#5942,#8979,#8981,.T.);
#8979 = VERTEX_POINT('',#8980);
#8980 = CARTESIAN_POINT('',(0.56,-2.075,0.8));
#8981 = SURFACE_CURVE('',#8982,(#8986,#8993),.PCURVE_S1.);
#8982 = LINE('',#8983,#8984);
#8983 = CARTESIAN_POINT('',(0.2,-1.715,1.16));
#8984 = VECTOR('',#8985,1.);
#8985 = DIRECTION('',(-0.57735026919,0.57735026919,0.57735026919));
#8986 = PCURVE('',#5957,#8987);
#8987 = DEFINITIONAL_REPRESENTATION('',(#8988),#8992);
#8988 = LINE('',#8989,#8990);
#8989 = CARTESIAN_POINT('',(-0.76,0.650538238692));
#8990 = VECTOR('',#8991,1.);
#8991 = DIRECTION('',(0.57735026919,0.816496580928));
#8992 = ( GEOMETRIC_REPRESENTATION_CONTEXT(2) 
PARAMETRIC_REPRESENTATION_CONTEXT() REPRESENTATION_CONTEXT('2D SPACE',''
  ) );
#8993 = PCURVE('',#5985,#8994);
#8994 = DEFINITIONAL_REPRESENTATION('',(#8995),#8999);
#8995 = LINE('',#8996,#8997);
#8996 = CARTESIAN_POINT('',(-1.08,0.650538238692));
#8997 = VECTOR('',#8998,1.);
#8998 = DIRECTION('',(0.57735026919,0.816496580928));
#8999 = ( GEOMETRIC_REPRESENTATION_CONTEXT(2) 
PARAMETRIC_REPRESENTATION_CONTEXT() REPRESENTATION_CONTEXT('2D SPACE',''
  ) );
#9000 = ORIENTED_EDGE('',*,*,#9001,.F.);
#9001 = EDGE_CURVE('',#8955,#8979,#9002,.T.);
#9002 = SURFACE_CURVE('',#9003,(#9007,#9014),.PCURVE_S1.);
#9003 = LINE('',#9004,#9005);
#9004 = CARTESIAN_POINT('',(-0.56,-2.075,0.8));
#9005 = VECTOR('',#9006,1.);
#9006 = DIRECTION('',(1.,-0.,0.));
#9007 = PCURVE('',#5957,#9008);
#9008 = DEFINITIONAL_REPRESENTATION('',(#9009),#9013);
#9009 = LINE('',#9010,#9011);
#9010 = CARTESIAN_POINT('',(-0.,0.141421356237));
#9011 = VECTOR('',#9012,1.);
#9012 = DIRECTION('',(-1.,0.));
#9013 = ( GEOMETRIC_REPRESENTATION_CONTEXT(2) 
PARAMETRIC_REPRESENTATION_CONTEXT() REPRESENTATION_CONTEXT('2D SPACE',''
  ) );
#9014 = PCURVE('',#9015,#9020);
#9015 = PLANE('',#9016);
#9016 = AXIS2_PLACEMENT_3D('',#9017,#9018,#9019);
#9017 = CARTESIAN_POINT('',(-0.56,-2.075,0.));
#9018 = DIRECTION('',(0.,1.,-0.));
#9019 = DIRECTION('',(1.,0.,0.));
#9020 = DEFINITIONAL_REPRESENTATION('',(#9021),#9025);
#9021 = LINE('',#9022,#9023);
#9022 = CARTESIAN_POINT('',(0.,-0.8));
#9023 = VECTOR('',#9024,1.);
#9024 = DIRECTION('',(1.,0.));
#9025 = ( GEOMETRIC_REPRESENTATION_CONTEXT(2) 
PARAMETRIC_REPRESENTATION_CONTEXT() REPRESENTATION_CONTEXT('2D SPACE',''
  ) );
#9026 = ADVANCED_FACE('',(#9027),#6263,.T.);
#9027 = FACE_BOUND('',#9028,.F.);
#9028 = EDGE_LOOP('',(#9029,#9052,#9053,#9054));
#9029 = ORIENTED_EDGE('',*,*,#9030,.F.);
#9030 = EDGE_CURVE('',#6222,#9031,#9033,.T.);
#9031 = VERTEX_POINT('',#9032);
#9032 = CARTESIAN_POINT('',(-0.56,-0.635,0.8));
#9033 = SURFACE_CURVE('',#9034,(#9038,#9045),.PCURVE_S1.);
#9034 = LINE('',#9035,#9036);
#9035 = CARTESIAN_POINT('',(-0.879166666667,-0.954166666667,
    0.480833333333));
#9036 = VECTOR('',#9037,1.);
#9037 = DIRECTION('',(0.57735026919,0.57735026919,0.57735026919));
#9038 = PCURVE('',#6263,#9039);
#9039 = DEFINITIONAL_REPRESENTATION('',(#9040),#9044);
#9040 = LINE('',#9041,#9042);
#9041 = CARTESIAN_POINT('',(-0.319166666667,-0.30994847242));
#9042 = VECTOR('',#9043,1.);
#9043 = DIRECTION('',(0.57735026919,0.816496580928));
#9044 = ( GEOMETRIC_REPRESENTATION_CONTEXT(2) 
PARAMETRIC_REPRESENTATION_CONTEXT() REPRESENTATION_CONTEXT('2D SPACE',''
  ) );
#9045 = PCURVE('',#6237,#9046);
#9046 = DEFINITIONAL_REPRESENTATION('',(#9047),#9051);
#9047 = LINE('',#9048,#9049);
#9048 = CARTESIAN_POINT('',(-1.195833333333,-0.30994847242));
#9049 = VECTOR('',#9050,1.);
#9050 = DIRECTION('',(-0.57735026919,0.816496580928));
#9051 = ( GEOMETRIC_REPRESENTATION_CONTEXT(2) 
PARAMETRIC_REPRESENTATION_CONTEXT() REPRESENTATION_CONTEXT('2D SPACE',''
  ) );
#9052 = ORIENTED_EDGE('',*,*,#6249,.T.);
#9053 = ORIENTED_EDGE('',*,*,#8954,.T.);
#9054 = ORIENTED_EDGE('',*,*,#9055,.F.);
#9055 = EDGE_CURVE('',#9031,#8955,#9056,.T.);
#9056 = SURFACE_CURVE('',#9057,(#9061,#9068),.PCURVE_S1.);
#9057 = LINE('',#9058,#9059);
#9058 = CARTESIAN_POINT('',(-0.56,-0.635,0.8));
#9059 = VECTOR('',#9060,1.);
#9060 = DIRECTION('',(0.,-1.,0.));
#9061 = PCURVE('',#6263,#9062);
#9062 = DEFINITIONAL_REPRESENTATION('',(#9063),#9067);
#9063 = LINE('',#9064,#9065);
#9064 = CARTESIAN_POINT('',(-0.,0.141421356237));
#9065 = VECTOR('',#9066,1.);
#9066 = DIRECTION('',(-1.,0.));
#9067 = ( GEOMETRIC_REPRESENTATION_CONTEXT(2) 
PARAMETRIC_REPRESENTATION_CONTEXT() REPRESENTATION_CONTEXT('2D SPACE',''
  ) );
#9068 = PCURVE('',#9069,#9074);
#9069 = PLANE('',#9070);
#9070 = AXIS2_PLACEMENT_3D('',#9071,#9072,#9073);
#9071 = CARTESIAN_POINT('',(-0.56,-0.635,0.));
#9072 = DIRECTION('',(1.,0.,0.));
#9073 = DIRECTION('',(0.,-1.,0.));
#9074 = DEFINITIONAL_REPRESENTATION('',(#9075),#9079);
#9075 = LINE('',#9076,#9077);
#9076 = CARTESIAN_POINT('',(0.,-0.8));
#9077 = VECTOR('',#9078,1.);
#9078 = DIRECTION('',(1.,0.));
#9079 = ( GEOMETRIC_REPRESENTATION_CONTEXT(2) 
PARAMETRIC_REPRESENTATION_CONTEXT() REPRESENTATION_CONTEXT('2D SPACE',''
  ) );
#9080 = ADVANCED_FACE('',(#9081),#5985,.F.);
#9081 = FACE_BOUND('',#9082,.T.);
#9082 = EDGE_LOOP('',(#9083,#9106,#9107,#9108));
#9083 = ORIENTED_EDGE('',*,*,#9084,.F.);
#9084 = EDGE_CURVE('',#5970,#9085,#9087,.T.);
#9085 = VERTEX_POINT('',#9086);
#9086 = CARTESIAN_POINT('',(0.56,-0.635,0.8));
#9087 = SURFACE_CURVE('',#9088,(#9092,#9099),.PCURVE_S1.);
#9088 = LINE('',#9089,#9090);
#9089 = CARTESIAN_POINT('',(0.626666666667,-0.701666666667,
    0.733333333333));
#9090 = VECTOR('',#9091,1.);
#9091 = DIRECTION('',(-0.57735026919,0.57735026919,0.57735026919));
#9092 = PCURVE('',#5985,#9093);
#9093 = DEFINITIONAL_REPRESENTATION('',(#9094),#9098);
#9094 = LINE('',#9095,#9096);
#9095 = CARTESIAN_POINT('',(-6.666666666667E-02,4.71404520791E-02));
#9096 = VECTOR('',#9097,1.);
#9097 = DIRECTION('',(0.57735026919,0.816496580928));
#9098 = ( GEOMETRIC_REPRESENTATION_CONTEXT(2) 
PARAMETRIC_REPRESENTATION_CONTEXT() REPRESENTATION_CONTEXT('2D SPACE',''
  ) );
#9099 = PCURVE('',#6013,#9100);
#9100 = DEFINITIONAL_REPRESENTATION('',(#9101),#9105);
#9101 = LINE('',#9102,#9103);
#9102 = CARTESIAN_POINT('',(-6.666666666667E-02,4.71404520791E-02));
#9103 = VECTOR('',#9104,1.);
#9104 = DIRECTION('',(0.57735026919,0.816496580928));
#9105 = ( GEOMETRIC_REPRESENTATION_CONTEXT(2) 
PARAMETRIC_REPRESENTATION_CONTEXT() REPRESENTATION_CONTEXT('2D SPACE',''
  ) );
#9106 = ORIENTED_EDGE('',*,*,#5969,.T.);
#9107 = ORIENTED_EDGE('',*,*,#8978,.T.);
#9108 = ORIENTED_EDGE('',*,*,#9109,.F.);
#9109 = EDGE_CURVE('',#9085,#8979,#9110,.T.);
#9110 = SURFACE_CURVE('',#9111,(#9115,#9122),.PCURVE_S1.);
#9111 = LINE('',#9112,#9113);
#9112 = CARTESIAN_POINT('',(0.56,-0.635,0.8));
#9113 = VECTOR('',#9114,1.);
#9114 = DIRECTION('',(0.,-1.,0.));
#9115 = PCURVE('',#5985,#9116);
#9116 = DEFINITIONAL_REPRESENTATION('',(#9117),#9121);
#9117 = LINE('',#9118,#9119);
#9118 = CARTESIAN_POINT('',(-0.,0.141421356237));
#9119 = VECTOR('',#9120,1.);
#9120 = DIRECTION('',(-1.,0.));
#9121 = ( GEOMETRIC_REPRESENTATION_CONTEXT(2) 
PARAMETRIC_REPRESENTATION_CONTEXT() REPRESENTATION_CONTEXT('2D SPACE',''
  ) );
#9122 = PCURVE('',#9123,#9128);
#9123 = PLANE('',#9124);
#9124 = AXIS2_PLACEMENT_3D('',#9125,#9126,#9127);
#9125 = CARTESIAN_POINT('',(0.56,-0.635,0.));
#9126 = DIRECTION('',(1.,0.,0.));
#9127 = DIRECTION('',(0.,-1.,0.));
#9128 = DEFINITIONAL_REPRESENTATION('',(#9129),#9133);
#9129 = LINE('',#9130,#9131);
#9130 = CARTESIAN_POINT('',(0.,-0.8));
#9131 = VECTOR('',#9132,1.);
#9132 = DIRECTION('',(1.,0.));
#9133 = ( GEOMETRIC_REPRESENTATION_CONTEXT(2) 
PARAMETRIC_REPRESENTATION_CONTEXT() REPRESENTATION_CONTEXT('2D SPACE',''
  ) );
#9134 = ADVANCED_FACE('',(#9135),#6237,.T.);
#9135 = FACE_BOUND('',#9136,.F.);
#9136 = EDGE_LOOP('',(#9137,#9160,#9161,#9162));
#9137 = ORIENTED_EDGE('',*,*,#9138,.F.);
#9138 = EDGE_CURVE('',#6194,#9139,#9141,.T.);
#9139 = VERTEX_POINT('',#9140);
#9140 = CARTESIAN_POINT('',(-2.075,-0.635,0.8));
#9141 = SURFACE_CURVE('',#9142,(#9146,#9153),.PCURVE_S1.);
#9142 = LINE('',#9143,#9144);
#9143 = CARTESIAN_POINT('',(-1.93,-0.49,0.945));
#9144 = VECTOR('',#9145,1.);
#9145 = DIRECTION('',(0.57735026919,0.57735026919,0.57735026919));
#9146 = PCURVE('',#6237,#9147);
#9147 = DEFINITIONAL_REPRESENTATION('',(#9148),#9152);
#9148 = LINE('',#9149,#9150);
#9149 = CARTESIAN_POINT('',(-0.145,0.346482322781));
#9150 = VECTOR('',#9151,1.);
#9151 = DIRECTION('',(-0.57735026919,0.816496580928));
#9152 = ( GEOMETRIC_REPRESENTATION_CONTEXT(2) 
PARAMETRIC_REPRESENTATION_CONTEXT() REPRESENTATION_CONTEXT('2D SPACE',''
  ) );
#9153 = PCURVE('',#6209,#9154);
#9154 = DEFINITIONAL_REPRESENTATION('',(#9155),#9159);
#9155 = LINE('',#9156,#9157);
#9156 = CARTESIAN_POINT('',(-1.125,0.346482322781));
#9157 = VECTOR('',#9158,1.);
#9158 = DIRECTION('',(0.57735026919,0.816496580928));
#9159 = ( GEOMETRIC_REPRESENTATION_CONTEXT(2) 
PARAMETRIC_REPRESENTATION_CONTEXT() REPRESENTATION_CONTEXT('2D SPACE',''
  ) );
#9160 = ORIENTED_EDGE('',*,*,#6221,.T.);
#9161 = ORIENTED_EDGE('',*,*,#9030,.T.);
#9162 = ORIENTED_EDGE('',*,*,#9163,.F.);
#9163 = EDGE_CURVE('',#9139,#9031,#9164,.T.);
#9164 = SURFACE_CURVE('',#9165,(#9169,#9176),.PCURVE_S1.);
#9165 = LINE('',#9166,#9167);
#9166 = CARTESIAN_POINT('',(-2.075,-0.635,0.8));
#9167 = VECTOR('',#9168,1.);
#9168 = DIRECTION('',(1.,-0.,0.));
#9169 = PCURVE('',#6237,#9170);
#9170 = DEFINITIONAL_REPRESENTATION('',(#9171),#9175);
#9171 = LINE('',#9172,#9173);
#9172 = CARTESIAN_POINT('',(-0.,0.141421356237));
#9173 = VECTOR('',#9174,1.);
#9174 = DIRECTION('',(-1.,0.));
#9175 = ( GEOMETRIC_REPRESENTATION_CONTEXT(2) 
PARAMETRIC_REPRESENTATION_CONTEXT() REPRESENTATION_CONTEXT('2D SPACE',''
  ) );
#9176 = PCURVE('',#9177,#9182);
#9177 = PLANE('',#9178);
#9178 = AXIS2_PLACEMENT_3D('',#9179,#9180,#9181);
#9179 = CARTESIAN_POINT('',(-2.075,-0.635,0.));
#9180 = DIRECTION('',(0.,1.,-0.));
#9181 = DIRECTION('',(1.,0.,0.));
#9182 = DEFINITIONAL_REPRESENTATION('',(#9183),#9187);
#9183 = LINE('',#9184,#9185);
#9184 = CARTESIAN_POINT('',(0.,-0.8));
#9185 = VECTOR('',#9186,1.);
#9186 = DIRECTION('',(1.,0.));
#9187 = ( GEOMETRIC_REPRESENTATION_CONTEXT(2) 
PARAMETRIC_REPRESENTATION_CONTEXT() REPRESENTATION_CONTEXT('2D SPACE',''
  ) );
#9188 = ADVANCED_FACE('',(#9189),#6013,.T.);
#9189 = FACE_BOUND('',#9190,.F.);
#9190 = EDGE_LOOP('',(#9191,#9192,#9193,#9216));
#9191 = ORIENTED_EDGE('',*,*,#9084,.F.);
#9192 = ORIENTED_EDGE('',*,*,#5997,.T.);
#9193 = ORIENTED_EDGE('',*,*,#9194,.T.);
#9194 = EDGE_CURVE('',#5998,#9195,#9197,.T.);
#9195 = VERTEX_POINT('',#9196);
#9196 = CARTESIAN_POINT('',(2.075,-0.635,0.8));
#9197 = SURFACE_CURVE('',#9198,(#9202,#9209),.PCURVE_S1.);
#9198 = LINE('',#9199,#9200);
#9199 = CARTESIAN_POINT('',(1.6775,-0.2375,1.1975));
#9200 = VECTOR('',#9201,1.);
#9201 = DIRECTION('',(-0.57735026919,0.57735026919,0.57735026919));
#9202 = PCURVE('',#6013,#9203);
#9203 = DEFINITIONAL_REPRESENTATION('',(#9204),#9208);
#9204 = LINE('',#9205,#9206);
#9205 = CARTESIAN_POINT('',(-1.1175,0.703571247281));
#9206 = VECTOR('',#9207,1.);
#9207 = DIRECTION('',(0.57735026919,0.816496580928));
#9208 = ( GEOMETRIC_REPRESENTATION_CONTEXT(2) 
PARAMETRIC_REPRESENTATION_CONTEXT() REPRESENTATION_CONTEXT('2D SPACE',''
  ) );
#9209 = PCURVE('',#6041,#9210);
#9210 = DEFINITIONAL_REPRESENTATION('',(#9211),#9215);
#9211 = LINE('',#9212,#9213);
#9212 = CARTESIAN_POINT('',(-0.8725,0.703571247281));
#9213 = VECTOR('',#9214,1.);
#9214 = DIRECTION('',(0.57735026919,0.816496580928));
#9215 = ( GEOMETRIC_REPRESENTATION_CONTEXT(2) 
PARAMETRIC_REPRESENTATION_CONTEXT() REPRESENTATION_CONTEXT('2D SPACE',''
  ) );
#9216 = ORIENTED_EDGE('',*,*,#9217,.F.);
#9217 = EDGE_CURVE('',#9085,#9195,#9218,.T.);
#9218 = SURFACE_CURVE('',#9219,(#9223,#9230),.PCURVE_S1.);
#9219 = LINE('',#9220,#9221);
#9220 = CARTESIAN_POINT('',(0.56,-0.635,0.8));
#9221 = VECTOR('',#9222,1.);
#9222 = DIRECTION('',(1.,-0.,0.));
#9223 = PCURVE('',#6013,#9224);
#9224 = DEFINITIONAL_REPRESENTATION('',(#9225),#9229);
#9225 = LINE('',#9226,#9227);
#9226 = CARTESIAN_POINT('',(-0.,0.141421356237));
#9227 = VECTOR('',#9228,1.);
#9228 = DIRECTION('',(-1.,0.));
#9229 = ( GEOMETRIC_REPRESENTATION_CONTEXT(2) 
PARAMETRIC_REPRESENTATION_CONTEXT() REPRESENTATION_CONTEXT('2D SPACE',''
  ) );
#9230 = PCURVE('',#9231,#9236);
#9231 = PLANE('',#9232);
#9232 = AXIS2_PLACEMENT_3D('',#9233,#9234,#9235);
#9233 = CARTESIAN_POINT('',(0.56,-0.635,0.));
#9234 = DIRECTION('',(0.,1.,-0.));
#9235 = DIRECTION('',(1.,0.,0.));
#9236 = DEFINITIONAL_REPRESENTATION('',(#9237),#9241);
#9237 = LINE('',#9238,#9239);
#9238 = CARTESIAN_POINT('',(0.,-0.8));
#9239 = VECTOR('',#9240,1.);
#9240 = DIRECTION('',(1.,0.));
#9241 = ( GEOMETRIC_REPRESENTATION_CONTEXT(2) 
PARAMETRIC_REPRESENTATION_CONTEXT() REPRESENTATION_CONTEXT('2D SPACE',''
  ) );
#9242 = ADVANCED_FACE('',(#9243),#6209,.T.);
#9243 = FACE_BOUND('',#9244,.F.);
#9244 = EDGE_LOOP('',(#9245,#9268,#9269,#9270));
#9245 = ORIENTED_EDGE('',*,*,#9246,.F.);
#9246 = EDGE_CURVE('',#6166,#9247,#9249,.T.);
#9247 = VERTEX_POINT('',#9248);
#9248 = CARTESIAN_POINT('',(-2.075,0.635,0.8));
#9249 = SURFACE_CURVE('',#9250,(#9254,#9261),.PCURVE_S1.);
#9250 = LINE('',#9251,#9252);
#9251 = CARTESIAN_POINT('',(-2.141666666667,0.701666666667,
    0.733333333333));
#9252 = VECTOR('',#9253,1.);
#9253 = DIRECTION('',(0.57735026919,-0.57735026919,0.57735026919));
#9254 = PCURVE('',#6209,#9255);
#9255 = DEFINITIONAL_REPRESENTATION('',(#9256),#9260);
#9256 = LINE('',#9257,#9258);
#9257 = CARTESIAN_POINT('',(6.666666666667E-02,4.71404520791E-02));
#9258 = VECTOR('',#9259,1.);
#9259 = DIRECTION('',(-0.57735026919,0.816496580928));
#9260 = ( GEOMETRIC_REPRESENTATION_CONTEXT(2) 
PARAMETRIC_REPRESENTATION_CONTEXT() REPRESENTATION_CONTEXT('2D SPACE',''
  ) );
#9261 = PCURVE('',#6181,#9262);
#9262 = DEFINITIONAL_REPRESENTATION('',(#9263),#9267);
#9263 = LINE('',#9264,#9265);
#9264 = CARTESIAN_POINT('',(6.666666666667E-02,4.71404520791E-02));
#9265 = VECTOR('',#9266,1.);
#9266 = DIRECTION('',(-0.57735026919,0.816496580928));
#9267 = ( GEOMETRIC_REPRESENTATION_CONTEXT(2) 
PARAMETRIC_REPRESENTATION_CONTEXT() REPRESENTATION_CONTEXT('2D SPACE',''
  ) );
#9268 = ORIENTED_EDGE('',*,*,#6193,.T.);
#9269 = ORIENTED_EDGE('',*,*,#9138,.T.);
#9270 = ORIENTED_EDGE('',*,*,#9271,.F.);
#9271 = EDGE_CURVE('',#9247,#9139,#9272,.T.);
#9272 = SURFACE_CURVE('',#9273,(#9277,#9284),.PCURVE_S1.);
#9273 = LINE('',#9274,#9275);
#9274 = CARTESIAN_POINT('',(-2.075,0.635,0.8));
#9275 = VECTOR('',#9276,1.);
#9276 = DIRECTION('',(0.,-1.,0.));
#9277 = PCURVE('',#6209,#9278);
#9278 = DEFINITIONAL_REPRESENTATION('',(#9279),#9283);
#9279 = LINE('',#9280,#9281);
#9280 = CARTESIAN_POINT('',(-0.,0.141421356237));
#9281 = VECTOR('',#9282,1.);
#9282 = DIRECTION('',(-1.,0.));
#9283 = ( GEOMETRIC_REPRESENTATION_CONTEXT(2) 
PARAMETRIC_REPRESENTATION_CONTEXT() REPRESENTATION_CONTEXT('2D SPACE',''
  ) );
#9284 = PCURVE('',#9285,#9290);
#9285 = PLANE('',#9286);
#9286 = AXIS2_PLACEMENT_3D('',#9287,#9288,#9289);
#9287 = CARTESIAN_POINT('',(-2.075,0.635,0.));
#9288 = DIRECTION('',(1.,0.,0.));
#9289 = DIRECTION('',(0.,-1.,0.));
#9290 = DEFINITIONAL_REPRESENTATION('',(#9291),#9295);
#9291 = LINE('',#9292,#9293);
#9292 = CARTESIAN_POINT('',(0.,-0.8));
#9293 = VECTOR('',#9294,1.);
#9294 = DIRECTION('',(1.,0.));
#9295 = ( GEOMETRIC_REPRESENTATION_CONTEXT(2) 
PARAMETRIC_REPRESENTATION_CONTEXT() REPRESENTATION_CONTEXT('2D SPACE',''
  ) );
#9296 = ADVANCED_FACE('',(#9297),#6041,.F.);
#9297 = FACE_BOUND('',#9298,.T.);
#9298 = EDGE_LOOP('',(#9299,#9322,#9323,#9324));
#9299 = ORIENTED_EDGE('',*,*,#9300,.F.);
#9300 = EDGE_CURVE('',#6026,#9301,#9303,.T.);
#9301 = VERTEX_POINT('',#9302);
#9302 = CARTESIAN_POINT('',(2.075,0.635,0.8));
#9303 = SURFACE_CURVE('',#9304,(#9308,#9315),.PCURVE_S1.);
#9304 = LINE('',#9305,#9306);
#9305 = CARTESIAN_POINT('',(1.889166666667,0.449166666667,0.985833333333
    ));
#9306 = VECTOR('',#9307,1.);
#9307 = DIRECTION('',(-0.57735026919,-0.57735026919,0.57735026919));
#9308 = PCURVE('',#6041,#9309);
#9309 = DEFINITIONAL_REPRESENTATION('',(#9310),#9314);
#9310 = LINE('',#9311,#9312);
#9311 = CARTESIAN_POINT('',(-0.185833333333,0.404229376578));
#9312 = VECTOR('',#9313,1.);
#9313 = DIRECTION('',(-0.57735026919,0.816496580928));
#9314 = ( GEOMETRIC_REPRESENTATION_CONTEXT(2) 
PARAMETRIC_REPRESENTATION_CONTEXT() REPRESENTATION_CONTEXT('2D SPACE',''
  ) );
#9315 = PCURVE('',#6069,#9316);
#9316 = DEFINITIONAL_REPRESENTATION('',(#9317),#9321);
#9317 = LINE('',#9318,#9319);
#9318 = CARTESIAN_POINT('',(-1.329166666667,0.404229376578));
#9319 = VECTOR('',#9320,1.);
#9320 = DIRECTION('',(0.57735026919,0.816496580928));
#9321 = ( GEOMETRIC_REPRESENTATION_CONTEXT(2) 
PARAMETRIC_REPRESENTATION_CONTEXT() REPRESENTATION_CONTEXT('2D SPACE',''
  ) );
#9322 = ORIENTED_EDGE('',*,*,#6025,.T.);
#9323 = ORIENTED_EDGE('',*,*,#9194,.T.);
#9324 = ORIENTED_EDGE('',*,*,#9325,.F.);
#9325 = EDGE_CURVE('',#9301,#9195,#9326,.T.);
#9326 = SURFACE_CURVE('',#9327,(#9331,#9338),.PCURVE_S1.);
#9327 = LINE('',#9328,#9329);
#9328 = CARTESIAN_POINT('',(2.075,0.635,0.8));
#9329 = VECTOR('',#9330,1.);
#9330 = DIRECTION('',(0.,-1.,0.));
#9331 = PCURVE('',#6041,#9332);
#9332 = DEFINITIONAL_REPRESENTATION('',(#9333),#9337);
#9333 = LINE('',#9334,#9335);
#9334 = CARTESIAN_POINT('',(-0.,0.141421356237));
#9335 = VECTOR('',#9336,1.);
#9336 = DIRECTION('',(-1.,0.));
#9337 = ( GEOMETRIC_REPRESENTATION_CONTEXT(2) 
PARAMETRIC_REPRESENTATION_CONTEXT() REPRESENTATION_CONTEXT('2D SPACE',''
  ) );
#9338 = PCURVE('',#9339,#9344);
#9339 = PLANE('',#9340);
#9340 = AXIS2_PLACEMENT_3D('',#9341,#9342,#9343);
#9341 = CARTESIAN_POINT('',(2.075,0.635,0.));
#9342 = DIRECTION('',(1.,0.,0.));
#9343 = DIRECTION('',(0.,-1.,0.));
#9344 = DEFINITIONAL_REPRESENTATION('',(#9345),#9349);
#9345 = LINE('',#9346,#9347);
#9346 = CARTESIAN_POINT('',(0.,-0.8));
#9347 = VECTOR('',#9348,1.);
#9348 = DIRECTION('',(1.,0.));
#9349 = ( GEOMETRIC_REPRESENTATION_CONTEXT(2) 
PARAMETRIC_REPRESENTATION_CONTEXT() REPRESENTATION_CONTEXT('2D SPACE',''
  ) );
#9350 = ADVANCED_FACE('',(#9351),#6181,.F.);
#9351 = FACE_BOUND('',#9352,.T.);
#9352 = EDGE_LOOP('',(#9353,#9354,#9355,#9378));
#9353 = ORIENTED_EDGE('',*,*,#9246,.F.);
#9354 = ORIENTED_EDGE('',*,*,#6165,.T.);
#9355 = ORIENTED_EDGE('',*,*,#9356,.T.);
#9356 = EDGE_CURVE('',#6138,#9357,#9359,.T.);
#9357 = VERTEX_POINT('',#9358);
#9358 = CARTESIAN_POINT('',(-0.56,0.635,0.8));
#9359 = SURFACE_CURVE('',#9360,(#9364,#9371),.PCURVE_S1.);
#9360 = LINE('',#9361,#9362);
#9361 = CARTESIAN_POINT('',(-1.119166666667,1.194166666667,
    0.240833333333));
#9362 = VECTOR('',#9363,1.);
#9363 = DIRECTION('',(0.57735026919,-0.57735026919,0.57735026919));
#9364 = PCURVE('',#6181,#9365);
#9365 = DEFINITIONAL_REPRESENTATION('',(#9366),#9370);
#9366 = LINE('',#9367,#9368);
#9367 = CARTESIAN_POINT('',(-0.955833333333,-0.64935972739));
#9368 = VECTOR('',#9369,1.);
#9369 = DIRECTION('',(-0.57735026919,0.816496580928));
#9370 = ( GEOMETRIC_REPRESENTATION_CONTEXT(2) 
PARAMETRIC_REPRESENTATION_CONTEXT() REPRESENTATION_CONTEXT('2D SPACE',''
  ) );
#9371 = PCURVE('',#6153,#9372);
#9372 = DEFINITIONAL_REPRESENTATION('',(#9373),#9377);
#9373 = LINE('',#9374,#9375);
#9374 = CARTESIAN_POINT('',(-0.880833333333,-0.64935972739));
#9375 = VECTOR('',#9376,1.);
#9376 = DIRECTION('',(-0.57735026919,0.816496580928));
#9377 = ( GEOMETRIC_REPRESENTATION_CONTEXT(2) 
PARAMETRIC_REPRESENTATION_CONTEXT() REPRESENTATION_CONTEXT('2D SPACE',''
  ) );
#9378 = ORIENTED_EDGE('',*,*,#9379,.F.);
#9379 = EDGE_CURVE('',#9247,#9357,#9380,.T.);
#9380 = SURFACE_CURVE('',#9381,(#9385,#9392),.PCURVE_S1.);
#9381 = LINE('',#9382,#9383);
#9382 = CARTESIAN_POINT('',(-2.075,0.635,0.8));
#9383 = VECTOR('',#9384,1.);
#9384 = DIRECTION('',(1.,-0.,0.));
#9385 = PCURVE('',#6181,#9386);
#9386 = DEFINITIONAL_REPRESENTATION('',(#9387),#9391);
#9387 = LINE('',#9388,#9389);
#9388 = CARTESIAN_POINT('',(-0.,0.141421356237));
#9389 = VECTOR('',#9390,1.);
#9390 = DIRECTION('',(-1.,0.));
#9391 = ( GEOMETRIC_REPRESENTATION_CONTEXT(2) 
PARAMETRIC_REPRESENTATION_CONTEXT() REPRESENTATION_CONTEXT('2D SPACE',''
  ) );
#9392 = PCURVE('',#9393,#9398);
#9393 = PLANE('',#9394);
#9394 = AXIS2_PLACEMENT_3D('',#9395,#9396,#9397);
#9395 = CARTESIAN_POINT('',(-2.075,0.635,0.));
#9396 = DIRECTION('',(0.,1.,-0.));
#9397 = DIRECTION('',(1.,0.,0.));
#9398 = DEFINITIONAL_REPRESENTATION('',(#9399),#9403);
#9399 = LINE('',#9400,#9401);
#9400 = CARTESIAN_POINT('',(0.,-0.8));
#9401 = VECTOR('',#9402,1.);
#9402 = DIRECTION('',(1.,0.));
#9403 = ( GEOMETRIC_REPRESENTATION_CONTEXT(2) 
PARAMETRIC_REPRESENTATION_CONTEXT() REPRESENTATION_CONTEXT('2D SPACE',''
  ) );
#9404 = ADVANCED_FACE('',(#9405),#6069,.F.);
#9405 = FACE_BOUND('',#9406,.T.);
#9406 = EDGE_LOOP('',(#9407,#9430,#9431,#9432));
#9407 = ORIENTED_EDGE('',*,*,#9408,.F.);
#9408 = EDGE_CURVE('',#6054,#9409,#9411,.T.);
#9409 = VERTEX_POINT('',#9410);
#9410 = CARTESIAN_POINT('',(0.56,0.635,0.8));
#9411 = SURFACE_CURVE('',#9412,(#9416,#9423),.PCURVE_S1.);
#9412 = LINE('',#9413,#9414);
#9413 = CARTESIAN_POINT('',(0.866666666667,0.941666666667,0.493333333333
    ));
#9414 = VECTOR('',#9415,1.);
#9415 = DIRECTION('',(-0.57735026919,-0.57735026919,0.57735026919));
#9416 = PCURVE('',#6069,#9417);
#9417 = DEFINITIONAL_REPRESENTATION('',(#9418),#9422);
#9418 = LINE('',#9419,#9420);
#9419 = CARTESIAN_POINT('',(-0.306666666667,-0.29227080289));
#9420 = VECTOR('',#9421,1.);
#9421 = DIRECTION('',(0.57735026919,0.816496580928));
#9422 = ( GEOMETRIC_REPRESENTATION_CONTEXT(2) 
PARAMETRIC_REPRESENTATION_CONTEXT() REPRESENTATION_CONTEXT('2D SPACE',''
  ) );
#9423 = PCURVE('',#6097,#9424);
#9424 = DEFINITIONAL_REPRESENTATION('',(#9425),#9429);
#9425 = LINE('',#9426,#9427);
#9426 = CARTESIAN_POINT('',(-1.133333333333,-0.29227080289));
#9427 = VECTOR('',#9428,1.);
#9428 = DIRECTION('',(-0.57735026919,0.816496580928));
#9429 = ( GEOMETRIC_REPRESENTATION_CONTEXT(2) 
PARAMETRIC_REPRESENTATION_CONTEXT() REPRESENTATION_CONTEXT('2D SPACE',''
  ) );
#9430 = ORIENTED_EDGE('',*,*,#6053,.T.);
#9431 = ORIENTED_EDGE('',*,*,#9300,.T.);
#9432 = ORIENTED_EDGE('',*,*,#9433,.F.);
#9433 = EDGE_CURVE('',#9409,#9301,#9434,.T.);
#9434 = SURFACE_CURVE('',#9435,(#9439,#9446),.PCURVE_S1.);
#9435 = LINE('',#9436,#9437);
#9436 = CARTESIAN_POINT('',(0.56,0.635,0.8));
#9437 = VECTOR('',#9438,1.);
#9438 = DIRECTION('',(1.,-0.,0.));
#9439 = PCURVE('',#6069,#9440);
#9440 = DEFINITIONAL_REPRESENTATION('',(#9441),#9445);
#9441 = LINE('',#9442,#9443);
#9442 = CARTESIAN_POINT('',(-0.,0.141421356237));
#9443 = VECTOR('',#9444,1.);
#9444 = DIRECTION('',(-1.,0.));
#9445 = ( GEOMETRIC_REPRESENTATION_CONTEXT(2) 
PARAMETRIC_REPRESENTATION_CONTEXT() REPRESENTATION_CONTEXT('2D SPACE',''
  ) );
#9446 = PCURVE('',#9447,#9452);
#9447 = PLANE('',#9448);
#9448 = AXIS2_PLACEMENT_3D('',#9449,#9450,#9451);
#9449 = CARTESIAN_POINT('',(0.56,0.635,0.));
#9450 = DIRECTION('',(0.,1.,-0.));
#9451 = DIRECTION('',(1.,0.,0.));
#9452 = DEFINITIONAL_REPRESENTATION('',(#9453),#9457);
#9453 = LINE('',#9454,#9455);
#9454 = CARTESIAN_POINT('',(0.,-0.8));
#9455 = VECTOR('',#9456,1.);
#9456 = DIRECTION('',(1.,0.));
#9457 = ( GEOMETRIC_REPRESENTATION_CONTEXT(2) 
PARAMETRIC_REPRESENTATION_CONTEXT() REPRESENTATION_CONTEXT('2D SPACE',''
  ) );
#9458 = ADVANCED_FACE('',(#9459),#6153,.T.);
#9459 = FACE_BOUND('',#9460,.F.);
#9460 = EDGE_LOOP('',(#9461,#9484,#9485,#9486));
#9461 = ORIENTED_EDGE('',*,*,#9462,.F.);
#9462 = EDGE_CURVE('',#6110,#9463,#9465,.T.);
#9463 = VERTEX_POINT('',#9464);
#9464 = CARTESIAN_POINT('',(-0.56,2.075,0.8));
#9465 = SURFACE_CURVE('',#9466,(#9470,#9477),.PCURVE_S1.);
#9466 = LINE('',#9467,#9468);
#9467 = CARTESIAN_POINT('',(-0.626666666667,2.141666666667,
    0.733333333333));
#9468 = VECTOR('',#9469,1.);
#9469 = DIRECTION('',(0.57735026919,-0.57735026919,0.57735026919));
#9470 = PCURVE('',#6153,#9471);
#9471 = DEFINITIONAL_REPRESENTATION('',(#9472),#9476);
#9472 = LINE('',#9473,#9474);
#9473 = CARTESIAN_POINT('',(6.666666666667E-02,4.71404520791E-02));
#9474 = VECTOR('',#9475,1.);
#9475 = DIRECTION('',(-0.57735026919,0.816496580928));
#9476 = ( GEOMETRIC_REPRESENTATION_CONTEXT(2) 
PARAMETRIC_REPRESENTATION_CONTEXT() REPRESENTATION_CONTEXT('2D SPACE',''
  ) );
#9477 = PCURVE('',#6125,#9478);
#9478 = DEFINITIONAL_REPRESENTATION('',(#9479),#9483);
#9479 = LINE('',#9480,#9481);
#9480 = CARTESIAN_POINT('',(6.666666666667E-02,4.71404520791E-02));
#9481 = VECTOR('',#9482,1.);
#9482 = DIRECTION('',(-0.57735026919,0.816496580928));
#9483 = ( GEOMETRIC_REPRESENTATION_CONTEXT(2) 
PARAMETRIC_REPRESENTATION_CONTEXT() REPRESENTATION_CONTEXT('2D SPACE',''
  ) );
#9484 = ORIENTED_EDGE('',*,*,#6137,.T.);
#9485 = ORIENTED_EDGE('',*,*,#9356,.T.);
#9486 = ORIENTED_EDGE('',*,*,#9487,.F.);
#9487 = EDGE_CURVE('',#9463,#9357,#9488,.T.);
#9488 = SURFACE_CURVE('',#9489,(#9493,#9500),.PCURVE_S1.);
#9489 = LINE('',#9490,#9491);
#9490 = CARTESIAN_POINT('',(-0.56,2.075,0.8));
#9491 = VECTOR('',#9492,1.);
#9492 = DIRECTION('',(0.,-1.,0.));
#9493 = PCURVE('',#6153,#9494);
#9494 = DEFINITIONAL_REPRESENTATION('',(#9495),#9499);
#9495 = LINE('',#9496,#9497);
#9496 = CARTESIAN_POINT('',(-0.,0.141421356237));
#9497 = VECTOR('',#9498,1.);
#9498 = DIRECTION('',(-1.,0.));
#9499 = ( GEOMETRIC_REPRESENTATION_CONTEXT(2) 
PARAMETRIC_REPRESENTATION_CONTEXT() REPRESENTATION_CONTEXT('2D SPACE',''
  ) );
#9500 = PCURVE('',#9501,#9506);
#9501 = PLANE('',#9502);
#9502 = AXIS2_PLACEMENT_3D('',#9503,#9504,#9505);
#9503 = CARTESIAN_POINT('',(-0.56,2.075,0.));
#9504 = DIRECTION('',(1.,0.,0.));
#9505 = DIRECTION('',(0.,-1.,0.));
#9506 = DEFINITIONAL_REPRESENTATION('',(#9507),#9511);
#9507 = LINE('',#9508,#9509);
#9508 = CARTESIAN_POINT('',(0.,-0.8));
#9509 = VECTOR('',#9510,1.);
#9510 = DIRECTION('',(1.,0.));
#9511 = ( GEOMETRIC_REPRESENTATION_CONTEXT(2) 
PARAMETRIC_REPRESENTATION_CONTEXT() REPRESENTATION_CONTEXT('2D SPACE',''
  ) );
#9512 = ADVANCED_FACE('',(#9513),#6097,.F.);
#9513 = FACE_BOUND('',#9514,.T.);
#9514 = EDGE_LOOP('',(#9515,#9538,#9539,#9540));
#9515 = ORIENTED_EDGE('',*,*,#9516,.F.);
#9516 = EDGE_CURVE('',#6082,#9517,#9519,.T.);
#9517 = VERTEX_POINT('',#9518);
#9518 = CARTESIAN_POINT('',(0.56,2.075,0.8));
#9519 = SURFACE_CURVE('',#9520,(#9524,#9531),.PCURVE_S1.);
#9520 = LINE('',#9521,#9522);
#9521 = CARTESIAN_POINT('',(0.44,1.955,0.92));
#9522 = VECTOR('',#9523,1.);
#9523 = DIRECTION('',(-0.57735026919,-0.57735026919,0.57735026919));
#9524 = PCURVE('',#6097,#9525);
#9525 = DEFINITIONAL_REPRESENTATION('',(#9526),#9530);
#9526 = LINE('',#9527,#9528);
#9527 = CARTESIAN_POINT('',(-0.12,0.311126983722));
#9528 = VECTOR('',#9529,1.);
#9529 = DIRECTION('',(-0.57735026919,0.816496580928));
#9530 = ( GEOMETRIC_REPRESENTATION_CONTEXT(2) 
PARAMETRIC_REPRESENTATION_CONTEXT() REPRESENTATION_CONTEXT('2D SPACE',''
  ) );
#9531 = PCURVE('',#6125,#9532);
#9532 = DEFINITIONAL_REPRESENTATION('',(#9533),#9537);
#9533 = LINE('',#9534,#9535);
#9534 = CARTESIAN_POINT('',(-1.,0.311126983722));
#9535 = VECTOR('',#9536,1.);
#9536 = DIRECTION('',(0.57735026919,0.816496580928));
#9537 = ( GEOMETRIC_REPRESENTATION_CONTEXT(2) 
PARAMETRIC_REPRESENTATION_CONTEXT() REPRESENTATION_CONTEXT('2D SPACE',''
  ) );
#9538 = ORIENTED_EDGE('',*,*,#6081,.T.);
#9539 = ORIENTED_EDGE('',*,*,#9408,.T.);
#9540 = ORIENTED_EDGE('',*,*,#9541,.F.);
#9541 = EDGE_CURVE('',#9517,#9409,#9542,.T.);
#9542 = SURFACE_CURVE('',#9543,(#9547,#9554),.PCURVE_S1.);
#9543 = LINE('',#9544,#9545);
#9544 = CARTESIAN_POINT('',(0.56,2.075,0.8));
#9545 = VECTOR('',#9546,1.);
#9546 = DIRECTION('',(0.,-1.,0.));
#9547 = PCURVE('',#6097,#9548);
#9548 = DEFINITIONAL_REPRESENTATION('',(#9549),#9553);
#9549 = LINE('',#9550,#9551);
#9550 = CARTESIAN_POINT('',(-0.,0.141421356237));
#9551 = VECTOR('',#9552,1.);
#9552 = DIRECTION('',(-1.,0.));
#9553 = ( GEOMETRIC_REPRESENTATION_CONTEXT(2) 
PARAMETRIC_REPRESENTATION_CONTEXT() REPRESENTATION_CONTEXT('2D SPACE',''
  ) );
#9554 = PCURVE('',#9555,#9560);
#9555 = PLANE('',#9556);
#9556 = AXIS2_PLACEMENT_3D('',#9557,#9558,#9559);
#9557 = CARTESIAN_POINT('',(0.56,2.075,0.));
#9558 = DIRECTION('',(1.,0.,0.));
#9559 = DIRECTION('',(0.,-1.,0.));
#9560 = DEFINITIONAL_REPRESENTATION('',(#9561),#9565);
#9561 = LINE('',#9562,#9563);
#9562 = CARTESIAN_POINT('',(0.,-0.8));
#9563 = VECTOR('',#9564,1.);
#9564 = DIRECTION('',(1.,0.));
#9565 = ( GEOMETRIC_REPRESENTATION_CONTEXT(2) 
PARAMETRIC_REPRESENTATION_CONTEXT() REPRESENTATION_CONTEXT('2D SPACE',''
  ) );
#9566 = ADVANCED_FACE('',(#9567),#6125,.F.);
#9567 = FACE_BOUND('',#9568,.T.);
#9568 = EDGE_LOOP('',(#9569,#9570,#9571,#9572));
#9569 = ORIENTED_EDGE('',*,*,#9462,.F.);
#9570 = ORIENTED_EDGE('',*,*,#6109,.T.);
#9571 = ORIENTED_EDGE('',*,*,#9516,.T.);
#9572 = ORIENTED_EDGE('',*,*,#9573,.F.);
#9573 = EDGE_CURVE('',#9463,#9517,#9574,.T.);
#9574 = SURFACE_CURVE('',#9575,(#9579,#9586),.PCURVE_S1.);
#9575 = LINE('',#9576,#9577);
#9576 = CARTESIAN_POINT('',(-0.56,2.075,0.8));
#9577 = VECTOR('',#9578,1.);
#9578 = DIRECTION('',(1.,-0.,0.));
#9579 = PCURVE('',#6125,#9580);
#9580 = DEFINITIONAL_REPRESENTATION('',(#9581),#9585);
#9581 = LINE('',#9582,#9583);
#9582 = CARTESIAN_POINT('',(-0.,0.141421356237));
#9583 = VECTOR('',#9584,1.);
#9584 = DIRECTION('',(-1.,0.));
#9585 = ( GEOMETRIC_REPRESENTATION_CONTEXT(2) 
PARAMETRIC_REPRESENTATION_CONTEXT() REPRESENTATION_CONTEXT('2D SPACE',''
  ) );
#9586 = PCURVE('',#9587,#9592);
#9587 = PLANE('',#9588);
#9588 = AXIS2_PLACEMENT_3D('',#9589,#9590,#9591);
#9589 = CARTESIAN_POINT('',(-0.56,2.075,0.));
#9590 = DIRECTION('',(0.,1.,-0.));
#9591 = DIRECTION('',(1.,0.,0.));
#9592 = DEFINITIONAL_REPRESENTATION('',(#9593),#9597);
#9593 = LINE('',#9594,#9595);
#9594 = CARTESIAN_POINT('',(0.,-0.8));
#9595 = VECTOR('',#9596,1.);
#9596 = DIRECTION('',(1.,0.));
#9597 = ( GEOMETRIC_REPRESENTATION_CONTEXT(2) 
PARAMETRIC_REPRESENTATION_CONTEXT() REPRESENTATION_CONTEXT('2D SPACE',''
  ) );
#9598 = ADVANCED_FACE('',(#9599),#6759,.T.);
#9599 = FACE_BOUND('',#9600,.T.);
#9600 = EDGE_LOOP('',(#9601,#9602,#9669,#9670));
#9601 = ORIENTED_EDGE('',*,*,#7436,.T.);
#9602 = ORIENTED_EDGE('',*,*,#9603,.T.);
#9603 = EDGE_CURVE('',#7387,#6874,#9604,.T.);
#9604 = SURFACE_CURVE('',#9605,(#9640,#9647),.PCURVE_S1.);
#9605 = B_SPLINE_CURVE_WITH_KNOTS('',9,(#9606,#9607,#9608,#9609,#9610,
    #9611,#9612,#9613,#9614,#9615,#9616,#9617,#9618,#9619,#9620,#9621,
    #9622,#9623,#9624,#9625,#9626,#9627,#9628,#9629,#9630,#9631,#9632,
    #9633,#9634,#9635,#9636,#9637,#9638,#9639),.UNSPECIFIED.,.F.,.F.,(10
    ,8,8,8,10),(-2.187547432077,-1.909591707221,2.390802477986,
    6.691196663193,6.969151197033),.UNSPECIFIED.);
#9606 = CARTESIAN_POINT('',(-15.60332185553,-4.530480887634,
    9.216817435644));
#9607 = CARTESIAN_POINT('',(-15.60330168203,-4.499484782458,
    9.225782596962));
#9608 = CARTESIAN_POINT('',(-15.60328150853,-4.468488677283,
    9.23474775828));
#9609 = CARTESIAN_POINT('',(-15.60326133503,-4.437492572107,
    9.243712919599));
#9610 = CARTESIAN_POINT('',(-15.60324116152,-4.406496466932,
    9.252678080917));
#9611 = CARTESIAN_POINT('',(-15.60322098802,-4.375500361756,
    9.261643242235));
#9612 = CARTESIAN_POINT('',(-15.60320081452,-4.344504256581,
    9.270608403554));
#9613 = CARTESIAN_POINT('',(-15.60318064102,-4.313508151405,
    9.279573564872));
#9614 = CARTESIAN_POINT('',(-15.60316046752,-4.28251204623,9.28853872619
    ));
#9615 = CARTESIAN_POINT('',(-15.60282817952,-3.771959455827,
    9.43620845142));
#9616 = CARTESIAN_POINT('',(-15.61624723889,-3.293855441113,
    9.555414214811));
#9617 = CARTESIAN_POINT('',(-15.63961766522,-2.817779086696,
    9.655876782873));
#9618 = CARTESIAN_POINT('',(-15.66863144558,-2.341597407516,
    9.73898180111));
#9619 = CARTESIAN_POINT('',(-15.69724215005,-1.867885533436,
    9.803915034541));
#9620 = CARTESIAN_POINT('',(-15.72087523686,-1.399612006255,
    9.852092079579));
#9621 = CARTESIAN_POINT('',(-15.73761512621,-0.931628777259,
    9.884054208271));
#9622 = CARTESIAN_POINT('',(-15.74592997076,-0.465881785985,
    9.899999794231));
#9623 = CARTESIAN_POINT('',(-15.74593006542,0.465868269129,
    9.900000205766));
#9624 = CARTESIAN_POINT('',(-15.73761573639,0.931622688353,
    9.884056703561));
#9625 = CARTESIAN_POINT('',(-15.72087148407,1.399684914639,9.85208248696
    ));
#9626 = CARTESIAN_POINT('',(-15.69725310741,1.867727941548,
    9.803932774747));
#9627 = CARTESIAN_POINT('',(-15.66861911634,2.341716488045,9.73896734939
    ));
#9628 = CARTESIAN_POINT('',(-15.63962807589,2.817678651812,
    9.655891055633));
#9629 = CARTESIAN_POINT('',(-15.61624628871,3.293849801861,9.55541836074
    ));
#9630 = CARTESIAN_POINT('',(-15.60282799878,3.771958140735,
    9.436208857703));
#9631 = CARTESIAN_POINT('',(-15.60316019876,4.282512778696,
    9.288538512661));
#9632 = CARTESIAN_POINT('',(-15.60318036684,4.313508883428,
    9.279573349796));
#9633 = CARTESIAN_POINT('',(-15.60320053492,4.34450498816,9.270608186931
    ));
#9634 = CARTESIAN_POINT('',(-15.60322070299,4.375501092892,
    9.261643024066));
#9635 = CARTESIAN_POINT('',(-15.60324087107,4.406497197624,
    9.252677861201));
#9636 = CARTESIAN_POINT('',(-15.60326103915,4.437493302355,
    9.243712698337));
#9637 = CARTESIAN_POINT('',(-15.60328120722,4.468489407087,
    9.234747535472));
#9638 = CARTESIAN_POINT('',(-15.6033013753,4.499485511819,9.225782372607
    ));
#9639 = CARTESIAN_POINT('',(-15.60332154338,4.530481616551,
    9.216817209742));
#9640 = PCURVE('',#6759,#9641);
#9641 = DEFINITIONAL_REPRESENTATION('',(#9642),#9646);
#9642 = LINE('',#9643,#9644);
#9643 = CARTESIAN_POINT('',(8.600788370414,0.));
#9644 = VECTOR('',#9645,1.);
#9645 = DIRECTION('',(0.,1.));
#9646 = ( GEOMETRIC_REPRESENTATION_CONTEXT(2) 
PARAMETRIC_REPRESENTATION_CONTEXT() REPRESENTATION_CONTEXT('2D SPACE',''
  ) );
#9647 = PCURVE('',#7064,#9648);
#9648 = DEFINITIONAL_REPRESENTATION('',(#9649),#9668);
#9649 = B_SPLINE_CURVE_WITH_KNOTS('',9,(#9650,#9651,#9652,#9653,#9654,
    #9655,#9656,#9657,#9658,#9659,#9660,#9661,#9662,#9663,#9664,#9665,
    #9666,#9667),.UNSPECIFIED.,.F.,.F.,(10,8,10),(-1.909591707221,
    2.390802477986,6.691196663193),.UNSPECIFIED.);
#9650 = CARTESIAN_POINT('',(0.355348764999,-3.021859705981));
#9651 = CARTESIAN_POINT('',(0.387973495997,-3.022171820474));
#9652 = CARTESIAN_POINT('',(0.420152926399,-3.008752764125));
#9653 = CARTESIAN_POINT('',(0.451915464358,-2.985382331116));
#9654 = CARTESIAN_POINT('',(0.483462178175,-2.956368541034));
#9655 = CARTESIAN_POINT('',(0.514665475859,-2.92775788353));
#9656 = CARTESIAN_POINT('',(0.545391968972,-2.904124734285));
#9657 = CARTESIAN_POINT('',(0.576016297872,-2.887384883217));
#9658 = CARTESIAN_POINT('',(0.606454000153,-2.879070029238));
#9659 = CARTESIAN_POINT('',(0.667346061873,-2.879069934573));
#9660 = CARTESIAN_POINT('',(0.697784242152,-2.887384272534));
#9661 = CARTESIAN_POINT('',(0.728413770917,-2.904128488814));
#9662 = CARTESIAN_POINT('',(0.759125111698,-2.927746923726));
#9663 = CARTESIAN_POINT('',(0.790346604515,-2.956380870885));
#9664 = CARTESIAN_POINT('',(0.821878863297,-2.985371922635));
#9665 = CARTESIAN_POINT('',(0.853647599799,-3.008753713135));
#9666 = CARTESIAN_POINT('',(0.88582735945,-3.022172001214));
#9667 = CARTESIAN_POINT('',(0.918452230246,-3.021859969312));
#9668 = ( GEOMETRIC_REPRESENTATION_CONTEXT(2) 
PARAMETRIC_REPRESENTATION_CONTEXT() REPRESENTATION_CONTEXT('2D SPACE',''
  ) );
#9669 = ORIENTED_EDGE('',*,*,#6873,.F.);
#9670 = ORIENTED_EDGE('',*,*,#6679,.F.);
#9671 = ADVANCED_FACE('',(#9672),#7064,.T.);
#9672 = FACE_BOUND('',#9673,.T.);
#9673 = EDGE_LOOP('',(#9674,#9675,#9676,#9677,#9678,#9679,#9680,#9681,
    #9682,#9683,#9684,#9685));
#9674 = ORIENTED_EDGE('',*,*,#7942,.F.);
#9675 = ORIENTED_EDGE('',*,*,#7814,.F.);
#9676 = ORIENTED_EDGE('',*,*,#7626,.F.);
#9677 = ORIENTED_EDGE('',*,*,#7080,.F.);
#9678 = ORIENTED_EDGE('',*,*,#7040,.T.);
#9679 = ORIENTED_EDGE('',*,*,#9603,.F.);
#9680 = ORIENTED_EDGE('',*,*,#7386,.F.);
#9681 = ORIENTED_EDGE('',*,*,#7258,.F.);
#9682 = ORIENTED_EDGE('',*,*,#7720,.F.);
#9683 = ORIENTED_EDGE('',*,*,#8509,.F.);
#9684 = ORIENTED_EDGE('',*,*,#8474,.T.);
#9685 = ORIENTED_EDGE('',*,*,#9686,.F.);
#9686 = EDGE_CURVE('',#7943,#8287,#9687,.T.);
#9687 = SURFACE_CURVE('',#9688,(#9723,#9745),.PCURVE_S1.);
#9688 = B_SPLINE_CURVE_WITH_KNOTS('',9,(#9689,#9690,#9691,#9692,#9693,
    #9694,#9695,#9696,#9697,#9698,#9699,#9700,#9701,#9702,#9703,#9704,
    #9705,#9706,#9707,#9708,#9709,#9710,#9711,#9712,#9713,#9714,#9715,
    #9716,#9717,#9718,#9719,#9720,#9721,#9722),.UNSPECIFIED.,.F.,.F.,(10
    ,8,8,8,10),(-2.187547431843,-1.909591707079,2.390802477631,
    6.691196662342,6.969151195799),.UNSPECIFIED.);
#9689 = CARTESIAN_POINT('',(15.603321855532,4.530480887602,
    9.216817435653));
#9690 = CARTESIAN_POINT('',(15.603301682031,4.499484782431,9.22578259697
    ));
#9691 = CARTESIAN_POINT('',(15.603281508529,4.46848867726,9.234747758287
    ));
#9692 = CARTESIAN_POINT('',(15.603261335027,4.437492572089,
    9.243712919604));
#9693 = CARTESIAN_POINT('',(15.603241161525,4.406496466918,
    9.252678080921));
#9694 = CARTESIAN_POINT('',(15.603220988023,4.375500361747,
    9.261643242238));
#9695 = CARTESIAN_POINT('',(15.603200814522,4.344504256576,
    9.270608403555));
#9696 = CARTESIAN_POINT('',(15.60318064102,4.313508151405,9.279573564872
    ));
#9697 = CARTESIAN_POINT('',(15.603160467518,4.282512046234,
    9.288538726189));
#9698 = CARTESIAN_POINT('',(15.602828179523,3.771959455803,
    9.436208451428));
#9699 = CARTESIAN_POINT('',(15.616247238901,3.29385544109,9.555414214815
    ));
#9700 = CARTESIAN_POINT('',(15.639617665221,2.817779086754,9.65587678286
    ));
#9701 = CARTESIAN_POINT('',(15.668631445596,2.341597407496,9.73898180111
    ));
#9702 = CARTESIAN_POINT('',(15.697242150032,1.867885533634,
    9.803915034505));
#9703 = CARTESIAN_POINT('',(15.720875236859,1.399612006443,
    9.852092079564));
#9704 = CARTESIAN_POINT('',(15.737615126205,0.93162877749,9.884054208253
    ));
#9705 = CARTESIAN_POINT('',(15.745929970757,0.465881786272,
    9.899999794221));
#9706 = CARTESIAN_POINT('',(15.745930065432,-0.465868268728,
    9.900000205776));
#9707 = CARTESIAN_POINT('',(15.737615736404,-0.931622687889,
    9.884056703587));
#9708 = CARTESIAN_POINT('',(15.720871484098,-1.399684914158,
    9.852082486999));
#9709 = CARTESIAN_POINT('',(15.697253107442,-1.86772794094,
    9.803932774822));
#9710 = CARTESIAN_POINT('',(15.668619116383,-2.341716487486,
    9.738967349465));
#9711 = CARTESIAN_POINT('',(15.639628075944,-2.81767865101,
    9.655891055772));
#9712 = CARTESIAN_POINT('',(15.616246288747,-3.293849801075,
    9.555418360927));
#9713 = CARTESIAN_POINT('',(15.602827998782,-3.771958140216,
    9.436208857853));
#9714 = CARTESIAN_POINT('',(15.603160198761,-4.282512778705,
    9.288538512658));
#9715 = CARTESIAN_POINT('',(15.603180366838,-4.313508883432,
    9.279573349795));
#9716 = CARTESIAN_POINT('',(15.603200534915,-4.344504988159,
    9.270608186931));
#9717 = CARTESIAN_POINT('',(15.603220702992,-4.375501092886,
    9.261643024068));
#9718 = CARTESIAN_POINT('',(15.603240871069,-4.406497197614,
    9.252677861204));
#9719 = CARTESIAN_POINT('',(15.603261039146,-4.437493302341,
    9.243712698341));
#9720 = CARTESIAN_POINT('',(15.603281207224,-4.468489407068,
    9.234747535477));
#9721 = CARTESIAN_POINT('',(15.603301375301,-4.499485511795,
    9.225782372614));
#9722 = CARTESIAN_POINT('',(15.603321543378,-4.530481616522,
    9.21681720975));
#9723 = PCURVE('',#7064,#9724);
#9724 = DEFINITIONAL_REPRESENTATION('',(#9725),#9744);
#9725 = B_SPLINE_CURVE_WITH_KNOTS('',9,(#9726,#9727,#9728,#9729,#9730,
    #9731,#9732,#9733,#9734,#9735,#9736,#9737,#9738,#9739,#9740,#9741,
    #9742,#9743),.UNSPECIFIED.,.F.,.F.,(10,8,10),(-1.909591707079,
    2.390802477631,6.691196662342),.UNSPECIFIED.);
#9726 = CARTESIAN_POINT('',(0.918452180386,-34.22814029401));
#9727 = CARTESIAN_POINT('',(0.885827449386,-34.22782817952));
#9728 = CARTESIAN_POINT('',(0.853648018984,-34.24124723588));
#9729 = CARTESIAN_POINT('',(0.82188548103,-34.26461766887));
#9730 = CARTESIAN_POINT('',(0.790338767209,-34.29363145898));
#9731 = CARTESIAN_POINT('',(0.759135469539,-34.32224211644));
#9732 = CARTESIAN_POINT('',(0.728408976425,-34.34587526571));
#9733 = CARTESIAN_POINT('',(0.697784647528,-34.36261511677));
#9734 = CARTESIAN_POINT('',(0.667346945251,-34.37092997075));
#9735 = CARTESIAN_POINT('',(0.606454883537,-34.37093006543));
#9736 = CARTESIAN_POINT('',(0.576016703263,-34.36261572747));
#9737 = CARTESIAN_POINT('',(0.545387174499,-34.3458715112));
#9738 = CARTESIAN_POINT('',(0.514675833727,-34.3222530763));
#9739 = CARTESIAN_POINT('',(0.483454340906,-34.29361912915));
#9740 = CARTESIAN_POINT('',(0.451922082141,-34.26462807741));
#9741 = CARTESIAN_POINT('',(0.420153345638,-34.24124628689));
#9742 = CARTESIAN_POINT('',(0.38797358597,-34.22782799878));
#9743 = CARTESIAN_POINT('',(0.355348715137,-34.22814003068));
#9744 = ( GEOMETRIC_REPRESENTATION_CONTEXT(2) 
PARAMETRIC_REPRESENTATION_CONTEXT() REPRESENTATION_CONTEXT('2D SPACE',''
  ) );
#9745 = PCURVE('',#8102,#9746);
#9746 = DEFINITIONAL_REPRESENTATION('',(#9747),#9751);
#9747 = LINE('',#9748,#9749);
#9748 = CARTESIAN_POINT('',(0.,0.));
#9749 = VECTOR('',#9750,1.);
#9750 = DIRECTION('',(0.,1.));
#9751 = ( GEOMETRIC_REPRESENTATION_CONTEXT(2) 
PARAMETRIC_REPRESENTATION_CONTEXT() REPRESENTATION_CONTEXT('2D SPACE',''
  ) );
#9752 = ADVANCED_FACE('',(#9753),#8102,.F.);
#9753 = FACE_BOUND('',#9754,.F.);
#9754 = EDGE_LOOP('',(#9755,#9756,#9757,#9758));
#9755 = ORIENTED_EDGE('',*,*,#7992,.T.);
#9756 = ORIENTED_EDGE('',*,*,#8643,.T.);
#9757 = ORIENTED_EDGE('',*,*,#8286,.F.);
#9758 = ORIENTED_EDGE('',*,*,#9686,.F.);
#9759 = ADVANCED_FACE('',(#9760,#10098),#8927,.T.);
#9760 = FACE_BOUND('',#9761,.T.);
#9761 = EDGE_LOOP('',(#9762,#9792,#9820,#9848,#9876,#9904,#9932,#9960,
    #9988,#10016,#10044,#10072));
#9762 = ORIENTED_EDGE('',*,*,#9763,.F.);
#9763 = EDGE_CURVE('',#9764,#9766,#9768,.T.);
#9764 = VERTEX_POINT('',#9765);
#9765 = CARTESIAN_POINT('',(9.63125,0.835,0.6));
#9766 = VERTEX_POINT('',#9767);
#9767 = CARTESIAN_POINT('',(11.14625,0.835,0.6));
#9768 = SURFACE_CURVE('',#9769,(#9773,#9780),.PCURVE_S1.);
#9769 = LINE('',#9770,#9771);
#9770 = CARTESIAN_POINT('',(9.83125,0.835,0.6));
#9771 = VECTOR('',#9772,1.);
#9772 = DIRECTION('',(1.,-0.,0.));
#9773 = PCURVE('',#8927,#9774);
#9774 = DEFINITIONAL_REPRESENTATION('',(#9775),#9779);
#9775 = LINE('',#9776,#9777);
#9776 = CARTESIAN_POINT('',(-9.83125,0.835));
#9777 = VECTOR('',#9778,1.);
#9778 = DIRECTION('',(-1.,0.));
#9779 = ( GEOMETRIC_REPRESENTATION_CONTEXT(2) 
PARAMETRIC_REPRESENTATION_CONTEXT() REPRESENTATION_CONTEXT('2D SPACE',''
  ) );
#9780 = PCURVE('',#9781,#9786);
#9781 = PLANE('',#9782);
#9782 = AXIS2_PLACEMENT_3D('',#9783,#9784,#9785);
#9783 = CARTESIAN_POINT('',(9.83125,0.735,0.7));
#9784 = DIRECTION('',(2.741723595365E-19,0.707106781187,0.707106781187)
  );
#9785 = DIRECTION('',(-1.,1.938691346422E-19,1.938691346422E-19));
#9786 = DEFINITIONAL_REPRESENTATION('',(#9787),#9791);
#9787 = LINE('',#9788,#9789);
#9788 = CARTESIAN_POINT('',(-0.,-0.141421356237));
#9789 = VECTOR('',#9790,1.);
#9790 = DIRECTION('',(-1.,0.));
#9791 = ( GEOMETRIC_REPRESENTATION_CONTEXT(2) 
PARAMETRIC_REPRESENTATION_CONTEXT() REPRESENTATION_CONTEXT('2D SPACE',''
  ) );
#9792 = ORIENTED_EDGE('',*,*,#9793,.T.);
#9793 = EDGE_CURVE('',#9764,#9794,#9796,.T.);
#9794 = VERTEX_POINT('',#9795);
#9795 = CARTESIAN_POINT('',(9.63125,-0.835,0.6));
#9796 = SURFACE_CURVE('',#9797,(#9801,#9808),.PCURVE_S1.);
#9797 = LINE('',#9798,#9799);
#9798 = CARTESIAN_POINT('',(9.63125,0.635,0.6));
#9799 = VECTOR('',#9800,1.);
#9800 = DIRECTION('',(0.,-1.,0.));
#9801 = PCURVE('',#8927,#9802);
#9802 = DEFINITIONAL_REPRESENTATION('',(#9803),#9807);
#9803 = LINE('',#9804,#9805);
#9804 = CARTESIAN_POINT('',(-9.63125,0.635));
#9805 = VECTOR('',#9806,1.);
#9806 = DIRECTION('',(0.,-1.));
#9807 = ( GEOMETRIC_REPRESENTATION_CONTEXT(2) 
PARAMETRIC_REPRESENTATION_CONTEXT() REPRESENTATION_CONTEXT('2D SPACE',''
  ) );
#9808 = PCURVE('',#9809,#9814);
#9809 = PLANE('',#9810);
#9810 = AXIS2_PLACEMENT_3D('',#9811,#9812,#9813);
#9811 = CARTESIAN_POINT('',(9.73125,0.635,0.7));
#9812 = DIRECTION('',(0.707106781187,2.06703866116E-18,-0.707106781187)
  );
#9813 = DIRECTION('',(-1.461617054281E-18,1.,1.461617054281E-18));
#9814 = DEFINITIONAL_REPRESENTATION('',(#9815),#9819);
#9815 = LINE('',#9816,#9817);
#9816 = CARTESIAN_POINT('',(-0.,-0.141421356237));
#9817 = VECTOR('',#9818,1.);
#9818 = DIRECTION('',(-1.,0.));
#9819 = ( GEOMETRIC_REPRESENTATION_CONTEXT(2) 
PARAMETRIC_REPRESENTATION_CONTEXT() REPRESENTATION_CONTEXT('2D SPACE',''
  ) );
#9820 = ORIENTED_EDGE('',*,*,#9821,.T.);
#9821 = EDGE_CURVE('',#9794,#9822,#9824,.T.);
#9822 = VERTEX_POINT('',#9823);
#9823 = CARTESIAN_POINT('',(11.14625,-0.835,0.6));
#9824 = SURFACE_CURVE('',#9825,(#9829,#9836),.PCURVE_S1.);
#9825 = LINE('',#9826,#9827);
#9826 = CARTESIAN_POINT('',(9.83125,-0.835,0.6));
#9827 = VECTOR('',#9828,1.);
#9828 = DIRECTION('',(1.,-0.,0.));
#9829 = PCURVE('',#8927,#9830);
#9830 = DEFINITIONAL_REPRESENTATION('',(#9831),#9835);
#9831 = LINE('',#9832,#9833);
#9832 = CARTESIAN_POINT('',(-9.83125,-0.835));
#9833 = VECTOR('',#9834,1.);
#9834 = DIRECTION('',(-1.,0.));
#9835 = ( GEOMETRIC_REPRESENTATION_CONTEXT(2) 
PARAMETRIC_REPRESENTATION_CONTEXT() REPRESENTATION_CONTEXT('2D SPACE',''
  ) );
#9836 = PCURVE('',#9837,#9842);
#9837 = PLANE('',#9838);
#9838 = AXIS2_PLACEMENT_3D('',#9839,#9840,#9841);
#9839 = CARTESIAN_POINT('',(9.83125,-0.735,0.7));
#9840 = DIRECTION('',(-2.741723595365E-19,0.707106781187,-0.707106781187
    ));
#9841 = DIRECTION('',(-1.,-1.938691346422E-19,1.938691346422E-19));
#9842 = DEFINITIONAL_REPRESENTATION('',(#9843),#9847);
#9843 = LINE('',#9844,#9845);
#9844 = CARTESIAN_POINT('',(-0.,-0.141421356237));
#9845 = VECTOR('',#9846,1.);
#9846 = DIRECTION('',(-1.,0.));
#9847 = ( GEOMETRIC_REPRESENTATION_CONTEXT(2) 
PARAMETRIC_REPRESENTATION_CONTEXT() REPRESENTATION_CONTEXT('2D SPACE',''
  ) );
#9848 = ORIENTED_EDGE('',*,*,#9849,.T.);
#9849 = EDGE_CURVE('',#9822,#9850,#9852,.T.);
#9850 = VERTEX_POINT('',#9851);
#9851 = CARTESIAN_POINT('',(11.14625,-2.275,0.6));
#9852 = SURFACE_CURVE('',#9853,(#9857,#9864),.PCURVE_S1.);
#9853 = LINE('',#9854,#9855);
#9854 = CARTESIAN_POINT('',(11.14625,-0.635,0.6));
#9855 = VECTOR('',#9856,1.);
#9856 = DIRECTION('',(0.,-1.,0.));
#9857 = PCURVE('',#8927,#9858);
#9858 = DEFINITIONAL_REPRESENTATION('',(#9859),#9863);
#9859 = LINE('',#9860,#9861);
#9860 = CARTESIAN_POINT('',(-11.14625,-0.635));
#9861 = VECTOR('',#9862,1.);
#9862 = DIRECTION('',(0.,-1.));
#9863 = ( GEOMETRIC_REPRESENTATION_CONTEXT(2) 
PARAMETRIC_REPRESENTATION_CONTEXT() REPRESENTATION_CONTEXT('2D SPACE',''
  ) );
#9864 = PCURVE('',#9865,#9870);
#9865 = PLANE('',#9866);
#9866 = AXIS2_PLACEMENT_3D('',#9867,#9868,#9869);
#9867 = CARTESIAN_POINT('',(11.24625,-0.635,0.7));
#9868 = DIRECTION('',(0.707106781187,2.06703866116E-18,-0.707106781187)
  );
#9869 = DIRECTION('',(-1.461617054281E-18,1.,1.461617054281E-18));
#9870 = DEFINITIONAL_REPRESENTATION('',(#9871),#9875);
#9871 = LINE('',#9872,#9873);
#9872 = CARTESIAN_POINT('',(-0.,-0.141421356237));
#9873 = VECTOR('',#9874,1.);
#9874 = DIRECTION('',(-1.,0.));
#9875 = ( GEOMETRIC_REPRESENTATION_CONTEXT(2) 
PARAMETRIC_REPRESENTATION_CONTEXT() REPRESENTATION_CONTEXT('2D SPACE',''
  ) );
#9876 = ORIENTED_EDGE('',*,*,#9877,.T.);
#9877 = EDGE_CURVE('',#9850,#9878,#9880,.T.);
#9878 = VERTEX_POINT('',#9879);
#9879 = CARTESIAN_POINT('',(12.66625,-2.275,0.6));
#9880 = SURFACE_CURVE('',#9881,(#9885,#9892),.PCURVE_S1.);
#9881 = LINE('',#9882,#9883);
#9882 = CARTESIAN_POINT('',(11.34625,-2.275,0.6));
#9883 = VECTOR('',#9884,1.);
#9884 = DIRECTION('',(1.,-0.,0.));
#9885 = PCURVE('',#8927,#9886);
#9886 = DEFINITIONAL_REPRESENTATION('',(#9887),#9891);
#9887 = LINE('',#9888,#9889);
#9888 = CARTESIAN_POINT('',(-11.34625,-2.275));
#9889 = VECTOR('',#9890,1.);
#9890 = DIRECTION('',(-1.,0.));
#9891 = ( GEOMETRIC_REPRESENTATION_CONTEXT(2) 
PARAMETRIC_REPRESENTATION_CONTEXT() REPRESENTATION_CONTEXT('2D SPACE',''
  ) );
#9892 = PCURVE('',#9893,#9898);
#9893 = PLANE('',#9894);
#9894 = AXIS2_PLACEMENT_3D('',#9895,#9896,#9897);
#9895 = CARTESIAN_POINT('',(11.34625,-2.175,0.7));
#9896 = DIRECTION('',(1.18091410828E-18,0.707106781187,-0.707106781187)
  );
#9897 = DIRECTION('',(-1.,8.350323739637E-19,-8.350323739637E-19));
#9898 = DEFINITIONAL_REPRESENTATION('',(#9899),#9903);
#9899 = LINE('',#9900,#9901);
#9900 = CARTESIAN_POINT('',(-0.,-0.141421356237));
#9901 = VECTOR('',#9902,1.);
#9902 = DIRECTION('',(-1.,0.));
#9903 = ( GEOMETRIC_REPRESENTATION_CONTEXT(2) 
PARAMETRIC_REPRESENTATION_CONTEXT() REPRESENTATION_CONTEXT('2D SPACE',''
  ) );
#9904 = ORIENTED_EDGE('',*,*,#9905,.F.);
#9905 = EDGE_CURVE('',#9906,#9878,#9908,.T.);
#9906 = VERTEX_POINT('',#9907);
#9907 = CARTESIAN_POINT('',(12.66625,-0.835,0.6));
#9908 = SURFACE_CURVE('',#9909,(#9913,#9920),.PCURVE_S1.);
#9909 = LINE('',#9910,#9911);
#9910 = CARTESIAN_POINT('',(12.66625,-0.635,0.6));
#9911 = VECTOR('',#9912,1.);
#9912 = DIRECTION('',(0.,-1.,0.));
#9913 = PCURVE('',#8927,#9914);
#9914 = DEFINITIONAL_REPRESENTATION('',(#9915),#9919);
#9915 = LINE('',#9916,#9917);
#9916 = CARTESIAN_POINT('',(-12.66625,-0.635));
#9917 = VECTOR('',#9918,1.);
#9918 = DIRECTION('',(0.,-1.));
#9919 = ( GEOMETRIC_REPRESENTATION_CONTEXT(2) 
PARAMETRIC_REPRESENTATION_CONTEXT() REPRESENTATION_CONTEXT('2D SPACE',''
  ) );
#9920 = PCURVE('',#9921,#9926);
#9921 = PLANE('',#9922);
#9922 = AXIS2_PLACEMENT_3D('',#9923,#9924,#9925);
#9923 = CARTESIAN_POINT('',(12.56625,-0.635,0.7));
#9924 = DIRECTION('',(0.707106781187,-2.06703866116E-18,0.707106781187)
  );
#9925 = DIRECTION('',(1.461617054281E-18,1.,1.461617054281E-18));
#9926 = DEFINITIONAL_REPRESENTATION('',(#9927),#9931);
#9927 = LINE('',#9928,#9929);
#9928 = CARTESIAN_POINT('',(-0.,-0.141421356237));
#9929 = VECTOR('',#9930,1.);
#9930 = DIRECTION('',(-1.,0.));
#9931 = ( GEOMETRIC_REPRESENTATION_CONTEXT(2) 
PARAMETRIC_REPRESENTATION_CONTEXT() REPRESENTATION_CONTEXT('2D SPACE',''
  ) );
#9932 = ORIENTED_EDGE('',*,*,#9933,.T.);
#9933 = EDGE_CURVE('',#9906,#9934,#9936,.T.);
#9934 = VERTEX_POINT('',#9935);
#9935 = CARTESIAN_POINT('',(14.18125,-0.835,0.6));
#9936 = SURFACE_CURVE('',#9937,(#9941,#9948),.PCURVE_S1.);
#9937 = LINE('',#9938,#9939);
#9938 = CARTESIAN_POINT('',(12.46625,-0.835,0.6));
#9939 = VECTOR('',#9940,1.);
#9940 = DIRECTION('',(1.,-0.,0.));
#9941 = PCURVE('',#8927,#9942);
#9942 = DEFINITIONAL_REPRESENTATION('',(#9943),#9947);
#9943 = LINE('',#9944,#9945);
#9944 = CARTESIAN_POINT('',(-12.46625,-0.835));
#9945 = VECTOR('',#9946,1.);
#9946 = DIRECTION('',(-1.,0.));
#9947 = ( GEOMETRIC_REPRESENTATION_CONTEXT(2) 
PARAMETRIC_REPRESENTATION_CONTEXT() REPRESENTATION_CONTEXT('2D SPACE',''
  ) );
#9948 = PCURVE('',#9949,#9954);
#9949 = PLANE('',#9950);
#9950 = AXIS2_PLACEMENT_3D('',#9951,#9952,#9953);
#9951 = CARTESIAN_POINT('',(12.46625,-0.735,0.7));
#9952 = DIRECTION('',(-5.71922882877E-19,0.707106781187,-0.707106781187)
  );
#9953 = DIRECTION('',(-1.,-4.044105487981E-19,4.044105487981E-19));
#9954 = DEFINITIONAL_REPRESENTATION('',(#9955),#9959);
#9955 = LINE('',#9956,#9957);
#9956 = CARTESIAN_POINT('',(-0.,-0.141421356237));
#9957 = VECTOR('',#9958,1.);
#9958 = DIRECTION('',(-1.,0.));
#9959 = ( GEOMETRIC_REPRESENTATION_CONTEXT(2) 
PARAMETRIC_REPRESENTATION_CONTEXT() REPRESENTATION_CONTEXT('2D SPACE',''
  ) );
#9960 = ORIENTED_EDGE('',*,*,#9961,.F.);
#9961 = EDGE_CURVE('',#9962,#9934,#9964,.T.);
#9962 = VERTEX_POINT('',#9963);
#9963 = CARTESIAN_POINT('',(14.18125,0.835,0.6));
#9964 = SURFACE_CURVE('',#9965,(#9969,#9976),.PCURVE_S1.);
#9965 = LINE('',#9966,#9967);
#9966 = CARTESIAN_POINT('',(14.18125,0.635,0.6));
#9967 = VECTOR('',#9968,1.);
#9968 = DIRECTION('',(0.,-1.,0.));
#9969 = PCURVE('',#8927,#9970);
#9970 = DEFINITIONAL_REPRESENTATION('',(#9971),#9975);
#9971 = LINE('',#9972,#9973);
#9972 = CARTESIAN_POINT('',(-14.18125,0.635));
#9973 = VECTOR('',#9974,1.);
#9974 = DIRECTION('',(0.,-1.));
#9975 = ( GEOMETRIC_REPRESENTATION_CONTEXT(2) 
PARAMETRIC_REPRESENTATION_CONTEXT() REPRESENTATION_CONTEXT('2D SPACE',''
  ) );
#9976 = PCURVE('',#9977,#9982);
#9977 = PLANE('',#9978);
#9978 = AXIS2_PLACEMENT_3D('',#9979,#9980,#9981);
#9979 = CARTESIAN_POINT('',(14.08125,0.635,0.7));
#9980 = DIRECTION('',(0.707106781187,-2.06703866116E-18,0.707106781187)
  );
#9981 = DIRECTION('',(1.461617054281E-18,1.,1.461617054281E-18));
#9982 = DEFINITIONAL_REPRESENTATION('',(#9983),#9987);
#9983 = LINE('',#9984,#9985);
#9984 = CARTESIAN_POINT('',(-0.,-0.141421356237));
#9985 = VECTOR('',#9986,1.);
#9986 = DIRECTION('',(-1.,0.));
#9987 = ( GEOMETRIC_REPRESENTATION_CONTEXT(2) 
PARAMETRIC_REPRESENTATION_CONTEXT() REPRESENTATION_CONTEXT('2D SPACE',''
  ) );
#9988 = ORIENTED_EDGE('',*,*,#9989,.F.);
#9989 = EDGE_CURVE('',#9990,#9962,#9992,.T.);
#9990 = VERTEX_POINT('',#9991);
#9991 = CARTESIAN_POINT('',(12.66625,0.835,0.6));
#9992 = SURFACE_CURVE('',#9993,(#9997,#10004),.PCURVE_S1.);
#9993 = LINE('',#9994,#9995);
#9994 = CARTESIAN_POINT('',(12.46625,0.835,0.6));
#9995 = VECTOR('',#9996,1.);
#9996 = DIRECTION('',(1.,-0.,0.));
#9997 = PCURVE('',#8927,#9998);
#9998 = DEFINITIONAL_REPRESENTATION('',(#9999),#10003);
#9999 = LINE('',#10000,#10001);
#10000 = CARTESIAN_POINT('',(-12.46625,0.835));
#10001 = VECTOR('',#10002,1.);
#10002 = DIRECTION('',(-1.,0.));
#10003 = ( GEOMETRIC_REPRESENTATION_CONTEXT(2) 
PARAMETRIC_REPRESENTATION_CONTEXT() REPRESENTATION_CONTEXT('2D SPACE',''
  ) );
#10004 = PCURVE('',#10005,#10010);
#10005 = PLANE('',#10006);
#10006 = AXIS2_PLACEMENT_3D('',#10007,#10008,#10009);
#10007 = CARTESIAN_POINT('',(12.46625,0.735,0.7));
#10008 = DIRECTION('',(5.71922882877E-19,0.707106781187,0.707106781187)
  );
#10009 = DIRECTION('',(-1.,4.044105487981E-19,4.044105487981E-19));
#10010 = DEFINITIONAL_REPRESENTATION('',(#10011),#10015);
#10011 = LINE('',#10012,#10013);
#10012 = CARTESIAN_POINT('',(-0.,-0.141421356237));
#10013 = VECTOR('',#10014,1.);
#10014 = DIRECTION('',(-1.,0.));
#10015 = ( GEOMETRIC_REPRESENTATION_CONTEXT(2) 
PARAMETRIC_REPRESENTATION_CONTEXT() REPRESENTATION_CONTEXT('2D SPACE',''
  ) );
#10016 = ORIENTED_EDGE('',*,*,#10017,.F.);
#10017 = EDGE_CURVE('',#10018,#9990,#10020,.T.);
#10018 = VERTEX_POINT('',#10019);
#10019 = CARTESIAN_POINT('',(12.66625,2.275,0.6));
#10020 = SURFACE_CURVE('',#10021,(#10025,#10032),.PCURVE_S1.);
#10021 = LINE('',#10022,#10023);
#10022 = CARTESIAN_POINT('',(12.66625,2.075,0.6));
#10023 = VECTOR('',#10024,1.);
#10024 = DIRECTION('',(0.,-1.,0.));
#10025 = PCURVE('',#8927,#10026);
#10026 = DEFINITIONAL_REPRESENTATION('',(#10027),#10031);
#10027 = LINE('',#10028,#10029);
#10028 = CARTESIAN_POINT('',(-12.66625,2.075));
#10029 = VECTOR('',#10030,1.);
#10030 = DIRECTION('',(0.,-1.));
#10031 = ( GEOMETRIC_REPRESENTATION_CONTEXT(2) 
PARAMETRIC_REPRESENTATION_CONTEXT() REPRESENTATION_CONTEXT('2D SPACE',''
  ) );
#10032 = PCURVE('',#10033,#10038);
#10033 = PLANE('',#10034);
#10034 = AXIS2_PLACEMENT_3D('',#10035,#10036,#10037);
#10035 = CARTESIAN_POINT('',(12.56625,2.075,0.7));
#10036 = DIRECTION('',(0.707106781187,-1.348205309508E-18,0.707106781187
    ));
#10037 = DIRECTION('',(9.533251167848E-19,1.,9.533251167848E-19));
#10038 = DEFINITIONAL_REPRESENTATION('',(#10039),#10043);
#10039 = LINE('',#10040,#10041);
#10040 = CARTESIAN_POINT('',(-0.,-0.141421356237));
#10041 = VECTOR('',#10042,1.);
#10042 = DIRECTION('',(-1.,0.));
#10043 = ( GEOMETRIC_REPRESENTATION_CONTEXT(2) 
PARAMETRIC_REPRESENTATION_CONTEXT() REPRESENTATION_CONTEXT('2D SPACE',''
  ) );
#10044 = ORIENTED_EDGE('',*,*,#10045,.F.);
#10045 = EDGE_CURVE('',#10046,#10018,#10048,.T.);
#10046 = VERTEX_POINT('',#10047);
#10047 = CARTESIAN_POINT('',(11.14625,2.275,0.6));
#10048 = SURFACE_CURVE('',#10049,(#10053,#10060),.PCURVE_S1.);
#10049 = LINE('',#10050,#10051);
#10050 = CARTESIAN_POINT('',(11.34625,2.275,0.6));
#10051 = VECTOR('',#10052,1.);
#10052 = DIRECTION('',(1.,-0.,0.));
#10053 = PCURVE('',#8927,#10054);
#10054 = DEFINITIONAL_REPRESENTATION('',(#10055),#10059);
#10055 = LINE('',#10056,#10057);
#10056 = CARTESIAN_POINT('',(-11.34625,2.275));
#10057 = VECTOR('',#10058,1.);
#10058 = DIRECTION('',(-1.,0.));
#10059 = ( GEOMETRIC_REPRESENTATION_CONTEXT(2) 
PARAMETRIC_REPRESENTATION_CONTEXT() REPRESENTATION_CONTEXT('2D SPACE',''
  ) );
#10060 = PCURVE('',#10061,#10066);
#10061 = PLANE('',#10062);
#10062 = AXIS2_PLACEMENT_3D('',#10063,#10064,#10065);
#10063 = CARTESIAN_POINT('',(11.34625,2.175,0.7));
#10064 = DIRECTION('',(-1.18091410828E-18,0.707106781187,0.707106781187)
  );
#10065 = DIRECTION('',(-1.,-8.350323739637E-19,-8.350323739637E-19));
#10066 = DEFINITIONAL_REPRESENTATION('',(#10067),#10071);
#10067 = LINE('',#10068,#10069);
#10068 = CARTESIAN_POINT('',(-0.,-0.141421356237));
#10069 = VECTOR('',#10070,1.);
#10070 = DIRECTION('',(-1.,0.));
#10071 = ( GEOMETRIC_REPRESENTATION_CONTEXT(2) 
PARAMETRIC_REPRESENTATION_CONTEXT() REPRESENTATION_CONTEXT('2D SPACE',''
  ) );
#10072 = ORIENTED_EDGE('',*,*,#10073,.T.);
#10073 = EDGE_CURVE('',#10046,#9766,#10074,.T.);
#10074 = SURFACE_CURVE('',#10075,(#10079,#10086),.PCURVE_S1.);
#10075 = LINE('',#10076,#10077);
#10076 = CARTESIAN_POINT('',(11.14625,2.075,0.6));
#10077 = VECTOR('',#10078,1.);
#10078 = DIRECTION('',(0.,-1.,0.));
#10079 = PCURVE('',#8927,#10080);
#10080 = DEFINITIONAL_REPRESENTATION('',(#10081),#10085);
#10081 = LINE('',#10082,#10083);
#10082 = CARTESIAN_POINT('',(-11.14625,2.075));
#10083 = VECTOR('',#10084,1.);
#10084 = DIRECTION('',(0.,-1.));
#10085 = ( GEOMETRIC_REPRESENTATION_CONTEXT(2) 
PARAMETRIC_REPRESENTATION_CONTEXT() REPRESENTATION_CONTEXT('2D SPACE',''
  ) );
#10086 = PCURVE('',#10087,#10092);
#10087 = PLANE('',#10088);
#10088 = AXIS2_PLACEMENT_3D('',#10089,#10090,#10091);
#10089 = CARTESIAN_POINT('',(11.24625,2.075,0.7));
#10090 = DIRECTION('',(0.707106781187,1.348205309508E-18,-0.707106781187
    ));
#10091 = DIRECTION('',(-9.533251167848E-19,1.,9.533251167848E-19));
#10092 = DEFINITIONAL_REPRESENTATION('',(#10093),#10097);
#10093 = LINE('',#10094,#10095);
#10094 = CARTESIAN_POINT('',(-0.,-0.141421356237));
#10095 = VECTOR('',#10096,1.);
#10096 = DIRECTION('',(-1.,0.));
#10097 = ( GEOMETRIC_REPRESENTATION_CONTEXT(2) 
PARAMETRIC_REPRESENTATION_CONTEXT() REPRESENTATION_CONTEXT('2D SPACE',''
  ) );
#10098 = FACE_BOUND('',#10099,.T.);
#10099 = EDGE_LOOP('',(#10100));
#10100 = ORIENTED_EDGE('',*,*,#8912,.F.);
#10101 = ADVANCED_FACE('',(#10102),#9015,.T.);
#10102 = FACE_BOUND('',#10103,.T.);
#10103 = EDGE_LOOP('',(#10104,#10127,#10128,#10151));
#10104 = ORIENTED_EDGE('',*,*,#10105,.F.);
#10105 = EDGE_CURVE('',#8979,#10106,#10108,.T.);
#10106 = VERTEX_POINT('',#10107);
#10107 = CARTESIAN_POINT('',(0.56,-2.075,4.6));
#10108 = SURFACE_CURVE('',#10109,(#10113,#10120),.PCURVE_S1.);
#10109 = LINE('',#10110,#10111);
#10110 = CARTESIAN_POINT('',(0.56,-2.075,0.));
#10111 = VECTOR('',#10112,1.);
#10112 = DIRECTION('',(-0.,0.,1.));
#10113 = PCURVE('',#9015,#10114);
#10114 = DEFINITIONAL_REPRESENTATION('',(#10115),#10119);
#10115 = LINE('',#10116,#10117);
#10116 = CARTESIAN_POINT('',(1.12,0.));
#10117 = VECTOR('',#10118,1.);
#10118 = DIRECTION('',(0.,-1.));
#10119 = ( GEOMETRIC_REPRESENTATION_CONTEXT(2) 
PARAMETRIC_REPRESENTATION_CONTEXT() REPRESENTATION_CONTEXT('2D SPACE',''
  ) );
#10120 = PCURVE('',#9123,#10121);
#10121 = DEFINITIONAL_REPRESENTATION('',(#10122),#10126);
#10122 = LINE('',#10123,#10124);
#10123 = CARTESIAN_POINT('',(1.44,0.));
#10124 = VECTOR('',#10125,1.);
#10125 = DIRECTION('',(0.,-1.));
#10126 = ( GEOMETRIC_REPRESENTATION_CONTEXT(2) 
PARAMETRIC_REPRESENTATION_CONTEXT() REPRESENTATION_CONTEXT('2D SPACE',''
  ) );
#10127 = ORIENTED_EDGE('',*,*,#9001,.F.);
#10128 = ORIENTED_EDGE('',*,*,#10129,.T.);
#10129 = EDGE_CURVE('',#8955,#10130,#10132,.T.);
#10130 = VERTEX_POINT('',#10131);
#10131 = CARTESIAN_POINT('',(-0.56,-2.075,4.6));
#10132 = SURFACE_CURVE('',#10133,(#10137,#10144),.PCURVE_S1.);
#10133 = LINE('',#10134,#10135);
#10134 = CARTESIAN_POINT('',(-0.56,-2.075,0.));
#10135 = VECTOR('',#10136,1.);
#10136 = DIRECTION('',(-0.,0.,1.));
#10137 = PCURVE('',#9015,#10138);
#10138 = DEFINITIONAL_REPRESENTATION('',(#10139),#10143);
#10139 = LINE('',#10140,#10141);
#10140 = CARTESIAN_POINT('',(0.,0.));
#10141 = VECTOR('',#10142,1.);
#10142 = DIRECTION('',(0.,-1.));
#10143 = ( GEOMETRIC_REPRESENTATION_CONTEXT(2) 
PARAMETRIC_REPRESENTATION_CONTEXT() REPRESENTATION_CONTEXT('2D SPACE',''
  ) );
#10144 = PCURVE('',#9069,#10145);
#10145 = DEFINITIONAL_REPRESENTATION('',(#10146),#10150);
#10146 = LINE('',#10147,#10148);
#10147 = CARTESIAN_POINT('',(1.44,0.));
#10148 = VECTOR('',#10149,1.);
#10149 = DIRECTION('',(0.,-1.));
#10150 = ( GEOMETRIC_REPRESENTATION_CONTEXT(2) 
PARAMETRIC_REPRESENTATION_CONTEXT() REPRESENTATION_CONTEXT('2D SPACE',''
  ) );
#10151 = ORIENTED_EDGE('',*,*,#10152,.T.);
#10152 = EDGE_CURVE('',#10130,#10106,#10153,.T.);
#10153 = SURFACE_CURVE('',#10154,(#10158,#10165),.PCURVE_S1.);
#10154 = LINE('',#10155,#10156);
#10155 = CARTESIAN_POINT('',(8.169828426762E-15,-2.075,4.6));
#10156 = VECTOR('',#10157,1.);
#10157 = DIRECTION('',(1.,0.,0.));
#10158 = PCURVE('',#9015,#10159);
#10159 = DEFINITIONAL_REPRESENTATION('',(#10160),#10164);
#10160 = LINE('',#10161,#10162);
#10161 = CARTESIAN_POINT('',(0.56,-4.6));
#10162 = VECTOR('',#10163,1.);
#10163 = DIRECTION('',(1.,0.));
#10164 = ( GEOMETRIC_REPRESENTATION_CONTEXT(2) 
PARAMETRIC_REPRESENTATION_CONTEXT() REPRESENTATION_CONTEXT('2D SPACE',''
  ) );
#10165 = PCURVE('',#10166,#10171);
#10166 = PLANE('',#10167);
#10167 = AXIS2_PLACEMENT_3D('',#10168,#10169,#10170);
#10168 = CARTESIAN_POINT('',(8.169828426762E-15,7.403907011753E-15,4.6)
  );
#10169 = DIRECTION('',(0.,0.,-1.));
#10170 = DIRECTION('',(1.,0.,0.));
#10171 = DEFINITIONAL_REPRESENTATION('',(#10172),#10176);
#10172 = LINE('',#10173,#10174);
#10173 = CARTESIAN_POINT('',(0.,2.075));
#10174 = VECTOR('',#10175,1.);
#10175 = DIRECTION('',(1.,0.));
#10176 = ( GEOMETRIC_REPRESENTATION_CONTEXT(2) 
PARAMETRIC_REPRESENTATION_CONTEXT() REPRESENTATION_CONTEXT('2D SPACE',''
  ) );
#10177 = ADVANCED_FACE('',(#10178),#9069,.T.);
#10178 = FACE_BOUND('',#10179,.T.);
#10179 = EDGE_LOOP('',(#10180,#10181,#10182,#10205));
#10180 = ORIENTED_EDGE('',*,*,#10129,.F.);
#10181 = ORIENTED_EDGE('',*,*,#9055,.F.);
#10182 = ORIENTED_EDGE('',*,*,#10183,.T.);
#10183 = EDGE_CURVE('',#9031,#10184,#10186,.T.);
#10184 = VERTEX_POINT('',#10185);
#10185 = CARTESIAN_POINT('',(-0.56,-0.635,4.6));
#10186 = SURFACE_CURVE('',#10187,(#10191,#10198),.PCURVE_S1.);
#10187 = LINE('',#10188,#10189);
#10188 = CARTESIAN_POINT('',(-0.56,-0.635,0.));
#10189 = VECTOR('',#10190,1.);
#10190 = DIRECTION('',(-0.,0.,1.));
#10191 = PCURVE('',#9069,#10192);
#10192 = DEFINITIONAL_REPRESENTATION('',(#10193),#10197);
#10193 = LINE('',#10194,#10195);
#10194 = CARTESIAN_POINT('',(0.,0.));
#10195 = VECTOR('',#10196,1.);
#10196 = DIRECTION('',(0.,-1.));
#10197 = ( GEOMETRIC_REPRESENTATION_CONTEXT(2) 
PARAMETRIC_REPRESENTATION_CONTEXT() REPRESENTATION_CONTEXT('2D SPACE',''
  ) );
#10198 = PCURVE('',#9177,#10199);
#10199 = DEFINITIONAL_REPRESENTATION('',(#10200),#10204);
#10200 = LINE('',#10201,#10202);
#10201 = CARTESIAN_POINT('',(1.515,0.));
#10202 = VECTOR('',#10203,1.);
#10203 = DIRECTION('',(0.,-1.));
#10204 = ( GEOMETRIC_REPRESENTATION_CONTEXT(2) 
PARAMETRIC_REPRESENTATION_CONTEXT() REPRESENTATION_CONTEXT('2D SPACE',''
  ) );
#10205 = ORIENTED_EDGE('',*,*,#10206,.T.);
#10206 = EDGE_CURVE('',#10184,#10130,#10207,.T.);
#10207 = SURFACE_CURVE('',#10208,(#10212,#10219),.PCURVE_S1.);
#10208 = LINE('',#10209,#10210);
#10209 = CARTESIAN_POINT('',(-0.56,7.403907011753E-15,4.6));
#10210 = VECTOR('',#10211,1.);
#10211 = DIRECTION('',(0.,-1.,0.));
#10212 = PCURVE('',#9069,#10213);
#10213 = DEFINITIONAL_REPRESENTATION('',(#10214),#10218);
#10214 = LINE('',#10215,#10216);
#10215 = CARTESIAN_POINT('',(-0.635,-4.6));
#10216 = VECTOR('',#10217,1.);
#10217 = DIRECTION('',(1.,0.));
#10218 = ( GEOMETRIC_REPRESENTATION_CONTEXT(2) 
PARAMETRIC_REPRESENTATION_CONTEXT() REPRESENTATION_CONTEXT('2D SPACE',''
  ) );
#10219 = PCURVE('',#10166,#10220);
#10220 = DEFINITIONAL_REPRESENTATION('',(#10221),#10225);
#10221 = LINE('',#10222,#10223);
#10222 = CARTESIAN_POINT('',(-0.56,0.));
#10223 = VECTOR('',#10224,1.);
#10224 = DIRECTION('',(0.,1.));
#10225 = ( GEOMETRIC_REPRESENTATION_CONTEXT(2) 
PARAMETRIC_REPRESENTATION_CONTEXT() REPRESENTATION_CONTEXT('2D SPACE',''
  ) );
#10226 = ADVANCED_FACE('',(#10227),#9123,.F.);
#10227 = FACE_BOUND('',#10228,.F.);
#10228 = EDGE_LOOP('',(#10229,#10230,#10231,#10254));
#10229 = ORIENTED_EDGE('',*,*,#10105,.F.);
#10230 = ORIENTED_EDGE('',*,*,#9109,.F.);
#10231 = ORIENTED_EDGE('',*,*,#10232,.T.);
#10232 = EDGE_CURVE('',#9085,#10233,#10235,.T.);
#10233 = VERTEX_POINT('',#10234);
#10234 = CARTESIAN_POINT('',(0.56,-0.635,4.6));
#10235 = SURFACE_CURVE('',#10236,(#10240,#10247),.PCURVE_S1.);
#10236 = LINE('',#10237,#10238);
#10237 = CARTESIAN_POINT('',(0.56,-0.635,0.));
#10238 = VECTOR('',#10239,1.);
#10239 = DIRECTION('',(-0.,0.,1.));
#10240 = PCURVE('',#9123,#10241);
#10241 = DEFINITIONAL_REPRESENTATION('',(#10242),#10246);
#10242 = LINE('',#10243,#10244);
#10243 = CARTESIAN_POINT('',(0.,0.));
#10244 = VECTOR('',#10245,1.);
#10245 = DIRECTION('',(0.,-1.));
#10246 = ( GEOMETRIC_REPRESENTATION_CONTEXT(2) 
PARAMETRIC_REPRESENTATION_CONTEXT() REPRESENTATION_CONTEXT('2D SPACE',''
  ) );
#10247 = PCURVE('',#9231,#10248);
#10248 = DEFINITIONAL_REPRESENTATION('',(#10249),#10253);
#10249 = LINE('',#10250,#10251);
#10250 = CARTESIAN_POINT('',(0.,0.));
#10251 = VECTOR('',#10252,1.);
#10252 = DIRECTION('',(0.,-1.));
#10253 = ( GEOMETRIC_REPRESENTATION_CONTEXT(2) 
PARAMETRIC_REPRESENTATION_CONTEXT() REPRESENTATION_CONTEXT('2D SPACE',''
  ) );
#10254 = ORIENTED_EDGE('',*,*,#10255,.T.);
#10255 = EDGE_CURVE('',#10233,#10106,#10256,.T.);
#10256 = SURFACE_CURVE('',#10257,(#10261,#10268),.PCURVE_S1.);
#10257 = LINE('',#10258,#10259);
#10258 = CARTESIAN_POINT('',(0.56,7.403907011753E-15,4.6));
#10259 = VECTOR('',#10260,1.);
#10260 = DIRECTION('',(0.,-1.,0.));
#10261 = PCURVE('',#9123,#10262);
#10262 = DEFINITIONAL_REPRESENTATION('',(#10263),#10267);
#10263 = LINE('',#10264,#10265);
#10264 = CARTESIAN_POINT('',(-0.635,-4.6));
#10265 = VECTOR('',#10266,1.);
#10266 = DIRECTION('',(1.,0.));
#10267 = ( GEOMETRIC_REPRESENTATION_CONTEXT(2) 
PARAMETRIC_REPRESENTATION_CONTEXT() REPRESENTATION_CONTEXT('2D SPACE',''
  ) );
#10268 = PCURVE('',#10166,#10269);
#10269 = DEFINITIONAL_REPRESENTATION('',(#10270),#10274);
#10270 = LINE('',#10271,#10272);
#10271 = CARTESIAN_POINT('',(0.56,0.));
#10272 = VECTOR('',#10273,1.);
#10273 = DIRECTION('',(0.,1.));
#10274 = ( GEOMETRIC_REPRESENTATION_CONTEXT(2) 
PARAMETRIC_REPRESENTATION_CONTEXT() REPRESENTATION_CONTEXT('2D SPACE',''
  ) );
#10275 = ADVANCED_FACE('',(#10276),#9177,.T.);
#10276 = FACE_BOUND('',#10277,.T.);
#10277 = EDGE_LOOP('',(#10278,#10279,#10280,#10303));
#10278 = ORIENTED_EDGE('',*,*,#10183,.F.);
#10279 = ORIENTED_EDGE('',*,*,#9163,.F.);
#10280 = ORIENTED_EDGE('',*,*,#10281,.T.);
#10281 = EDGE_CURVE('',#9139,#10282,#10284,.T.);
#10282 = VERTEX_POINT('',#10283);
#10283 = CARTESIAN_POINT('',(-2.075,-0.635,4.6));
#10284 = SURFACE_CURVE('',#10285,(#10289,#10296),.PCURVE_S1.);
#10285 = LINE('',#10286,#10287);
#10286 = CARTESIAN_POINT('',(-2.075,-0.635,0.));
#10287 = VECTOR('',#10288,1.);
#10288 = DIRECTION('',(-0.,0.,1.));
#10289 = PCURVE('',#9177,#10290);
#10290 = DEFINITIONAL_REPRESENTATION('',(#10291),#10295);
#10291 = LINE('',#10292,#10293);
#10292 = CARTESIAN_POINT('',(0.,0.));
#10293 = VECTOR('',#10294,1.);
#10294 = DIRECTION('',(0.,-1.));
#10295 = ( GEOMETRIC_REPRESENTATION_CONTEXT(2) 
PARAMETRIC_REPRESENTATION_CONTEXT() REPRESENTATION_CONTEXT('2D SPACE',''
  ) );
#10296 = PCURVE('',#9285,#10297);
#10297 = DEFINITIONAL_REPRESENTATION('',(#10298),#10302);
#10298 = LINE('',#10299,#10300);
#10299 = CARTESIAN_POINT('',(1.27,0.));
#10300 = VECTOR('',#10301,1.);
#10301 = DIRECTION('',(0.,-1.));
#10302 = ( GEOMETRIC_REPRESENTATION_CONTEXT(2) 
PARAMETRIC_REPRESENTATION_CONTEXT() REPRESENTATION_CONTEXT('2D SPACE',''
  ) );
#10303 = ORIENTED_EDGE('',*,*,#10304,.T.);
#10304 = EDGE_CURVE('',#10282,#10184,#10305,.T.);
#10305 = SURFACE_CURVE('',#10306,(#10310,#10317),.PCURVE_S1.);
#10306 = LINE('',#10307,#10308);
#10307 = CARTESIAN_POINT('',(8.169828426762E-15,-0.635,4.6));
#10308 = VECTOR('',#10309,1.);
#10309 = DIRECTION('',(1.,0.,0.));
#10310 = PCURVE('',#9177,#10311);
#10311 = DEFINITIONAL_REPRESENTATION('',(#10312),#10316);
#10312 = LINE('',#10313,#10314);
#10313 = CARTESIAN_POINT('',(2.075,-4.6));
#10314 = VECTOR('',#10315,1.);
#10315 = DIRECTION('',(1.,0.));
#10316 = ( GEOMETRIC_REPRESENTATION_CONTEXT(2) 
PARAMETRIC_REPRESENTATION_CONTEXT() REPRESENTATION_CONTEXT('2D SPACE',''
  ) );
#10317 = PCURVE('',#10166,#10318);
#10318 = DEFINITIONAL_REPRESENTATION('',(#10319),#10323);
#10319 = LINE('',#10320,#10321);
#10320 = CARTESIAN_POINT('',(0.,0.635));
#10321 = VECTOR('',#10322,1.);
#10322 = DIRECTION('',(1.,0.));
#10323 = ( GEOMETRIC_REPRESENTATION_CONTEXT(2) 
PARAMETRIC_REPRESENTATION_CONTEXT() REPRESENTATION_CONTEXT('2D SPACE',''
  ) );
#10324 = ADVANCED_FACE('',(#10325),#9231,.T.);
#10325 = FACE_BOUND('',#10326,.T.);
#10326 = EDGE_LOOP('',(#10327,#10350,#10351,#10352));
#10327 = ORIENTED_EDGE('',*,*,#10328,.F.);
#10328 = EDGE_CURVE('',#9195,#10329,#10331,.T.);
#10329 = VERTEX_POINT('',#10330);
#10330 = CARTESIAN_POINT('',(2.075,-0.635,4.6));
#10331 = SURFACE_CURVE('',#10332,(#10336,#10343),.PCURVE_S1.);
#10332 = LINE('',#10333,#10334);
#10333 = CARTESIAN_POINT('',(2.075,-0.635,0.));
#10334 = VECTOR('',#10335,1.);
#10335 = DIRECTION('',(-0.,0.,1.));
#10336 = PCURVE('',#9231,#10337);
#10337 = DEFINITIONAL_REPRESENTATION('',(#10338),#10342);
#10338 = LINE('',#10339,#10340);
#10339 = CARTESIAN_POINT('',(1.515,0.));
#10340 = VECTOR('',#10341,1.);
#10341 = DIRECTION('',(0.,-1.));
#10342 = ( GEOMETRIC_REPRESENTATION_CONTEXT(2) 
PARAMETRIC_REPRESENTATION_CONTEXT() REPRESENTATION_CONTEXT('2D SPACE',''
  ) );
#10343 = PCURVE('',#9339,#10344);
#10344 = DEFINITIONAL_REPRESENTATION('',(#10345),#10349);
#10345 = LINE('',#10346,#10347);
#10346 = CARTESIAN_POINT('',(1.27,0.));
#10347 = VECTOR('',#10348,1.);
#10348 = DIRECTION('',(0.,-1.));
#10349 = ( GEOMETRIC_REPRESENTATION_CONTEXT(2) 
PARAMETRIC_REPRESENTATION_CONTEXT() REPRESENTATION_CONTEXT('2D SPACE',''
  ) );
#10350 = ORIENTED_EDGE('',*,*,#9217,.F.);
#10351 = ORIENTED_EDGE('',*,*,#10232,.T.);
#10352 = ORIENTED_EDGE('',*,*,#10353,.T.);
#10353 = EDGE_CURVE('',#10233,#10329,#10354,.T.);
#10354 = SURFACE_CURVE('',#10355,(#10359,#10366),.PCURVE_S1.);
#10355 = LINE('',#10356,#10357);
#10356 = CARTESIAN_POINT('',(8.169828426762E-15,-0.635,4.6));
#10357 = VECTOR('',#10358,1.);
#10358 = DIRECTION('',(1.,0.,0.));
#10359 = PCURVE('',#9231,#10360);
#10360 = DEFINITIONAL_REPRESENTATION('',(#10361),#10365);
#10361 = LINE('',#10362,#10363);
#10362 = CARTESIAN_POINT('',(-0.56,-4.6));
#10363 = VECTOR('',#10364,1.);
#10364 = DIRECTION('',(1.,0.));
#10365 = ( GEOMETRIC_REPRESENTATION_CONTEXT(2) 
PARAMETRIC_REPRESENTATION_CONTEXT() REPRESENTATION_CONTEXT('2D SPACE',''
  ) );
#10366 = PCURVE('',#10166,#10367);
#10367 = DEFINITIONAL_REPRESENTATION('',(#10368),#10372);
#10368 = LINE('',#10369,#10370);
#10369 = CARTESIAN_POINT('',(0.,0.635));
#10370 = VECTOR('',#10371,1.);
#10371 = DIRECTION('',(1.,0.));
#10372 = ( GEOMETRIC_REPRESENTATION_CONTEXT(2) 
PARAMETRIC_REPRESENTATION_CONTEXT() REPRESENTATION_CONTEXT('2D SPACE',''
  ) );
#10373 = ADVANCED_FACE('',(#10374),#9285,.T.);
#10374 = FACE_BOUND('',#10375,.T.);
#10375 = EDGE_LOOP('',(#10376,#10377,#10378,#10401));
#10376 = ORIENTED_EDGE('',*,*,#10281,.F.);
#10377 = ORIENTED_EDGE('',*,*,#9271,.F.);
#10378 = ORIENTED_EDGE('',*,*,#10379,.T.);
#10379 = EDGE_CURVE('',#9247,#10380,#10382,.T.);
#10380 = VERTEX_POINT('',#10381);
#10381 = CARTESIAN_POINT('',(-2.075,0.635,4.6));
#10382 = SURFACE_CURVE('',#10383,(#10387,#10394),.PCURVE_S1.);
#10383 = LINE('',#10384,#10385);
#10384 = CARTESIAN_POINT('',(-2.075,0.635,-0.));
#10385 = VECTOR('',#10386,1.);
#10386 = DIRECTION('',(-0.,0.,1.));
#10387 = PCURVE('',#9285,#10388);
#10388 = DEFINITIONAL_REPRESENTATION('',(#10389),#10393);
#10389 = LINE('',#10390,#10391);
#10390 = CARTESIAN_POINT('',(0.,0.));
#10391 = VECTOR('',#10392,1.);
#10392 = DIRECTION('',(0.,-1.));
#10393 = ( GEOMETRIC_REPRESENTATION_CONTEXT(2) 
PARAMETRIC_REPRESENTATION_CONTEXT() REPRESENTATION_CONTEXT('2D SPACE',''
  ) );
#10394 = PCURVE('',#9393,#10395);
#10395 = DEFINITIONAL_REPRESENTATION('',(#10396),#10400);
#10396 = LINE('',#10397,#10398);
#10397 = CARTESIAN_POINT('',(0.,0.));
#10398 = VECTOR('',#10399,1.);
#10399 = DIRECTION('',(0.,-1.));
#10400 = ( GEOMETRIC_REPRESENTATION_CONTEXT(2) 
PARAMETRIC_REPRESENTATION_CONTEXT() REPRESENTATION_CONTEXT('2D SPACE',''
  ) );
#10401 = ORIENTED_EDGE('',*,*,#10402,.T.);
#10402 = EDGE_CURVE('',#10380,#10282,#10403,.T.);
#10403 = SURFACE_CURVE('',#10404,(#10408,#10415),.PCURVE_S1.);
#10404 = LINE('',#10405,#10406);
#10405 = CARTESIAN_POINT('',(-2.075,7.403907011753E-15,4.6));
#10406 = VECTOR('',#10407,1.);
#10407 = DIRECTION('',(0.,-1.,0.));
#10408 = PCURVE('',#9285,#10409);
#10409 = DEFINITIONAL_REPRESENTATION('',(#10410),#10414);
#10410 = LINE('',#10411,#10412);
#10411 = CARTESIAN_POINT('',(0.635,-4.6));
#10412 = VECTOR('',#10413,1.);
#10413 = DIRECTION('',(1.,0.));
#10414 = ( GEOMETRIC_REPRESENTATION_CONTEXT(2) 
PARAMETRIC_REPRESENTATION_CONTEXT() REPRESENTATION_CONTEXT('2D SPACE',''
  ) );
#10415 = PCURVE('',#10166,#10416);
#10416 = DEFINITIONAL_REPRESENTATION('',(#10417),#10421);
#10417 = LINE('',#10418,#10419);
#10418 = CARTESIAN_POINT('',(-2.075,0.));
#10419 = VECTOR('',#10420,1.);
#10420 = DIRECTION('',(0.,1.));
#10421 = ( GEOMETRIC_REPRESENTATION_CONTEXT(2) 
PARAMETRIC_REPRESENTATION_CONTEXT() REPRESENTATION_CONTEXT('2D SPACE',''
  ) );
#10422 = ADVANCED_FACE('',(#10423),#9339,.F.);
#10423 = FACE_BOUND('',#10424,.F.);
#10424 = EDGE_LOOP('',(#10425,#10426,#10427,#10450));
#10425 = ORIENTED_EDGE('',*,*,#10328,.F.);
#10426 = ORIENTED_EDGE('',*,*,#9325,.F.);
#10427 = ORIENTED_EDGE('',*,*,#10428,.T.);
#10428 = EDGE_CURVE('',#9301,#10429,#10431,.T.);
#10429 = VERTEX_POINT('',#10430);
#10430 = CARTESIAN_POINT('',(2.075,0.635,4.6));
#10431 = SURFACE_CURVE('',#10432,(#10436,#10443),.PCURVE_S1.);
#10432 = LINE('',#10433,#10434);
#10433 = CARTESIAN_POINT('',(2.075,0.635,0.));
#10434 = VECTOR('',#10435,1.);
#10435 = DIRECTION('',(-0.,0.,1.));
#10436 = PCURVE('',#9339,#10437);
#10437 = DEFINITIONAL_REPRESENTATION('',(#10438),#10442);
#10438 = LINE('',#10439,#10440);
#10439 = CARTESIAN_POINT('',(0.,0.));
#10440 = VECTOR('',#10441,1.);
#10441 = DIRECTION('',(0.,-1.));
#10442 = ( GEOMETRIC_REPRESENTATION_CONTEXT(2) 
PARAMETRIC_REPRESENTATION_CONTEXT() REPRESENTATION_CONTEXT('2D SPACE',''
  ) );
#10443 = PCURVE('',#9447,#10444);
#10444 = DEFINITIONAL_REPRESENTATION('',(#10445),#10449);
#10445 = LINE('',#10446,#10447);
#10446 = CARTESIAN_POINT('',(1.515,0.));
#10447 = VECTOR('',#10448,1.);
#10448 = DIRECTION('',(0.,-1.));
#10449 = ( GEOMETRIC_REPRESENTATION_CONTEXT(2) 
PARAMETRIC_REPRESENTATION_CONTEXT() REPRESENTATION_CONTEXT('2D SPACE',''
  ) );
#10450 = ORIENTED_EDGE('',*,*,#10451,.T.);
#10451 = EDGE_CURVE('',#10429,#10329,#10452,.T.);
#10452 = SURFACE_CURVE('',#10453,(#10457,#10464),.PCURVE_S1.);
#10453 = LINE('',#10454,#10455);
#10454 = CARTESIAN_POINT('',(2.075,7.403907011753E-15,4.6));
#10455 = VECTOR('',#10456,1.);
#10456 = DIRECTION('',(0.,-1.,0.));
#10457 = PCURVE('',#9339,#10458);
#10458 = DEFINITIONAL_REPRESENTATION('',(#10459),#10463);
#10459 = LINE('',#10460,#10461);
#10460 = CARTESIAN_POINT('',(0.635,-4.6));
#10461 = VECTOR('',#10462,1.);
#10462 = DIRECTION('',(1.,0.));
#10463 = ( GEOMETRIC_REPRESENTATION_CONTEXT(2) 
PARAMETRIC_REPRESENTATION_CONTEXT() REPRESENTATION_CONTEXT('2D SPACE',''
  ) );
#10464 = PCURVE('',#10166,#10465);
#10465 = DEFINITIONAL_REPRESENTATION('',(#10466),#10470);
#10466 = LINE('',#10467,#10468);
#10467 = CARTESIAN_POINT('',(2.075,0.));
#10468 = VECTOR('',#10469,1.);
#10469 = DIRECTION('',(0.,1.));
#10470 = ( GEOMETRIC_REPRESENTATION_CONTEXT(2) 
PARAMETRIC_REPRESENTATION_CONTEXT() REPRESENTATION_CONTEXT('2D SPACE',''
  ) );
#10471 = ADVANCED_FACE('',(#10472),#9393,.F.);
#10472 = FACE_BOUND('',#10473,.F.);
#10473 = EDGE_LOOP('',(#10474,#10497,#10498,#10499));
#10474 = ORIENTED_EDGE('',*,*,#10475,.F.);
#10475 = EDGE_CURVE('',#9357,#10476,#10478,.T.);
#10476 = VERTEX_POINT('',#10477);
#10477 = CARTESIAN_POINT('',(-0.56,0.635,4.6));
#10478 = SURFACE_CURVE('',#10479,(#10483,#10490),.PCURVE_S1.);
#10479 = LINE('',#10480,#10481);
#10480 = CARTESIAN_POINT('',(-0.56,0.635,-0.));
#10481 = VECTOR('',#10482,1.);
#10482 = DIRECTION('',(-0.,0.,1.));
#10483 = PCURVE('',#9393,#10484);
#10484 = DEFINITIONAL_REPRESENTATION('',(#10485),#10489);
#10485 = LINE('',#10486,#10487);
#10486 = CARTESIAN_POINT('',(1.515,0.));
#10487 = VECTOR('',#10488,1.);
#10488 = DIRECTION('',(0.,-1.));
#10489 = ( GEOMETRIC_REPRESENTATION_CONTEXT(2) 
PARAMETRIC_REPRESENTATION_CONTEXT() REPRESENTATION_CONTEXT('2D SPACE',''
  ) );
#10490 = PCURVE('',#9501,#10491);
#10491 = DEFINITIONAL_REPRESENTATION('',(#10492),#10496);
#10492 = LINE('',#10493,#10494);
#10493 = CARTESIAN_POINT('',(1.44,0.));
#10494 = VECTOR('',#10495,1.);
#10495 = DIRECTION('',(0.,-1.));
#10496 = ( GEOMETRIC_REPRESENTATION_CONTEXT(2) 
PARAMETRIC_REPRESENTATION_CONTEXT() REPRESENTATION_CONTEXT('2D SPACE',''
  ) );
#10497 = ORIENTED_EDGE('',*,*,#9379,.F.);
#10498 = ORIENTED_EDGE('',*,*,#10379,.T.);
#10499 = ORIENTED_EDGE('',*,*,#10500,.T.);
#10500 = EDGE_CURVE('',#10380,#10476,#10501,.T.);
#10501 = SURFACE_CURVE('',#10502,(#10506,#10513),.PCURVE_S1.);
#10502 = LINE('',#10503,#10504);
#10503 = CARTESIAN_POINT('',(8.169828426762E-15,0.635,4.6));
#10504 = VECTOR('',#10505,1.);
#10505 = DIRECTION('',(1.,0.,0.));
#10506 = PCURVE('',#9393,#10507);
#10507 = DEFINITIONAL_REPRESENTATION('',(#10508),#10512);
#10508 = LINE('',#10509,#10510);
#10509 = CARTESIAN_POINT('',(2.075,-4.6));
#10510 = VECTOR('',#10511,1.);
#10511 = DIRECTION('',(1.,0.));
#10512 = ( GEOMETRIC_REPRESENTATION_CONTEXT(2) 
PARAMETRIC_REPRESENTATION_CONTEXT() REPRESENTATION_CONTEXT('2D SPACE',''
  ) );
#10513 = PCURVE('',#10166,#10514);
#10514 = DEFINITIONAL_REPRESENTATION('',(#10515),#10519);
#10515 = LINE('',#10516,#10517);
#10516 = CARTESIAN_POINT('',(0.,-0.635));
#10517 = VECTOR('',#10518,1.);
#10518 = DIRECTION('',(1.,0.));
#10519 = ( GEOMETRIC_REPRESENTATION_CONTEXT(2) 
PARAMETRIC_REPRESENTATION_CONTEXT() REPRESENTATION_CONTEXT('2D SPACE',''
  ) );
#10520 = ADVANCED_FACE('',(#10521),#9447,.F.);
#10521 = FACE_BOUND('',#10522,.F.);
#10522 = EDGE_LOOP('',(#10523,#10524,#10525,#10548));
#10523 = ORIENTED_EDGE('',*,*,#10428,.F.);
#10524 = ORIENTED_EDGE('',*,*,#9433,.F.);
#10525 = ORIENTED_EDGE('',*,*,#10526,.T.);
#10526 = EDGE_CURVE('',#9409,#10527,#10529,.T.);
#10527 = VERTEX_POINT('',#10528);
#10528 = CARTESIAN_POINT('',(0.56,0.635,4.6));
#10529 = SURFACE_CURVE('',#10530,(#10534,#10541),.PCURVE_S1.);
#10530 = LINE('',#10531,#10532);
#10531 = CARTESIAN_POINT('',(0.56,0.635,0.));
#10532 = VECTOR('',#10533,1.);
#10533 = DIRECTION('',(-0.,0.,1.));
#10534 = PCURVE('',#9447,#10535);
#10535 = DEFINITIONAL_REPRESENTATION('',(#10536),#10540);
#10536 = LINE('',#10537,#10538);
#10537 = CARTESIAN_POINT('',(0.,0.));
#10538 = VECTOR('',#10539,1.);
#10539 = DIRECTION('',(0.,-1.));
#10540 = ( GEOMETRIC_REPRESENTATION_CONTEXT(2) 
PARAMETRIC_REPRESENTATION_CONTEXT() REPRESENTATION_CONTEXT('2D SPACE',''
  ) );
#10541 = PCURVE('',#9555,#10542);
#10542 = DEFINITIONAL_REPRESENTATION('',(#10543),#10547);
#10543 = LINE('',#10544,#10545);
#10544 = CARTESIAN_POINT('',(1.44,0.));
#10545 = VECTOR('',#10546,1.);
#10546 = DIRECTION('',(0.,-1.));
#10547 = ( GEOMETRIC_REPRESENTATION_CONTEXT(2) 
PARAMETRIC_REPRESENTATION_CONTEXT() REPRESENTATION_CONTEXT('2D SPACE',''
  ) );
#10548 = ORIENTED_EDGE('',*,*,#10549,.T.);
#10549 = EDGE_CURVE('',#10527,#10429,#10550,.T.);
#10550 = SURFACE_CURVE('',#10551,(#10555,#10562),.PCURVE_S1.);
#10551 = LINE('',#10552,#10553);
#10552 = CARTESIAN_POINT('',(8.169828426762E-15,0.635,4.6));
#10553 = VECTOR('',#10554,1.);
#10554 = DIRECTION('',(1.,0.,0.));
#10555 = PCURVE('',#9447,#10556);
#10556 = DEFINITIONAL_REPRESENTATION('',(#10557),#10561);
#10557 = LINE('',#10558,#10559);
#10558 = CARTESIAN_POINT('',(-0.56,-4.6));
#10559 = VECTOR('',#10560,1.);
#10560 = DIRECTION('',(1.,0.));
#10561 = ( GEOMETRIC_REPRESENTATION_CONTEXT(2) 
PARAMETRIC_REPRESENTATION_CONTEXT() REPRESENTATION_CONTEXT('2D SPACE',''
  ) );
#10562 = PCURVE('',#10166,#10563);
#10563 = DEFINITIONAL_REPRESENTATION('',(#10564),#10568);
#10564 = LINE('',#10565,#10566);
#10565 = CARTESIAN_POINT('',(0.,-0.635));
#10566 = VECTOR('',#10567,1.);
#10567 = DIRECTION('',(1.,0.));
#10568 = ( GEOMETRIC_REPRESENTATION_CONTEXT(2) 
PARAMETRIC_REPRESENTATION_CONTEXT() REPRESENTATION_CONTEXT('2D SPACE',''
  ) );
#10569 = ADVANCED_FACE('',(#10570),#9501,.T.);
#10570 = FACE_BOUND('',#10571,.T.);
#10571 = EDGE_LOOP('',(#10572,#10573,#10574,#10597));
#10572 = ORIENTED_EDGE('',*,*,#10475,.F.);
#10573 = ORIENTED_EDGE('',*,*,#9487,.F.);
#10574 = ORIENTED_EDGE('',*,*,#10575,.T.);
#10575 = EDGE_CURVE('',#9463,#10576,#10578,.T.);
#10576 = VERTEX_POINT('',#10577);
#10577 = CARTESIAN_POINT('',(-0.56,2.075,4.6));
#10578 = SURFACE_CURVE('',#10579,(#10583,#10590),.PCURVE_S1.);
#10579 = LINE('',#10580,#10581);
#10580 = CARTESIAN_POINT('',(-0.56,2.075,-0.));
#10581 = VECTOR('',#10582,1.);
#10582 = DIRECTION('',(-0.,0.,1.));
#10583 = PCURVE('',#9501,#10584);
#10584 = DEFINITIONAL_REPRESENTATION('',(#10585),#10589);
#10585 = LINE('',#10586,#10587);
#10586 = CARTESIAN_POINT('',(0.,0.));
#10587 = VECTOR('',#10588,1.);
#10588 = DIRECTION('',(0.,-1.));
#10589 = ( GEOMETRIC_REPRESENTATION_CONTEXT(2) 
PARAMETRIC_REPRESENTATION_CONTEXT() REPRESENTATION_CONTEXT('2D SPACE',''
  ) );
#10590 = PCURVE('',#9587,#10591);
#10591 = DEFINITIONAL_REPRESENTATION('',(#10592),#10596);
#10592 = LINE('',#10593,#10594);
#10593 = CARTESIAN_POINT('',(0.,0.));
#10594 = VECTOR('',#10595,1.);
#10595 = DIRECTION('',(0.,-1.));
#10596 = ( GEOMETRIC_REPRESENTATION_CONTEXT(2) 
PARAMETRIC_REPRESENTATION_CONTEXT() REPRESENTATION_CONTEXT('2D SPACE',''
  ) );
#10597 = ORIENTED_EDGE('',*,*,#10598,.T.);
#10598 = EDGE_CURVE('',#10576,#10476,#10599,.T.);
#10599 = SURFACE_CURVE('',#10600,(#10604,#10611),.PCURVE_S1.);
#10600 = LINE('',#10601,#10602);
#10601 = CARTESIAN_POINT('',(-0.56,7.403907011753E-15,4.6));
#10602 = VECTOR('',#10603,1.);
#10603 = DIRECTION('',(0.,-1.,0.));
#10604 = PCURVE('',#9501,#10605);
#10605 = DEFINITIONAL_REPRESENTATION('',(#10606),#10610);
#10606 = LINE('',#10607,#10608);
#10607 = CARTESIAN_POINT('',(2.075,-4.6));
#10608 = VECTOR('',#10609,1.);
#10609 = DIRECTION('',(1.,0.));
#10610 = ( GEOMETRIC_REPRESENTATION_CONTEXT(2) 
PARAMETRIC_REPRESENTATION_CONTEXT() REPRESENTATION_CONTEXT('2D SPACE',''
  ) );
#10611 = PCURVE('',#10166,#10612);
#10612 = DEFINITIONAL_REPRESENTATION('',(#10613),#10617);
#10613 = LINE('',#10614,#10615);
#10614 = CARTESIAN_POINT('',(-0.56,0.));
#10615 = VECTOR('',#10616,1.);
#10616 = DIRECTION('',(0.,1.));
#10617 = ( GEOMETRIC_REPRESENTATION_CONTEXT(2) 
PARAMETRIC_REPRESENTATION_CONTEXT() REPRESENTATION_CONTEXT('2D SPACE',''
  ) );
#10618 = ADVANCED_FACE('',(#10619),#9555,.F.);
#10619 = FACE_BOUND('',#10620,.F.);
#10620 = EDGE_LOOP('',(#10621,#10622,#10623,#10646));
#10621 = ORIENTED_EDGE('',*,*,#10526,.F.);
#10622 = ORIENTED_EDGE('',*,*,#9541,.F.);
#10623 = ORIENTED_EDGE('',*,*,#10624,.T.);
#10624 = EDGE_CURVE('',#9517,#10625,#10627,.T.);
#10625 = VERTEX_POINT('',#10626);
#10626 = CARTESIAN_POINT('',(0.56,2.075,4.6));
#10627 = SURFACE_CURVE('',#10628,(#10632,#10639),.PCURVE_S1.);
#10628 = LINE('',#10629,#10630);
#10629 = CARTESIAN_POINT('',(0.56,2.075,0.));
#10630 = VECTOR('',#10631,1.);
#10631 = DIRECTION('',(-0.,0.,1.));
#10632 = PCURVE('',#9555,#10633);
#10633 = DEFINITIONAL_REPRESENTATION('',(#10634),#10638);
#10634 = LINE('',#10635,#10636);
#10635 = CARTESIAN_POINT('',(0.,0.));
#10636 = VECTOR('',#10637,1.);
#10637 = DIRECTION('',(0.,-1.));
#10638 = ( GEOMETRIC_REPRESENTATION_CONTEXT(2) 
PARAMETRIC_REPRESENTATION_CONTEXT() REPRESENTATION_CONTEXT('2D SPACE',''
  ) );
#10639 = PCURVE('',#9587,#10640);
#10640 = DEFINITIONAL_REPRESENTATION('',(#10641),#10645);
#10641 = LINE('',#10642,#10643);
#10642 = CARTESIAN_POINT('',(1.12,0.));
#10643 = VECTOR('',#10644,1.);
#10644 = DIRECTION('',(0.,-1.));
#10645 = ( GEOMETRIC_REPRESENTATION_CONTEXT(2) 
PARAMETRIC_REPRESENTATION_CONTEXT() REPRESENTATION_CONTEXT('2D SPACE',''
  ) );
#10646 = ORIENTED_EDGE('',*,*,#10647,.T.);
#10647 = EDGE_CURVE('',#10625,#10527,#10648,.T.);
#10648 = SURFACE_CURVE('',#10649,(#10653,#10660),.PCURVE_S1.);
#10649 = LINE('',#10650,#10651);
#10650 = CARTESIAN_POINT('',(0.56,7.403907011753E-15,4.6));
#10651 = VECTOR('',#10652,1.);
#10652 = DIRECTION('',(0.,-1.,0.));
#10653 = PCURVE('',#9555,#10654);
#10654 = DEFINITIONAL_REPRESENTATION('',(#10655),#10659);
#10655 = LINE('',#10656,#10657);
#10656 = CARTESIAN_POINT('',(2.075,-4.6));
#10657 = VECTOR('',#10658,1.);
#10658 = DIRECTION('',(1.,0.));
#10659 = ( GEOMETRIC_REPRESENTATION_CONTEXT(2) 
PARAMETRIC_REPRESENTATION_CONTEXT() REPRESENTATION_CONTEXT('2D SPACE',''
  ) );
#10660 = PCURVE('',#10166,#10661);
#10661 = DEFINITIONAL_REPRESENTATION('',(#10662),#10666);
#10662 = LINE('',#10663,#10664);
#10663 = CARTESIAN_POINT('',(0.56,0.));
#10664 = VECTOR('',#10665,1.);
#10665 = DIRECTION('',(0.,1.));
#10666 = ( GEOMETRIC_REPRESENTATION_CONTEXT(2) 
PARAMETRIC_REPRESENTATION_CONTEXT() REPRESENTATION_CONTEXT('2D SPACE',''
  ) );
#10667 = ADVANCED_FACE('',(#10668),#9587,.F.);
#10668 = FACE_BOUND('',#10669,.F.);
#10669 = EDGE_LOOP('',(#10670,#10671,#10672,#10673));
#10670 = ORIENTED_EDGE('',*,*,#10624,.F.);
#10671 = ORIENTED_EDGE('',*,*,#9573,.F.);
#10672 = ORIENTED_EDGE('',*,*,#10575,.T.);
#10673 = ORIENTED_EDGE('',*,*,#10674,.T.);
#10674 = EDGE_CURVE('',#10576,#10625,#10675,.T.);
#10675 = SURFACE_CURVE('',#10676,(#10680,#10687),.PCURVE_S1.);
#10676 = LINE('',#10677,#10678);
#10677 = CARTESIAN_POINT('',(8.169828426762E-15,2.075,4.6));
#10678 = VECTOR('',#10679,1.);
#10679 = DIRECTION('',(1.,0.,0.));
#10680 = PCURVE('',#9587,#10681);
#10681 = DEFINITIONAL_REPRESENTATION('',(#10682),#10686);
#10682 = LINE('',#10683,#10684);
#10683 = CARTESIAN_POINT('',(0.56,-4.6));
#10684 = VECTOR('',#10685,1.);
#10685 = DIRECTION('',(1.,0.));
#10686 = ( GEOMETRIC_REPRESENTATION_CONTEXT(2) 
PARAMETRIC_REPRESENTATION_CONTEXT() REPRESENTATION_CONTEXT('2D SPACE',''
  ) );
#10687 = PCURVE('',#10166,#10688);
#10688 = DEFINITIONAL_REPRESENTATION('',(#10689),#10693);
#10689 = LINE('',#10690,#10691);
#10690 = CARTESIAN_POINT('',(0.,-2.075));
#10691 = VECTOR('',#10692,1.);
#10692 = DIRECTION('',(1.,0.));
#10693 = ( GEOMETRIC_REPRESENTATION_CONTEXT(2) 
PARAMETRIC_REPRESENTATION_CONTEXT() REPRESENTATION_CONTEXT('2D SPACE',''
  ) );
#10694 = ADVANCED_FACE('',(#10695),#9781,.F.);
#10695 = FACE_BOUND('',#10696,.T.);
#10696 = EDGE_LOOP('',(#10697,#10720,#10721,#10744));
#10697 = ORIENTED_EDGE('',*,*,#10698,.F.);
#10698 = EDGE_CURVE('',#9764,#10699,#10701,.T.);
#10699 = VERTEX_POINT('',#10700);
#10700 = CARTESIAN_POINT('',(9.83125,0.635,0.8));
#10701 = SURFACE_CURVE('',#10702,(#10706,#10713),.PCURVE_S1.);
#10702 = LINE('',#10703,#10704);
#10703 = CARTESIAN_POINT('',(9.764583333333,0.701666666667,
    0.733333333333));
#10704 = VECTOR('',#10705,1.);
#10705 = DIRECTION('',(0.57735026919,-0.57735026919,0.57735026919));
#10706 = PCURVE('',#9781,#10707);
#10707 = DEFINITIONAL_REPRESENTATION('',(#10708),#10712);
#10708 = LINE('',#10709,#10710);
#10709 = CARTESIAN_POINT('',(6.666666666666E-02,4.71404520791E-02));
#10710 = VECTOR('',#10711,1.);
#10711 = DIRECTION('',(-0.57735026919,0.816496580928));
#10712 = ( GEOMETRIC_REPRESENTATION_CONTEXT(2) 
PARAMETRIC_REPRESENTATION_CONTEXT() REPRESENTATION_CONTEXT('2D SPACE',''
  ) );
#10713 = PCURVE('',#9809,#10714);
#10714 = DEFINITIONAL_REPRESENTATION('',(#10715),#10719);
#10715 = LINE('',#10716,#10717);
#10716 = CARTESIAN_POINT('',(6.666666666667E-02,4.71404520791E-02));
#10717 = VECTOR('',#10718,1.);
#10718 = DIRECTION('',(-0.57735026919,0.816496580928));
#10719 = ( GEOMETRIC_REPRESENTATION_CONTEXT(2) 
PARAMETRIC_REPRESENTATION_CONTEXT() REPRESENTATION_CONTEXT('2D SPACE',''
  ) );
#10720 = ORIENTED_EDGE('',*,*,#9763,.T.);
#10721 = ORIENTED_EDGE('',*,*,#10722,.T.);
#10722 = EDGE_CURVE('',#9766,#10723,#10725,.T.);
#10723 = VERTEX_POINT('',#10724);
#10724 = CARTESIAN_POINT('',(11.34625,0.635,0.8));
#10725 = SURFACE_CURVE('',#10726,(#10730,#10737),.PCURVE_S1.);
#10726 = LINE('',#10727,#10728);
#10727 = CARTESIAN_POINT('',(10.787083333333,1.194166666667,
    0.240833333333));
#10728 = VECTOR('',#10729,1.);
#10729 = DIRECTION('',(0.57735026919,-0.57735026919,0.57735026919));
#10730 = PCURVE('',#9781,#10731);
#10731 = DEFINITIONAL_REPRESENTATION('',(#10732),#10736);
#10732 = LINE('',#10733,#10734);
#10733 = CARTESIAN_POINT('',(-0.955833333333,-0.64935972739));
#10734 = VECTOR('',#10735,1.);
#10735 = DIRECTION('',(-0.57735026919,0.816496580928));
#10736 = ( GEOMETRIC_REPRESENTATION_CONTEXT(2) 
PARAMETRIC_REPRESENTATION_CONTEXT() REPRESENTATION_CONTEXT('2D SPACE',''
  ) );
#10737 = PCURVE('',#10087,#10738);
#10738 = DEFINITIONAL_REPRESENTATION('',(#10739),#10743);
#10739 = LINE('',#10740,#10741);
#10740 = CARTESIAN_POINT('',(-0.880833333333,-0.64935972739));
#10741 = VECTOR('',#10742,1.);
#10742 = DIRECTION('',(-0.57735026919,0.816496580928));
#10743 = ( GEOMETRIC_REPRESENTATION_CONTEXT(2) 
PARAMETRIC_REPRESENTATION_CONTEXT() REPRESENTATION_CONTEXT('2D SPACE',''
  ) );
#10744 = ORIENTED_EDGE('',*,*,#10745,.F.);
#10745 = EDGE_CURVE('',#10699,#10723,#10746,.T.);
#10746 = SURFACE_CURVE('',#10747,(#10751,#10758),.PCURVE_S1.);
#10747 = LINE('',#10748,#10749);
#10748 = CARTESIAN_POINT('',(9.83125,0.635,0.8));
#10749 = VECTOR('',#10750,1.);
#10750 = DIRECTION('',(1.,-0.,0.));
#10751 = PCURVE('',#9781,#10752);
#10752 = DEFINITIONAL_REPRESENTATION('',(#10753),#10757);
#10753 = LINE('',#10754,#10755);
#10754 = CARTESIAN_POINT('',(-0.,0.141421356237));
#10755 = VECTOR('',#10756,1.);
#10756 = DIRECTION('',(-1.,0.));
#10757 = ( GEOMETRIC_REPRESENTATION_CONTEXT(2) 
PARAMETRIC_REPRESENTATION_CONTEXT() REPRESENTATION_CONTEXT('2D SPACE',''
  ) );
#10758 = PCURVE('',#10759,#10764);
#10759 = PLANE('',#10760);
#10760 = AXIS2_PLACEMENT_3D('',#10761,#10762,#10763);
#10761 = CARTESIAN_POINT('',(9.83125,0.635,0.));
#10762 = DIRECTION('',(0.,1.,-0.));
#10763 = DIRECTION('',(1.,0.,0.));
#10764 = DEFINITIONAL_REPRESENTATION('',(#10765),#10769);
#10765 = LINE('',#10766,#10767);
#10766 = CARTESIAN_POINT('',(-1.7763568394E-15,-0.8));
#10767 = VECTOR('',#10768,1.);
#10768 = DIRECTION('',(1.,0.));
#10769 = ( GEOMETRIC_REPRESENTATION_CONTEXT(2) 
PARAMETRIC_REPRESENTATION_CONTEXT() REPRESENTATION_CONTEXT('2D SPACE',''
  ) );
#10770 = ADVANCED_FACE('',(#10771),#9809,.T.);
#10771 = FACE_BOUND('',#10772,.F.);
#10772 = EDGE_LOOP('',(#10773,#10774,#10775,#10798));
#10773 = ORIENTED_EDGE('',*,*,#10698,.F.);
#10774 = ORIENTED_EDGE('',*,*,#9793,.T.);
#10775 = ORIENTED_EDGE('',*,*,#10776,.T.);
#10776 = EDGE_CURVE('',#9794,#10777,#10779,.T.);
#10777 = VERTEX_POINT('',#10778);
#10778 = CARTESIAN_POINT('',(9.83125,-0.635,0.8));
#10779 = SURFACE_CURVE('',#10780,(#10784,#10791),.PCURVE_S1.);
#10780 = LINE('',#10781,#10782);
#10781 = CARTESIAN_POINT('',(9.97625,-0.49,0.945));
#10782 = VECTOR('',#10783,1.);
#10783 = DIRECTION('',(0.57735026919,0.57735026919,0.57735026919));
#10784 = PCURVE('',#9809,#10785);
#10785 = DEFINITIONAL_REPRESENTATION('',(#10786),#10790);
#10786 = LINE('',#10787,#10788);
#10787 = CARTESIAN_POINT('',(-1.125,0.346482322781));
#10788 = VECTOR('',#10789,1.);
#10789 = DIRECTION('',(0.57735026919,0.816496580928));
#10790 = ( GEOMETRIC_REPRESENTATION_CONTEXT(2) 
PARAMETRIC_REPRESENTATION_CONTEXT() REPRESENTATION_CONTEXT('2D SPACE',''
  ) );
#10791 = PCURVE('',#9837,#10792);
#10792 = DEFINITIONAL_REPRESENTATION('',(#10793),#10797);
#10793 = LINE('',#10794,#10795);
#10794 = CARTESIAN_POINT('',(-0.145,0.346482322781));
#10795 = VECTOR('',#10796,1.);
#10796 = DIRECTION('',(-0.57735026919,0.816496580928));
#10797 = ( GEOMETRIC_REPRESENTATION_CONTEXT(2) 
PARAMETRIC_REPRESENTATION_CONTEXT() REPRESENTATION_CONTEXT('2D SPACE',''
  ) );
#10798 = ORIENTED_EDGE('',*,*,#10799,.F.);
#10799 = EDGE_CURVE('',#10699,#10777,#10800,.T.);
#10800 = SURFACE_CURVE('',#10801,(#10805,#10812),.PCURVE_S1.);
#10801 = LINE('',#10802,#10803);
#10802 = CARTESIAN_POINT('',(9.83125,0.635,0.8));
#10803 = VECTOR('',#10804,1.);
#10804 = DIRECTION('',(0.,-1.,0.));
#10805 = PCURVE('',#9809,#10806);
#10806 = DEFINITIONAL_REPRESENTATION('',(#10807),#10811);
#10807 = LINE('',#10808,#10809);
#10808 = CARTESIAN_POINT('',(-0.,0.141421356237));
#10809 = VECTOR('',#10810,1.);
#10810 = DIRECTION('',(-1.,0.));
#10811 = ( GEOMETRIC_REPRESENTATION_CONTEXT(2) 
PARAMETRIC_REPRESENTATION_CONTEXT() REPRESENTATION_CONTEXT('2D SPACE',''
  ) );
#10812 = PCURVE('',#10813,#10818);
#10813 = PLANE('',#10814);
#10814 = AXIS2_PLACEMENT_3D('',#10815,#10816,#10817);
#10815 = CARTESIAN_POINT('',(9.83125,0.635,0.));
#10816 = DIRECTION('',(1.,0.,0.));
#10817 = DIRECTION('',(0.,-1.,0.));
#10818 = DEFINITIONAL_REPRESENTATION('',(#10819),#10823);
#10819 = LINE('',#10820,#10821);
#10820 = CARTESIAN_POINT('',(0.,-0.8));
#10821 = VECTOR('',#10822,1.);
#10822 = DIRECTION('',(1.,0.));
#10823 = ( GEOMETRIC_REPRESENTATION_CONTEXT(2) 
PARAMETRIC_REPRESENTATION_CONTEXT() REPRESENTATION_CONTEXT('2D SPACE',''
  ) );
#10824 = ADVANCED_FACE('',(#10825),#10087,.T.);
#10825 = FACE_BOUND('',#10826,.F.);
#10826 = EDGE_LOOP('',(#10827,#10850,#10851,#10852));
#10827 = ORIENTED_EDGE('',*,*,#10828,.F.);
#10828 = EDGE_CURVE('',#10046,#10829,#10831,.T.);
#10829 = VERTEX_POINT('',#10830);
#10830 = CARTESIAN_POINT('',(11.34625,2.075,0.8));
#10831 = SURFACE_CURVE('',#10832,(#10836,#10843),.PCURVE_S1.);
#10832 = LINE('',#10833,#10834);
#10833 = CARTESIAN_POINT('',(11.279583333333,2.141666666667,
    0.733333333333));
#10834 = VECTOR('',#10835,1.);
#10835 = DIRECTION('',(0.57735026919,-0.57735026919,0.57735026919));
#10836 = PCURVE('',#10087,#10837);
#10837 = DEFINITIONAL_REPRESENTATION('',(#10838),#10842);
#10838 = LINE('',#10839,#10840);
#10839 = CARTESIAN_POINT('',(6.666666666667E-02,4.71404520791E-02));
#10840 = VECTOR('',#10841,1.);
#10841 = DIRECTION('',(-0.57735026919,0.816496580928));
#10842 = ( GEOMETRIC_REPRESENTATION_CONTEXT(2) 
PARAMETRIC_REPRESENTATION_CONTEXT() REPRESENTATION_CONTEXT('2D SPACE',''
  ) );
#10843 = PCURVE('',#10061,#10844);
#10844 = DEFINITIONAL_REPRESENTATION('',(#10845),#10849);
#10845 = LINE('',#10846,#10847);
#10846 = CARTESIAN_POINT('',(6.666666666667E-02,4.71404520791E-02));
#10847 = VECTOR('',#10848,1.);
#10848 = DIRECTION('',(-0.57735026919,0.816496580928));
#10849 = ( GEOMETRIC_REPRESENTATION_CONTEXT(2) 
PARAMETRIC_REPRESENTATION_CONTEXT() REPRESENTATION_CONTEXT('2D SPACE',''
  ) );
#10850 = ORIENTED_EDGE('',*,*,#10073,.T.);
#10851 = ORIENTED_EDGE('',*,*,#10722,.T.);
#10852 = ORIENTED_EDGE('',*,*,#10853,.F.);
#10853 = EDGE_CURVE('',#10829,#10723,#10854,.T.);
#10854 = SURFACE_CURVE('',#10855,(#10859,#10866),.PCURVE_S1.);
#10855 = LINE('',#10856,#10857);
#10856 = CARTESIAN_POINT('',(11.34625,2.075,0.8));
#10857 = VECTOR('',#10858,1.);
#10858 = DIRECTION('',(0.,-1.,0.));
#10859 = PCURVE('',#10087,#10860);
#10860 = DEFINITIONAL_REPRESENTATION('',(#10861),#10865);
#10861 = LINE('',#10862,#10863);
#10862 = CARTESIAN_POINT('',(-0.,0.141421356237));
#10863 = VECTOR('',#10864,1.);
#10864 = DIRECTION('',(-1.,0.));
#10865 = ( GEOMETRIC_REPRESENTATION_CONTEXT(2) 
PARAMETRIC_REPRESENTATION_CONTEXT() REPRESENTATION_CONTEXT('2D SPACE',''
  ) );
#10866 = PCURVE('',#10867,#10872);
#10867 = PLANE('',#10868);
#10868 = AXIS2_PLACEMENT_3D('',#10869,#10870,#10871);
#10869 = CARTESIAN_POINT('',(11.34625,2.075,0.));
#10870 = DIRECTION('',(1.,0.,0.));
#10871 = DIRECTION('',(0.,-1.,0.));
#10872 = DEFINITIONAL_REPRESENTATION('',(#10873),#10877);
#10873 = LINE('',#10874,#10875);
#10874 = CARTESIAN_POINT('',(0.,-0.8));
#10875 = VECTOR('',#10876,1.);
#10876 = DIRECTION('',(1.,0.));
#10877 = ( GEOMETRIC_REPRESENTATION_CONTEXT(2) 
PARAMETRIC_REPRESENTATION_CONTEXT() REPRESENTATION_CONTEXT('2D SPACE',''
  ) );
#10878 = ADVANCED_FACE('',(#10879),#9837,.T.);
#10879 = FACE_BOUND('',#10880,.F.);
#10880 = EDGE_LOOP('',(#10881,#10882,#10883,#10906));
#10881 = ORIENTED_EDGE('',*,*,#10776,.F.);
#10882 = ORIENTED_EDGE('',*,*,#9821,.T.);
#10883 = ORIENTED_EDGE('',*,*,#10884,.T.);
#10884 = EDGE_CURVE('',#9822,#10885,#10887,.T.);
#10885 = VERTEX_POINT('',#10886);
#10886 = CARTESIAN_POINT('',(11.34625,-0.635,0.8));
#10887 = SURFACE_CURVE('',#10888,(#10892,#10899),.PCURVE_S1.);
#10888 = LINE('',#10889,#10890);
#10889 = CARTESIAN_POINT('',(11.027083333333,-0.954166666667,
    0.480833333333));
#10890 = VECTOR('',#10891,1.);
#10891 = DIRECTION('',(0.57735026919,0.57735026919,0.57735026919));
#10892 = PCURVE('',#9837,#10893);
#10893 = DEFINITIONAL_REPRESENTATION('',(#10894),#10898);
#10894 = LINE('',#10895,#10896);
#10895 = CARTESIAN_POINT('',(-1.195833333333,-0.30994847242));
#10896 = VECTOR('',#10897,1.);
#10897 = DIRECTION('',(-0.57735026919,0.816496580928));
#10898 = ( GEOMETRIC_REPRESENTATION_CONTEXT(2) 
PARAMETRIC_REPRESENTATION_CONTEXT() REPRESENTATION_CONTEXT('2D SPACE',''
  ) );
#10899 = PCURVE('',#9865,#10900);
#10900 = DEFINITIONAL_REPRESENTATION('',(#10901),#10905);
#10901 = LINE('',#10902,#10903);
#10902 = CARTESIAN_POINT('',(-0.319166666667,-0.30994847242));
#10903 = VECTOR('',#10904,1.);
#10904 = DIRECTION('',(0.57735026919,0.816496580928));
#10905 = ( GEOMETRIC_REPRESENTATION_CONTEXT(2) 
PARAMETRIC_REPRESENTATION_CONTEXT() REPRESENTATION_CONTEXT('2D SPACE',''
  ) );
#10906 = ORIENTED_EDGE('',*,*,#10907,.F.);
#10907 = EDGE_CURVE('',#10777,#10885,#10908,.T.);
#10908 = SURFACE_CURVE('',#10909,(#10913,#10920),.PCURVE_S1.);
#10909 = LINE('',#10910,#10911);
#10910 = CARTESIAN_POINT('',(9.83125,-0.635,0.8));
#10911 = VECTOR('',#10912,1.);
#10912 = DIRECTION('',(1.,-0.,0.));
#10913 = PCURVE('',#9837,#10914);
#10914 = DEFINITIONAL_REPRESENTATION('',(#10915),#10919);
#10915 = LINE('',#10916,#10917);
#10916 = CARTESIAN_POINT('',(-0.,0.141421356237));
#10917 = VECTOR('',#10918,1.);
#10918 = DIRECTION('',(-1.,0.));
#10919 = ( GEOMETRIC_REPRESENTATION_CONTEXT(2) 
PARAMETRIC_REPRESENTATION_CONTEXT() REPRESENTATION_CONTEXT('2D SPACE',''
  ) );
#10920 = PCURVE('',#10921,#10926);
#10921 = PLANE('',#10922);
#10922 = AXIS2_PLACEMENT_3D('',#10923,#10924,#10925);
#10923 = CARTESIAN_POINT('',(9.83125,-0.635,0.));
#10924 = DIRECTION('',(0.,1.,-0.));
#10925 = DIRECTION('',(1.,0.,0.));
#10926 = DEFINITIONAL_REPRESENTATION('',(#10927),#10931);
#10927 = LINE('',#10928,#10929);
#10928 = CARTESIAN_POINT('',(-1.7763568394E-15,-0.8));
#10929 = VECTOR('',#10930,1.);
#10930 = DIRECTION('',(1.,0.));
#10931 = ( GEOMETRIC_REPRESENTATION_CONTEXT(2) 
PARAMETRIC_REPRESENTATION_CONTEXT() REPRESENTATION_CONTEXT('2D SPACE',''
  ) );
#10932 = ADVANCED_FACE('',(#10933),#10061,.F.);
#10933 = FACE_BOUND('',#10934,.T.);
#10934 = EDGE_LOOP('',(#10935,#10936,#10937,#10960));
#10935 = ORIENTED_EDGE('',*,*,#10828,.F.);
#10936 = ORIENTED_EDGE('',*,*,#10045,.T.);
#10937 = ORIENTED_EDGE('',*,*,#10938,.T.);
#10938 = EDGE_CURVE('',#10018,#10939,#10941,.T.);
#10939 = VERTEX_POINT('',#10940);
#10940 = CARTESIAN_POINT('',(12.46625,2.075,0.8));
#10941 = SURFACE_CURVE('',#10942,(#10946,#10953),.PCURVE_S1.);
#10942 = LINE('',#10943,#10944);
#10943 = CARTESIAN_POINT('',(12.34625,1.955,0.92));
#10944 = VECTOR('',#10945,1.);
#10945 = DIRECTION('',(-0.57735026919,-0.57735026919,0.57735026919));
#10946 = PCURVE('',#10061,#10947);
#10947 = DEFINITIONAL_REPRESENTATION('',(#10948),#10952);
#10948 = LINE('',#10949,#10950);
#10949 = CARTESIAN_POINT('',(-1.,0.311126983722));
#10950 = VECTOR('',#10951,1.);
#10951 = DIRECTION('',(0.57735026919,0.816496580928));
#10952 = ( GEOMETRIC_REPRESENTATION_CONTEXT(2) 
PARAMETRIC_REPRESENTATION_CONTEXT() REPRESENTATION_CONTEXT('2D SPACE',''
  ) );
#10953 = PCURVE('',#10033,#10954);
#10954 = DEFINITIONAL_REPRESENTATION('',(#10955),#10959);
#10955 = LINE('',#10956,#10957);
#10956 = CARTESIAN_POINT('',(-0.12,0.311126983722));
#10957 = VECTOR('',#10958,1.);
#10958 = DIRECTION('',(-0.57735026919,0.816496580928));
#10959 = ( GEOMETRIC_REPRESENTATION_CONTEXT(2) 
PARAMETRIC_REPRESENTATION_CONTEXT() REPRESENTATION_CONTEXT('2D SPACE',''
  ) );
#10960 = ORIENTED_EDGE('',*,*,#10961,.F.);
#10961 = EDGE_CURVE('',#10829,#10939,#10962,.T.);
#10962 = SURFACE_CURVE('',#10963,(#10967,#10974),.PCURVE_S1.);
#10963 = LINE('',#10964,#10965);
#10964 = CARTESIAN_POINT('',(11.34625,2.075,0.8));
#10965 = VECTOR('',#10966,1.);
#10966 = DIRECTION('',(1.,-0.,0.));
#10967 = PCURVE('',#10061,#10968);
#10968 = DEFINITIONAL_REPRESENTATION('',(#10969),#10973);
#10969 = LINE('',#10970,#10971);
#10970 = CARTESIAN_POINT('',(-0.,0.141421356237));
#10971 = VECTOR('',#10972,1.);
#10972 = DIRECTION('',(-1.,0.));
#10973 = ( GEOMETRIC_REPRESENTATION_CONTEXT(2) 
PARAMETRIC_REPRESENTATION_CONTEXT() REPRESENTATION_CONTEXT('2D SPACE',''
  ) );
#10974 = PCURVE('',#10975,#10980);
#10975 = PLANE('',#10976);
#10976 = AXIS2_PLACEMENT_3D('',#10977,#10978,#10979);
#10977 = CARTESIAN_POINT('',(11.34625,2.075,0.));
#10978 = DIRECTION('',(0.,1.,-0.));
#10979 = DIRECTION('',(1.,0.,0.));
#10980 = DEFINITIONAL_REPRESENTATION('',(#10981),#10985);
#10981 = LINE('',#10982,#10983);
#10982 = CARTESIAN_POINT('',(0.,-0.8));
#10983 = VECTOR('',#10984,1.);
#10984 = DIRECTION('',(1.,0.));
#10985 = ( GEOMETRIC_REPRESENTATION_CONTEXT(2) 
PARAMETRIC_REPRESENTATION_CONTEXT() REPRESENTATION_CONTEXT('2D SPACE',''
  ) );
#10986 = ADVANCED_FACE('',(#10987),#9865,.T.);
#10987 = FACE_BOUND('',#10988,.F.);
#10988 = EDGE_LOOP('',(#10989,#10990,#10991,#11014));
#10989 = ORIENTED_EDGE('',*,*,#10884,.F.);
#10990 = ORIENTED_EDGE('',*,*,#9849,.T.);
#10991 = ORIENTED_EDGE('',*,*,#10992,.T.);
#10992 = EDGE_CURVE('',#9850,#10993,#10995,.T.);
#10993 = VERTEX_POINT('',#10994);
#10994 = CARTESIAN_POINT('',(11.34625,-2.075,0.8));
#10995 = SURFACE_CURVE('',#10996,(#11000,#11007),.PCURVE_S1.);
#10996 = LINE('',#10997,#10998);
#10997 = CARTESIAN_POINT('',(11.519583333333,-1.901666666667,
    0.973333333333));
#10998 = VECTOR('',#10999,1.);
#10999 = DIRECTION('',(0.57735026919,0.57735026919,0.57735026919));
#11000 = PCURVE('',#9865,#11001);
#11001 = DEFINITIONAL_REPRESENTATION('',(#11002),#11006);
#11002 = LINE('',#11003,#11004);
#11003 = CARTESIAN_POINT('',(-1.266666666667,0.386551707049));
#11004 = VECTOR('',#11005,1.);
#11005 = DIRECTION('',(0.57735026919,0.816496580928));
#11006 = ( GEOMETRIC_REPRESENTATION_CONTEXT(2) 
PARAMETRIC_REPRESENTATION_CONTEXT() REPRESENTATION_CONTEXT('2D SPACE',''
  ) );
#11007 = PCURVE('',#9893,#11008);
#11008 = DEFINITIONAL_REPRESENTATION('',(#11009),#11013);
#11009 = LINE('',#11010,#11011);
#11010 = CARTESIAN_POINT('',(-0.173333333333,0.386551707049));
#11011 = VECTOR('',#11012,1.);
#11012 = DIRECTION('',(-0.57735026919,0.816496580928));
#11013 = ( GEOMETRIC_REPRESENTATION_CONTEXT(2) 
PARAMETRIC_REPRESENTATION_CONTEXT() REPRESENTATION_CONTEXT('2D SPACE',''
  ) );
#11014 = ORIENTED_EDGE('',*,*,#11015,.F.);
#11015 = EDGE_CURVE('',#10885,#10993,#11016,.T.);
#11016 = SURFACE_CURVE('',#11017,(#11021,#11028),.PCURVE_S1.);
#11017 = LINE('',#11018,#11019);
#11018 = CARTESIAN_POINT('',(11.34625,-0.635,0.8));
#11019 = VECTOR('',#11020,1.);
#11020 = DIRECTION('',(0.,-1.,0.));
#11021 = PCURVE('',#9865,#11022);
#11022 = DEFINITIONAL_REPRESENTATION('',(#11023),#11027);
#11023 = LINE('',#11024,#11025);
#11024 = CARTESIAN_POINT('',(-0.,0.141421356237));
#11025 = VECTOR('',#11026,1.);
#11026 = DIRECTION('',(-1.,0.));
#11027 = ( GEOMETRIC_REPRESENTATION_CONTEXT(2) 
PARAMETRIC_REPRESENTATION_CONTEXT() REPRESENTATION_CONTEXT('2D SPACE',''
  ) );
#11028 = PCURVE('',#11029,#11034);
#11029 = PLANE('',#11030);
#11030 = AXIS2_PLACEMENT_3D('',#11031,#11032,#11033);
#11031 = CARTESIAN_POINT('',(11.34625,-0.635,0.));
#11032 = DIRECTION('',(1.,0.,0.));
#11033 = DIRECTION('',(0.,-1.,0.));
#11034 = DEFINITIONAL_REPRESENTATION('',(#11035),#11039);
#11035 = LINE('',#11036,#11037);
#11036 = CARTESIAN_POINT('',(0.,-0.8));
#11037 = VECTOR('',#11038,1.);
#11038 = DIRECTION('',(1.,0.));
#11039 = ( GEOMETRIC_REPRESENTATION_CONTEXT(2) 
PARAMETRIC_REPRESENTATION_CONTEXT() REPRESENTATION_CONTEXT('2D SPACE',''
  ) );
#11040 = ADVANCED_FACE('',(#11041),#10033,.F.);
#11041 = FACE_BOUND('',#11042,.T.);
#11042 = EDGE_LOOP('',(#11043,#11044,#11045,#11068));
#11043 = ORIENTED_EDGE('',*,*,#10938,.F.);
#11044 = ORIENTED_EDGE('',*,*,#10017,.T.);
#11045 = ORIENTED_EDGE('',*,*,#11046,.T.);
#11046 = EDGE_CURVE('',#9990,#11047,#11049,.T.);
#11047 = VERTEX_POINT('',#11048);
#11048 = CARTESIAN_POINT('',(12.46625,0.635,0.8));
#11049 = SURFACE_CURVE('',#11050,(#11054,#11061),.PCURVE_S1.);
#11050 = LINE('',#11051,#11052);
#11051 = CARTESIAN_POINT('',(12.772916666667,0.941666666667,
    0.493333333333));
#11052 = VECTOR('',#11053,1.);
#11053 = DIRECTION('',(-0.57735026919,-0.57735026919,0.57735026919));
#11054 = PCURVE('',#10033,#11055);
#11055 = DEFINITIONAL_REPRESENTATION('',(#11056),#11060);
#11056 = LINE('',#11057,#11058);
#11057 = CARTESIAN_POINT('',(-1.133333333333,-0.29227080289));
#11058 = VECTOR('',#11059,1.);
#11059 = DIRECTION('',(-0.57735026919,0.816496580928));
#11060 = ( GEOMETRIC_REPRESENTATION_CONTEXT(2) 
PARAMETRIC_REPRESENTATION_CONTEXT() REPRESENTATION_CONTEXT('2D SPACE',''
  ) );
#11061 = PCURVE('',#10005,#11062);
#11062 = DEFINITIONAL_REPRESENTATION('',(#11063),#11067);
#11063 = LINE('',#11064,#11065);
#11064 = CARTESIAN_POINT('',(-0.306666666667,-0.29227080289));
#11065 = VECTOR('',#11066,1.);
#11066 = DIRECTION('',(0.57735026919,0.816496580928));
#11067 = ( GEOMETRIC_REPRESENTATION_CONTEXT(2) 
PARAMETRIC_REPRESENTATION_CONTEXT() REPRESENTATION_CONTEXT('2D SPACE',''
  ) );
#11068 = ORIENTED_EDGE('',*,*,#11069,.F.);
#11069 = EDGE_CURVE('',#10939,#11047,#11070,.T.);
#11070 = SURFACE_CURVE('',#11071,(#11075,#11082),.PCURVE_S1.);
#11071 = LINE('',#11072,#11073);
#11072 = CARTESIAN_POINT('',(12.46625,2.075,0.8));
#11073 = VECTOR('',#11074,1.);
#11074 = DIRECTION('',(0.,-1.,0.));
#11075 = PCURVE('',#10033,#11076);
#11076 = DEFINITIONAL_REPRESENTATION('',(#11077),#11081);
#11077 = LINE('',#11078,#11079);
#11078 = CARTESIAN_POINT('',(-0.,0.141421356237));
#11079 = VECTOR('',#11080,1.);
#11080 = DIRECTION('',(-1.,0.));
#11081 = ( GEOMETRIC_REPRESENTATION_CONTEXT(2) 
PARAMETRIC_REPRESENTATION_CONTEXT() REPRESENTATION_CONTEXT('2D SPACE',''
  ) );
#11082 = PCURVE('',#11083,#11088);
#11083 = PLANE('',#11084);
#11084 = AXIS2_PLACEMENT_3D('',#11085,#11086,#11087);
#11085 = CARTESIAN_POINT('',(12.46625,2.075,0.));
#11086 = DIRECTION('',(1.,0.,0.));
#11087 = DIRECTION('',(0.,-1.,0.));
#11088 = DEFINITIONAL_REPRESENTATION('',(#11089),#11093);
#11089 = LINE('',#11090,#11091);
#11090 = CARTESIAN_POINT('',(0.,-0.8));
#11091 = VECTOR('',#11092,1.);
#11092 = DIRECTION('',(1.,0.));
#11093 = ( GEOMETRIC_REPRESENTATION_CONTEXT(2) 
PARAMETRIC_REPRESENTATION_CONTEXT() REPRESENTATION_CONTEXT('2D SPACE',''
  ) );
#11094 = ADVANCED_FACE('',(#11095),#9893,.T.);
#11095 = FACE_BOUND('',#11096,.F.);
#11096 = EDGE_LOOP('',(#11097,#11098,#11099,#11122));
#11097 = ORIENTED_EDGE('',*,*,#10992,.F.);
#11098 = ORIENTED_EDGE('',*,*,#9877,.T.);
#11099 = ORIENTED_EDGE('',*,*,#11100,.T.);
#11100 = EDGE_CURVE('',#9878,#11101,#11103,.T.);
#11101 = VERTEX_POINT('',#11102);
#11102 = CARTESIAN_POINT('',(12.46625,-2.075,0.8));
#11103 = SURFACE_CURVE('',#11104,(#11108,#11115),.PCURVE_S1.);
#11104 = LINE('',#11105,#11106);
#11105 = CARTESIAN_POINT('',(12.10625,-1.715,1.16));
#11106 = VECTOR('',#11107,1.);
#11107 = DIRECTION('',(-0.57735026919,0.57735026919,0.57735026919));
#11108 = PCURVE('',#9893,#11109);
#11109 = DEFINITIONAL_REPRESENTATION('',(#11110),#11114);
#11110 = LINE('',#11111,#11112);
#11111 = CARTESIAN_POINT('',(-0.76,0.650538238692));
#11112 = VECTOR('',#11113,1.);
#11113 = DIRECTION('',(0.57735026919,0.816496580928));
#11114 = ( GEOMETRIC_REPRESENTATION_CONTEXT(2) 
PARAMETRIC_REPRESENTATION_CONTEXT() REPRESENTATION_CONTEXT('2D SPACE',''
  ) );
#11115 = PCURVE('',#9921,#11116);
#11116 = DEFINITIONAL_REPRESENTATION('',(#11117),#11121);
#11117 = LINE('',#11118,#11119);
#11118 = CARTESIAN_POINT('',(-1.08,0.650538238692));
#11119 = VECTOR('',#11120,1.);
#11120 = DIRECTION('',(0.57735026919,0.816496580928));
#11121 = ( GEOMETRIC_REPRESENTATION_CONTEXT(2) 
PARAMETRIC_REPRESENTATION_CONTEXT() REPRESENTATION_CONTEXT('2D SPACE',''
  ) );
#11122 = ORIENTED_EDGE('',*,*,#11123,.F.);
#11123 = EDGE_CURVE('',#10993,#11101,#11124,.T.);
#11124 = SURFACE_CURVE('',#11125,(#11129,#11136),.PCURVE_S1.);
#11125 = LINE('',#11126,#11127);
#11126 = CARTESIAN_POINT('',(11.34625,-2.075,0.8));
#11127 = VECTOR('',#11128,1.);
#11128 = DIRECTION('',(1.,-0.,0.));
#11129 = PCURVE('',#9893,#11130);
#11130 = DEFINITIONAL_REPRESENTATION('',(#11131),#11135);
#11131 = LINE('',#11132,#11133);
#11132 = CARTESIAN_POINT('',(-0.,0.141421356237));
#11133 = VECTOR('',#11134,1.);
#11134 = DIRECTION('',(-1.,0.));
#11135 = ( GEOMETRIC_REPRESENTATION_CONTEXT(2) 
PARAMETRIC_REPRESENTATION_CONTEXT() REPRESENTATION_CONTEXT('2D SPACE',''
  ) );
#11136 = PCURVE('',#11137,#11142);
#11137 = PLANE('',#11138);
#11138 = AXIS2_PLACEMENT_3D('',#11139,#11140,#11141);
#11139 = CARTESIAN_POINT('',(11.34625,-2.075,0.));
#11140 = DIRECTION('',(0.,1.,-0.));
#11141 = DIRECTION('',(1.,0.,0.));
#11142 = DEFINITIONAL_REPRESENTATION('',(#11143),#11147);
#11143 = LINE('',#11144,#11145);
#11144 = CARTESIAN_POINT('',(0.,-0.8));
#11145 = VECTOR('',#11146,1.);
#11146 = DIRECTION('',(1.,0.));
#11147 = ( GEOMETRIC_REPRESENTATION_CONTEXT(2) 
PARAMETRIC_REPRESENTATION_CONTEXT() REPRESENTATION_CONTEXT('2D SPACE',''
  ) );
#11148 = ADVANCED_FACE('',(#11149),#10005,.F.);
#11149 = FACE_BOUND('',#11150,.T.);
#11150 = EDGE_LOOP('',(#11151,#11152,#11153,#11176));
#11151 = ORIENTED_EDGE('',*,*,#11046,.F.);
#11152 = ORIENTED_EDGE('',*,*,#9989,.T.);
#11153 = ORIENTED_EDGE('',*,*,#11154,.T.);
#11154 = EDGE_CURVE('',#9962,#11155,#11157,.T.);
#11155 = VERTEX_POINT('',#11156);
#11156 = CARTESIAN_POINT('',(13.98125,0.635,0.8));
#11157 = SURFACE_CURVE('',#11158,(#11162,#11169),.PCURVE_S1.);
#11158 = LINE('',#11159,#11160);
#11159 = CARTESIAN_POINT('',(13.795416666667,0.449166666667,
    0.985833333333));
#11160 = VECTOR('',#11161,1.);
#11161 = DIRECTION('',(-0.57735026919,-0.57735026919,0.57735026919));
#11162 = PCURVE('',#10005,#11163);
#11163 = DEFINITIONAL_REPRESENTATION('',(#11164),#11168);
#11164 = LINE('',#11165,#11166);
#11165 = CARTESIAN_POINT('',(-1.329166666667,0.404229376578));
#11166 = VECTOR('',#11167,1.);
#11167 = DIRECTION('',(0.57735026919,0.816496580928));
#11168 = ( GEOMETRIC_REPRESENTATION_CONTEXT(2) 
PARAMETRIC_REPRESENTATION_CONTEXT() REPRESENTATION_CONTEXT('2D SPACE',''
  ) );
#11169 = PCURVE('',#9977,#11170);
#11170 = DEFINITIONAL_REPRESENTATION('',(#11171),#11175);
#11171 = LINE('',#11172,#11173);
#11172 = CARTESIAN_POINT('',(-0.185833333333,0.404229376578));
#11173 = VECTOR('',#11174,1.);
#11174 = DIRECTION('',(-0.57735026919,0.816496580928));
#11175 = ( GEOMETRIC_REPRESENTATION_CONTEXT(2) 
PARAMETRIC_REPRESENTATION_CONTEXT() REPRESENTATION_CONTEXT('2D SPACE',''
  ) );
#11176 = ORIENTED_EDGE('',*,*,#11177,.F.);
#11177 = EDGE_CURVE('',#11047,#11155,#11178,.T.);
#11178 = SURFACE_CURVE('',#11179,(#11183,#11190),.PCURVE_S1.);
#11179 = LINE('',#11180,#11181);
#11180 = CARTESIAN_POINT('',(12.46625,0.635,0.8));
#11181 = VECTOR('',#11182,1.);
#11182 = DIRECTION('',(1.,-0.,0.));
#11183 = PCURVE('',#10005,#11184);
#11184 = DEFINITIONAL_REPRESENTATION('',(#11185),#11189);
#11185 = LINE('',#11186,#11187);
#11186 = CARTESIAN_POINT('',(-0.,0.141421356237));
#11187 = VECTOR('',#11188,1.);
#11188 = DIRECTION('',(-1.,0.));
#11189 = ( GEOMETRIC_REPRESENTATION_CONTEXT(2) 
PARAMETRIC_REPRESENTATION_CONTEXT() REPRESENTATION_CONTEXT('2D SPACE',''
  ) );
#11190 = PCURVE('',#11191,#11196);
#11191 = PLANE('',#11192);
#11192 = AXIS2_PLACEMENT_3D('',#11193,#11194,#11195);
#11193 = CARTESIAN_POINT('',(12.46625,0.635,0.));
#11194 = DIRECTION('',(0.,1.,-0.));
#11195 = DIRECTION('',(1.,0.,0.));
#11196 = DEFINITIONAL_REPRESENTATION('',(#11197),#11201);
#11197 = LINE('',#11198,#11199);
#11198 = CARTESIAN_POINT('',(0.,-0.8));
#11199 = VECTOR('',#11200,1.);
#11200 = DIRECTION('',(1.,0.));
#11201 = ( GEOMETRIC_REPRESENTATION_CONTEXT(2) 
PARAMETRIC_REPRESENTATION_CONTEXT() REPRESENTATION_CONTEXT('2D SPACE',''
  ) );
#11202 = ADVANCED_FACE('',(#11203),#9921,.F.);
#11203 = FACE_BOUND('',#11204,.T.);
#11204 = EDGE_LOOP('',(#11205,#11228,#11229,#11230));
#11205 = ORIENTED_EDGE('',*,*,#11206,.F.);
#11206 = EDGE_CURVE('',#9906,#11207,#11209,.T.);
#11207 = VERTEX_POINT('',#11208);
#11208 = CARTESIAN_POINT('',(12.46625,-0.635,0.8));
#11209 = SURFACE_CURVE('',#11210,(#11214,#11221),.PCURVE_S1.);
#11210 = LINE('',#11211,#11212);
#11211 = CARTESIAN_POINT('',(12.532916666667,-0.701666666667,
    0.733333333333));
#11212 = VECTOR('',#11213,1.);
#11213 = DIRECTION('',(-0.57735026919,0.57735026919,0.57735026919));
#11214 = PCURVE('',#9921,#11215);
#11215 = DEFINITIONAL_REPRESENTATION('',(#11216),#11220);
#11216 = LINE('',#11217,#11218);
#11217 = CARTESIAN_POINT('',(-6.666666666667E-02,4.71404520791E-02));
#11218 = VECTOR('',#11219,1.);
#11219 = DIRECTION('',(0.57735026919,0.816496580928));
#11220 = ( GEOMETRIC_REPRESENTATION_CONTEXT(2) 
PARAMETRIC_REPRESENTATION_CONTEXT() REPRESENTATION_CONTEXT('2D SPACE',''
  ) );
#11221 = PCURVE('',#9949,#11222);
#11222 = DEFINITIONAL_REPRESENTATION('',(#11223),#11227);
#11223 = LINE('',#11224,#11225);
#11224 = CARTESIAN_POINT('',(-6.666666666667E-02,4.71404520791E-02));
#11225 = VECTOR('',#11226,1.);
#11226 = DIRECTION('',(0.57735026919,0.816496580928));
#11227 = ( GEOMETRIC_REPRESENTATION_CONTEXT(2) 
PARAMETRIC_REPRESENTATION_CONTEXT() REPRESENTATION_CONTEXT('2D SPACE',''
  ) );
#11228 = ORIENTED_EDGE('',*,*,#9905,.T.);
#11229 = ORIENTED_EDGE('',*,*,#11100,.T.);
#11230 = ORIENTED_EDGE('',*,*,#11231,.F.);
#11231 = EDGE_CURVE('',#11207,#11101,#11232,.T.);
#11232 = SURFACE_CURVE('',#11233,(#11237,#11244),.PCURVE_S1.);
#11233 = LINE('',#11234,#11235);
#11234 = CARTESIAN_POINT('',(12.46625,-0.635,0.8));
#11235 = VECTOR('',#11236,1.);
#11236 = DIRECTION('',(0.,-1.,0.));
#11237 = PCURVE('',#9921,#11238);
#11238 = DEFINITIONAL_REPRESENTATION('',(#11239),#11243);
#11239 = LINE('',#11240,#11241);
#11240 = CARTESIAN_POINT('',(-0.,0.141421356237));
#11241 = VECTOR('',#11242,1.);
#11242 = DIRECTION('',(-1.,0.));
#11243 = ( GEOMETRIC_REPRESENTATION_CONTEXT(2) 
PARAMETRIC_REPRESENTATION_CONTEXT() REPRESENTATION_CONTEXT('2D SPACE',''
  ) );
#11244 = PCURVE('',#11245,#11250);
#11245 = PLANE('',#11246);
#11246 = AXIS2_PLACEMENT_3D('',#11247,#11248,#11249);
#11247 = CARTESIAN_POINT('',(12.46625,-0.635,0.));
#11248 = DIRECTION('',(1.,0.,0.));
#11249 = DIRECTION('',(0.,-1.,0.));
#11250 = DEFINITIONAL_REPRESENTATION('',(#11251),#11255);
#11251 = LINE('',#11252,#11253);
#11252 = CARTESIAN_POINT('',(0.,-0.8));
#11253 = VECTOR('',#11254,1.);
#11254 = DIRECTION('',(1.,0.));
#11255 = ( GEOMETRIC_REPRESENTATION_CONTEXT(2) 
PARAMETRIC_REPRESENTATION_CONTEXT() REPRESENTATION_CONTEXT('2D SPACE',''
  ) );
#11256 = ADVANCED_FACE('',(#11257),#9977,.F.);
#11257 = FACE_BOUND('',#11258,.T.);
#11258 = EDGE_LOOP('',(#11259,#11260,#11261,#11284));
#11259 = ORIENTED_EDGE('',*,*,#11154,.F.);
#11260 = ORIENTED_EDGE('',*,*,#9961,.T.);
#11261 = ORIENTED_EDGE('',*,*,#11262,.T.);
#11262 = EDGE_CURVE('',#9934,#11263,#11265,.T.);
#11263 = VERTEX_POINT('',#11264);
#11264 = CARTESIAN_POINT('',(13.98125,-0.635,0.8));
#11265 = SURFACE_CURVE('',#11266,(#11270,#11277),.PCURVE_S1.);
#11266 = LINE('',#11267,#11268);
#11267 = CARTESIAN_POINT('',(13.58375,-0.2375,1.1975));
#11268 = VECTOR('',#11269,1.);
#11269 = DIRECTION('',(-0.57735026919,0.57735026919,0.57735026919));
#11270 = PCURVE('',#9977,#11271);
#11271 = DEFINITIONAL_REPRESENTATION('',(#11272),#11276);
#11272 = LINE('',#11273,#11274);
#11273 = CARTESIAN_POINT('',(-0.8725,0.703571247281));
#11274 = VECTOR('',#11275,1.);
#11275 = DIRECTION('',(0.57735026919,0.816496580928));
#11276 = ( GEOMETRIC_REPRESENTATION_CONTEXT(2) 
PARAMETRIC_REPRESENTATION_CONTEXT() REPRESENTATION_CONTEXT('2D SPACE',''
  ) );
#11277 = PCURVE('',#9949,#11278);
#11278 = DEFINITIONAL_REPRESENTATION('',(#11279),#11283);
#11279 = LINE('',#11280,#11281);
#11280 = CARTESIAN_POINT('',(-1.1175,0.703571247281));
#11281 = VECTOR('',#11282,1.);
#11282 = DIRECTION('',(0.57735026919,0.816496580928));
#11283 = ( GEOMETRIC_REPRESENTATION_CONTEXT(2) 
PARAMETRIC_REPRESENTATION_CONTEXT() REPRESENTATION_CONTEXT('2D SPACE',''
  ) );
#11284 = ORIENTED_EDGE('',*,*,#11285,.F.);
#11285 = EDGE_CURVE('',#11155,#11263,#11286,.T.);
#11286 = SURFACE_CURVE('',#11287,(#11291,#11298),.PCURVE_S1.);
#11287 = LINE('',#11288,#11289);
#11288 = CARTESIAN_POINT('',(13.98125,0.635,0.8));
#11289 = VECTOR('',#11290,1.);
#11290 = DIRECTION('',(0.,-1.,0.));
#11291 = PCURVE('',#9977,#11292);
#11292 = DEFINITIONAL_REPRESENTATION('',(#11293),#11297);
#11293 = LINE('',#11294,#11295);
#11294 = CARTESIAN_POINT('',(-0.,0.141421356237));
#11295 = VECTOR('',#11296,1.);
#11296 = DIRECTION('',(-1.,0.));
#11297 = ( GEOMETRIC_REPRESENTATION_CONTEXT(2) 
PARAMETRIC_REPRESENTATION_CONTEXT() REPRESENTATION_CONTEXT('2D SPACE',''
  ) );
#11298 = PCURVE('',#11299,#11304);
#11299 = PLANE('',#11300);
#11300 = AXIS2_PLACEMENT_3D('',#11301,#11302,#11303);
#11301 = CARTESIAN_POINT('',(13.98125,0.635,0.));
#11302 = DIRECTION('',(1.,0.,0.));
#11303 = DIRECTION('',(0.,-1.,0.));
#11304 = DEFINITIONAL_REPRESENTATION('',(#11305),#11309);
#11305 = LINE('',#11306,#11307);
#11306 = CARTESIAN_POINT('',(0.,-0.8));
#11307 = VECTOR('',#11308,1.);
#11308 = DIRECTION('',(1.,0.));
#11309 = ( GEOMETRIC_REPRESENTATION_CONTEXT(2) 
PARAMETRIC_REPRESENTATION_CONTEXT() REPRESENTATION_CONTEXT('2D SPACE',''
  ) );
#11310 = ADVANCED_FACE('',(#11311),#9949,.T.);
#11311 = FACE_BOUND('',#11312,.F.);
#11312 = EDGE_LOOP('',(#11313,#11314,#11315,#11316));
#11313 = ORIENTED_EDGE('',*,*,#11206,.F.);
#11314 = ORIENTED_EDGE('',*,*,#9933,.T.);
#11315 = ORIENTED_EDGE('',*,*,#11262,.T.);
#11316 = ORIENTED_EDGE('',*,*,#11317,.F.);
#11317 = EDGE_CURVE('',#11207,#11263,#11318,.T.);
#11318 = SURFACE_CURVE('',#11319,(#11323,#11330),.PCURVE_S1.);
#11319 = LINE('',#11320,#11321);
#11320 = CARTESIAN_POINT('',(12.46625,-0.635,0.8));
#11321 = VECTOR('',#11322,1.);
#11322 = DIRECTION('',(1.,-0.,0.));
#11323 = PCURVE('',#9949,#11324);
#11324 = DEFINITIONAL_REPRESENTATION('',(#11325),#11329);
#11325 = LINE('',#11326,#11327);
#11326 = CARTESIAN_POINT('',(-0.,0.141421356237));
#11327 = VECTOR('',#11328,1.);
#11328 = DIRECTION('',(-1.,0.));
#11329 = ( GEOMETRIC_REPRESENTATION_CONTEXT(2) 
PARAMETRIC_REPRESENTATION_CONTEXT() REPRESENTATION_CONTEXT('2D SPACE',''
  ) );
#11330 = PCURVE('',#11331,#11336);
#11331 = PLANE('',#11332);
#11332 = AXIS2_PLACEMENT_3D('',#11333,#11334,#11335);
#11333 = CARTESIAN_POINT('',(12.46625,-0.635,0.));
#11334 = DIRECTION('',(0.,1.,-0.));
#11335 = DIRECTION('',(1.,0.,0.));
#11336 = DEFINITIONAL_REPRESENTATION('',(#11337),#11341);
#11337 = LINE('',#11338,#11339);
#11338 = CARTESIAN_POINT('',(0.,-0.8));
#11339 = VECTOR('',#11340,1.);
#11340 = DIRECTION('',(1.,0.));
#11341 = ( GEOMETRIC_REPRESENTATION_CONTEXT(2) 
PARAMETRIC_REPRESENTATION_CONTEXT() REPRESENTATION_CONTEXT('2D SPACE',''
  ) );
#11342 = ADVANCED_FACE('',(#11343),#10166,.T.);
#11343 = FACE_BOUND('',#11344,.T.);
#11344 = EDGE_LOOP('',(#11345,#11346,#11347,#11348,#11349,#11350,#11351,
    #11352,#11353,#11354,#11355,#11356));
#11345 = ORIENTED_EDGE('',*,*,#10402,.F.);
#11346 = ORIENTED_EDGE('',*,*,#10500,.T.);
#11347 = ORIENTED_EDGE('',*,*,#10598,.F.);
#11348 = ORIENTED_EDGE('',*,*,#10674,.T.);
#11349 = ORIENTED_EDGE('',*,*,#10647,.T.);
#11350 = ORIENTED_EDGE('',*,*,#10549,.T.);
#11351 = ORIENTED_EDGE('',*,*,#10451,.T.);
#11352 = ORIENTED_EDGE('',*,*,#10353,.F.);
#11353 = ORIENTED_EDGE('',*,*,#10255,.T.);
#11354 = ORIENTED_EDGE('',*,*,#10152,.F.);
#11355 = ORIENTED_EDGE('',*,*,#10206,.F.);
#11356 = ORIENTED_EDGE('',*,*,#10304,.F.);
#11357 = ADVANCED_FACE('',(#11358),#10759,.F.);
#11358 = FACE_BOUND('',#11359,.F.);
#11359 = EDGE_LOOP('',(#11360,#11383,#11384,#11407));
#11360 = ORIENTED_EDGE('',*,*,#11361,.F.);
#11361 = EDGE_CURVE('',#10723,#11362,#11364,.T.);
#11362 = VERTEX_POINT('',#11363);
#11363 = CARTESIAN_POINT('',(11.34625,0.635,4.6));
#11364 = SURFACE_CURVE('',#11365,(#11369,#11376),.PCURVE_S1.);
#11365 = LINE('',#11366,#11367);
#11366 = CARTESIAN_POINT('',(11.34625,0.635,0.));
#11367 = VECTOR('',#11368,1.);
#11368 = DIRECTION('',(-0.,0.,1.));
#11369 = PCURVE('',#10759,#11370);
#11370 = DEFINITIONAL_REPRESENTATION('',(#11371),#11375);
#11371 = LINE('',#11372,#11373);
#11372 = CARTESIAN_POINT('',(1.515,0.));
#11373 = VECTOR('',#11374,1.);
#11374 = DIRECTION('',(0.,-1.));
#11375 = ( GEOMETRIC_REPRESENTATION_CONTEXT(2) 
PARAMETRIC_REPRESENTATION_CONTEXT() REPRESENTATION_CONTEXT('2D SPACE',''
  ) );
#11376 = PCURVE('',#10867,#11377);
#11377 = DEFINITIONAL_REPRESENTATION('',(#11378),#11382);
#11378 = LINE('',#11379,#11380);
#11379 = CARTESIAN_POINT('',(1.44,0.));
#11380 = VECTOR('',#11381,1.);
#11381 = DIRECTION('',(0.,-1.));
#11382 = ( GEOMETRIC_REPRESENTATION_CONTEXT(2) 
PARAMETRIC_REPRESENTATION_CONTEXT() REPRESENTATION_CONTEXT('2D SPACE',''
  ) );
#11383 = ORIENTED_EDGE('',*,*,#10745,.F.);
#11384 = ORIENTED_EDGE('',*,*,#11385,.T.);
#11385 = EDGE_CURVE('',#10699,#11386,#11388,.T.);
#11386 = VERTEX_POINT('',#11387);
#11387 = CARTESIAN_POINT('',(9.83125,0.635,4.6));
#11388 = SURFACE_CURVE('',#11389,(#11393,#11400),.PCURVE_S1.);
#11389 = LINE('',#11390,#11391);
#11390 = CARTESIAN_POINT('',(9.83125,0.635,0.));
#11391 = VECTOR('',#11392,1.);
#11392 = DIRECTION('',(-0.,0.,1.));
#11393 = PCURVE('',#10759,#11394);
#11394 = DEFINITIONAL_REPRESENTATION('',(#11395),#11399);
#11395 = LINE('',#11396,#11397);
#11396 = CARTESIAN_POINT('',(-1.7763568394E-15,-0.));
#11397 = VECTOR('',#11398,1.);
#11398 = DIRECTION('',(0.,-1.));
#11399 = ( GEOMETRIC_REPRESENTATION_CONTEXT(2) 
PARAMETRIC_REPRESENTATION_CONTEXT() REPRESENTATION_CONTEXT('2D SPACE',''
  ) );
#11400 = PCURVE('',#10813,#11401);
#11401 = DEFINITIONAL_REPRESENTATION('',(#11402),#11406);
#11402 = LINE('',#11403,#11404);
#11403 = CARTESIAN_POINT('',(0.,0.));
#11404 = VECTOR('',#11405,1.);
#11405 = DIRECTION('',(0.,-1.));
#11406 = ( GEOMETRIC_REPRESENTATION_CONTEXT(2) 
PARAMETRIC_REPRESENTATION_CONTEXT() REPRESENTATION_CONTEXT('2D SPACE',''
  ) );
#11407 = ORIENTED_EDGE('',*,*,#11408,.T.);
#11408 = EDGE_CURVE('',#11386,#11362,#11409,.T.);
#11409 = SURFACE_CURVE('',#11410,(#11414,#11421),.PCURVE_S1.);
#11410 = LINE('',#11411,#11412);
#11411 = CARTESIAN_POINT('',(11.90625,0.635,4.6));
#11412 = VECTOR('',#11413,1.);
#11413 = DIRECTION('',(1.,0.,0.));
#11414 = PCURVE('',#10759,#11415);
#11415 = DEFINITIONAL_REPRESENTATION('',(#11416),#11420);
#11416 = LINE('',#11417,#11418);
#11417 = CARTESIAN_POINT('',(2.075,-4.6));
#11418 = VECTOR('',#11419,1.);
#11419 = DIRECTION('',(1.,0.));
#11420 = ( GEOMETRIC_REPRESENTATION_CONTEXT(2) 
PARAMETRIC_REPRESENTATION_CONTEXT() REPRESENTATION_CONTEXT('2D SPACE',''
  ) );
#11421 = PCURVE('',#11422,#11427);
#11422 = PLANE('',#11423);
#11423 = AXIS2_PLACEMENT_3D('',#11424,#11425,#11426);
#11424 = CARTESIAN_POINT('',(11.90625,7.403907011753E-15,4.6));
#11425 = DIRECTION('',(0.,0.,-1.));
#11426 = DIRECTION('',(1.,0.,0.));
#11427 = DEFINITIONAL_REPRESENTATION('',(#11428),#11432);
#11428 = LINE('',#11429,#11430);
#11429 = CARTESIAN_POINT('',(0.,-0.635));
#11430 = VECTOR('',#11431,1.);
#11431 = DIRECTION('',(1.,0.));
#11432 = ( GEOMETRIC_REPRESENTATION_CONTEXT(2) 
PARAMETRIC_REPRESENTATION_CONTEXT() REPRESENTATION_CONTEXT('2D SPACE',''
  ) );
#11433 = ADVANCED_FACE('',(#11434),#10813,.T.);
#11434 = FACE_BOUND('',#11435,.T.);
#11435 = EDGE_LOOP('',(#11436,#11459,#11460,#11461));
#11436 = ORIENTED_EDGE('',*,*,#11437,.F.);
#11437 = EDGE_CURVE('',#10777,#11438,#11440,.T.);
#11438 = VERTEX_POINT('',#11439);
#11439 = CARTESIAN_POINT('',(9.83125,-0.635,4.6));
#11440 = SURFACE_CURVE('',#11441,(#11445,#11452),.PCURVE_S1.);
#11441 = LINE('',#11442,#11443);
#11442 = CARTESIAN_POINT('',(9.83125,-0.635,0.));
#11443 = VECTOR('',#11444,1.);
#11444 = DIRECTION('',(-0.,0.,1.));
#11445 = PCURVE('',#10813,#11446);
#11446 = DEFINITIONAL_REPRESENTATION('',(#11447),#11451);
#11447 = LINE('',#11448,#11449);
#11448 = CARTESIAN_POINT('',(1.27,0.));
#11449 = VECTOR('',#11450,1.);
#11450 = DIRECTION('',(0.,-1.));
#11451 = ( GEOMETRIC_REPRESENTATION_CONTEXT(2) 
PARAMETRIC_REPRESENTATION_CONTEXT() REPRESENTATION_CONTEXT('2D SPACE',''
  ) );
#11452 = PCURVE('',#10921,#11453);
#11453 = DEFINITIONAL_REPRESENTATION('',(#11454),#11458);
#11454 = LINE('',#11455,#11456);
#11455 = CARTESIAN_POINT('',(-1.7763568394E-15,-0.));
#11456 = VECTOR('',#11457,1.);
#11457 = DIRECTION('',(0.,-1.));
#11458 = ( GEOMETRIC_REPRESENTATION_CONTEXT(2) 
PARAMETRIC_REPRESENTATION_CONTEXT() REPRESENTATION_CONTEXT('2D SPACE',''
  ) );
#11459 = ORIENTED_EDGE('',*,*,#10799,.F.);
#11460 = ORIENTED_EDGE('',*,*,#11385,.T.);
#11461 = ORIENTED_EDGE('',*,*,#11462,.T.);
#11462 = EDGE_CURVE('',#11386,#11438,#11463,.T.);
#11463 = SURFACE_CURVE('',#11464,(#11468,#11475),.PCURVE_S1.);
#11464 = LINE('',#11465,#11466);
#11465 = CARTESIAN_POINT('',(9.83125,7.403907011753E-15,4.6));
#11466 = VECTOR('',#11467,1.);
#11467 = DIRECTION('',(0.,-1.,0.));
#11468 = PCURVE('',#10813,#11469);
#11469 = DEFINITIONAL_REPRESENTATION('',(#11470),#11474);
#11470 = LINE('',#11471,#11472);
#11471 = CARTESIAN_POINT('',(0.635,-4.6));
#11472 = VECTOR('',#11473,1.);
#11473 = DIRECTION('',(1.,0.));
#11474 = ( GEOMETRIC_REPRESENTATION_CONTEXT(2) 
PARAMETRIC_REPRESENTATION_CONTEXT() REPRESENTATION_CONTEXT('2D SPACE',''
  ) );
#11475 = PCURVE('',#11422,#11476);
#11476 = DEFINITIONAL_REPRESENTATION('',(#11477),#11481);
#11477 = LINE('',#11478,#11479);
#11478 = CARTESIAN_POINT('',(-2.075,0.));
#11479 = VECTOR('',#11480,1.);
#11480 = DIRECTION('',(0.,1.));
#11481 = ( GEOMETRIC_REPRESENTATION_CONTEXT(2) 
PARAMETRIC_REPRESENTATION_CONTEXT() REPRESENTATION_CONTEXT('2D SPACE',''
  ) );
#11482 = ADVANCED_FACE('',(#11483),#10867,.T.);
#11483 = FACE_BOUND('',#11484,.T.);
#11484 = EDGE_LOOP('',(#11485,#11486,#11487,#11510));
#11485 = ORIENTED_EDGE('',*,*,#11361,.F.);
#11486 = ORIENTED_EDGE('',*,*,#10853,.F.);
#11487 = ORIENTED_EDGE('',*,*,#11488,.T.);
#11488 = EDGE_CURVE('',#10829,#11489,#11491,.T.);
#11489 = VERTEX_POINT('',#11490);
#11490 = CARTESIAN_POINT('',(11.34625,2.075,4.6));
#11491 = SURFACE_CURVE('',#11492,(#11496,#11503),.PCURVE_S1.);
#11492 = LINE('',#11493,#11494);
#11493 = CARTESIAN_POINT('',(11.34625,2.075,0.));
#11494 = VECTOR('',#11495,1.);
#11495 = DIRECTION('',(-0.,0.,1.));
#11496 = PCURVE('',#10867,#11497);
#11497 = DEFINITIONAL_REPRESENTATION('',(#11498),#11502);
#11498 = LINE('',#11499,#11500);
#11499 = CARTESIAN_POINT('',(0.,0.));
#11500 = VECTOR('',#11501,1.);
#11501 = DIRECTION('',(0.,-1.));
#11502 = ( GEOMETRIC_REPRESENTATION_CONTEXT(2) 
PARAMETRIC_REPRESENTATION_CONTEXT() REPRESENTATION_CONTEXT('2D SPACE',''
  ) );
#11503 = PCURVE('',#10975,#11504);
#11504 = DEFINITIONAL_REPRESENTATION('',(#11505),#11509);
#11505 = LINE('',#11506,#11507);
#11506 = CARTESIAN_POINT('',(0.,0.));
#11507 = VECTOR('',#11508,1.);
#11508 = DIRECTION('',(0.,-1.));
#11509 = ( GEOMETRIC_REPRESENTATION_CONTEXT(2) 
PARAMETRIC_REPRESENTATION_CONTEXT() REPRESENTATION_CONTEXT('2D SPACE',''
  ) );
#11510 = ORIENTED_EDGE('',*,*,#11511,.T.);
#11511 = EDGE_CURVE('',#11489,#11362,#11512,.T.);
#11512 = SURFACE_CURVE('',#11513,(#11517,#11524),.PCURVE_S1.);
#11513 = LINE('',#11514,#11515);
#11514 = CARTESIAN_POINT('',(11.34625,7.403907011753E-15,4.6));
#11515 = VECTOR('',#11516,1.);
#11516 = DIRECTION('',(0.,-1.,0.));
#11517 = PCURVE('',#10867,#11518);
#11518 = DEFINITIONAL_REPRESENTATION('',(#11519),#11523);
#11519 = LINE('',#11520,#11521);
#11520 = CARTESIAN_POINT('',(2.075,-4.6));
#11521 = VECTOR('',#11522,1.);
#11522 = DIRECTION('',(1.,0.));
#11523 = ( GEOMETRIC_REPRESENTATION_CONTEXT(2) 
PARAMETRIC_REPRESENTATION_CONTEXT() REPRESENTATION_CONTEXT('2D SPACE',''
  ) );
#11524 = PCURVE('',#11422,#11525);
#11525 = DEFINITIONAL_REPRESENTATION('',(#11526),#11530);
#11526 = LINE('',#11527,#11528);
#11527 = CARTESIAN_POINT('',(-0.56,0.));
#11528 = VECTOR('',#11529,1.);
#11529 = DIRECTION('',(0.,1.));
#11530 = ( GEOMETRIC_REPRESENTATION_CONTEXT(2) 
PARAMETRIC_REPRESENTATION_CONTEXT() REPRESENTATION_CONTEXT('2D SPACE',''
  ) );
#11531 = ADVANCED_FACE('',(#11532),#10921,.T.);
#11532 = FACE_BOUND('',#11533,.T.);
#11533 = EDGE_LOOP('',(#11534,#11557,#11558,#11559));
#11534 = ORIENTED_EDGE('',*,*,#11535,.F.);
#11535 = EDGE_CURVE('',#10885,#11536,#11538,.T.);
#11536 = VERTEX_POINT('',#11537);
#11537 = CARTESIAN_POINT('',(11.34625,-0.635,4.6));
#11538 = SURFACE_CURVE('',#11539,(#11543,#11550),.PCURVE_S1.);
#11539 = LINE('',#11540,#11541);
#11540 = CARTESIAN_POINT('',(11.34625,-0.635,0.));
#11541 = VECTOR('',#11542,1.);
#11542 = DIRECTION('',(-0.,0.,1.));
#11543 = PCURVE('',#10921,#11544);
#11544 = DEFINITIONAL_REPRESENTATION('',(#11545),#11549);
#11545 = LINE('',#11546,#11547);
#11546 = CARTESIAN_POINT('',(1.515,0.));
#11547 = VECTOR('',#11548,1.);
#11548 = DIRECTION('',(0.,-1.));
#11549 = ( GEOMETRIC_REPRESENTATION_CONTEXT(2) 
PARAMETRIC_REPRESENTATION_CONTEXT() REPRESENTATION_CONTEXT('2D SPACE',''
  ) );
#11550 = PCURVE('',#11029,#11551);
#11551 = DEFINITIONAL_REPRESENTATION('',(#11552),#11556);
#11552 = LINE('',#11553,#11554);
#11553 = CARTESIAN_POINT('',(0.,0.));
#11554 = VECTOR('',#11555,1.);
#11555 = DIRECTION('',(0.,-1.));
#11556 = ( GEOMETRIC_REPRESENTATION_CONTEXT(2) 
PARAMETRIC_REPRESENTATION_CONTEXT() REPRESENTATION_CONTEXT('2D SPACE',''
  ) );
#11557 = ORIENTED_EDGE('',*,*,#10907,.F.);
#11558 = ORIENTED_EDGE('',*,*,#11437,.T.);
#11559 = ORIENTED_EDGE('',*,*,#11560,.T.);
#11560 = EDGE_CURVE('',#11438,#11536,#11561,.T.);
#11561 = SURFACE_CURVE('',#11562,(#11566,#11573),.PCURVE_S1.);
#11562 = LINE('',#11563,#11564);
#11563 = CARTESIAN_POINT('',(11.90625,-0.635,4.6));
#11564 = VECTOR('',#11565,1.);
#11565 = DIRECTION('',(1.,0.,0.));
#11566 = PCURVE('',#10921,#11567);
#11567 = DEFINITIONAL_REPRESENTATION('',(#11568),#11572);
#11568 = LINE('',#11569,#11570);
#11569 = CARTESIAN_POINT('',(2.075,-4.6));
#11570 = VECTOR('',#11571,1.);
#11571 = DIRECTION('',(1.,0.));
#11572 = ( GEOMETRIC_REPRESENTATION_CONTEXT(2) 
PARAMETRIC_REPRESENTATION_CONTEXT() REPRESENTATION_CONTEXT('2D SPACE',''
  ) );
#11573 = PCURVE('',#11422,#11574);
#11574 = DEFINITIONAL_REPRESENTATION('',(#11575),#11579);
#11575 = LINE('',#11576,#11577);
#11576 = CARTESIAN_POINT('',(0.,0.635));
#11577 = VECTOR('',#11578,1.);
#11578 = DIRECTION('',(1.,0.));
#11579 = ( GEOMETRIC_REPRESENTATION_CONTEXT(2) 
PARAMETRIC_REPRESENTATION_CONTEXT() REPRESENTATION_CONTEXT('2D SPACE',''
  ) );
#11580 = ADVANCED_FACE('',(#11581),#10975,.F.);
#11581 = FACE_BOUND('',#11582,.F.);
#11582 = EDGE_LOOP('',(#11583,#11606,#11607,#11608));
#11583 = ORIENTED_EDGE('',*,*,#11584,.F.);
#11584 = EDGE_CURVE('',#10939,#11585,#11587,.T.);
#11585 = VERTEX_POINT('',#11586);
#11586 = CARTESIAN_POINT('',(12.46625,2.075,4.6));
#11587 = SURFACE_CURVE('',#11588,(#11592,#11599),.PCURVE_S1.);
#11588 = LINE('',#11589,#11590);
#11589 = CARTESIAN_POINT('',(12.46625,2.075,0.));
#11590 = VECTOR('',#11591,1.);
#11591 = DIRECTION('',(-0.,0.,1.));
#11592 = PCURVE('',#10975,#11593);
#11593 = DEFINITIONAL_REPRESENTATION('',(#11594),#11598);
#11594 = LINE('',#11595,#11596);
#11595 = CARTESIAN_POINT('',(1.12,0.));
#11596 = VECTOR('',#11597,1.);
#11597 = DIRECTION('',(0.,-1.));
#11598 = ( GEOMETRIC_REPRESENTATION_CONTEXT(2) 
PARAMETRIC_REPRESENTATION_CONTEXT() REPRESENTATION_CONTEXT('2D SPACE',''
  ) );
#11599 = PCURVE('',#11083,#11600);
#11600 = DEFINITIONAL_REPRESENTATION('',(#11601),#11605);
#11601 = LINE('',#11602,#11603);
#11602 = CARTESIAN_POINT('',(0.,0.));
#11603 = VECTOR('',#11604,1.);
#11604 = DIRECTION('',(0.,-1.));
#11605 = ( GEOMETRIC_REPRESENTATION_CONTEXT(2) 
PARAMETRIC_REPRESENTATION_CONTEXT() REPRESENTATION_CONTEXT('2D SPACE',''
  ) );
#11606 = ORIENTED_EDGE('',*,*,#10961,.F.);
#11607 = ORIENTED_EDGE('',*,*,#11488,.T.);
#11608 = ORIENTED_EDGE('',*,*,#11609,.T.);
#11609 = EDGE_CURVE('',#11489,#11585,#11610,.T.);
#11610 = SURFACE_CURVE('',#11611,(#11615,#11622),.PCURVE_S1.);
#11611 = LINE('',#11612,#11613);
#11612 = CARTESIAN_POINT('',(11.90625,2.075,4.6));
#11613 = VECTOR('',#11614,1.);
#11614 = DIRECTION('',(1.,0.,0.));
#11615 = PCURVE('',#10975,#11616);
#11616 = DEFINITIONAL_REPRESENTATION('',(#11617),#11621);
#11617 = LINE('',#11618,#11619);
#11618 = CARTESIAN_POINT('',(0.56,-4.6));
#11619 = VECTOR('',#11620,1.);
#11620 = DIRECTION('',(1.,0.));
#11621 = ( GEOMETRIC_REPRESENTATION_CONTEXT(2) 
PARAMETRIC_REPRESENTATION_CONTEXT() REPRESENTATION_CONTEXT('2D SPACE',''
  ) );
#11622 = PCURVE('',#11422,#11623);
#11623 = DEFINITIONAL_REPRESENTATION('',(#11624),#11628);
#11624 = LINE('',#11625,#11626);
#11625 = CARTESIAN_POINT('',(0.,-2.075));
#11626 = VECTOR('',#11627,1.);
#11627 = DIRECTION('',(1.,0.));
#11628 = ( GEOMETRIC_REPRESENTATION_CONTEXT(2) 
PARAMETRIC_REPRESENTATION_CONTEXT() REPRESENTATION_CONTEXT('2D SPACE',''
  ) );
#11629 = ADVANCED_FACE('',(#11630),#11029,.T.);
#11630 = FACE_BOUND('',#11631,.T.);
#11631 = EDGE_LOOP('',(#11632,#11655,#11656,#11657));
#11632 = ORIENTED_EDGE('',*,*,#11633,.F.);
#11633 = EDGE_CURVE('',#10993,#11634,#11636,.T.);
#11634 = VERTEX_POINT('',#11635);
#11635 = CARTESIAN_POINT('',(11.34625,-2.075,4.6));
#11636 = SURFACE_CURVE('',#11637,(#11641,#11648),.PCURVE_S1.);
#11637 = LINE('',#11638,#11639);
#11638 = CARTESIAN_POINT('',(11.34625,-2.075,0.));
#11639 = VECTOR('',#11640,1.);
#11640 = DIRECTION('',(-0.,0.,1.));
#11641 = PCURVE('',#11029,#11642);
#11642 = DEFINITIONAL_REPRESENTATION('',(#11643),#11647);
#11643 = LINE('',#11644,#11645);
#11644 = CARTESIAN_POINT('',(1.44,0.));
#11645 = VECTOR('',#11646,1.);
#11646 = DIRECTION('',(0.,-1.));
#11647 = ( GEOMETRIC_REPRESENTATION_CONTEXT(2) 
PARAMETRIC_REPRESENTATION_CONTEXT() REPRESENTATION_CONTEXT('2D SPACE',''
  ) );
#11648 = PCURVE('',#11137,#11649);
#11649 = DEFINITIONAL_REPRESENTATION('',(#11650),#11654);
#11650 = LINE('',#11651,#11652);
#11651 = CARTESIAN_POINT('',(0.,0.));
#11652 = VECTOR('',#11653,1.);
#11653 = DIRECTION('',(0.,-1.));
#11654 = ( GEOMETRIC_REPRESENTATION_CONTEXT(2) 
PARAMETRIC_REPRESENTATION_CONTEXT() REPRESENTATION_CONTEXT('2D SPACE',''
  ) );
#11655 = ORIENTED_EDGE('',*,*,#11015,.F.);
#11656 = ORIENTED_EDGE('',*,*,#11535,.T.);
#11657 = ORIENTED_EDGE('',*,*,#11658,.T.);
#11658 = EDGE_CURVE('',#11536,#11634,#11659,.T.);
#11659 = SURFACE_CURVE('',#11660,(#11664,#11671),.PCURVE_S1.);
#11660 = LINE('',#11661,#11662);
#11661 = CARTESIAN_POINT('',(11.34625,7.403907011753E-15,4.6));
#11662 = VECTOR('',#11663,1.);
#11663 = DIRECTION('',(0.,-1.,0.));
#11664 = PCURVE('',#11029,#11665);
#11665 = DEFINITIONAL_REPRESENTATION('',(#11666),#11670);
#11666 = LINE('',#11667,#11668);
#11667 = CARTESIAN_POINT('',(-0.635,-4.6));
#11668 = VECTOR('',#11669,1.);
#11669 = DIRECTION('',(1.,0.));
#11670 = ( GEOMETRIC_REPRESENTATION_CONTEXT(2) 
PARAMETRIC_REPRESENTATION_CONTEXT() REPRESENTATION_CONTEXT('2D SPACE',''
  ) );
#11671 = PCURVE('',#11422,#11672);
#11672 = DEFINITIONAL_REPRESENTATION('',(#11673),#11677);
#11673 = LINE('',#11674,#11675);
#11674 = CARTESIAN_POINT('',(-0.56,0.));
#11675 = VECTOR('',#11676,1.);
#11676 = DIRECTION('',(0.,1.));
#11677 = ( GEOMETRIC_REPRESENTATION_CONTEXT(2) 
PARAMETRIC_REPRESENTATION_CONTEXT() REPRESENTATION_CONTEXT('2D SPACE',''
  ) );
#11678 = ADVANCED_FACE('',(#11679),#11083,.F.);
#11679 = FACE_BOUND('',#11680,.F.);
#11680 = EDGE_LOOP('',(#11681,#11704,#11705,#11706));
#11681 = ORIENTED_EDGE('',*,*,#11682,.F.);
#11682 = EDGE_CURVE('',#11047,#11683,#11685,.T.);
#11683 = VERTEX_POINT('',#11684);
#11684 = CARTESIAN_POINT('',(12.46625,0.635,4.6));
#11685 = SURFACE_CURVE('',#11686,(#11690,#11697),.PCURVE_S1.);
#11686 = LINE('',#11687,#11688);
#11687 = CARTESIAN_POINT('',(12.46625,0.635,0.));
#11688 = VECTOR('',#11689,1.);
#11689 = DIRECTION('',(-0.,0.,1.));
#11690 = PCURVE('',#11083,#11691);
#11691 = DEFINITIONAL_REPRESENTATION('',(#11692),#11696);
#11692 = LINE('',#11693,#11694);
#11693 = CARTESIAN_POINT('',(1.44,0.));
#11694 = VECTOR('',#11695,1.);
#11695 = DIRECTION('',(0.,-1.));
#11696 = ( GEOMETRIC_REPRESENTATION_CONTEXT(2) 
PARAMETRIC_REPRESENTATION_CONTEXT() REPRESENTATION_CONTEXT('2D SPACE',''
  ) );
#11697 = PCURVE('',#11191,#11698);
#11698 = DEFINITIONAL_REPRESENTATION('',(#11699),#11703);
#11699 = LINE('',#11700,#11701);
#11700 = CARTESIAN_POINT('',(0.,0.));
#11701 = VECTOR('',#11702,1.);
#11702 = DIRECTION('',(0.,-1.));
#11703 = ( GEOMETRIC_REPRESENTATION_CONTEXT(2) 
PARAMETRIC_REPRESENTATION_CONTEXT() REPRESENTATION_CONTEXT('2D SPACE',''
  ) );
#11704 = ORIENTED_EDGE('',*,*,#11069,.F.);
#11705 = ORIENTED_EDGE('',*,*,#11584,.T.);
#11706 = ORIENTED_EDGE('',*,*,#11707,.T.);
#11707 = EDGE_CURVE('',#11585,#11683,#11708,.T.);
#11708 = SURFACE_CURVE('',#11709,(#11713,#11720),.PCURVE_S1.);
#11709 = LINE('',#11710,#11711);
#11710 = CARTESIAN_POINT('',(12.46625,7.403907011753E-15,4.6));
#11711 = VECTOR('',#11712,1.);
#11712 = DIRECTION('',(0.,-1.,0.));
#11713 = PCURVE('',#11083,#11714);
#11714 = DEFINITIONAL_REPRESENTATION('',(#11715),#11719);
#11715 = LINE('',#11716,#11717);
#11716 = CARTESIAN_POINT('',(2.075,-4.6));
#11717 = VECTOR('',#11718,1.);
#11718 = DIRECTION('',(1.,0.));
#11719 = ( GEOMETRIC_REPRESENTATION_CONTEXT(2) 
PARAMETRIC_REPRESENTATION_CONTEXT() REPRESENTATION_CONTEXT('2D SPACE',''
  ) );
#11720 = PCURVE('',#11422,#11721);
#11721 = DEFINITIONAL_REPRESENTATION('',(#11722),#11726);
#11722 = LINE('',#11723,#11724);
#11723 = CARTESIAN_POINT('',(0.56,0.));
#11724 = VECTOR('',#11725,1.);
#11725 = DIRECTION('',(0.,1.));
#11726 = ( GEOMETRIC_REPRESENTATION_CONTEXT(2) 
PARAMETRIC_REPRESENTATION_CONTEXT() REPRESENTATION_CONTEXT('2D SPACE',''
  ) );
#11727 = ADVANCED_FACE('',(#11728),#11137,.T.);
#11728 = FACE_BOUND('',#11729,.T.);
#11729 = EDGE_LOOP('',(#11730,#11753,#11754,#11755));
#11730 = ORIENTED_EDGE('',*,*,#11731,.F.);
#11731 = EDGE_CURVE('',#11101,#11732,#11734,.T.);
#11732 = VERTEX_POINT('',#11733);
#11733 = CARTESIAN_POINT('',(12.46625,-2.075,4.6));
#11734 = SURFACE_CURVE('',#11735,(#11739,#11746),.PCURVE_S1.);
#11735 = LINE('',#11736,#11737);
#11736 = CARTESIAN_POINT('',(12.46625,-2.075,0.));
#11737 = VECTOR('',#11738,1.);
#11738 = DIRECTION('',(-0.,0.,1.));
#11739 = PCURVE('',#11137,#11740);
#11740 = DEFINITIONAL_REPRESENTATION('',(#11741),#11745);
#11741 = LINE('',#11742,#11743);
#11742 = CARTESIAN_POINT('',(1.12,0.));
#11743 = VECTOR('',#11744,1.);
#11744 = DIRECTION('',(0.,-1.));
#11745 = ( GEOMETRIC_REPRESENTATION_CONTEXT(2) 
PARAMETRIC_REPRESENTATION_CONTEXT() REPRESENTATION_CONTEXT('2D SPACE',''
  ) );
#11746 = PCURVE('',#11245,#11747);
#11747 = DEFINITIONAL_REPRESENTATION('',(#11748),#11752);
#11748 = LINE('',#11749,#11750);
#11749 = CARTESIAN_POINT('',(1.44,0.));
#11750 = VECTOR('',#11751,1.);
#11751 = DIRECTION('',(0.,-1.));
#11752 = ( GEOMETRIC_REPRESENTATION_CONTEXT(2) 
PARAMETRIC_REPRESENTATION_CONTEXT() REPRESENTATION_CONTEXT('2D SPACE',''
  ) );
#11753 = ORIENTED_EDGE('',*,*,#11123,.F.);
#11754 = ORIENTED_EDGE('',*,*,#11633,.T.);
#11755 = ORIENTED_EDGE('',*,*,#11756,.T.);
#11756 = EDGE_CURVE('',#11634,#11732,#11757,.T.);
#11757 = SURFACE_CURVE('',#11758,(#11762,#11769),.PCURVE_S1.);
#11758 = LINE('',#11759,#11760);
#11759 = CARTESIAN_POINT('',(11.90625,-2.075,4.6));
#11760 = VECTOR('',#11761,1.);
#11761 = DIRECTION('',(1.,0.,0.));
#11762 = PCURVE('',#11137,#11763);
#11763 = DEFINITIONAL_REPRESENTATION('',(#11764),#11768);
#11764 = LINE('',#11765,#11766);
#11765 = CARTESIAN_POINT('',(0.56,-4.6));
#11766 = VECTOR('',#11767,1.);
#11767 = DIRECTION('',(1.,0.));
#11768 = ( GEOMETRIC_REPRESENTATION_CONTEXT(2) 
PARAMETRIC_REPRESENTATION_CONTEXT() REPRESENTATION_CONTEXT('2D SPACE',''
  ) );
#11769 = PCURVE('',#11422,#11770);
#11770 = DEFINITIONAL_REPRESENTATION('',(#11771),#11775);
#11771 = LINE('',#11772,#11773);
#11772 = CARTESIAN_POINT('',(0.,2.075));
#11773 = VECTOR('',#11774,1.);
#11774 = DIRECTION('',(1.,0.));
#11775 = ( GEOMETRIC_REPRESENTATION_CONTEXT(2) 
PARAMETRIC_REPRESENTATION_CONTEXT() REPRESENTATION_CONTEXT('2D SPACE',''
  ) );
#11776 = ADVANCED_FACE('',(#11777),#11191,.F.);
#11777 = FACE_BOUND('',#11778,.F.);
#11778 = EDGE_LOOP('',(#11779,#11802,#11803,#11804));
#11779 = ORIENTED_EDGE('',*,*,#11780,.F.);
#11780 = EDGE_CURVE('',#11155,#11781,#11783,.T.);
#11781 = VERTEX_POINT('',#11782);
#11782 = CARTESIAN_POINT('',(13.98125,0.635,4.6));
#11783 = SURFACE_CURVE('',#11784,(#11788,#11795),.PCURVE_S1.);
#11784 = LINE('',#11785,#11786);
#11785 = CARTESIAN_POINT('',(13.98125,0.635,0.));
#11786 = VECTOR('',#11787,1.);
#11787 = DIRECTION('',(-0.,0.,1.));
#11788 = PCURVE('',#11191,#11789);
#11789 = DEFINITIONAL_REPRESENTATION('',(#11790),#11794);
#11790 = LINE('',#11791,#11792);
#11791 = CARTESIAN_POINT('',(1.515,0.));
#11792 = VECTOR('',#11793,1.);
#11793 = DIRECTION('',(0.,-1.));
#11794 = ( GEOMETRIC_REPRESENTATION_CONTEXT(2) 
PARAMETRIC_REPRESENTATION_CONTEXT() REPRESENTATION_CONTEXT('2D SPACE',''
  ) );
#11795 = PCURVE('',#11299,#11796);
#11796 = DEFINITIONAL_REPRESENTATION('',(#11797),#11801);
#11797 = LINE('',#11798,#11799);
#11798 = CARTESIAN_POINT('',(0.,0.));
#11799 = VECTOR('',#11800,1.);
#11800 = DIRECTION('',(0.,-1.));
#11801 = ( GEOMETRIC_REPRESENTATION_CONTEXT(2) 
PARAMETRIC_REPRESENTATION_CONTEXT() REPRESENTATION_CONTEXT('2D SPACE',''
  ) );
#11802 = ORIENTED_EDGE('',*,*,#11177,.F.);
#11803 = ORIENTED_EDGE('',*,*,#11682,.T.);
#11804 = ORIENTED_EDGE('',*,*,#11805,.T.);
#11805 = EDGE_CURVE('',#11683,#11781,#11806,.T.);
#11806 = SURFACE_CURVE('',#11807,(#11811,#11818),.PCURVE_S1.);
#11807 = LINE('',#11808,#11809);
#11808 = CARTESIAN_POINT('',(11.90625,0.635,4.6));
#11809 = VECTOR('',#11810,1.);
#11810 = DIRECTION('',(1.,0.,0.));
#11811 = PCURVE('',#11191,#11812);
#11812 = DEFINITIONAL_REPRESENTATION('',(#11813),#11817);
#11813 = LINE('',#11814,#11815);
#11814 = CARTESIAN_POINT('',(-0.56,-4.6));
#11815 = VECTOR('',#11816,1.);
#11816 = DIRECTION('',(1.,0.));
#11817 = ( GEOMETRIC_REPRESENTATION_CONTEXT(2) 
PARAMETRIC_REPRESENTATION_CONTEXT() REPRESENTATION_CONTEXT('2D SPACE',''
  ) );
#11818 = PCURVE('',#11422,#11819);
#11819 = DEFINITIONAL_REPRESENTATION('',(#11820),#11824);
#11820 = LINE('',#11821,#11822);
#11821 = CARTESIAN_POINT('',(0.,-0.635));
#11822 = VECTOR('',#11823,1.);
#11823 = DIRECTION('',(1.,0.));
#11824 = ( GEOMETRIC_REPRESENTATION_CONTEXT(2) 
PARAMETRIC_REPRESENTATION_CONTEXT() REPRESENTATION_CONTEXT('2D SPACE',''
  ) );
#11825 = ADVANCED_FACE('',(#11826),#11245,.F.);
#11826 = FACE_BOUND('',#11827,.F.);
#11827 = EDGE_LOOP('',(#11828,#11829,#11830,#11853));
#11828 = ORIENTED_EDGE('',*,*,#11731,.F.);
#11829 = ORIENTED_EDGE('',*,*,#11231,.F.);
#11830 = ORIENTED_EDGE('',*,*,#11831,.T.);
#11831 = EDGE_CURVE('',#11207,#11832,#11834,.T.);
#11832 = VERTEX_POINT('',#11833);
#11833 = CARTESIAN_POINT('',(12.46625,-0.635,4.6));
#11834 = SURFACE_CURVE('',#11835,(#11839,#11846),.PCURVE_S1.);
#11835 = LINE('',#11836,#11837);
#11836 = CARTESIAN_POINT('',(12.46625,-0.635,0.));
#11837 = VECTOR('',#11838,1.);
#11838 = DIRECTION('',(-0.,0.,1.));
#11839 = PCURVE('',#11245,#11840);
#11840 = DEFINITIONAL_REPRESENTATION('',(#11841),#11845);
#11841 = LINE('',#11842,#11843);
#11842 = CARTESIAN_POINT('',(0.,0.));
#11843 = VECTOR('',#11844,1.);
#11844 = DIRECTION('',(0.,-1.));
#11845 = ( GEOMETRIC_REPRESENTATION_CONTEXT(2) 
PARAMETRIC_REPRESENTATION_CONTEXT() REPRESENTATION_CONTEXT('2D SPACE',''
  ) );
#11846 = PCURVE('',#11331,#11847);
#11847 = DEFINITIONAL_REPRESENTATION('',(#11848),#11852);
#11848 = LINE('',#11849,#11850);
#11849 = CARTESIAN_POINT('',(0.,0.));
#11850 = VECTOR('',#11851,1.);
#11851 = DIRECTION('',(0.,-1.));
#11852 = ( GEOMETRIC_REPRESENTATION_CONTEXT(2) 
PARAMETRIC_REPRESENTATION_CONTEXT() REPRESENTATION_CONTEXT('2D SPACE',''
  ) );
#11853 = ORIENTED_EDGE('',*,*,#11854,.T.);
#11854 = EDGE_CURVE('',#11832,#11732,#11855,.T.);
#11855 = SURFACE_CURVE('',#11856,(#11860,#11867),.PCURVE_S1.);
#11856 = LINE('',#11857,#11858);
#11857 = CARTESIAN_POINT('',(12.46625,7.403907011753E-15,4.6));
#11858 = VECTOR('',#11859,1.);
#11859 = DIRECTION('',(0.,-1.,0.));
#11860 = PCURVE('',#11245,#11861);
#11861 = DEFINITIONAL_REPRESENTATION('',(#11862),#11866);
#11862 = LINE('',#11863,#11864);
#11863 = CARTESIAN_POINT('',(-0.635,-4.6));
#11864 = VECTOR('',#11865,1.);
#11865 = DIRECTION('',(1.,0.));
#11866 = ( GEOMETRIC_REPRESENTATION_CONTEXT(2) 
PARAMETRIC_REPRESENTATION_CONTEXT() REPRESENTATION_CONTEXT('2D SPACE',''
  ) );
#11867 = PCURVE('',#11422,#11868);
#11868 = DEFINITIONAL_REPRESENTATION('',(#11869),#11873);
#11869 = LINE('',#11870,#11871);
#11870 = CARTESIAN_POINT('',(0.56,0.));
#11871 = VECTOR('',#11872,1.);
#11872 = DIRECTION('',(0.,1.));
#11873 = ( GEOMETRIC_REPRESENTATION_CONTEXT(2) 
PARAMETRIC_REPRESENTATION_CONTEXT() REPRESENTATION_CONTEXT('2D SPACE',''
  ) );
#11874 = ADVANCED_FACE('',(#11875),#11299,.F.);
#11875 = FACE_BOUND('',#11876,.F.);
#11876 = EDGE_LOOP('',(#11877,#11900,#11901,#11902));
#11877 = ORIENTED_EDGE('',*,*,#11878,.F.);
#11878 = EDGE_CURVE('',#11263,#11879,#11881,.T.);
#11879 = VERTEX_POINT('',#11880);
#11880 = CARTESIAN_POINT('',(13.98125,-0.635,4.6));
#11881 = SURFACE_CURVE('',#11882,(#11886,#11893),.PCURVE_S1.);
#11882 = LINE('',#11883,#11884);
#11883 = CARTESIAN_POINT('',(13.98125,-0.635,0.));
#11884 = VECTOR('',#11885,1.);
#11885 = DIRECTION('',(-0.,0.,1.));
#11886 = PCURVE('',#11299,#11887);
#11887 = DEFINITIONAL_REPRESENTATION('',(#11888),#11892);
#11888 = LINE('',#11889,#11890);
#11889 = CARTESIAN_POINT('',(1.27,0.));
#11890 = VECTOR('',#11891,1.);
#11891 = DIRECTION('',(0.,-1.));
#11892 = ( GEOMETRIC_REPRESENTATION_CONTEXT(2) 
PARAMETRIC_REPRESENTATION_CONTEXT() REPRESENTATION_CONTEXT('2D SPACE',''
  ) );
#11893 = PCURVE('',#11331,#11894);
#11894 = DEFINITIONAL_REPRESENTATION('',(#11895),#11899);
#11895 = LINE('',#11896,#11897);
#11896 = CARTESIAN_POINT('',(1.515,0.));
#11897 = VECTOR('',#11898,1.);
#11898 = DIRECTION('',(0.,-1.));
#11899 = ( GEOMETRIC_REPRESENTATION_CONTEXT(2) 
PARAMETRIC_REPRESENTATION_CONTEXT() REPRESENTATION_CONTEXT('2D SPACE',''
  ) );
#11900 = ORIENTED_EDGE('',*,*,#11285,.F.);
#11901 = ORIENTED_EDGE('',*,*,#11780,.T.);
#11902 = ORIENTED_EDGE('',*,*,#11903,.T.);
#11903 = EDGE_CURVE('',#11781,#11879,#11904,.T.);
#11904 = SURFACE_CURVE('',#11905,(#11909,#11916),.PCURVE_S1.);
#11905 = LINE('',#11906,#11907);
#11906 = CARTESIAN_POINT('',(13.98125,7.403907011753E-15,4.6));
#11907 = VECTOR('',#11908,1.);
#11908 = DIRECTION('',(0.,-1.,0.));
#11909 = PCURVE('',#11299,#11910);
#11910 = DEFINITIONAL_REPRESENTATION('',(#11911),#11915);
#11911 = LINE('',#11912,#11913);
#11912 = CARTESIAN_POINT('',(0.635,-4.6));
#11913 = VECTOR('',#11914,1.);
#11914 = DIRECTION('',(1.,0.));
#11915 = ( GEOMETRIC_REPRESENTATION_CONTEXT(2) 
PARAMETRIC_REPRESENTATION_CONTEXT() REPRESENTATION_CONTEXT('2D SPACE',''
  ) );
#11916 = PCURVE('',#11422,#11917);
#11917 = DEFINITIONAL_REPRESENTATION('',(#11918),#11922);
#11918 = LINE('',#11919,#11920);
#11919 = CARTESIAN_POINT('',(2.075,0.));
#11920 = VECTOR('',#11921,1.);
#11921 = DIRECTION('',(0.,1.));
#11922 = ( GEOMETRIC_REPRESENTATION_CONTEXT(2) 
PARAMETRIC_REPRESENTATION_CONTEXT() REPRESENTATION_CONTEXT('2D SPACE',''
  ) );
#11923 = ADVANCED_FACE('',(#11924),#11331,.T.);
#11924 = FACE_BOUND('',#11925,.T.);
#11925 = EDGE_LOOP('',(#11926,#11927,#11928,#11929));
#11926 = ORIENTED_EDGE('',*,*,#11878,.F.);
#11927 = ORIENTED_EDGE('',*,*,#11317,.F.);
#11928 = ORIENTED_EDGE('',*,*,#11831,.T.);
#11929 = ORIENTED_EDGE('',*,*,#11930,.T.);
#11930 = EDGE_CURVE('',#11832,#11879,#11931,.T.);
#11931 = SURFACE_CURVE('',#11932,(#11936,#11943),.PCURVE_S1.);
#11932 = LINE('',#11933,#11934);
#11933 = CARTESIAN_POINT('',(11.90625,-0.635,4.6));
#11934 = VECTOR('',#11935,1.);
#11935 = DIRECTION('',(1.,0.,0.));
#11936 = PCURVE('',#11331,#11937);
#11937 = DEFINITIONAL_REPRESENTATION('',(#11938),#11942);
#11938 = LINE('',#11939,#11940);
#11939 = CARTESIAN_POINT('',(-0.56,-4.6));
#11940 = VECTOR('',#11941,1.);
#11941 = DIRECTION('',(1.,0.));
#11942 = ( GEOMETRIC_REPRESENTATION_CONTEXT(2) 
PARAMETRIC_REPRESENTATION_CONTEXT() REPRESENTATION_CONTEXT('2D SPACE',''
  ) );
#11943 = PCURVE('',#11422,#11944);
#11944 = DEFINITIONAL_REPRESENTATION('',(#11945),#11949);
#11945 = LINE('',#11946,#11947);
#11946 = CARTESIAN_POINT('',(0.,0.635));
#11947 = VECTOR('',#11948,1.);
#11948 = DIRECTION('',(1.,0.));
#11949 = ( GEOMETRIC_REPRESENTATION_CONTEXT(2) 
PARAMETRIC_REPRESENTATION_CONTEXT() REPRESENTATION_CONTEXT('2D SPACE',''
  ) );
#11950 = ADVANCED_FACE('',(#11951),#11422,.T.);
#11951 = FACE_BOUND('',#11952,.T.);
#11952 = EDGE_LOOP('',(#11953,#11954,#11955,#11956,#11957,#11958,#11959,
    #11960,#11961,#11962,#11963,#11964));
#11953 = ORIENTED_EDGE('',*,*,#11462,.F.);
#11954 = ORIENTED_EDGE('',*,*,#11408,.T.);
#11955 = ORIENTED_EDGE('',*,*,#11511,.F.);
#11956 = ORIENTED_EDGE('',*,*,#11609,.T.);
#11957 = ORIENTED_EDGE('',*,*,#11707,.T.);
#11958 = ORIENTED_EDGE('',*,*,#11805,.T.);
#11959 = ORIENTED_EDGE('',*,*,#11903,.T.);
#11960 = ORIENTED_EDGE('',*,*,#11930,.F.);
#11961 = ORIENTED_EDGE('',*,*,#11854,.T.);
#11962 = ORIENTED_EDGE('',*,*,#11756,.F.);
#11963 = ORIENTED_EDGE('',*,*,#11658,.F.);
#11964 = ORIENTED_EDGE('',*,*,#11560,.F.);
#11965 = ( GEOMETRIC_REPRESENTATION_CONTEXT(3) 
GLOBAL_UNCERTAINTY_ASSIGNED_CONTEXT((#11969)) 
GLOBAL_UNIT_ASSIGNED_CONTEXT((#11966,#11967,#11968)) 
REPRESENTATION_CONTEXT('Context #1',
  '3D Context with UNIT and UNCERTAINTY') );
#11966 = ( LENGTH_UNIT() NAMED_UNIT(*) SI_UNIT(.MILLI.,.METRE.) );
#11967 = ( NAMED_UNIT(*) PLANE_ANGLE_UNIT() SI_UNIT($,.RADIAN.) );
#11968 = ( NAMED_UNIT(*) SI_UNIT($,.STERADIAN.) SOLID_ANGLE_UNIT() );
#11969 = UNCERTAINTY_MEASURE_WITH_UNIT(LENGTH_MEASURE(5.E-03),#11966,
  'distance_accuracy_value','confusion accuracy');
#11970 = PRODUCT_RELATED_PRODUCT_CATEGORY('part',$,(#7));
ENDSEC;
END-ISO-10303-21;
